"Num_Acc";"id_vehicule";"num_veh";"senc";"catv";"obs";"obsm";"choc";"manv";"motor";"occutc"
"202000000417";"154 741 533";"A01";"2";"7";"0";"2";"8";"15";"1";
"202000000418";"154 741 531";"A01";"2";"7";"0";"1";"2";"26";"1";
"202000000419";"154 741 529";"B01";"1";"33";"0";"2";"1";"26";"1";
"202000000419";"154 741 530";"A01";"1";"7";"0";"2";"3";"26";"2";
"202000000420";"154 741 528";"A01";"1";"10";"0";"1";"1";"26";"1";
"202000000421";"154 741 525";"A01";"1";"7";"0";"1";"1";"15";"1";
"202000000422";"154 741 523";"B01";"1";"1";"0";"2";"1";"2";"5";
"202000000422";"154 741 524";"A01";"1";"10";"0";"2";"5";"17";"1";
"202000000423";"154 741 522";"A01";"1";"7";"0";"1";"1";"1";"6";
"202000000424";"154 741 521";"A01";"1";"33";"12";"0";"1";"26";"1";
"202000000425";"154 741 520";"A01";"1";"7";"0";"0";"9";"21";"1";
"202000000426";"154 741 518";"A01";"1";"32";"15";"0";"1";"1";"1";
"202000000427";"154 741 516";"B01";"2";"7";"0";"2";"6";"1";"1";
"202000000427";"154 741 517";"A01";"2";"17";"0";"2";"2";"12";"1";
"202000000428";"154 741 514";"A01";"1";"1";"15";"2";"3";"9";"5";
"202000000428";"154 741 515";"B01";"1";"7";"0";"2";"5";"1";"1";
"202000000429";"154 741 512";"A01";"1";"7";"0";"2";"2";"19";"1";
"202000000429";"154 741 513";"B01";"1";"7";"0";"2";"2";"1";"1";
"202000000430";"154 741 510";"B01";"2";"0";"0";"2";"4";"1";" -1";
"202000000430";"154 741 511";"A01";"1";"10";"4";"0";"1";"13";"1";
"202000000431";"154 741 508";"A01";"1";"1";"0";"2";"8";"9";"5";
"202000000431";"154 741 509";"B01";"1";"7";"0";"2";"2";"15";"1";
"202000000432";"154 741 507";"A01";"1";"7";"1";"1";"1";"18";"1";
"202000000433";"154 741 506";"A01";"1";"7";"0";"1";"1";"1";"1";
"202000000434";"154 741 504";"B01";"1";"7";"0";"2";"7";"1";"1";
"202000000434";"154 741 505";"A01";"1";"3";"0";"2";"1";"9";"1";
"202000000435";"154 741 503";"A01";"1";"7";"0";"1";"1";"9";"1";
"202000000436";"154 741 501";"B01";"1";"32";"0";"0";"0";"2";"1";
"202000000436";"154 741 502";"A01";"1";"7";"0";"0";"0";"2";"1";
"202000000437";"154 741 500";"A01";"2";"34";"0";"0";"8";"13";"1";
"202000000438";"154 741 499";"A01";"1";"10";"0";"1";"8";"15";"1";
"202000000439";"154 741 498";"A01";"1";"20";"0";"0";"0";"1";"1";
"202000000440";"154 741 497";"A01";"1";"7";"12";"0";"9";"21";"1";
"202000000441";"154 741 495";"B01";"3";"30";"0";"2";"7";"26";"1";
"202000000441";"154 741 496";"A01";"1";"7";"12";"2";"3";"9";"1";
"202000000442";"154 741 494";"A01";"1";"7";"14";"1";"2";"2";"1";
"202000000443";"154 741 492";"A01";"1";"3";"0";"9";"3";"1";"1";
"202000000443";"154 741 493";"B01";"3";"1";"0";"2";"7";"16";"5";
"202000000444";"154 741 490";"A01";"3";"1";"0";"2";"1";"1";"5";
"202000000444";"154 741 491";"B01";"1";"7";"0";"2";"7";"1";"1";
"202000000445";"154 741 489";"A01";"3";"7";"0";"1";"3";"9";"1";
"202000000446";"154 741 487";"B01";"2";"7";"0";"2";"1";"15";"1";
"202000000446";"154 741 488";"A01";"1";"30";"0";"2";"3";"26";"1";
"202000000447";"154 741 485";"A01";"1";"7";"0";"2";"2";"1";"1";
"202000000447";"154 741 486";"B01";"3";"1";"0";"2";"8";"9";"0";
"202000000448";"154 741 484";"A01";"3";"7";"0";"1";"2";"16";"1";
"202000000449";"154 741 482";"B01";"0";"2";"0";"2";"8";"1";"1";
"202000000449";"154 741 483";"A01";"0";"7";"0";"2";"3";"15";"1";
"202000000450";"154 741 479";"C01";"1";"7";"0";"2";"3";"0";"1";
"202000000450";"154 741 480";"B01";"1";"7";"0";"2";"1";"0";"1";
"202000000450";"154 741 481";"A01";"2";"7";"0";"2";"9";"5";"1";
"202000000451";"154 741 478";"A01";"3";"7";"0";"1";"7";"20";"1";
"202000000452";"154 741 477";"A01";"1";"31";"1";"0";"1";"1";"1";
"202000000453";"154 741 475";"LA01";"1";"7";"0";"2";"7";"12";"1";
"202000000453";"154 741 476";"CB01";"1";"2";"0";"2";"8";"1";"1";
"202000000454";"154 741 473";"B01";"1";"7";"0";"2";"7";"16";"1";
"202000000454";"154 741 474";"A01";"1";"2";"0";"2";"1";"14";"1";
"202000000455";"154 741 472";"AA01";"3";"20";"0";"1";"1";"1";"1";
"202000000456";"154 741 471";"A01";"1";"7";"0";"1";"2";"1";"1";
"202000000457";"154 741 470";"A01";"1";"7";"8";"0";"1";"1";"0";
"202000000458";"154 741 469";"A01";"3";"7";"0";"1";"2";"26";"0";
"202000000459";"154 741 468";"A01";"1";"7";"0";"1";"1";"1";"1";
"202000000460";"154 741 465";"B01";"3";"7";"0";"2";"6";"9";"1";
"202000000460";"154 741 466";"A01";"3";"7";"0";"2";"9";"9";"1";
"202000000460";"154 741 467";"C01";"3";"7";"0";"2";"7";"1";"1";
"202000000461";"154 741 463";"B01";"3";"7";"16";"2";"3";"0";"6";
"202000000461";"154 741 464";"A01";"3";"3";"0";"2";"1";"13";"6";
"202000000462";"154 741 462";"A01";"3";"7";"0";"1";"1";"15";"1";
"202000000463";"154 741 460";"B01";"3";"33";"0";"2";"7";"2";"1";
"202000000463";"154 741 461";"A01";"3";"7";"0";"2";"3";"10";"1";
"202000000464";"154 741 459";"A01";"2";"2";"0";"0";"7";"1";"1";
"202000000465";"154 741 457";"A01";"2";"7";"0";"2";"1";"15";"1";
"202000000465";"154 741 458";"B01";"1";"7";"0";"2";"1";"1";"1";
"202000000466";"154 741 455";"A01";"2";"7";"0";"2";"1";"1";"1";
"202000000466";"154 741 456";"B01";"2";"10";"0";"2";"4";"23";"1";
"202000000467";"154 741 453";"B01";"1";"33";"0";"2";"3";"1";"1";
"202000000467";"154 741 454";"A01";"1";"7";"0";"2";"2";"0";"1";
"202000000468";"154 741 451";"A01";"0";"2";"0";"2";"1";"2";"1";
"202000000468";"154 741 452";"B01";"0";"7";"0";"2";"8";"2";"1";
"202000000469";"154 741 449";"A01";"2";"7";"0";"2";"0";"16";"0";
"202000000469";"154 741 450";"B01";"2";"80";"0";"2";"4";"1";"3";
"202000000470";"154 741 445";"B01";"2";"2";"0";"2";"1";"1";"1";
"202000000470";"154 741 446";"A01";"3";"7";"0";"2";"3";"19";"1";
"202000000471";"154 741 443";"B01";"0";"2";"0";"2";"4";"1";"1";
"202000000471";"154 741 444";"A01";"0";"7";"0";"2";"1";"17";"1";
"202000000472";"154 741 441";"A01";"0";"1";"0";"2";"1";"13";"5";
"202000000472";"154 741 442";"B01";"0";"7";"0";"2";"3";"1";"1";
"202000000473";"154 741 440";"A01";"2";"7";"0";"1";"4";"4";"1";
"202000000474";"154 741 438";"B01";"3";"1";"0";"2";"7";"15";"5";
"202000000474";"154 741 439";"A01";"2";"7";"0";"2";"3";"9";"1";
"202000000475";"154 741 436";"B01";"3";"17";"0";"2";"6";"2";"1";
"202000000475";"154 741 437";"A01";"3";"7";"0";"2";"8";"1";"1";
"202000000476";"154 741 435";"A01";"1";"7";"0";"1";"3";"2";"1";
"202000000477";"154 741 431";"Z01";"1";"10";"0";"2";"0";"0";"0";
"202000000477";"154 741 432";"B01";"2";"10";"0";"2";"4";"2";"1";
"202000000477";"154 741 433";"A01";"1";"10";"0";"2";"1";"2";"1";
"202000000477";"154 741 434";"C01";"2";"10";"0";"2";"4";"2";"1";
"202000000478";"154 741 429";"A01";"1";"7";"0";"2";"3";"15";"1";
"202000000478";"154 741 430";"B01";"2";"80";"0";"2";"4";"1";"3";
"202000000479";"154 741 427";"A01";"1";"7";"0";"2";"1";"26";"1";
"202000000479";"154 741 428";"B01";"1";"7";"0";"2";"4";"2";"0";
"202000000480";"154 741 426";"A01";"2";"7";"15";"0";"3";"14";"1";
"202000000481";"154 741 424";"A01";"2";"7";"0";"9";"7";"9";"1";
"202000000481";"154 741 425";"B01";"1";"1";"0";"2";"2";"9";"5";
"202000000482";"154 741 423";"A01";"2";"30";"0";"1";"1";"1";"1";
"202000000483";"154 741 422";"A01";"1";"7";"0";"1";"1";"1";"1";
"202000000484";"154 741 420";"A01";"2";"7";"0";"2";"3";"26";"1";
"202000000484";"154 741 421";"B01";"2";"2";"0";"2";"1";"1";"1";
"202000000485";"154 741 418";"B01";"1";"43";"0";"2";"1";"1";"1";
"202000000485";"154 741 419";"A01";"2";"7";"0";"2";"1";"11";"1";
"202000000486";"154 741 416";"A01";"2";"7";"1";"2";"3";"20";"1";
"202000000486";"154 741 417";"B01";"2";"7";"0";"2";"7";"1";"1";
"202000000487";"154 741 413";"C01";"0";"7";"0";"2";"4";"1";"1";
"202000000487";"154 741 414";"B01";"0";"7";"0";"2";"3";"1";"1";
"202000000487";"154 741 415";"A01";"0";"7";"0";"2";"1";"1";"1";
"202000000488";"154 741 412";"A01";"2";"2";"7";"0";"1";"5";"1";
"202000000489";"154 741 411";"A01";"1";"7";"0";"1";"1";"15";"1";
"202000000490";"154 741 409";"B01";"0";"1";"0";"2";"1";"19";"5";
"202000000490";"154 741 410";"A01";"0";"7";"0";"2";"1";"16";"1";
"202000000491";"154 741 407";"B01";"0";"7";"0";"2";"3";"15";"1";
"202000000491";"154 741 408";"A01";"0";"31";"0";"2";"8";"17";"1";
"202000000492";"154 741 405";"A01";"1";"7";"0";"2";"1";"2";"1";
"202000000492";"154 741 406";"B01";"1";"7";"0";"0";"4";"2";"1";
"202000000493";"154 741 403";"B01";"1";"10";"0";"2";"3";"13";"1";
"202000000493";"154 741 404";"A01";"1";"34";"0";"2";"2";"1";"1";
"202000000494";"154 741 402";"A01";"2";"7";"0";"1";"3";"26";"1";
"202000000495";"154 741 401";"A01";"2";"7";"9";"0";"7";"6";"1";
"202000000496";"154 741 399";"B01";"3";"32";"0";"0";"8";"2";"1";
"202000000496";"154 741 400";"A01";"2";"7";"9";"2";"1";"26";"1";
"202000000497";"154 741 397";"A01";"0";"7";"12";"2";"1";"17";"1";
"202000000497";"154 741 398";"B01";"0";"7";"12";"2";"4";"23";"1";
"202000000498";"154 741 396";"A01";"2";"1";"0";"1";"1";"1";"5";
"202000000499";"154 741 395";"A01";"3";"33";"12";"0";"7";"1";"1";
"202000000500";"154 741 394";"A01";"1";"30";"0";"0";"0";"1";"1";
"202000000501";"154 741 392";"B01";"3";"7";"0";"9";"3";"1";"1";
"202000000501";"154 741 393";"A01";"3";"1";"0";"2";"1";"19";"5";
"202000000502";"154 741 389";"C01";"1";"7";"0";"2";"4";"1";"1";
"202000000502";"154 741 390";"B01";"1";"33";"0";"2";"1";"1";"1";
"202000000502";"154 741 391";"A01";"1";"7";"0";"2";"7";"12";"1";
"202000000503";"154 741 387";"A01";"1";"32";"0";"2";"1";"1";"1";
"202000000503";"154 741 388";"B01";"2";"7";"0";"2";"1";"15";"1";
"202000000504";"154 741 386";"A01";"2";"7";"0";"1";"1";"15";"1";
"202000000505";"154 741 385";"A01";"1";"7";"10";"0";"1";"9";"1";
"202000000506";"154 741 383";"A01";"0";"33";"0";"2";"1";"17";"1";
"202000000506";"154 741 384";"B01";"0";"30";"0";"2";"4";"15";"1";
"202000000507";"154 741 382";"A01";"3";"7";"0";"1";"3";"1";"1";
"202000000508";"154 741 380";"B01";"2";"2";"0";"2";"8";"1";"1";
"202000000508";"154 741 381";"A01";"1";"7";"0";"2";"7";"16";"1";
"202000000509";"154 741 379";"A01";"1";"7";"1";"1";"2";"1";"1";
"202000000510";"154 741 378";"A01";"1";"7";"0";"1";"1";"1";"1";
"202000000511";"154 741 376";"A01";"1";"7";"0";"2";"1";"19";"1";
"202000000511";"154 741 377";"B01";"2";"7";"0";"2";"9";"2";"1";
"202000000512";"154 741 374";"B01";"1";"2";"0";"2";"1";"1";"1";
"202000000512";"154 741 375";"A01";"1";"7";"0";"9";"4";"11";"1";
"202000000513";"154 741 372";"B01";"3";"2";"0";"2";"1";"2";"1";
"202000000513";"154 741 373";"A01";"3";"7";"0";"2";"1";"2";"1";
"202000000514";"154 741 370";"B01";"0";"3";"0";"2";"4";"23";"0";
"202000000514";"154 741 371";"A01";"0";"3";"0";"2";"1";"26";"0";
"202000000515";"154 741 368";"A01";"2";"7";"0";"2";"1";"1";"1";
"202000000515";"154 741 369";"B01";"1";"7";"0";"2";"7";"15";"1";
"202000000516";"154 741 366";"B01";"2";"7";"0";"2";"4";"1";"1";
"202000000516";"154 741 367";"A01";"2";"7";"0";"2";"1";"13";"1";
"202000000517";"154 741 364";"A01";"2";"10";"0";"2";"3";"9";"1";
"202000000517";"154 741 365";"B01";"1";"32";"0";"2";"1";"17";"1";
"202000000518";"154 741 363";"A01";"1";"7";"0";"1";"1";"1";"1";
"202000000519";"154 741 361";"C01";"2";"10";"0";"2";"0";"15";"1";
"202000000519";"154 741 362";"A01";"1";"32";"1";"2";"1";"14";"1";
"202000000520";"154 741 359";"B01";"1";"7";"0";"0";"4";"23";"1";
"202000000520";"154 741 360";"A01";"1";"7";"0";"2";"1";"1";"1";
"202000000521";"154 741 357";"B01";"3";"7";"0";"2";"2";"9";"1";
"202000000521";"154 741 358";"A01";"3";"80";"0";"2";"3";"1";"3";
"202000000522";"154 741 354";"B01";"3";"7";"0";"2";"1";"2";"1";
"202000000522";"154 741 355";"C01";"3";"7";"0";"2";"1";"1";"1";
"202000000522";"154 741 356";"A01";"3";"10";"0";"2";"1";"2";"1";
"202000000523";"154 741 352";"B01";"1";"1";"0";"2";"3";"1";"5";
"202000000523";"154 741 353";"A01";"1";"80";"0";"2";"2";"17";"3";
"202000000524";"154 741 350";"B01";"2";"31";"0";"2";"1";"23";"1";
"202000000524";"154 741 351";"A01";"2";"10";"0";"2";"4";"20";"1";
"202000000525";"154 741 348";"A01";"1";"31";"6";"2";"2";"1";"1";
"202000000525";"154 741 349";"Z01";"2";"32";"0";"2";"1";"1";"1";
"202000000526";"154 741 346";"A01";"1";"32";"0";"2";"1";"1";"1";
"202000000526";"154 741 347";"B01";"2";"1";"0";"2";"4";"1";"5";
"202000000527";"154 741 344";"A01";"2";"30";"0";"2";"1";"18";"3";
"202000000527";"154 741 345";"B01";"2";"10";"0";"2";"2";"16";"1";
"202000000528";"154 741 342";"A01";"2";"1";"0";"2";"1";"1";"5";
"202000000528";"154 741 343";"Z01";"1";"10";"0";"2";"3";"1";"0";
"202000000529";"154 741 340";"A01";"1";"7";"0";"2";"2";"16";"2";
"202000000529";"154 741 341";"B01";"1";"50";"0";"2";"1";"1";"3";
"202000000530";"154 741 339";"A01";"3";"7";"8";"0";"1";"25";"1";
"202000000531";"154 741 337";"B01";"2";"7";"0";"2";"1";"15";"1";
"202000000531";"154 741 338";"A01";"2";"31";"0";"2";"2";"17";"1";
"202000000532";"154 741 335";"B01";"2";"50";"1";"9";"2";"0";"3";
"202000000532";"154 741 336";"A01";"1";"7";"1";"9";"2";"16";"1";
"202000000533";"154 741 333";"A01";"2";"7";"0";"2";"1";"15";"1";
"202000000533";"154 741 334";"B01";"1";"10";"0";"2";"1";"1";"1";
"202000000534";"154 741 331";"B01";"3";"7";"0";"2";"2";"11";"1";
"202000000534";"154 741 332";"A01";" -1";"32";"0";"2";"2";"1";"1";
"202000000535";"154 741 329";"A01";"1";"7";"0";"2";"1";"15";"1";
"202000000535";"154 741 330";"B01";"2";"2";"0";"2";"1";"1";"1";
"202000000536";"154 741 327";"A01";" -1";"7";" -1";"2";" -1";" -1";" -1";
"202000000536";"154 741 328";"B01";" -1";"2";" -1";"2";" -1";" -1";" -1";
"202000000537";"154 741 325";"B01";"2";"0";"0";"2";"1";"1";"0";
"202000000537";"154 741 326";"A01";"1";"50";"0";"2";"8";"15";"3";
"202000000538";"154 741 323";"A01";"2";"33";"0";"2";"2";"1";"1";
"202000000538";"154 741 324";"B01";"2";"7";"0";"2";"3";"9";"1";
"202000000539";"154 741 321";"B01";"1";"32";"0";"0";"0";"0";"0";
"202000000539";"154 741 322";"A01";"1";"7";"0";"2";"7";"15";"1";
"202000000540";"154 741 319";"A01";" -1";"7";"0";"2";"2";"1";"1";
"202000000540";"154 741 320";"B01";" -1";"7";"0";"2";"8";"15";"1";
"202000000541";"154 741 318";"A01";"1";"7";"8";"1";"3";"16";"1";
"202000000542";"154 741 316";"B01";"1";"2";"0";"2";"0";"0";"1";
"202000000542";"154 741 317";"A01";"2";"10";"0";"2";"8";"9";"1";
"202000000543";"154 741 314";"A01";"1";"30";"0";"2";"1";"1";"0";
"202000000543";"154 741 315";"B01";"1";"7";"0";"2";"2";"10";"0";
"202000000544";"154 741 313";"A01";" -1";"7";"12";"0";"3";"1";"0";
"202000000545";"154 741 311";"B01";"1";"31";"0";"2";"3";"1";"1";
"202000000545";"154 741 312";"A01";"1";"3";"0";"2";"2";"9";"1";
"202000000546";"154 741 310";"A01";"3";"7";"0";"1";"1";"26";"1";
"202000000547";"154 741 308";"A01";"2";"7";"0";"2";"1";"1";"1";
"202000000547";"154 741 309";"B01";"1";"99";"0";"0";"0";"0";"1";
"202000000548";"154 741 307";"A01";"2";"14";"0";"1";"2";"1";"4";
"202000000549";"154 741 306";"A01";"1";"7";"8";"0";"8";"4";"1";
"202000000550";"154 741 304";"A01";"1";"7";"0";"2";"2";"15";"0";
"202000000550";"154 741 305";"B01";"2";"32";"0";"2";"1";"0";"0";
"202000000551";"154 741 303";"A01";"2";"33";"1";"2";"1";"19";"0";
"202000000552";"154 741 301";"B01";"0";"7";"0";"2";"8";"1";"6";
"202000000552";"154 741 302";"A01";"0";"33";"0";"2";"2";"12";"1";
"202000000553";"154 741 299";"B01";"2";"1";"0";"2";"8";"1";"5";
"202000000553";"154 741 300";"A01";"2";"7";"0";"9";"2";"16";"1";
"202000000554";"154 741 297";"B01";"2";"7";"0";"2";"3";"1";"1";
"202000000554";"154 741 298";"A01";"1";"31";"0";"2";"1";"13";"1";
"202000000555";"154 741 296";"A01";"2";"7";"2";"0";"1";"1";"1";
"202000000556";"154 741 294";"B01";"1";"7";"0";"2";"1";"1";"0";
"202000000556";"154 741 295";"A01";"1";"7";"0";"2";"1";"1";"1";
"202000000557";"154 741 292";"B01";"1";"7";"0";"2";"1";"1";"1";
"202000000557";"154 741 293";"A01";"1";"7";"3";"2";"2";"5";"1";
"202000000558";"154 741 291";"A01";"2";"7";"2";"0";"1";"2";"1";
"202000000559";"154 741 289";"B01";"2";"7";"0";"2";"3";"1";"1";
"202000000559";"154 741 290";"A01";"1";"33";"0";"2";"3";"13";"1";
"202000000560";"154 741 288";"A01";"2";"7";"3";"0";"3";"26";"0";
"202000000561";"154 741 285";"A01";"2";"36";"13";"0";"1";"1";"1";
"202000000562";"154 741 284";"A01";"2";"7";"13";"0";"7";"1";"0";
"202000000563";"154 741 282";"B01";"1";"7";"0";"2";"2";"2";"0";
"202000000563";"154 741 283";"A01";"1";"1";"0";"0";"4";"2";"5";
"202000000564";"154 741 281";"A01";"2";"14";"13";"0";"2";"1";"1";
"202000000565";"154 741 279";"B01";"3";"7";"0";"2";"3";"1";"1";
"202000000565";"154 741 280";"A01";"3";"2";"0";"2";"8";"1";"1";
"202000000566";"154 741 278";"A01";"1";"7";"13";"0";"3";"1";"1";
"202000000567";"154 741 277";"A01";"3";"33";"0";"0";"7";"1";"1";
"202000000568";"154 741 275";"A01";"0";"7";"0";"2";"6";"4";"1";
"202000000568";"154 741 276";"B01";"0";"33";"0";"2";"1";"1";"1";
"202000000569";"154 741 273";"A01";"0";"7";"0";"2";"2";"2";"1";
"202000000569";"154 741 274";"B01";"0";"1";"0";"2";"2";"2";"5";
"202000000570";"154 741 271";"A01";"1";"7";"0";"2";"1";"16";"1";
"202000000570";"154 741 272";"B01";"1";"7";"0";"0";"7";"1";"1";
"202000000571";"154 741 270";"A01";"1";"7";"0";"1";"3";"1";"1";
"202000000572";"154 741 268";"A01";"1";"7";"0";"2";"1";"19";"1";
"202000000572";"154 741 269";"B01";"1";"7";"0";"2";"3";"1";"1";
"202000000573";"154 741 267";"A01";"3";"10";"2";"0";"1";"1";"1";
"202000000574";"154 741 265";"B01";"1";"10";"0";"2";"6";"26";"1";
"202000000574";"154 741 266";"A01";"1";"7";"0";"2";"1";"17";"1";
"202000000575";"154 741 263";"A01";"2";"7";"0";"0";"6";"15";"1";
"202000000575";"154 741 264";"B01";"2";"33";"0";"2";"2";"2";"1";
"202000000576";"154 741 262";"A01";"2";"2";"0";"0";"0";"2";"1";
"202000000577";"154 741 260";"A01";"2";"7";"0";"2";"3";"1";"1";
"202000000577";"154 741 261";"B01";"1";"60";"0";"2";"2";"19";"5";
"202000000578";"154 741 257";"A01";"2";"7";"6";"0";"8";"13";"1";
"202000000579";"154 741 255";"A01";"0";"7";"0";"0";"3";"13";"1";
"202000000579";"154 741 256";"B01";"0";"14";"0";"0";"3";"1";"1";
"202000000580";"154 741 253";"B01";"1";"30";"0";"2";"2";"18";"1";
"202000000580";"154 741 254";"A01";"0";"7";"0";"2";"8";"2";"1";
"202000000581";"154 741 252";"A01";"1";"7";"0";"1";"2";"16";"0";
"202000000582";"154 741 250";"B01";"1";"10";"0";"2";"1";"2";"1";
"202000000582";"154 741 251";"A01";"1";"17";"0";"2";"4";"1";"1";
"202000000583";"154 741 247";"A01";"1";"7";"0";"2";"1";"1";"1";
"202000000583";"154 741 248";"B01";"1";"7";"0";"2";"4";"2";"1";
"202000000583";"154 741 249";"C01";"1";"7";"0";"2";"4";"1";"2";
"202000000584";"154 741 245";"B01";"2";"7";"0";"2";"4";"2";"1";
"202000000584";"154 741 246";"A01";"2";"7";"0";"2";"1";"2";"1";
"202000000585";"154 741 244";"A01";"2";"7";"3";"0";"9";"2";"1";
"202000000586";"154 741 243";"A01";"2";"10";"3";"2";"3";"1";"1";
"202000000587";"154 741 241";"A01";"2";"31";"0";"2";"1";"21";"1";
"202000000587";"154 741 242";"B01";"2";"7";"0";"2";"5";"1";"1";
"202000000588";"154 741 239";"A01";"2";"33";"0";"2";"1";"3";"1";
"202000000588";"154 741 240";"B01";"2";"7";"0";"2";"5";"12";"1";
"202000000589";"154 741 235";"D01";"2";"7";"0";"2";"4";"2";"1";
"202000000589";"154 741 236";"A01";"2";"10";"0";"2";"1";"2";"1";
"202000000589";"154 741 237";"B01";"2";"7";"0";"2";"4";"2";"1";
"202000000589";"154 741 238";"C01";"2";"7";"0";"2";"4";"2";"1";
"202000000590";"154 741 229";"E01";"1";"7";"0";"2";"7";"21";"1";
"202000000590";"154 741 230";"D01";"1";"7";"0";"2";"7";"21";"1";
"202000000590";"154 741 231";"C01";"1";"15";"0";"2";"1";"21";"1";
"202000000590";"154 741 232";"F01";"1";"7";"0";"2";"1";"21";"1";
"202000000590";"154 741 233";"B01";"1";"15";"0";"2";"3";"21";"1";
"202000000590";"154 741 234";"A01";"1";"15";"0";"2";"4";"21";"1";
"202000000591";"154 741 227";"B01";"2";"33";"0";"2";"7";"1";"1";
"202000000591";"154 741 228";"A01";"2";"10";"0";"2";"3";"11";"1";
"202000000592";"154 741 224";"C01";"2";"10";"0";"2";"7";"1";"0";
"202000000592";"154 741 225";"B01";"2";"7";"0";"2";"6";"23";"1";
"202000000592";"154 741 226";"A01";"2";"33";"0";"2";"2";"11";"1";
"202000000593";"154 741 223";"A01";"1";"7";"15";"0";"1";"14";"1";
"202000000594";"154 741 221";"A01";"1";"7";"14";"2";"1";"0";"1";
"202000000594";"154 741 222";"B01";"1";"7";"14";"2";"4";"0";"1";
"202000000595";"154 741 219";"B01";"1";"7";"0";"2";"4";"1";"1";
"202000000595";"154 741 220";"A01";"1";"7";"0";"2";"1";"1";"1";
"202000000596";"154 741 217";"B01";"1";"10";"12";"0";"5";"16";"1";
"202000000596";"154 741 218";"A01";"1";"33";"0";"2";"1";"7";"1";
"202000000597";"154 741 215";"A01";"1";"7";"0";"2";"8";"10";"1";
"202000000597";"154 741 216";"B01";"2";"3";"0";"2";"2";"1";"1";
"202000000598";"154 741 213";"A01";"3";"7";"0";"2";"1";"2";"1";
"202000000598";"154 741 214";"B01";"3";"7";"0";"2";"4";"2";"1";
"202000000599";"154 741 211";"B01";"1";"7";"0";"2";"3";"1";"1";
"202000000599";"154 741 212";"A01";"2";"2";"0";"2";"2";"16";"1";
"202000000600";"154 741 209";"A01";"2";"7";"14";"2";"1";"1";"1";
"202000000600";"154 741 210";"B01";"1";"7";"0";"2";"5";"15";"1";
"202000000601";"154 741 207";"B01";"1";"33";"0";"2";"1";"17";"1";
"202000000601";"154 741 208";"A01";"1";"10";"0";"2";"3";"15";"1";
"202000000602";"154 741 206";"A01";"3";"30";"0";"0";"9";"26";"1";
"202000000603";"154 741 205";"A01";"1";"1";"0";"9";"1";"1";"5";
"202000000604";"154 741 203";"B01";"3";"2";"0";"2";"1";"18";"1";
"202000000604";"154 741 204";"A01";"3";"7";"0";"2";"7";"16";"1";
"202000000605";"154 741 201";"B01";"2";"32";"0";"2";"7";"1";"1";
"202000000605";"154 741 202";"A01";"2";"7";"0";"2";"2";"15";"1";
"202000000606";"154 741 199";"B01";"3";"7";"0";"2";"1";"1";"1";
"202000000606";"154 741 200";"A01";"3";"7";"0";"2";"1";"5";"1";
"202000000607";"154 741 197";"A01";"1";"7";"0";"2";"2";"9";"1";
"202000000607";"154 741 198";"B01";"1";"1";"0";"2";"2";"1";"5";
"202000000608";"154 741 195";"B01";"1";"30";"0";"0";"4";"1";"1";
"202000000608";"154 741 196";"A01";"1";"7";"0";"2";"1";"2";"0";
"202000000609";"154 741 193";"A01";"1";"7";"0";"2";"1";"1";"1";
"202000000609";"154 741 194";"B01";"2";"7";"0";"2";"3";"1";"1";
"202000000610";"154 741 191";"A01";"1";"7";"0";"2";"2";"1";"1";
"202000000610";"154 741 192";"B01";"1";"17";"0";"0";"6";"1";"1";
"202000000611";"154 741 189";"A01";"2";"30";"0";"2";"7";"5";"1";
"202000000611";"154 741 190";"B01";"1";"7";"0";"0";"3";"1";"1";
"202000000612";"154 741 187";"A01";"1";"7";"0";"2";"1";"13";"1";
"202000000612";"154 741 188";"B01";"1";"7";"4";"2";"4";"2";"1";
"202000000613";"154 741 186";"A01";"2";"7";"4";"0";"1";"2";"1";
"202000000614";"154 741 184";"A01";"1";"2";"0";"2";"1";"5";"1";
"202000000614";"154 741 185";"B01";"2";"7";"0";"2";"1";"1";"1";
"202000000615";"154 741 183";"A01";"1";"33";"0";"6";"1";"1";"1";
"202000000616";"154 741 182";"A01";"2";"33";"0";"0";"1";"1";"1";
"202000000617";"154 741 181";"A01";"1";"7";"1";"0";"1";"1";"1";
"202000000618";"154 741 179";"A01";"1";"7";"0";"0";"0";"15";"1";
"202000000618";"154 741 180";"B01";"2";"50";"12";"0";"1";"1";"3";
"202000000619";"154 741 177";"A01";"2";"7";"0";"2";"1";"1";"1";
"202000000619";"154 741 178";"B01";"1";"17";"0";"0";"1";"1";"1";
"202000000620";"154 741 175";"A01";"2";"10";"0";"2";"8";"15";"1";
"202000000620";"154 741 176";"B01";"2";"33";"0";"2";"7";"17";"1";
"202000000621";"154 741 173";"A01";"1";"33";"0";"2";"1";"17";"1";
"202000000621";"154 741 174";"B01";"1";"36";"0";"2";"3";"15";"1";
"202000000622";"154 741 172";"A01";"1";"1";"0";"1";"1";"21";"5";
"202000000623";"154 741 170";"B01";"3";"1";"0";"2";"3";"1";"5";
"202000000623";"154 741 171";"A01";"3";"1";"0";"9";"3";"1";"5";
"202000000624";"154 741 168";"A01";"3";"7";"0";"2";"7";"1";"1";