"Num_Acc";"id_vehicule";"num_veh";"senc";"catv";"obs";"obsm";"choc";"manv";"motor";"occutc"
"202000000830";"154 740 802";"B01";"1";"7";"0";"2";"4";"2";"1";
"202000000830";"154 740 803";"C01";"1";"7";"0";"2";"4";"2";"1";
"202000000831";"154 740 800";"A01";"3";"7";"8";"0";"1";"26";"1";
"202000000832";"154 740 799";"A01";"2";"7";"6";"0";"1";"1";"1";
"202000000833";"154 740 797";"A01";"1";"7";"0";"2";"1";"1";"1";
"202000000833";"154 740 798";"B01";"1";"1";"0";"2";"4";"19";"0";
"202000000834";"154 740 796";"A01";"0";"7";"6";"0";"1";"1";"1";
"202000000835";"154 740 795";"A01";"0";"32";"0";"0";"3";"0";"1";
"202000000836";"154 740 792";"A01";"0";"7";"0";"0";"0";"1";"1";
"202000000836";"154 740 793";"B01";"0";"7";"0";"2";"4";"11";"1";
"202000000836";"154 740 794";"C01";"0";"7";"0";"2";"1";"17";"1";
"202000000837";"154 740 791";"A01";"1";"3";"2";"0";"1";"1";"1";
"202000000838";"154 740 790";"NA01";"1";"7";"0";"1";"5";"5";"1";
"202000000839";"154 740 789";"A01";"3";"7";"0";"1";"1";"0";"1";
"202000000840";"154 740 788";"A01";"2";"7";"13";"0";"9";"17";"0";
"202000000841";"154 740 787";"A01";"1";"7";"0";"6";"3";"21";"1";
"202000000842";"154 740 786";"A01";"0";"7";"16";"0";"0";"1";"1";
"202000000843";"154 740 785";"A01";"3";"7";"13";"0";"0";"1";"1";
"202000000844";"154 740 784";"A01";"0";"7";"0";"1";"6";"20";"1";
"202000000845";"154 740 780";"A01";"1";"7";"0";"2";"4";"1";"1";
"202000000845";"154 740 781";"B01";"1";"7";"0";"2";"4";"1";"1";
"202000000845";"154 740 782";"C01";"1";"7";"0";"2";"1";"1";"1";
"202000000845";"154 740 783";"D01";"1";"7";"0";"2";"1";"1";"1";
"202000000846";"154 740 778";"B01";"1";"7";"0";"2";"2";"1";"1";
"202000000846";"154 740 779";"A01";"2";"7";"3";"2";"9";"17";"1";
"202000000847";"154 740 777";"A01";"1";"2";"1";"0";"1";"0";"6";
"202000000848";"154 740 775";"B01";"1";"7";"0";"9";"3";"2";"0";
"202000000848";"154 740 776";"A01";"1";"2";"0";"2";"7";"2";"6";
"202000000849";"154 740 774";"A01";"3";"7";"2";"0";"1";"26";"1";
"202000000850";"154 740 772";"A01";"0";"10";"0";"2";"1";"26";"0";
"202000000850";"154 740 773";"B01";"0";"7";"0";"2";"7";"26";"0";
"202000000851";"154 740 771";"A01";"3";"10";"0";"1";"4";"4";"0";
"202000000852";"154 740 770";"A01";"2";"7";"0";"1";"3";"1";"1";
"202000000853";"154 740 768";"B01";" -1";"10";"0";"2";"1";"9";"1";
"202000000853";"154 740 769";"A01";" -1";"32";"0";"2";"5";"16";"1";
"202000000854";"154 740 767";"A01";"1";"20";"14";"0";"7";"14";"1";
"202000000855";"154 740 765";"A01";"1";"7";"0";"2";"1";"15";"1";
"202000000855";"154 740 766";"B01";"2";"2";"0";"2";"8";"0";"1";
"202000000856";"154 740 763";"B01";"2";"33";"0";"2";"8";"1";"1";
"202000000856";"154 740 764";"A01";"2";"7";"0";"2";"7";"16";"1";
"202000000857";"154 740 761";"A01";"1";"10";"0";"2";"8";"1";"1";
"202000000857";"154 740 762";"B01";"1";"10";"0";"2";"3";"15";"1";
"202000000858";"154 740 759";"B01";"1";"7";"0";"2";"4";"23";"0";
"202000000858";"154 740 760";"A01";"1";"7";"1";"2";"1";"1";"0";
"202000000859";"154 740 757";"A01";"1";"1";"0";"5";"0";"1";"5";
"202000000859";"154 740 758";"B01";"1";"1";"0";"5";"0";"1";"5";
"202000000860";"154 740 754";"B01";"1";"7";"0";"2";"3";"1";"1";
"202000000860";"154 740 755";"C01";"1";"10";"0";"2";"1";"1";"1";
"202000000860";"154 740 756";"A01";"2";"7";"0";"2";"1";"13";"1";
"202000000861";"154 740 753";"A01";"1";"7";"0";"1";"3";"13";"1";
"202000000862";"154 740 751";"B01";" -1";"10";"0";"2";"7";"26";"1";
"202000000862";"154 740 752";"A01";" -1";"10";"0";"1";"2";"26";"1";
"202000000863";"154 740 748";"C01";"1";"7";"0";"2";"1";"0";"1";
"202000000863";"154 740 749";"B01";"1";"7";"0";"2";"1";"0";"1";
"202000000863";"154 740 750";"A01";"1";"7";"0";"2";"4";"0";"1";
"202000000864";"154 740 747";"A01";"1";"7";"2";"0";"1";"13";"1";
"202000000865";"154 740 746";"A01";"1";"32";"0";"1";"1";"1";"1";
"202000000866";"154 740 744";"A01";"2";"7";"0";"2";"3";"15";"1";
"202000000866";"154 740 745";"B01";"1";"10";"0";"2";"1";"1";"1";
"202000000867";"154 740 742";"B01";"0";"99";"0";"0";"0";"0";"0";
"202000000867";"154 740 743";"A01";"0";"7";"0";"2";"1";"21";"0";
"202000000868";"154 740 741";"A01";"3";"7";"1";"0";"3";"1";"1";
"202000000869";"154 740 740";"A01";"1";"30";"14";"0";"0";"17";"3";
"202000000870";"154 740 738";"A01";"3";"30";"0";"1";"1";"1";"1";
"202000000871";"154 740 737";"A01";"1";"7";"0";"1";"2";"1";"1";
"202000000872";"154 740 735";"A01";"3";"38";"0";"2";"4";"2";"1";"1"
"202000000872";"154 740 736";"B01";"3";"38";"0";"2";"1";"2";"1";"1"
"202000000873";"154 740 733";"B01";"2";"32";"0";"2";"2";"17";" -1";
"202000000873";"154 740 734";"A01";"2";"7";"0";"2";"3";"15";" -1";
"202000000874";"154 740 731";"B01";"2";"7";"0";"2";"1";"1";"1";
"202000000874";"154 740 732";"A01";"2";"32";"0";"2";"1";"13";"1";
"202000000875";"154 740 729";"B01";"1";"7";"0";"2";"2";"1";"1";
"202000000875";"154 740 730";"A01";"1";"2";"0";"2";"1";"1";"1";
"202000000876";"154 740 727";"A01";"1";"7";"0";"2";"0";"26";"1";
"202000000876";"154 740 728";"B01";"1";"2";"0";"2";"0";"1";"1";
"202000000877";"154 740 726";"A01";"3";"7";"8";"0";"1";"20";"1";
"202000000878";"154 740 724";"A01";"3";"30";"0";"2";"1";"26";"1";
"202000000878";"154 740 725";"B01";"2";"7";"0";"2";"2";"1";"1";
"202000000879";"154 740 722";"A01";"1";"7";"0";"2";"1";"1";"1";
"202000000879";"154 740 723";"B01";"1";"2";"0";"2";"4";"1";"1";
"202000000880";"154 740 721";"A01";"1";"30";"0";"1";"0";"0";"1";
"202000000881";"154 740 719";"B01";"2";"7";"0";"2";"3";"15";"1";
"202000000881";"154 740 720";"A01";"2";"30";"0";"2";"1";"17";"1";
"202000000882";"154 740 715";"B01";"2";"7";"3";"0";"1";"1";"1";
"202000000882";"154 740 716";"A01";"2";"7";"14";"2";"1";"21";"1";
"202000000883";"154 740 712";"Z01";"1";"7";"0";"2";"0";"22";"0";
"202000000883";"154 740 713";"A01";"1";"1";"0";"2";"1";"1";"5";
"202000000884";"154 740 711";"A01";"3";"7";"0";"1";"1";"1";"1";
"202000000885";"154 740 706";"T01";"3";"10";"0";"0";"1";"13";"1";
"202000000885";"154 740 707";"A01";"0";"7";"0";"2";"1";"13";"1";
"202000000885";"154 740 708";"D01";"0";"7";"0";"2";"6";"1";"1";
"202000000885";"154 740 709";"C01";"0";"7";"0";"2";"1";"21";"1";
"202000000885";"154 740 710";"B01";"0";"7";"0";"2";"1";"17";"1";
"202000000886";"154 740 705";"A01";"2";"7";"2";"0";"0";"26";"1";
"202000000887";"154 740 703";"A01";"3";"7";"8";"2";"7";"1";"6";
"202000000887";"154 740 704";"B01";"3";"0";"0";"2";"1";"1";"0";
"202000000888";"154 740 702";"Z01";"1";"50";"0";"1";"1";"1";"3";
"202000000889";"154 740 700";"B01";"2";"7";"0";"2";"1";"2";"1";
"202000000889";"154 740 701";"A01";"2";"7";"0";"2";"4";"23";"0";
"202000000890";"154 740 697";"A01";"2";"7";"0";"2";"1";"2";"0";
"202000000890";"154 740 698";"B01";"2";"7";"0";"2";"4";"2";"0";
"202000000890";"154 740 699";"C01";"2";"7";"0";"2";"4";"2";"0";
"202000000891";"154 740 696";"A01";"3";"50";"6";"0";"0";"0";"3";
"202000000892";"154 740 694";"A01";"1";"7";"0";"2";"3";"9";"1";
"202000000892";"154 740 695";"B01";"1";"50";"0";"2";"5";"21";"3";
"202000000893";"154 740 692";"B01";"3";"50";"0";"2";"2";"26";"3";
"202000000893";"154 740 693";"A01";"3";"7";"0";"2";"3";"9";"1";
"202000000894";"154 740 691";"A01";"1";"7";"8";"0";"8";"14";"1";
"202000000895";"154 740 690";"A01";"1";"7";"15";"0";"8";"1";"1";
"202000000896";"154 740 689";"A01";"1";"7";"0";"1";"8";"4";"1";
"202000000897";"154 740 688";"A01";"1";"7";"0";"1";"3";"18";"1";
"202000000898";"154 740 686";"A01";"3";"7";"0";"2";"3";"15";"1";
"202000000898";"154 740 687";"B01";"2";"32";"0";"2";"1";"1";"1";
"202000000899";"154 740 685";"A01";"1";"30";"0";"1";"0";"26";"0";
"202000000900";"154 740 684";"A01";"2";"39";"0";"1";"1";"26";"3";
"202000000901";"154 740 683";"A01";"3";"7";"1";"0";"7";"14";"1";
"202000000902";"154 740 682";"A01";"1";"31";"1";"0";"1";"1";"1";
"202000000903";"154 740 680";"Y01";"1";"60";"0";"2";"6";"16";"5";
"202000000903";"154 740 681";"A01";"1";"7";"0";"2";"6";"16";"3";
"202000000904";"154 740 679";"A01";"2";"32";"0";"0";"7";"14";"1";
"202000000905";"154 740 677";"B01";"2";"30";"0";"2";"3";"15";"1";
"202000000905";"154 740 678";"A01";"1";"7";"0";"2";"1";"1";"1";
"202000000906";"154 740 675";"B01";"0";"7";"0";"2";"1";"1";"1";
"202000000906";"154 740 676";"A01";"0";"7";"0";"2";"1";"13";"1";
"202000000907";"154 740 673";"B01";"3";"7";"0";"2";"5";"15";"1";
"202000000907";"154 740 674";"A01";"3";"7";"0";"2";"3";"1";"1";
"202000000908";"154 740 672";"Z01";"0";"7";"0";"1";"1";"1";" -1";
"202000000909";"154 740 671";"A01";"3";"0";"0";"1";"1";"1";"0";
"202000000910";"154 740 670";"A01";"1";"7";"0";"1";"1";"2";"1";
"202000000911";"154 740 669";"A01";"3";"37";"0";"1";"1";"1";"1";"1"
"202000000912";"154 740 668";"A01";"0";"14";"0";"1";"4";"1";"1";
"202000000913";"154 740 666";"A01";"2";"50";"0";"2";"1";"1";"3";
"202000000913";"154 740 667";"B01";"1";"7";"0";"0";"0";"0";"1";
"202000000914";"154 740 665";"A01";"2";"32";"0";"1";"1";"1";"1";
"202000000915";"154 740 663";"B01";"2";"35";"0";"2";"7";"15";"1";
"202000000915";"154 740 664";"A01";"1";"7";"0";"2";"3";"9";"1";
"202000000916";"154 740 661";"Z01";"2";"7";"0";"2";"4";"2";"1";
"202000000916";"154 740 662";"A01";"2";"1";"0";"2";"4";"2";"5";
"202000000917";"154 740 659";"B01";"2";"30";"0";"2";"2";"17";"1";
"202000000917";"154 740 660";"A01";"2";"7";"0";"2";"3";"15";"1";
"202000000918";"154 740 658";"A01";"1";"1";"0";"0";"0";"1";"5";
"202000000919";"154 740 657";"A01";"1";"7";"0";"1";"1";"1";"1";
"202000000920";"154 740 655";"B01";"1";"1";"0";"2";"2";"1";"5";
"202000000920";"154 740 656";"A01";"1";"7";"0";"2";"3";"22";"1";
"202000000921";"154 740 653";"Z01";"1";"10";"0";"2";"7";"14";"1";
"202000000921";"154 740 654";"A01";"1";"50";"0";"2";"8";"1";"3";
"202000000922";"154 740 651";"A01";"2";"7";"0";"2";"2";"16";"1";
"202000000922";"154 740 652";"B01";"2";"32";"0";"2";"1";"1";"1";
"202000000923";"154 740 648";"A01";"2";"80";"0";"0";"0";"21";"3";
"202000000924";"154 740 645";"C01";"1";"37";"0";"2";"3";"1";"2";"1"
"202000000924";"154 740 646";"B01";"2";"37";"0";"2";"8";"23";"2";"1"
"202000000924";"154 740 647";"A01";"1";"7";"0";"2";"1";"15";"1";
"202000000925";"154 740 643";"B01";"1";"7";"0";"2";"1";"2";"1";
"202000000925";"154 740 644";"A01";"1";"10";"0";"2";"4";"23";"3";
"202000000926";"154 740 641";"A01";"1";"7";"0";"2";"2";"1";"1";
"202000000926";"154 740 642";"B01";"1";"1";"0";"2";"7";"13";"5";
"202000000927";"154 740 639";"A01";"1";"7";"0";"2";"8";"15";"1";
"202000000927";"154 740 640";"B01";"1";"33";"0";"2";"1";"1";"0";
"202000000928";"154 740 638";"A01";"1";"7";"0";"1";"2";"16";"1";
"202000000929";"154 740 637";"A01";"3";"42";"7";"0";"2";"18";"1";
"202000000930";"154 740 636";"A01";"1";"30";"0";"0";"1";"1";"1";
"202000000931";"154 740 634";"B01";"1";"2";"0";"2";"2";"17";"1";
"202000000931";"154 740 635";"A01";"1";"7";"0";"0";"3";"0";"1";
"202000000932";"154 740 632";"B01";"2";"10";"0";"2";"7";"11";"1";
"202000000932";"154 740 633";"A01";"1";"7";"0";"2";"1";"19";"1";
"202000000933";"154 740 630";"B01";"3";"50";"0";"9";"1";"26";"3";
"202000000933";"154 740 631";"A01";"3";"15";"0";"9";"6";"26";"0";
"202000000934";"154 740 629";"Z01";"1";"7";"0";"1";"1";"2";"0";
"202000000935";"154 740 627";"B01";"1";"2";"1";"2";"2";"2";"1";
"202000000935";"154 740 628";"A01";"1";"7";"1";"2";"3";"9";"1";
"202000000936";"154 740 626";"A01";"3";"33";"6";"0";"2";"26";"1";
"202000000937";"154 740 624";"B01";"3";"7";"0";"2";"3";"1";"1";
"202000000937";"154 740 625";"A01";"3";"7";"0";"2";"3";"9";"1";
"202000000938";"154 740 622";"B01";"3";"32";"0";"2";"1";"1";"1";
"202000000938";"154 740 623";"A01";"0";"7";"0";"2";"3";"9";"1";
"202000000939";"154 740 621";"A01";"2";"7";"0";"1";"1";"1";"1";
"202000000940";"154 740 618";"C01";"1";"7";"0";"2";"6";"1";"0";
"202000000940";"154 740 619";"B01";"1";"7";"0";"2";"8";"1";"0";
"202000000940";"154 740 620";"A01";"2";"10";"2";"2";"3";"13";"0";
"202000000941";"154 740 616";"A01";"0";"2";"1";"0";"3";"21";"1";
"202000000941";"154 740 617";"B01";"3";"7";"1";"0";"7";"23";"1";
"202000000942";"154 740 614";"A01";"1";"10";"0";"2";"2";"1";"1";
"202000000942";"154 740 615";"B01";"1";"7";"9";"2";"1";"1";"1";
"202000000943";"154 740 613";"A01";"3";"3";"0";"1";"0";"19";"0";
"202000000944";"154 740 612";"A01";"1";"37";"0";"0";"0";"1";"1";"4"
"202000000945";"154 740 611";"A01";"1";"7";"13";"0";"0";"1";"1";
"202000000946";"154 740 610";"A01";"1";"7";"0";"1";"8";"1";"1";
"202000000947";"154 740 607";"A01";"2";"7";"0";"6";"1";"1";"1";
"202000000947";"154 740 608";"B01";"2";"7";"1";"0";"1";"1";"1";
"202000000947";"154 740 609";"C01";"2";"7";"0";"0";"1";"1";"1";
"202000000948";"154 740 605";"A01";"1";"7";"0";"2";"6";"2";"1";
"202000000948";"154 740 606";"B01";"1";"7";"0";"2";"1";"2";"1";
"202000000949";"154 740 603";"A01";"1";"33";"0";"2";"1";"0";"1";
"202000000949";"154 740 604";"B01";"2";"7";"0";"2";"3";"16";"1";
"202000000950";"154 740 601";"A01";"2";"7";"0";"2";"3";"13";"0";
"202000000950";"154 740 602";"B01";"1";"7";"0";"2";"3";"1";"0";
"202000000951";"154 740 598";"B01";"3";"1";"0";"2";"4";"2";"5";
"202000000951";"154 740 599";"C01";"3";"1";"0";"2";"4";"2";"5";
"202000000951";"154 740 600";"A01";"2";"10";"0";"9";"1";"2";"1";
"202000000952";"154 740 596";"B01";"2";"2";"0";"2";"1";"1";"1";
"202000000952";"154 740 597";"A01";"1";"7";"0";"2";"3";"17";"1";
"202000000953";"154 740 593";"A01";"3";"7";"0";"2";"3";"1";"1";
"202000000953";"154 740 594";"B01";"3";"21";"0";"2";"6";"1";"1";
"202000000954";"154 740 591";"A01";"3";"7";"0";"9";"1";"21";"1";
"202000000954";"154 740 592";"B01";"3";"1";"0";"2";"0";"0";"5";
"202000000955";"154 740 590";"A01";"3";"7";"0";"1";"2";"1";"1";
"202000000956";"154 740 589";"A01";"2";"10";"0";"1";"8";"1";"1";
"202000000957";"154 740 588";"A01";"1";"7";"16";"0";"1";"1";"1";
"202000000958";"154 740 587";"A01";"1";"7";"2";"0";"2";"1";"0";
"202000000959";"154 740 586";"A01";"1";"7";"2";"0";"1";"0";"1";
"202000000960";"154 740 585";"A01";"2";"33";"0";"0";"0";"1";"3";
"202000000961";"154 740 584";"A01";"2";"7";"0";"1";"2";"19";"0";
"202000000962";"154 740 582";"B01";"0";"7";"0";"2";"5";"17";"1";
"202000000962";"154 740 583";"A01";"0";"7";"0";"2";"3";"15";"1";
"202000000963";"154 740 580";"B01";"3";"7";"0";"2";"3";"1";"1";
"202000000963";"154 740 581";"A01";"3";"7";"0";"2";"3";"1";"1";
"202000000964";"154 740 578";"B01";"1";"14";"0";"0";"5";"15";"1";
"202000000964";"154 740 579";"A01";"1";"33";"0";"2";"1";"1";"1";
"202000000965";"154 740 577";"A01";"1";"7";"13";"0";"3";"0";"1";
"202000000966";"154 740 575";"B01";"1";"15";"0";"2";"8";"1";"1";
"202000000966";"154 740 576";"A01";"2";"7";"0";"2";"1";"1";"1";
"202000000967";"154 740 574";"A01";"2";"32";"4";"0";"0";"26";"1";
"202000000968";"154 740 571";"A01";"2";"7";"0";"2";"1";"1";"0";
"202000000968";"154 740 572";"B01";"2";"7";"3";"0";"8";"1";"0";
"202000000968";"154 740 573";"C01";"2";"7";"0";"0";"3";"23";"1";
"202000000969";"154 740 569";"B01";"2";"7";"0";"2";"8";"15";"1";
"202000000969";"154 740 570";"A01";"2";"7";"0";"2";"1";"17";"1";
"202000000970";"154 740 567";"B01";"3";"10";"0";"2";"1";"1";"1";
"202000000970";"154 740 568";"A01";"3";"10";"0";"2";"1";"5";"1";
"202000000971";"154 740 565";"A01";"3";"33";"0";"0";"9";"26";"1";
"202000000971";"154 740 566";"B01";"0";"0";"0";"0";"0";"26";"0";
"202000000972";"154 740 560";"B01";"1";"7";"0";"2";"1";"1";"0";
"202000000972";"154 740 561";"E01";"1";"15";"0";"2";"1";"1";"0";
"202000000972";"154 740 562";"D01";"1";"15";"0";"2";"1";"1";"0";
"202000000972";"154 740 563";"C01";"1";"7";"0";"2";"1";"1";"0";
"202000000972";"154 740 564";"A01";"1";"15";"0";"0";"4";"1";"0";
"202000000973";"154 740 559";"A01";"2";"2";"9";"0";"1";"1";"1";
"202000000974";"154 740 558";"A01";"1";"7";"12";"9";"1";"19";"1";
"202000000975";"154 740 555";"C01";"1";"7";"0";"2";"1";"1";"1";
"202000000975";"154 740 556";"B01";"2";"7";"0";"2";"1";"1";"1";
"202000000975";"154 740 557";"A01";"1";"7";"0";"2";"1";"17";"1";
"202000000976";"154 740 553";"B01";"2";"2";"0";"2";"1";"1";"1";
"202000000976";"154 740 554";"A01";"1";"7";"8";"2";"2";"17";"1";
"202000000977";"154 740 551";"A01";"0";"7";"0";"2";"1";"0";"1";
"202000000977";"154 740 552";"B01";"0";"10";"0";"0";"4";"1";"1";
"202000000978";"154 740 546";"B01";"2";"33";"0";"2";"3";"1";"1";
"202000000978";"154 740 547";"A01";"2";"7";"0";"2";"2";"12";"1";
"202000000979";"154 740 544";"B01";"1";"7";"0";"2";"4";"3";"1";
"202000000979";"154 740 545";"A01";"1";"7";"0";"2";"2";"1";"1";
"202000000980";"154 740 542";"A01";"2";"7";"0";"2";"6";"23";"1";
"202000000980";"154 740 543";"B01";"2";"7";"0";"2";"2";"1";"1";
"202000000981";"154 740 539";"C01";"1";"7";"0";"2";"4";"2";"1";
"202000000981";"154 740 540";"B01";"1";"33";"0";"2";"0";"3";"1";
"202000000981";"154 740 541";"A01";"1";"7";"0";"2";"1";"2";"1";
"202000000982";"154 740 537";"A01";"1";"7";"0";"2";"4";"2";"1";
"202000000982";"154 740 538";"B01";"1";"7";"0";"2";"1";"2";"1";
"202000000983";"154 740 536";"A01";"1";"7";"3";"0";"1";"2";"1";
"202000000984";"154 740 534";"A01";"1";"31";"0";"2";"3";"3";"1";
"202000000984";"154 740 535";"B01";"1";"7";"0";"9";"0";"0";"1";
"202000000985";"154 740 531";"C01";"2";"15";"0";"2";"6";"1";"1";
"202000000985";"154 740 532";"B01";"2";"33";"0";"2";"1";"3";"1";
"202000000985";"154 740 533";"A01";"2";"7";"0";"2";"1";"1";"1";
"202000000986";"154 740 529";"B01";"2";"7";"0";"2";"4";"2";"1";
"202000000986";"154 740 530";"A01";"2";"7";"0";"2";"1";"2";"0";
"202000000987";"154 740 527";"B01";"1";"10";"0";"2";"6";"0";"1";
"202000000987";"154 740 528";"A01";"1";"7";"0";"2";"1";"0";"1";
"202000000988";"154 740 525";"B01";"1";"14";"0";"2";"3";"1";"0";
"202000000988";"154 740 526";"A01";"1";"7";"3";"2";"5";"9";"1";
"202000000989";"154 740 524";"A01";"1";"43";"0";"2";"7";"3";"0";
"202000000990";"154 740 523";"Z01";"0";"7";"0";"1";"1";"1";"0";
"202000000991";"154 740 522";"A01";"1";"7";"0";"1";"1";"1";"1";
"202000000992";"154 740 520";"B01";"1";"7";"0";"2";"5";"1";"1";
"202000000992";"154 740 521";"A01";"1";"31";"0";"2";"1";"13";"1";
"202000000993";"154 740 518";"Z01";"2";"7";"0";"2";"0";"15";"1";
"202000000993";"154 740 519";"A01";"1";"30";"0";"2";"1";"1";"1";
"202000000994";"154 740 516";"B01";"1";"30";"0";"2";"7";"1";"1";
"202000000994";"154 740 517";"A01";"1";"7";"0";"2";"3";"9";"1";
"202000000995";"154 740 515";"A01";"2";"30";"0";"1";"1";"7";"1";
"202000000996";"154 740 511";"A01";"2";"7";"0";"2";"1";"2";"1";
"202000000996";"154 740 512";"B01";"2";"34";"0";"2";"4";"23";"1";
"202000000997";"154 740 509";"A01";"1";"30";"0";"2";"7";"17";"1";
"202000000997";"154 740 510";"B01";"1";"7";"0";"2";"8";"15";"1";
"202000000998";"154 740 507";"A01";"1";"7";"0";"2";"2";"1";"1";
"202000000998";"154 740 508";"B01";"1";"1";"0";"2";"3";"1";"5";
"202000000999";"154 740 505";"B01";"1";"31";"0";"2";"7";"17";"3";
"202000000999";"154 740 506";"A01";"1";"10";"0";"2";"3";"15";"1";
"202000001000";"154 740 503";"B01";"1";"10";"0";"2";"1";"16";"1";
"202000001000";"154 740 504";"A01";"2";"50";"0";"2";"1";"1";"3";
"202000001001";"154 740 501";"B01";"2";"30";"0";"2";"1";"1";"3";
"202000001001";"154 740 502";"A01";"2";"7";"0";"2";"3";"22";"1";
"202000001002";"154 740 498";"A01";"1";"7";"0";"2";"1";"2";"1";
"202000001002";"154 740 499";"B01";"1";"7";"0";"2";"4";"23";"1";
"202000001002";"154 740 500";"C01";"1";"7";"0";"2";"4";"23";"1";
"202000001003";"154 740 496";"B01";"2";"37";"0";"2";"5";"1";"1";"1"
"202000001003";"154 740 497";"A01";"2";"14";"0";"2";"3";"11";"1";
"202000001004";"154 740 494";"A01";"1";"7";"0";"2";"2";"22";"2";
"202000001004";"154 740 495";"B01";"1";"1";"0";"2";"1";"1";"5";
"202000001005";"154 740 492";"A01";"1";"7";"0";"2";"6";"10";"1";
"202000001005";"154 740 493";"B01";"1";"32";"0";"2";"1";"17";"1";
"202000001006";"154 740 490";"A01";"2";"10";"0";"2";"1";"1";"1";
"202000001006";"154 740 491";"B01";"2";"7";"0";"2";"4";"23";"1";
"202000001007";"154 740 488";"A01";"1";"7";"0";"2";"3";"9";"1";
"202000001007";"154 740 489";"B01";"1";"2";"0";"2";"1";"1";"1";
"202000001008";"154 740 486";"A01";"0";"1";"0";"2";"3";"0";"0";
"202000001008";"154 740 487";"B01";"1";"7";"0";"2";"3";"1";"0";
"202000001009";"154 740 484";"B01";"3";"7";"0";"2";"3";"13";"1";
"202000001009";"154 740 485";"A01";"1";"30";"0";"2";"1";"16";"1";
"202000001010";"154 740 483";"A01";"3";"7";"0";"1";"7";"24";"1";
"202000001011";"154 740 481";"B01";"3";"7";"0";"2";"1";"1";"0";
"202000001011";"154 740 482";"A01";"3";"10";"0";"2";"8";"19";"0";
"202000001012";"154 740 480";"A01";"1";"7";"1";"0";"2";"1";"1";
"202000001013";"154 740 479";"A01";"3";"37";"0";"1";"2";"1";"1";"1"
"202000001014";"154 740 478";"A01";"2";"10";"0";"1";"1";"0";"1";
"202000001015";"154 740 477";"A01";"2";"7";"4";"0";"1";"1";"1";
"202000001016";"154 740 475";"A01";"3";"2";"1";"0";"2";"1";"1";
"202000001016";"154 740 476";"B01";"0";"7";"1";"0";"0";"0";"1";
"202000001017";"154 740 474";"A01";"0";"7";"0";"1";"3";"1";"1";
"202000001018";"154 740 473";"A01";"1";"2";"0";"0";"8";"1";"1";
"202000001019";"154 740 471";"B01";"2";"7";"0";"0";"4";"1";"1";
"202000001019";"154 740 472";"A01";"2";"7";"0";"2";"1";"1";"1";
"202000001020";"154 740 469";"B01";"2";"2";"0";"2";"1";"1";"1";
"202000001020";"154 740 470";"A01";"1";"7";"0";"2";"3";"13";"1";
"202000001021";"154 740 468";"A01";"2";"33";"0";"0";"8";"1";"1";
"202000001022";"154 740 466";"A01";"2";"10";"0";"2";"1";"15";"1";
"202000001022";"154 740 467";"B01";"1";"2";"0";"2";"1";"1";"1";
"202000001023";"154 740 465";"A01";"0";"7";"13";"0";"1";"1";"1";
"202000001024";"154 740 463";"A01";"1";"7";"0";"2";"2";"1";"1";
"202000001024";"154 740 464";"B01";"1";"1";"0";"2";"4";"1";"5";
"202000001025";"154 740 462";"A01";"2";"7";"16";"0";"3";"1";"1";
"202000001026";"154 740 460";"B01";"2";"7";"0";"2";"1";"1";"1";
"202000001026";"154 740 461";"A01";"1";"7";"0";"2";"1";"1";"1";
"202000001027";"154 740 458";"A01";"2";"7";"0";"2";"2";"1";"1";
"202000001027";"154 740 459";"B01";"1";"7";"0";"2";"2";"1";"1";
"202000001028";"154 740 456";"A01";"1";"7";"0";"0";"0";"1";"1";
"202000001028";"154 740 457";"B01";"2";"2";"0";"0";"0";"1";"1";
"202000001029";"154 740 455";"A01";"2";"7";"13";"0";"0";"0";"1";
"202000001030";"154 740 453";"A01";"1";"7";"0";"2";"2";"2";"1";
"202000001030";"154 740 454";"B01";"1";"1";"0";"0";"6";"2";"5";
"202000001031";"154 740 452";"A01";"1";"33";"16";"0";"1";"13";"1";
"202000001032";"154 740 451";"A01";"0";"7";"0";"1";"3";"15";"1";
"202000001033";"154 740 449";"A01";"1";"10";"0";"2";"2";"2";"1";
"202000001033";"154 740 450";"B01";"1";"3";"0";"0";"6";"2";"1";
"202000001034";"154 740 448";"A01";"1";"17";"0";"0";"7";"1";"1";
"202000001035";"154 740 445";"A01";"2";"7";"0";"1";"1";"1";"1";
"202000001036";"154 740 444";"A01";"1";"7";"6";"0";"3";"5";"1";
"202000001037";"154 740 443";"A01";"1";"7";"0";"1";"1";"1";"1";
"202000001038";"154 740 441";"A01";"1";"7";"0";"2";"3";"15";"1";
"202000001038";"154 740 442";"B01";"2";"50";"0";"2";"1";"1";"3";
"202000001039";"154 740 439";"A01";"1";"33";"0";"2";"7";"10";"1";
"202000001039";"154 740 440";"B01";"1";"7";"0";"2";"1";"1";"1";
"202000001040";"154 740 438";"A01";"0";"7";"1";"0";"3";"13";"1";
"202000001041";"154 740 437";"A01";"2";"7";"2";"0";"1";"1";"1";
"202000001042";"154 740 435";"B01";"3";"10";"0";"2";"1";"4";"1";
"202000001042";"154 740 436";"A01";"3";"10";"0";"2";"4";"1";"1";
"202000001043";"154 740 433";"A01";"2";"16";"0";"2";"2";"12";"1";
"202000001043";"154 740 434";"B01";"2";"7";"12";"0";"9";"1";"1";