"Num_Acc";"id_vehicule";"num_veh";"senc";"catv";"obs";"obsm";"choc";"manv";"motor";"occutc"
"202000002071";"154 738 592";"A01";"1";"2";"0";"1";"1";"17";"1";
"202000002072";"154 738 591";"A01";"2";"50";"0";"1";"1";"1";"3";
"202000002073";"154 738 593";"A01";"1";"7";"0";"1";"2";"1";"1";
"202000002074";"154 738 589";"A01";"1";"10";"0";"2";"2";"17";"1";
"202000002074";"154 738 590";"B01";"1";"7";"16";"0";"3";"1";"1";
"202000002075";"154 738 587";"B01";"2";"1";"0";"2";"7";"1";"5";
"202000002075";"154 738 588";"A01";"1";"7";"0";"2";"1";"1";"1";
"202000002076";"154 738 584";"B01";"2";"2";"0";"0";"4";"2";"1";
"202000002076";"154 738 585";"A01";"2";"7";"0";"2";"1";"2";"1";
"202000002077";"154 738 583";"A01";"1";"7";"0";"2";"2";"15";"1";
"202000002077";"154 738 586";"B01";"1";"33";"0";"2";"4";"16";"1";
"202000002078";"154 738 582";"A01";"2";"1";"14";"0";"0";"14";"5";
"202000002079";"154 738 578";"B01";"1";"7";"0";"2";"1";"1";"1";
"202000002079";"154 738 580";"A01";"2";"7";"3";"2";"1";"13";"1";
"202000002080";"154 738 576";"A01";"1";"33";"0";"2";"1";"1";"1";
"202000002080";"154 738 577";"B01";"1";"60";"0";"2";"8";"9";"5";
"202000002081";"154 738 579";"A01";"2";"1";"0";"2";"4";"19";"5";
"202000002081";"154 738 581";"B01";"2";"33";"0";"2";"0";"1";"1";
"202000002082";"154 738 573";"A01";"1";"7";"0";"2";"2";"2";"1";
"202000002082";"154 738 575";"B01";"1";"15";"0";"2";"6";"2";"1";
"202000002083";"154 738 570";"A01";"3";"7";"0";"2";"1";"2";"1";
"202000002083";"154 738 572";"B01";"3";"7";"0";"2";"4";"23";"1";
"202000002084";"154 738 571";"A01";"2";"30";"0";"2";"8";"1";"1";
"202000002084";"154 738 574";"Z01";"2";"7";"0";"2";"0";"12";"0";
"202000002085";"154 738 568";"B01";"1";"7";"0";"2";"3";"1";"1";
"202000002085";"154 738 569";"A01";"2";"7";"0";"2";"2";"17";"1";
"202000002086";"154 738 565";"B01";"2";"1";"0";"2";"1";"1";"5";
"202000002086";"154 738 567";"A01";"2";"7";"0";"2";"2";"16";"1";
"202000002087";"154 738 564";"B01";"1";"1";"0";"2";"8";"1";"5";
"202000002087";"154 738 566";"A01";"1";"10";"0";"2";"7";"16";"6";
"202000002088";"154 738 562";"B01";"2";"7";"0";"2";"2";"1";"0";
"202000002088";"154 738 563";"A01";"0";"2";"0";"2";"1";"19";"1";
"202000002089";"154 738 561";"A01";"2";"30";"0";"1";"1";"1";"1";
"202000002090";"154 738 559";"A01";"3";"7";"0";"1";"2";"1";"1";
"202000002091";"154 738 558";"B01";"1";"7";"0";"2";"2";"1";"1";
"202000002091";"154 738 560";"A01";"1";"50";"0";"2";"1";"1";"3";
"202000002092";"154 738 555";"A01";"1";"1";"0";"1";"1";"2";"5";
"202000002093";"154 738 556";"A01";"2";"10";"0";"2";"3";"22";"1";
"202000002093";"154 738 557";"B01";"2";"1";"0";"2";"1";"1";"5";
"202000002094";"154 738 554";"A01";"2";"30";"0";"0";"0";"1";"1";
"202000002095";"154 738 553";"A01";"1";"33";"17";"0";"1";"14";"1";
"202000002096";"154 738 552";"Z01";"2";"30";"0";"1";"1";"1";"0";
"202000002097";"154 738 550";"A01";"2";"7";"6";"0";"7";"13";"1";
"202000002098";"154 738 549";"A01";"1";"7";"0";"2";"6";"15";"1";
"202000002098";"154 738 551";"B01";"2";"7";"0";"2";"1";"1";"1";
"202000002099";"154 738 547";"A01";"2";"7";"0";"1";"1";"1";"2";
"202000002100";"154 738 548";"A01";"3";"2";"6";"0";"1";"2";"1";
"202000002101";"154 738 546";"A01";"3";"7";"4";"0";"3";"0";"1";
"202000002102";"154 738 543";"A01";"1";"7";"0";"1";"1";"1";"1";
"202000002103";"154 738 541";"B01";"3";"33";"0";"2";"1";"1";"1";
"202000002103";"154 738 545";"A01";"3";"7";"0";"2";"2";"1";"1";
"202000002104";"154 738 542";"A01";"1";"7";"0";"2";"3";"15";"0";
"202000002104";"154 738 544";"B01";"2";"1";"0";"0";"0";"0";"5";
"202000002105";"154 738 540";"A01";"2";"7";"0";"1";"1";"2";"1";
"202000002106";"154 738 537";"A01";" -1";"7";"16";"0";"1";"26";"1";
"202000002107";"154 738 538";"A01";"1";"7";"0";"2";"3";"9";"1";
"202000002107";"154 738 539";"B01";"1";"1";"0";"2";"1";"1";"5";
"202000002108";"154 738 534";"A01";" -1";"7";"0";"2";"1";"1";"0";
"202000002108";"154 738 535";"B01";" -1";"7";"0";"2";"3";"10";"0";
"202000002109";"154 738 532";"A01";"2";"33";"13";"0";"1";"1";"1";
"202000002110";"154 738 533";"A01";"1";"34";"0";"0";"0";"0";"1";
"202000002110";"154 738 536";"Z01";"1";"7";"0";"0";"0";"0";"0";
"202000002111";"154 738 528";"B01";"1";"7";"0";"2";"3";"1";"1";
"202000002111";"154 738 530";"A01";"2";"7";"0";"2";"3";"13";"1";
"202000002112";"154 738 527";"B01";"2";"2";"0";"2";"4";"23";"1";
"202000002112";"154 738 529";"A01";"2";"7";"0";"2";"1";"26";"1";
"202000002113";"154 738 526";"B01";"1";"7";"0";"2";"5";"23";"1";
"202000002113";"154 738 531";"A01";"1";"7";"0";"2";"5";"1";"1";
"202000002114";"154 738 524";"A01";"1";"7";"0";"1";"1";"15";"1";
"202000002115";"154 738 525";"A01";"3";"7";"13";"0";"1";"16";"1";
"202000002116";"154 738 520";"A01";"1";"7";"17";"0";"1";"0";"1";
"202000002117";"154 738 519";"A01";"0";"7";"0";"0";"2";"26";"0";
"202000002117";"154 738 522";"B01";"0";"7";"0";"2";"0";"15";"0";
"202000002118";"154 738 521";"A01";"1";"7";"0";"2";"6";"1";"1";
"202000002118";"154 738 523";"B01";"2";"7";"0";"2";"3";"1";"1";
"202000002119";"154 738 518";"A01";"1";"37";"12";"0";"1";"16";"1";"2"
"202000002120";"154 738 517";"A01";"0";"2";"1";"0";"1";"1";"1";
"202000002121";"154 738 514";"B01";"2";"7";"13";"2";"1";"1";"1";
"202000002121";"154 738 515";"A01";"1";"7";"8";"2";"6";"19";"1";
"202000002122";"154 738 513";"B01";"1";"7";"0";"2";"8";"1";"1";
"202000002122";"154 738 516";"A01";"1";"10";"0";"2";"1";"16";"1";
"202000002123";"154 738 511";"B01";"2";"7";"0";"2";"1";"1";"1";
"202000002123";"154 738 512";"A01";"2";"7";"0";"2";"4";"1";"1";
"202000002124";"154 738 508";"A01";"1";"7";"0";"2";"3";"1";"1";
"202000002124";"154 738 509";"B01";"2";"10";"0";"2";"8";"1";"1";
"202000002125";"154 738 506";"A01";"2";"7";"3";"0";"3";"2";"1";
"202000002126";"154 738 507";"A01";"1";"7";"0";"2";"2";"15";"1";
"202000002126";"154 738 510";"B01";"2";"7";"0";"2";"8";"1";"1";
"202000002127";"154 738 505";"A01";"1";"7";"4";"0";"3";"13";"1";
"202000002128";"154 738 503";"A01";"2";"7";"16";"0";"0";"1";"1";
"202000002129";"154 738 504";"A01";"1";"7";"0";"1";"3";"15";"1";
"202000002130";"154 738 499";"B01";"2";"7";"0";"0";"7";"1";"1";
"202000002130";"154 738 501";"A01";"1";"7";"2";"0";"7";"13";"1";
"202000002131";"154 738 500";"B01";"1";"7";"0";"2";"1";"1";"0";
"202000002131";"154 738 502";"A01";"2";"7";"0";"2";"7";"1";"0";
"202000002132";"154 738 497";"A01";"1";"7";"0";"2";"4";"19";"1";
"202000002132";"154 738 498";"B01";"2";"7";"0";"2";"1";"0";"1";
"202000002133";"154 738 495";"B01";"1";"17";"0";"2";"6";"1";"1";
"202000002133";"154 738 496";"A01";"1";"7";"0";"2";"2";"14";"1";
"202000002134";"154 738 493";"A01";"2";"7";"0";"2";"8";"15";"1";
"202000002134";"154 738 494";"B01";"2";"7";"0";"2";"2";"16";"1";
"202000002135";"154 738 491";"B01";"2";"1";"0";"0";"8";"1";"5";
"202000002135";"154 738 492";"A01";"2";"33";"0";"2";"7";"17";"1";
"202000002136";"154 738 490";"A01";"2";"33";"0";"0";"7";"1";"1";
"202000002137";"154 738 489";"A01";"2";"13";"7";"0";"2";"1";"1";
"202000002138";"154 738 488";"A01";"0";"7";"6";"0";"1";"1";"1";
"202000002139";"154 738 486";"A01";"1";"7";"0";"2";"3";"26";"1";
"202000002139";"154 738 487";"B01";"1";"33";"0";"2";"1";"5";"1";
"202000002140";"154 738 481";"A01";"2";"33";"0";"2";"2";"17";"1";
"202000002140";"154 738 484";"B01";"3";"7";"0";"2";"3";"9";"1";
"202000002141";"154 738 482";"A01";"1";"7";"0";"2";"1";"15";"1";
"202000002141";"154 738 483";"B01";"2";"7";"0";"2";"2";"1";"1";
"202000002141";"154 738 485";"C01";"2";"7";"0";"0";"2";"1";"1";
"202000002142";"154 738 480";"A01";"2";"7";"6";"0";"3";"1";"1";
"202000002143";"154 738 479";"A01";"3";"7";"1";"0";"7";"0";"0";
"202000002144";"154 738 477";"B01";"2";"7";"0";"2";"3";"1";"1";
"202000002144";"154 738 478";"A01";"1";"7";"0";"2";"1";"5";"3";
"202000002145";"154 738 475";"A01";"1";"33";"15";"0";"0";"1";"0";
"202000002146";"154 738 474";"B01";"2";"7";"0";"2";"1";"1";"1";
"202000002146";"154 738 476";"A01";"1";"7";"0";"2";"1";"13";"1";
"202000002147";"154 738 471";"A01";"3";"7";"0";"2";"2";"1";"1";
"202000002147";"154 738 473";"B01";"0";"10";"0";"2";"6";"18";"1";
"202000002148";"154 738 472";"A01";"2";"33";"0";"0";"1";"0";"1";
"202000002149";"154 738 467";"A01";"2";"7";"0";"2";"6";"11";"1";
"202000002149";"154 738 469";"B01";"2";"31";"0";"2";"2";"11";"0";
"202000002150";"154 738 468";"B01";"1";"33";"0";"2";"1";"15";"1";
"202000002150";"154 738 470";"A01";"1";"7";"0";"2";"2";"15";"1";
"202000002151";"154 738 463";"A01";"1";"7";"0";"2";"7";"26";"1";
"202000002151";"154 738 465";"B01";"2";"7";"0";"2";"1";"1";"1";
"202000002152";"154 738 462";"A01";"2";"7";"0";"2";"1";"17";"1";
"202000002152";"154 738 464";"B01";"2";"7";"0";"2";"8";"1";"1";
"202000002152";"154 738 466";"C01";"1";"7";"0";"2";"1";"1";"1";
"202000002153";"154 738 459";"A01";"2";"2";"0";"2";"6";"24";"1";
"202000002153";"154 738 461";"B01";"2";"32";"1";"0";"1";"0";"1";
"202000002154";"154 738 458";"A01";"1";"7";"0";"2";"1";"5";"1";
"202000002154";"154 738 460";"B01";"2";"15";"0";"2";"1";"1";"1";
"202000002155";"154 738 456";"B01";"1";"7";"0";"2";"6";"15";"0";
"202000002155";"154 738 457";"A01";"2";"33";"0";"2";"1";"1";"0";
"202000002156";"154 738 454";"A01";"1";"7";"0";"9";"3";"1";"1";
"202000002156";"154 738 455";"B01";"2";"1";"0";"2";"5";"1";"0";
"202000002157";"154 738 453";"A01";"1";"2";"6";"0";"7";"14";"1";
"202000002158";"154 738 450";"A01";"1";"2";"0";"2";"1";"1";"1";
"202000002158";"154 738 452";"B01";"1";"15";"0";"2";"4";"1";"1";
"202000002159";"154 738 449";"B01";"2";"7";"0";"2";"1";"1";"1";
"202000002159";"154 738 451";"A01";"1";"7";"0";"2";"3";"13";"1";
"202000002160";"154 738 447";"B01";"2";"7";"0";"0";"0";"1";"1";
"202000002160";"154 738 448";"A01";"1";"7";"0";"0";"0";"13";"1";
"202000002161";"154 738 445";"A01";"2";"10";"0";"2";"5";"17";"0";
"202000002161";"154 738 446";"B01";"2";"1";"0";"2";"3";"2";"5";
"202000002162";"154 738 443";"A01";"3";"3";"0";"2";"2";"20";"1";
"202000002162";"154 738 444";"B01";"3";"1";"0";"0";"6";"26";"5";
"202000002163";"154 738 442";"A01";"2";"7";"17";"0";"1";"1";"1";
"202000002164";"154 738 441";"A01";"3";"7";"0";"0";"7";"1";"1";
"202000002165";"154 738 438";"C01";"1";"7";"0";"2";"4";"2";"1";
"202000002165";"154 738 439";"A01";"1";"7";"0";"2";"1";"2";"1";
"202000002165";"154 738 440";"B01";"1";"7";"0";"2";"4";"2";"1";
"202000002166";"154 738 437";"A01";"2";"31";"2";"0";"1";"13";"0";
"202000002167";"154 738 436";"A01";"1";"7";"13";"9";"1";"1";"0";
"202000002168";"154 738 435";"A01";"3";"7";"13";"0";"8";"1";"1";
"202000002169";"154 738 434";"A01";"1";"33";"0";"1";"3";"1";"1";
"202000002170";"154 738 432";"B01";"0";"7";"0";"2";"3";"15";"1";
"202000002170";"154 738 433";"A01";"0";"7";"0";"2";"2";"1";"1";
"202000002171";"154 738 431";"A01";"1";"2";"0";"0";"0";"1";"1";
"202000002172";"154 738 430";"A01";"3";"7";"2";"0";"1";"0";"1";
"202000002173";"154 738 429";"A01";"3";"34";"0";"0";"8";"1";"1";
"202000002174";"154 738 427";"A01";"0";"33";"0";"0";"0";"1";"1";
"202000002174";"154 738 428";"B01";"0";"7";"0";"0";"0";"15";"1";
"202000002175";"154 738 425";"A01";"1";"7";"0";"2";"3";"9";"1";
"202000002175";"154 738 426";"B01";"1";"1";"0";"2";"0";"1";"5";
"202000002176";"154 738 424";"A01";"1";"3";"0";"1";"3";"1";"1";
"202000002177";"154 738 420";"B01";"2";"33";"0";"2";"3";"15";"1";
"202000002177";"154 738 422";"A01";"1";"7";"0";"2";"3";"9";"1";
"202000002178";"154 738 421";"A01";"2";"7";"0";"2";"2";"19";"1";
"202000002178";"154 738 423";"B01";"1";"7";"0";"2";"1";"1";"1";
"202000002179";"154 738 418";"A01";"1";"7";"2";"0";"0";"14";"1";
"202000002180";"154 738 417";"A01";"2";"7";"0";"0";"1";"5";"1";
"202000002180";"154 738 419";"B01";"1";"7";"0";"0";"2";"1";"1";
"202000002181";"154 738 416";"A01";"1";"33";"6";"0";"8";"1";"1";
"202000002182";"154 738 413";"A01";"2";"7";"0";"2";"1";"1";"1";
"202000002182";"154 738 415";"B01";"1";"7";"0";"2";"1";"16";"1";
"202000002183";"154 738 412";"A01";"2";"33";"0";"2";"1";"1";"1";
"202000002183";"154 738 414";"B01";"2";"7";"0";"0";"4";"1";"1";
"202000002184";"154 738 410";"B01";"1";"33";"0";"2";"1";"1";"1";
"202000002184";"154 738 411";"A01";"2";"10";"0";"2";"7";"15";"1";
"202000002185";"154 738 409";"A01";"2";"80";"0";"0";"8";"1";"3";
"202000002186";"154 738 406";"A01";"2";"7";"0";"2";"1";"5";"1";
"202000002186";"154 738 408";"B01";"1";"7";"0";"2";"1";"1";"1";
"202000002187";"154 738 403";"B01";"1";"31";"0";"2";"1";"1";"1";
"202000002187";"154 738 405";"A01";"2";"7";"0";"2";"2";"10";"0";
"202000002188";"154 738 402";"B01";"0";"7";"0";"2";"2";"1";"1";
"202000002188";"154 738 404";"A01";"0";"7";"0";"2";"7";"13";"1";
"202000002189";"154 738 401";"A01";"1";"7";"6";"0";"1";"14";"1";
"202000002190";"154 738 399";"B01";"2";"7";"0";"0";"1";"2";"1";
"202000002190";"154 738 400";"A01";"2";"7";"0";"0";"4";"2";"1";
"202000002191";"154 738 396";"B01";"1";"33";"0";"2";"1";"1";"1";
"202000002191";"154 738 398";"A01";"1";"7";"12";"2";"6";"11";"1";
"202000002192";"154 738 390";"A01";"2";"7";"0";"2";"7";"13";"1";
"202000002192";"154 738 393";"B01";"1";"7";"0";"2";"1";"1";"1";
"202000002193";"154 738 391";"B01";"1";"38";"0";"0";"0";"19";"1";"1"
"202000002193";"154 738 392";"A01";"2";"7";"13";"0";"1";"21";"1";
"202000002194";"154 738 388";"B01";"2";"33";"0";"2";"2";"1";"1";
"202000002194";"154 738 389";"A01";"1";"7";"0";"2";"2";"17";"1";
"202000002195";"154 738 387";"A01";"0";"7";"0";"1";"1";"20";"6";
"202000002196";"154 738 386";"A01";"1";"7";"0";"1";"2";"21";"1";
"202000002197";"154 738 384";"A01";"1";"7";"0";"2";"1";"1";"1";
"202000002197";"154 738 385";"B01";"1";"17";"0";"0";"5";"1";"1";
"202000002198";"154 738 383";"A01";"3";"7";"17";"0";"1";"1";"0";
"202000002199";"154 738 382";"A01";"1";"7";"15";"0";"7";"1";"1";
"202000002200";"154 738 379";"B01";"2";"15";"0";"2";"5";"21";"1";
"202000002200";"154 738 381";"A01";"2";"7";"0";"0";"6";"23";"1";
"202000002201";"154 738 378";"B01";"1";"7";"0";"2";"3";"1";"1";
"202000002201";"154 738 380";"A01";"3";"10";"0";"2";"1";"19";"1";
"202000002202";"154 738 375";"A01";"2";"7";"0";"2";"1";"5";"1";
"202000002202";"154 738 376";"B01";"1";"7";"0";"2";"3";"1";"1";
"202000002203";"154 738 373";"B01";"2";"1";"0";"2";"1";"1";"5";
"202000002203";"154 738 374";"A01";"1";"7";"0";"2";"1";"13";"1";
"202000002203";"154 738 377";"C01";"2";"7";"0";"2";"7";"21";"1";
"202000002204";"154 738 370";"B01";"2";"7";"0";"2";"1";"1";"1";
"202000002204";"154 738 372";"A01";"1";"7";"0";"2";"1";"13";"1";
"202000002205";"154 738 371";"A01";"1";"7";"6";"0";"1";"1";"1";
"202000002206";"154 738 368";"A01";"1";"7";"0";"2";"3";"15";"1";
"202000002206";"154 738 369";"B01";"1";"33";"0";"2";"1";"17";"1";
"202000002207";"154 738 367";"A01";"0";"7";"0";"0";"0";"13";"1";
"202000002208";"154 738 366";"A01";"3";"13";"0";"1";"1";"1";"1";
"202000002209";"154 738 365";"A01";"1";"37";"0";"1";"1";"2";"1";"1"
"202000002210";"154 738 359";"E01";"0";"7";"1";"0";"8";"0";"1";
"202000002210";"154 738 361";"D01";"2";"7";"1";"0";"6";"26";"1";
"202000002210";"154 738 362";"C01";"0";"7";"1";"0";"2";"24";"1";
"202000002210";"154 738 363";"B01";"1";"7";"1";"2";"4";"0";"1";
"202000002210";"154 738 364";"A01";"1";"7";"1";"2";"1";"2";"1";
"202000002211";"154 738 358";"A01";"2";"7";"4";"2";"1";"21";"1";
"202000002211";"154 738 360";"B01";"2";"17";"0";"0";"5";"1";"1";
"202000002212";"154 738 355";"A01";"3";"7";"0";"2";"2";"13";"1";
"202000002212";"154 738 357";"B01";"3";"7";"0";"2";"1";"1";"1";
"202000002213";"154 738 354";"B01";"1";"50";"0";"2";"1";"1";"3";
"202000002213";"154 738 356";"A01";"2";"7";"0";"2";"0";"9";"6";
"202000002214";"154 738 350";"B01";"2";"37";"0";"2";"3";"1";"1";"1"
"202000002214";"154 738 352";"A01";"1";"7";"0";"2";"1";"13";"1";
"202000002215";"154 738 351";"B01";"1";"33";"0";"2";"1";"1";"1";
"202000002215";"154 738 353";"A01";"2";"7";"0";"2";"1";"15";"1";
"202000002216";"154 738 349";"A01";"1";"7";"0";"1";"3";"1";"1";
"202000002217";"154 738 348";"A01";"1";"7";"8";"0";"2";"1";"1";
"202000002218";"154 738 345";"B01";"2";"33";"0";"2";"1";"1";"1";
"202000002218";"154 738 347";"A01";"0";"7";"0";"2";"5";"9";"1";
"202000002219";"154 738 343";"B01";"3";"7";"0";"9";"7";"15";"0";
"202000002219";"154 738 344";"A01";"3";"2";"0";"2";"1";"1";"1";
"202000002220";"154 738 342";"A01";"2";"7";"0";"2";"2";"1";"1";
"202000002220";"154 738 346";"B01";"1";"7";"8";"2";"3";"1";"1";
"202000002221";"154 738 341";"A01";"1";"7";"4";"0";"3";"1";"1";
"202000002222";"154 738 340";"A01";"3";"7";"0";"0";"2";"5";"0";
"202000002223";"154 738 338";"B01";"1";"7";"0";"2";"4";"2";"1";
"202000002223";"154 738 339";"A01";"1";"7";"0";"2";"1";"2";"1";
"202000002224";"154 738 337";"A01";"2";"7";"4";"0";"1";"0";"1";
"202000002225";"154 738 335";"B01";"1";"7";"0";"2";"1";"2";"1";
"202000002225";"154 738 336";"A01";"1";"33";"0";"2";"9";"2";"1";
"202000002226";"154 738 332";"B01";"1";"10";"0";"0";"0";"1";"1";
"202000002226";"154 738 334";"A01";"1";"33";"0";"0";"8";"17";"1";
"202000002227";"154 738 331";"B01";"1";"7";"0";"2";"8";"2";"1";
"202000002227";"154 738 333";"A01";"1";"7";"0";"2";"7";"2";"1";
"202000002228";"154 738 328";"A01";"2";"7";"0";"2";"1";"2";"1";
"202000002228";"154 738 329";"B01";"2";"7";"0";"2";"4";"2";"1";
"202000002229";"154 738 327";"B01";"1";"33";"0";"2";"7";"1";"1";
"202000002229";"154 738 330";"A01";"2";"10";"0";"2";"8";"15";"1";
"202000002230";"154 738 322";"C01";"2";"7";"0";"2";"4";"2";"1";
"202000002230";"154 738 324";"A01";"2";"15";"0";"2";"1";"1";"1";
"202000002230";"154 738 326";"B01";"2";"7";"0";"2";"4";"2";"1";
"202000002231";"154 738 321";"A01";"2";"14";"0";"2";"7";"12";"1";
"202000002231";"154 738 323";"B01";"2";"7";"4";"0";"8";"1";"1";
"202000002231";"154 738 325";"C01";"2";"7";"4";"0";"3";"1";"1";
"202000002232";"154 738 319";"A01";"2";"33";"14";"0";"1";"13";"1";
"202000002233";"154 738 318";"B01";"1";"7";"0";"2";"4";"2";"1";
"202000002233";"154 738 320";"A01";"1";"7";"0";"2";"3";"2";"1";
"202000002234";"154 738 314";"B01";"2";"31";"0";"2";"1";"3";"1";
"202000002234";"154 738 316";"A01";"2";"10";"0";"2";"4";"14";"1";
"202000002235";"154 738 315";"B01";"1";"2";"0";"0";"4";"15";"1";
"202000002235";"154 738 317";"A01";"1";"7";"0";"2";"3";"1";"0";
"202000002236";"154 738 313";"A01";"2";"7";"4";"0";"1";"1";"1";
"202000002237";"154 738 312";"A01";"2";"1";"0";"0";"0";"0";"5";
"202000002238";"154 738 309";"A01";"1";"7";"0";"1";"3";"1";"0";
"202000002239";"154 738 310";"B01";"1";"7";"0";"2";"2";"14";"1";
"202000002239";"154 738 311";"A01";"1";"7";"0";"2";"1";"1";"1";
"202000002240";"154 738 307";"B01";"2";"7";"0";"2";"1";"1";"0";
"202000002240";"154 738 308";"A01";"2";"7";"0";"0";"4";"1";"0";
"202000002241";"154 738 304";"A01";"1";"7";"0";"2";"1";"2";"1";
"202000002241";"154 738 306";"B01";"1";"7";"0";"2";"4";"2";"1";
"202000002242";"154 738 303";"B01";"2";"1";"0";"2";"8";"1";"5";
"202000002242";"154 738 305";"A01";"1";"7";"0";"2";"1";"9";"1";
"202000002243";"154 738 301";"B01";"1";"7";"0";"2";"1";"17";"1";
"202000002243";"154 738 302";"A01";"1";"7";"0";"2";"1";"1";"1";
"202000002244";"154 738 299";"A01";"2";"7";"0";"9";"2";"1";"1";
"202000002245";"154 738 291";"D01";"1";"7";"0";"2";"2";"1";"1";
"202000002245";"154 738 292";"E01";"1";"38";"0";"2";"6";"1";"1";"1"
"202000002245";"154 738 294";"A01";"1";"7";"4";"0";"3";"1";"1";
"202000002245";"154 738 295";"B01";"1";"7";"0";"2";"5";"1";"1";
"202000002245";"154 738 297";"C01";"1";"7";"0";"2";"2";"1";"1";
"202000002246";"154 738 287";"A01";"3";"7";"0";"2";"3";"13";"1";
"202000002246";"154 738 288";"B01";"3";"7";"0";"2";"3";"0";"1";
"202000002247";"154 738 283";"A01";"2";"10";"0";"0";"1";"16";"0";
"202000002248";"154 738 284";"B01";"2";"7";"0";"2";"6";"1";"1";
"202000002248";"154 738 285";"A01";"1";"7";"0";"2";"2";"13";"1";
"202000002248";"154 738 286";"C01";"2";"7";"0";"2";"1";"23";"1";
"202000002249";"154 738 281";"A01";"3";"10";"0";"2";"3";"1";"1";
"202000002249";"154 738 282";"B01";"2";"10";"0";"2";"1";"1";"1";
"202000002250";"154 738 280";"A01";"0";"7";"0";"0";"9";"0";"1";
"202000002251";"154 738 279";"A01";"3";"7";"4";"0";"3";"9";"1";
"202000002252";"154 738 278";"A01";"1";"33";"13";"0";"1";"1";"1";
"202000002253";"154 738 277";"A01";"1";"33";"13";"0";"1";"1";"1";
"202000002254";"154 738 275";"A01";"2";"7";"0";"2";"1";"13";"1";
"202000002254";"154 738 276";"B01";"1";"7";"0";"2";"1";"1";"1";
"202000002255";"154 738 274";"A01";"1";"33";"0";"0";"8";"21";"1";
"202000002256";"154 738 271";"A01";"2";"7";"0";"0";"6";"15";"0";
"202000002256";"154 738 272";"B01";"2";"33";"0";"0";"7";"17";"0";
"202000002257";"154 738 270";"B01";"3";"99";"0";"2";"3";"9";"1";
"202000002257";"154 738 273";"A01";"0";"99";"0";"2";"1";"1";"1";
"202000002258";"154 738 269";"A01";"3";"33";"2";"0";"1";"0";"1";
"202000002259";"154 738 267";"A01";"3";"7";"0";"2";"0";"9";"0";
"202000002259";"154 738 268";"B01";"3";"7";"0";"2";"5";"1";"1";
"202000002260";"154 738 263";"A01";"1";"7";"0";"2";"1";"2";"1";
"202000002260";"154 738 265";"B01";"1";"36";"0";"2";"4";"26";"1";
"202000002261";"154 738 264";"B01";"1";"21";"0";"0";"0";"15";"0";
"202000002261";"154 738 266";"A01";"1";"33";"0";"0";"0";"17";"0";
"202000002262";"154 738 259";"B01";"1";"7";"0";"2";"0";"0";"1";
"202000002262";"154 738 262";"A01";"1";"7";"5";"2";"1";"15";"1";
"202000002263";"154 738 258";"A01";"2";"7";"0";"2";"4";"2";"1";
"202000002263";"154 738 260";"B01";"2";"7";"0";"2";"4";"1";"1";
"202000002263";"154 738 261";"C01";"2";"7";"0";"2";"1";"1";"1";
"202000002264";"154 738 256";"A01";"3";"1";"0";"2";"1";"1";"5";
"202000002264";"154 738 257";"B01";"3";"7";"0";"2";"4";"23";"1";
"202000002265";"154 738 255";"A01";"2";"7";"4";"0";"5";"21";"1";
"202000002266";"154 738 249";"A01";"1";"7";"4";"0";"2";"1";"1";
"202000002266";"154 738 251";"B01";"1";"7";"0";"2";"3";"1";"1";
"202000002266";"154 738 252";"C01";"1";"7";"0";"2";"1";"1";"1";
"202000002267";"154 738 250";"A01";"2";"32";"0";"0";"0";"1";"1";
"202000002268";"154 738 247";"A01";"1";"10";"0";"2";"1";"17";"1";
"202000002268";"154 738 248";"B01";"1";"10";"0";"2";"4";"1";"1";
"202000002269";"154 738 245";"A01";"1";"33";"3";"0";"1";"17";"1";
"202000002270";"154 738 246";"A01";"2";"7";"4";"0";"2";"1";"1";
"202000002271";"154 738 242";"B01";"1";"7";"0";"2";"1";"2";"1";
"202000002271";"154 738 244";"A01";"1";"7";"0";"2";"4";"2";"1";
"202000002272";"154 738 241";"A01";"2";"30";"0";"2";"1";"13";"1";
"202000002272";"154 738 243";"B01";"1";"7";"0";"2";"0";"0";"1";
"202000002273";"154 738 239";"A01";"2";"7";"3";"0";"1";"9";"1";
"202000002274";"154 738 238";"B01";"2";"7";"0";"0";"4";"2";"1";
"202000002274";"154 738 240";"A01";"2";"7";"0";"2";"1";"26";"1";
"202000002275";"154 738 235";"B01";"2";"7";"0";"2";"1";"1";"1";
"202000002275";"154 738 237";"A01";"1";"7";"8";"2";"1";"1";"1";
"202000002276";"154 738 230";"A01";"1";"7";"0";"2";"1";"2";"1";
"202000002276";"154 738 232";"B01";"1";"7";"0";"2";"1";"2";"1";
"202000002276";"154 738 234";"C01";"1";"7";"0";"2";"4";"1";"2";
"202000002276";"154 738 236";"D01";"1";"7";"0";"2";"4";"14";"1";
"202000002277";"154 738 231";"B01";"2";"33";"0";"2";"1";"1";"1";
"202000002277";"154 738 233";"A01";"1";"7";"0";"2";"2";"15";"1";
"202000002278";"154 738 229";"A01";"1";"7";"4";"0";"0";"21";"1";
"202000002279";"154 738 228";"A01";"3";"7";"4";"0";"1";"2";"1";
"202000002280";"154 738 227";"A01";"1";"7";"4";"0";"2";"0";"0";