"Num_Acc";"id_vehicule";"num_veh";"senc";"catv";"obs";"obsm";"choc";"manv";"motor";"occutc"
"202000002715";"154 737 486";"B01";"2";"33";"0";"2";"1";"1";"1";
"202000002716";"154 737 483";"B01";"2";"31";"0";"2";"8";"3";"1";
"202000002716";"154 737 484";"A01";"2";"7";"0";"2";"7";"12";"3";
"202000002717";"154 737 481";"B01";"2";"50";"0";"2";"7";"1";"3";
"202000002717";"154 737 482";"A01";"2";"7";"0";"2";"1";"9";"1";
"202000002718";"154 737 479";"B01";"1";"50";"0";"2";"1";"9";"3";
"202000002718";"154 737 480";"A01";"1";"10";"0";"2";"8";"9";"1";
"202000002719";"154 737 477";"A01";"2";"7";"0";"2";"1";"15";"0";
"202000002719";"154 737 478";"B01";"1";"2";"0";"2";"1";"0";"0";
"202000002720";"154 737 475";"B01";"1";"30";"0";"2";"1";"17";"1";
"202000002720";"154 737 476";"A01";"1";"7";"0";"2";"8";"15";"1";
"202000002721";"154 737 473";"B01";"2";"7";"0";"2";"3";"1";"1";
"202000002721";"154 737 474";"A01";"1";"7";"0";"2";"3";"13";"1";
"202000002722";"154 737 472";"A01";"2";"7";"8";"0";"0";"1";"1";
"202000002723";"154 737 471";"A01";"2";"7";"0";"0";"0";"0";"1";
"202000002724";"154 737 469";"A01";"1";"7";"0";"2";"3";"1";"1";
"202000002724";"154 737 470";"B01";"2";"31";"0";"2";"1";"1";"1";
"202000002725";"154 737 467";"B01";"3";"7";"0";"0";"1";"1";"1";
"202000002725";"154 737 468";"A01";"3";"7";"0";"0";"2";"1";"1";
"202000002726";"154 737 465";"B01";"1";"33";"0";"2";"1";"1";"1";
"202000002726";"154 737 466";"A01";"1";"7";"0";"2";"6";"16";"1";
"202000002727";"154 737 463";"A01";"2";"7";"0";"2";"3";"1";"1";
"202000002727";"154 737 464";"B01";"1";"10";"0";"2";"3";"1";"1";
"202000002728";"154 737 462";"A01";"2";"7";"0";"0";"0";"16";"1";
"202000002729";"154 737 461";"A01";"1";"7";"13";"0";"3";"1";"1";
"202000002730";"154 737 459";"A01";"3";"7";"0";"2";"8";"9";"1";
"202000002730";"154 737 460";"B01";"3";"2";"0";"0";"7";"26";"1";
"202000002731";"154 737 458";"A01";"3";"1";"1";"0";"1";"2";"5";
"202000002732";"154 737 457";"A01";"3";"7";"15";"0";"1";"13";"1";
"202000002733";"154 737 456";"A01";"2";"3";"1";"0";"1";"13";"0";
"202000002734";"154 737 455";"A01";"2";"2";"0";"0";"8";"1";"1";
"202000002735";"154 737 454";"A01";"1";"37";"0";"0";"0";"21";"1";"3"
"202000002736";"154 737 452";"A01";"2";"15";"0";"0";"4";"2";"1";
"202000002736";"154 737 453";"B01";"2";"10";"0";"2";"1";"2";"1";
"202000002737";"154 737 451";"A01";"2";"7";"13";"0";"1";"14";"1";
"202000002738";"154 737 450";"A01";"1";"7";"13";"0";"9";"17";"1";
"202000002739";"154 737 448";"B01";"1";"7";"0";"0";"5";"26";"1";
"202000002739";"154 737 449";"A01";"3";"7";"1";"0";"3";"2";"1";
"202000002740";"154 737 446";"A01";"2";"7";"0";"2";"1";"1";"1";
"202000002740";"154 737 447";"B01";"1";"33";"0";"0";"4";"1";"1";
"202000002741";"154 737 443";"A01";"2";"10";"0";"2";"3";"17";"1";
"202000002741";"154 737 444";"B01";"1";"17";"0";"2";"3";"1";"1";
"202000002741";"154 737 445";"C01";"2";"15";"0";"2";"3";"1";"1";
"202000002742";"154 737 442";"A01";"2";"2";"6";"0";"1";"14";"1";
"202000002743";"154 737 440";"B01";"1";"7";"0";"2";"7";"5";"1";
"202000002743";"154 737 441";"A01";"2";"7";"0";"2";"3";"5";"1";
"202000002744";"154 737 438";"B01";"2";"17";"0";"2";"4";"1";"1";
"202000002744";"154 737 439";"A01";"2";"7";"0";"2";"1";"2";"1";
"202000002745";"154 737 436";"A01";"2";"33";"0";"2";"4";"1";"1";
"202000002745";"154 737 437";"B01";"2";"7";"0";"2";"0";"1";"1";
"202000002746";"154 737 433";"A01";"1";"7";"3";"0";"9";"0";"1";
"202000002746";"154 737 434";"B01";"1";"7";"0";"0";"9";"0";"1";
"202000002746";"154 737 435";"C01";"1";"7";"0";"2";"1";"0";"1";
"202000002747";"154 737 431";"A01";"3";"10";"0";"0";"3";"1";"1";
"202000002747";"154 737 432";"B01";"3";"2";"0";"0";"1";"26";"1";
"202000002748";"154 737 430";"A01";"1";"7";"2";"0";"6";"1";"1";
"202000002749";"154 737 429";"A01";"1";"7";"0";"0";"0";"14";"1";
"202000002750";"154 737 428";"A01";"1";"7";"0";"1";"3";"1";"1";
"202000002751";"154 737 427";"A01";"1";"7";"0";"1";"1";"16";"1";
"202000002752";"154 737 426";"A01";"1";"7";"6";"0";"1";"0";"1";
"202000002753";"154 737 420";"A01";"1";"7";"0";"9";"3";"9";"1";
"202000002753";"154 737 421";"B01";"1";"1";"0";"0";"0";"26";"5";
"202000002754";"154 737 419";"A01";"1";"7";"0";"0";"0";"1";"1";
"202000002755";"154 737 416";"A01";"1";"7";"0";"2";"1";"2";"1";
"202000002755";"154 737 417";"B01";"1";"7";"0";"2";"4";"2";"1";
"202000002755";"154 737 418";"C01";"1";"7";"0";"0";"4";"1";"1";
"202000002756";"154 737 415";"A01";"1";"7";"1";"0";"3";"17";"1";
"202000002757";"154 737 414";"A01";"3";"7";"13";"0";"3";"1";"1";
"202000002758";"154 737 412";"B01";"1";"7";"0";"2";"1";"1";"1";
"202000002758";"154 737 413";"A01";"2";"7";"0";"2";"2";"1";"1";
"202000002759";"154 737 410";"A01";"2";"7";"0";"2";"3";"1";"1";
"202000002759";"154 737 411";"B01";"2";"7";"0";"2";"2";"26";"1";
"202000002760";"154 737 409";"A01";"2";"7";"16";"0";"9";"1";"1";
"202000002761";"154 737 407";"B01";"1";"7";"0";"2";"3";"11";"1";
"202000002761";"154 737 408";"A01";"1";"33";"0";"2";"7";"3";"1";
"202000002762";"154 737 405";"B01";"2";"13";"0";"2";"1";"1";"1";
"202000002762";"154 737 406";"A01";"2";"7";"0";"2";"5";"12";"1";
"202000002763";"154 737 403";"A01";"2";"7";"0";"2";"1";"13";"1";
"202000002763";"154 737 404";"B01";"2";"7";"0";"0";"4";"1";"1";
"202000002764";"154 737 402";"A01";"2";"7";"4";"0";"3";"13";"1";
"202000002765";"154 737 399";"C01";"2";"7";"0";"9";"4";"1";"1";
"202000002765";"154 737 400";"B01";"1";"7";"0";"2";"3";"0";"1";
"202000002765";"154 737 401";"A01";"2";"7";"0";"2";"1";"19";"1";
"202000002766";"154 737 397";"B01";"2";"50";"0";"2";"1";"1";"3";
"202000002766";"154 737 398";"A01";"1";"7";"0";"2";"3";"1";"1";
"202000002767";"154 737 395";"B01";"1";"30";"0";"2";"1";"1";"1";
"202000002767";"154 737 396";"A01";"1";"3";"0";"2";"2";"15";"1";
"202000002768";"154 737 393";"A01";"1";"7";"0";"2";"3";"1";"1";
"202000002768";"154 737 394";"B01";"1";"2";"0";"2";"1";"2";"0";
"202000002769";"154 737 391";"B01";"1";"7";"15";"0";"3";"23";"1";
"202000002769";"154 737 392";"A01";"1";"1";"0";"2";"3";"19";"5";
"202000002770";"154 737 388";"A01";"2";"7";"0";"2";"8";"9";"1";
"202000002770";"154 737 389";"B01";"2";"7";"0";"2";"1";"1";"1";
"202000002770";"154 737 390";"C01";"2";"7";"0";"2";"1";"1";"1";
"202000002771";"154 737 387";"A01";"3";"7";"0";"1";"1";"26";"1";
"202000002772";"154 737 386";"A01";"1";"2";"0";"2";"4";"1";"0";
"202000002773";"154 737 384";"B01";"2";"32";"0";"2";"8";"3";"6";
"202000002773";"154 737 385";"A01";"2";"7";"0";"2";"7";"12";"6";
"202000002774";"154 737 383";"A01";"2";"7";"0";"1";"1";"26";"0";
"202000002775";"154 737 382";"A01";"2";"33";"11";"0";"1";"1";"1";
"202000002776";"154 737 381";"A01";"2";"7";"0";"1";"0";"26";"1";
"202000002777";"154 737 380";"A01";"3";"7";"0";"1";"3";"9";"1";
"202000002778";"154 737 379";"A01";"2";"7";"0";"1";"3";"15";"0";
"202000002779";"154 737 376";"B01";"2";"7";"0";"2";"5";"23";"1";
"202000002779";"154 737 377";"C01";"2";"7";"0";"2";"1";"2";"1";
"202000002779";"154 737 378";"A01";"2";"33";"0";"2";"5";"17";"1";
"202000002780";"154 737 375";"A01";"1";"7";"6";"0";"1";"15";"1";
"202000002781";"154 737 373";"A01";"2";"7";"0";"2";"1";"5";"0";
"202000002781";"154 737 374";"B01";"1";"7";"0";"0";"0";"0";"0";
"202000002782";"154 737 371";"A01";"1";"2";"0";"2";"3";"0";"1";
"202000002782";"154 737 372";"B01";"1";"7";"0";"2";"2";"20";"1";
"202000002783";"154 737 369";"A01";"1";"10";"0";"2";"1";"15";"1";
"202000002783";"154 737 370";"B01";"2";"50";"0";"2";"4";"16";"3";
"202000002784";"154 737 368";"A01";"1";"10";"10";"0";"1";"1";"1";
"202000002785";"154 737 367";"A01";"2";"30";"1";"0";"1";"1";"1";
"202000002786";"154 737 365";"A01";"1";"33";"0";"2";"3";"1";"1";
"202000002786";"154 737 366";"B01";"1";"7";"0";"2";"5";"1";"1";
"202000002787";"154 737 364";"A01";"1";"7";"6";"0";"1";"1";"1";
"202000002788";"154 737 362";"A01";"2";"30";"0";"2";"4";"2";"1";
"202000002788";"154 737 363";"B01";"2";"30";"0";"0";"4";"2";"1";
"202000002789";"154 737 360";"Z01";"1";"7";"0";"9";"3";"15";"1";
"202000002789";"154 737 361";"B01";"1";"1";"0";"2";"1";"1";"5";
"202000002790";"154 737 359";"A01";"1";"7";"0";"1";"3";"1";"1";
"202000002791";"154 737 358";"A01";"2";"7";"0";"1";"3";"16";"1";
"202000002792";"154 737 357";"A01";"3";"33";"0";"0";"0";"0";"1";
"202000002793";"154 737 355";"B01";"2";"1";"0";"2";"1";"1";" -1";
"202000002793";"154 737 356";"A01";"1";"7";"0";"2";"5";"15";"1";
"202000002794";"154 737 352";"A01";"1";"7";"2";"0";"1";"14";"1";
"202000002795";"154 737 350";"B01";"3";"2";"0";"2";"8";"1";"1";
"202000002795";"154 737 351";"A01";"3";"7";"0";"2";"1";"15";"1";
"202000002796";"154 737 349";"A01";"1";"7";"0";"1";"1";"1";"1";
"202000002797";"154 737 347";"A01";"2";"7";"0";"2";"3";"10";"0";
"202000002797";"154 737 348";"B01";"2";"33";"0";"2";"1";"17";"3";
"202000002798";"154 737 345";"A01";"2";"7";"1";"0";"8";"14";"1";
"202000002798";"154 737 346";"B01";"0";"7";"0";"2";"0";"0";"0";
"202000002799";"154 737 343";"A01";"0";"7";"0";"2";"2";"15";"1";
"202000002799";"154 737 344";"B01";"0";"7";"0";"2";"3";"0";"1";
"202000002800";"154 737 338";"E01";"0";"7";"0";"0";"0";"0";"0";
"202000002800";"154 737 339";"D01";"0";"7";"0";"0";"0";"0";"0";
"202000002800";"154 737 340";"C01";"0";"10";"0";"0";"0";"0";"0";
"202000002800";"154 737 341";"B01";"0";"7";"0";"0";"0";"0";"0";
"202000002800";"154 737 342";"A01";"3";"7";"15";"2";"1";"1";"1";
"202000002801";"154 737 337";"A01";"1";"7";"0";"1";"1";"1";"0";
"202000002802";"154 737 336";"A01";"2";"1";"0";"1";"1";"5";"5";
"202000002803";"154 737 335";"A01";"1";"7";"12";"0";"3";"14";"1";
"202000002804";"154 737 333";"A01";"1";"30";"0";"2";"8";"15";"1";
"202000002804";"154 737 334";"B01";"1";"32";"0";"2";"7";"17";"1";
"202000002805";"154 737 331";"B01";"2";"7";"0";"2";"3";"23";"1";
"202000002805";"154 737 332";"A01";"2";"33";"0";"1";"1";"17";"1";
"202000002806";"154 737 329";"B01";"3";"7";"0";"2";"4";"1";"1";
"202000002806";"154 737 330";"A01";"3";"34";"0";"2";"1";"2";"1";
"202000002807";"154 737 327";"A01";"1";"7";"0";"2";"1";"2";"1";
"202000002807";"154 737 328";"B01";"1";"32";"0";"2";"0";"23";"1";
"202000002808";"154 737 326";"A01";"1";"7";"0";"1";"1";"15";"1";
"202000002809";"154 737 323";"B01";"2";"7";"0";"2";"4";"23";"1";
"202000002809";"154 737 324";"C01";"2";"7";"0";"2";"4";"23";"1";
"202000002809";"154 737 325";"A01";"2";"7";"0";"2";"1";"2";"1";
"202000002810";"154 737 321";"A01";"2";"2";"0";"2";"1";"1";"1";
"202000002810";"154 737 322";"B01";"2";"1";"0";"2";"1";"1";"5";
"202000002811";"154 737 319";"B01";"3";"1";"0";"2";"4";"0";"5";
"202000002811";"154 737 320";"A01";"3";"7";"0";"2";"1";"26";"1";
"202000002812";"154 737 318";"A01";"2";"7";"0";"1";"1";"1";"1";
"202000002813";"154 737 316";"A01";"3";"7";"0";"2";"3";"11";"1";
"202000002813";"154 737 317";"B01";"3";"7";"0";"2";"2";"1";"1";
"202000002814";"154 737 314";"A01";"1";"34";"1";"0";"2";"13";"1";
"202000002814";"154 737 315";"B01";"1";"7";"0";"9";"6";"13";"1";
"202000002815";"154 737 312";"B01";"2";"7";"0";"2";"2";"1";"1";
"202000002815";"154 737 313";"A01";"1";"7";"9";"2";"1";"18";"1";
"202000002816";"154 737 310";"A01";"2";"7";"0";"2";"4";"1";"1";
"202000002816";"154 737 311";"B01";" -1";"0";"0";"2";"4";"2";"0";
"202000002817";"154 737 307";"A01";"1";"7";"0";"2";"6";"26";"1";
"202000002817";"154 737 308";"B01";"1";"7";"0";"2";"2";"9";"1";
"202000002817";"154 737 309";"C01";"1";"7";"0";"2";"1";"1";"1";
"202000002818";"154 737 305";"B01";" -1";"7";"0";"2";"1";"1";"1";
"202000002818";"154 737 306";"A01";"3";"7";"0";"2";"7";"19";"1";
"202000002819";"154 737 303";"A01";" -1";"36";"0";"2";"1";"5";"1";
"202000002819";"154 737 304";"B01";" -1";"36";"0";"2";"1";"23";"1";
"202000002820";"154 737 301";"A01";"3";"7";"0";"2";"3";"16";"1";
"202000002820";"154 737 302";"B01";"1";"33";"0";"2";"3";"1";"1";
"202000002821";"154 737 299";"A01";"0";"99";"0";"0";"1";"15";"1";
"202000002821";"154 737 300";"B01";"0";"33";"0";"0";"1";"1";"1";
"202000002822";"154 737 297";"A01";"2";"7";"0";"2";"5";"23";"3";
"202000002822";"154 737 298";"B01";"2";"1";"0";"2";"1";"3";"6";
"202000002823";"154 737 295";"B01";"2";"2";"0";"2";"1";"1";"1";
"202000002823";"154 737 296";"A01";"2";"7";"0";"2";"4";"15";"1";
"202000002824";"154 737 294";"A01";"1";"7";"1";"1";"3";"20";"1";
"202000002825";"154 737 292";"B01";"1";"30";"0";"2";"1";"1";"1";
"202000002825";"154 737 293";"A01";"1";"7";"0";"2";"6";"26";"1";
"202000002826";"154 737 290";"A01";"3";"7";"0";"2";"2";"1";"1";
"202000002826";"154 737 291";"B01";"3";"32";"0";"2";"1";"13";"1";
"202000002827";"154 737 289";"A01";"3";"2";"0";"0";"0";"16";"1";
"202000002828";"154 737 287";"B01";"1";"7";"0";"2";"3";"1";"1";
"202000002828";"154 737 288";"A01";"2";"10";"0";"2";"3";"13";"1";
"202000002829";"154 737 285";"B01";"3";"7";"0";"0";"1";"1";"6";
"202000002829";"154 737 286";"A01";"3";"7";"0";"0";"1";"13";"1";
"202000002830";"154 737 284";"A01";"1";"10";"15";"0";"1";"14";"1";
"202000002831";"154 737 282";"B01";"1";"7";"0";"2";"8";"15";"1";
"202000002831";"154 737 283";"A01";"2";"34";"0";"2";"1";"1";"1";
"202000002832";"154 737 280";"A01";"1";"7";"0";"2";"2";"19";"1";
"202000002832";"154 737 281";"B01";"1";"33";"0";"2";"7";"0";"1";
"202000002833";"154 737 279";"A01";"3";"36";"0";"0";"0";"26";"1";
"202000002834";"154 737 278";"A01";"0";"7";"6";"0";"1";"1";"1";
"202000002835";"154 737 276";"B01";"2";"2";"0";"2";"4";"1";"1";
"202000002835";"154 737 277";"A01";"2";"7";"0";"2";"1";"2";"1";
"202000002836";"154 737 275";"A01";"3";"1";"0";"0";"0";"1";"5";
"202000002837";"154 737 272";"A01";"2";"10";"0";"2";"1";"1";"1";
"202000002837";"154 737 273";"B01";"2";"7";"0";"2";"4";"2";"1";
"202000002837";"154 737 274";"C01";"1";"7";"0";"2";"3";"1";"1";
"202000002838";"154 737 270";"A01";"1";"7";"0";"2";"1";"23";"1";
"202000002838";"154 737 271";"B01";"2";"7";"13";"2";"8";"1";"1";
"202000002839";"154 737 268";"A01";"1";"7";"0";"2";"1";"1";"0";
"202000002839";"154 737 269";"B01";"1";"1";"0";"0";"8";"15";"0";
"202000002840";"154 737 266";"A01";"1";"7";"0";"2";"1";"1";"1";
"202000002840";"154 737 267";"B01";"1";"7";"0";"2";"4";"1";"1";
"202000002841";"154 737 265";"A01";"1";"7";"12";"0";"1";"13";"6";
"202000002842";"154 737 264";"A01";"1";"7";"16";"0";"9";"0";"1";
"202000002843";"154 737 263";"A01";"1";"1";"0";"0";"9";"16";"5";
"202000002844";"154 737 262";"A01";"2";"7";"0";"1";"1";"1";"1";
"202000002845";"154 737 261";"A01";"2";"33";"0";"0";"8";"0";"1";
"202000002846";"154 737 260";"A01";"1";"10";"0";"0";"2";"1";"1";
"202000002847";"154 737 256";"A01";"2";"7";"0";"2";"6";"1";"1";
"202000002847";"154 737 257";"B01";"2";"33";"0";"2";"4";"17";"1";
"202000002847";"154 737 258";"C01";"2";"33";"0";"2";"1";"17";"1";
"202000002847";"154 737 259";"D01";"1";"7";"0";"2";"1";"1";"1";
"202000002848";"154 737 255";"A01";"0";"33";"6";"0";"7";"1";"1";
"202000002849";"154 737 254";"A01";"1";"7";"8";"0";"1";"1";"1";
"202000002850";"154 737 252";"B01";"2";"7";"0";"2";"7";"2";"1";
"202000002850";"154 737 253";"A01";"1";"7";"0";"2";"1";"2";"1";
"202000002851";"154 737 250";"A01";"3";"2";"0";"2";"1";"1";"6";
"202000002851";"154 737 251";"B01";"3";"7";"0";"0";"8";"1";"6";
"202000002852";"154 737 248";"B01";"1";"7";"0";"2";"3";"1";"1";
"202000002852";"154 737 249";"A01";"2";"7";"0";"2";"8";"1";"1";
"202000002853";"154 737 247";"A01";"3";"7";"0";"1";"4";"20";"1";
"202000002854";"154 737 246";"A01";"1";"10";"13";"0";"1";"14";"1";
"202000002855";"154 737 245";"A01";"1";"7";"6";"0";"0";"0";"1";
"202000002856";"154 737 244";"A01";"2";"33";"3";"0";"0";"1";"1";
"202000002857";"154 737 243";"A01";"2";"33";"0";"0";"0";"1";"1";
"202000002858";"154 737 242";"A01";"1";"33";"13";"0";"1";"1";"1";
"202000002859";"154 737 240";"B01";"0";"7";"0";"2";"8";"13";"1";
"202000002859";"154 737 241";"A01";"1";"7";"0";"2";"7";"2";"1";
"202000002860";"154 737 238";"A01";"1";"33";"0";"2";"1";"1";"1";
"202000002860";"154 737 239";"B01";"1";"7";"0";"2";"4";"2";"1";
"202000002861";"154 737 236";"B01";"2";"7";"0";"2";"3";"1";"1";
"202000002861";"154 737 237";"A01";"2";"7";"0";"2";"2";"4";"1";
"202000002862";"154 737 235";"A01";"1";"7";"4";"0";"3";"11";"0";
"202000002863";"154 737 233";"A01";"2";"7";"0";"1";"0";"15";"1";
"202000002864";"154 737 231";"B01";"3";"1";"0";"2";"1";"1";"5";
"202000002864";"154 737 232";"A01";"3";"7";"0";"2";"2";"16";"1";
"202000002865";"154 737 229";"A01";"2";"7";"0";"2";"3";"26";"1";
"202000002865";"154 737 230";"B01";"2";"2";"0";"2";"1";"1";"1";
"202000002866";"154 737 228";"A01";"2";"7";"0";"1";"2";"2";"1";
"202000002867";"154 737 226";"B01";"1";"7";"0";"2";"3";"1";"0";
"202000002867";"154 737 227";"A01";"1";"33";"0";"2";"5";"23";"1";
"202000002868";"154 737 225";"A01";"3";"7";"0";"1";"0";"26";"1";
"202000002869";"154 737 224";"A01";"1";"30";"0";"1";"7";"26";"1";
"202000002870";"154 737 222";"A01";"3";"2";"0";"2";"1";"1";"0";
"202000002870";"154 737 223";"B01";"3";"7";"0";"2";"3";"23";"0";
"202000002871";"154 737 221";"A01";"1";"7";"0";"1";"1";"2";"1";
"202000002872";"154 737 219";"A01";"1";"99";"0";"2";"1";"1";"0";
"202000002872";"154 737 220";"B01";"1";"99";"0";"0";"4";"1";"0";
"202000002873";"154 737 218";"A01";"1";"7";"0";"1";"1";"1";"1";
"202000002874";"154 737 217";"Z01";"1";"34";"0";"1";"0";"13";"0";
"202000002875";"154 737 216";"A01";"1";"1";"0";"0";"0";"1";"5";
"202000002876";"154 737 214";"B01";"1";"7";"0";"2";"2";"1";"1";
"202000002876";"154 737 215";"A01";"2";"50";"0";"2";"1";"1";"3";
"202000002877";"154 737 213";"A01";"1";"30";"1";"0";"2";"14";"1";
"202000002878";"154 737 210";"A01";"2";"7";"0";"2";"1";"15";"2";
"202000002878";"154 737 211";"B01";"2";"1";"0";"2";"1";"1";"0";
"202000002879";"154 737 209";"Z01";"1";"7";"0";"1";"4";"4";"1";
"202000002880";"154 737 207";"B01";"1";"43";"0";"2";"1";"1";"1";
"202000002880";"154 737 208";"A01";"2";"1";"0";"2";"7";"1";"5";
"202000002881";"154 737 205";"A01";"1";"32";"0";"2";"4";"23";"1";
"202000002881";"154 737 206";"B01";"1";"7";"0";"2";"1";"1";"0";
"202000002882";"154 737 203";"B01";"1";"33";"0";"2";"7";"17";"1";
"202000002882";"154 737 204";"A01";"1";"7";"0";"2";"8";"15";"1";
"202000002883";"154 737 201";"B01";"0";"31";"0";"2";"1";"17";"0";
"202000002883";"154 737 202";"A01";"1";"7";"0";"2";"8";"22";"0";
"202000002884";"154 737 199";"B01";"2";"7";"0";"2";"1";"2";"1";
"202000002884";"154 737 200";"A01";"2";"7";"14";"0";"4";"2";"1";
"202000002885";"154 737 197";"B01";"1";"32";"0";"2";"1";"1";"1";
"202000002885";"154 737 198";"A01";"1";"7";"0";"2";"2";"15";"1";
"202000002886";"154 737 195";"B01";"1";"1";"0";"2";"8";"2";"5";
"202000002886";"154 737 196";"A01";"1";"7";"0";"2";"2";"17";"1";
"202000002887";"154 737 192";"A01";"2";"7";"0";"2";"8";"15";"1";
"202000002887";"154 737 193";"T01";"2";"7";"0";"0";"0";"26";"1";
"202000002887";"154 737 194";"B01";"2";"34";"0";"2";"1";"2";"1";
"202000002888";"154 737 190";"A01";"1";"7";"0";"2";"6";"15";"1";
"202000002888";"154 737 191";"B01";"1";"7";"0";"0";"0";"0";"1";
"202000002889";"154 737 188";"B01";"1";"7";"0";"2";"4";"2";"0";
"202000002889";"154 737 189";"A01";"1";"30";"0";"2";"1";"1";"0";
"202000002890";"154 737 186";"B01";"1";"33";"0";"2";"1";"1";"1";
"202000002890";"154 737 187";"A01";"1";"7";"0";"2";"1";"21";"1";
"202000002891";"154 737 184";"B01";"1";"7";"0";"2";"1";"2";"1";
"202000002891";"154 737 185";"A01";"2";"7";"0";"2";"4";"2";"1";
"202000002892";"154 737 183";"A01";"1";"30";"0";"1";"1";"19";"1";
"202000002893";"154 737 180";"B01";"0";"7";"0";"2";"1";"1";"0";
"202000002893";"154 737 181";"C01";"0";"7";"0";"2";"1";"23";"0";
"202000002893";"154 737 182";"A01";"0";"7";"1";"2";"1";"13";"0";
"202000002894";"154 737 179";"A01";"2";"7";"0";"1";"2";"1";"1";
"202000002895";"154 737 177";"B01";" -1";"7";"0";"2";"3";"15";"1";
"202000002895";"154 737 178";"A01";" -1";"33";"0";"2";"1";"1";"1";
"202000002896";"154 737 175";"A01";" -1";"99";"0";"2";"0";" -1";" -1";
"202000002896";"154 737 176";"Z01";" -1";"20";"0";"2";"0";" -1";" -1";
"202000002897";"154 737 173";"B01";"1";"99";"0";"2";"1";"10";"1";
"202000002897";"154 737 174";"A01";"2";"31";"0";"2";"7";"0";"0";
"202000002898";"154 737 172";"A01";"3";"7";"12";"1";"1";"0";"1";
"202000002899";"154 737 170";"A01";"2";"7";"0";"2";"1";"15";"1";
"202000002899";"154 737 171";"B01";"2";"33";"0";"2";"3";"1";"1";
"202000002900";"154 737 169";"A01";"1";"7";"0";"1";"1";"16";"2";
"202000002901";"154 737 168";"A01";"1";"7";"0";"1";"1";"2";"1";
"202000002902";"154 737 166";"A01";"2";"7";"0";"2";"3";"1";"0";
"202000002902";"154 737 167";"C01";"1";"7";"0";"2";"8";"15";"0";
"202000002903";"154 737 164";"A01";"1";"7";"0";"0";"7";"15";"1";
"202000002903";"154 737 165";"B01";"2";"33";"0";"2";"1";"1";"1";
"202000002904";"154 737 162";"A01";"2";"7";"0";"0";"7";"16";"0";
"202000002904";"154 737 163";"B01";"2";"1";"0";"0";"1";"1";"5";
"202000002905";"154 737 160";"B01";"2";"1";"0";"0";"8";"15";"5";
"202000002905";"154 737 161";"A01";"2";"7";"0";"2";"2";"1";"1";
"202000002906";"154 737 159";"A01";"2";"14";"4";"0";"1";"1";"1";
"202000002907";"154 737 157";"A01";"2";"7";"0";"2";"7";"13";"1";
"202000002907";"154 737 158";"B01";"1";"7";"0";"2";"1";"1";"1";
"202000002908";"154 737 156";"A01";"1";"1";"0";"0";"0";"0";"5";
"202000002909";"154 737 154";"B01";"2";"15";"0";"0";"6";"1";"1";
"202000002909";"154 737 155";"A01";"2";"10";"0";"2";"2";"2";"1";
"202000002910";"154 737 151";"A01";"1";"7";"15";"0";"1";"1";"1";
"202000002911";"154 737 150";"A01";"3";"33";"6";"0";"2";"1";"1";
"202000002912";"154 737 148";"A01";"2";"33";"0";"2";"1";"1";"1";
"202000002912";"154 737 149";"B01";"2";"21";"0";"0";"4";"23";"1";
"202000002913";"154 737 147";"A01";"1";"31";"2";"0";"1";"1";"1";
"202000002914";"154 737 145";"A01";"1";"7";"8";"0";"2";"1";"1";
"202000002915";"154 737 143";"B01";"2";"7";"0";"2";"1";"1";"1";
"202000002915";"154 737 144";"A01";"2";"1";"0";"2";"4";"1";"0";
"202000002916";"154 737 142";"A01";"3";"36";"0";"0";"9";"1";"1";
"202000002917";"154 737 139";"A01";"1";"7";"2";"0";" -1";"1";"1";
"202000002918";"154 737 138";"A01";"3";"7";"0";"1";"1";"1";"0";
"202000002919";"154 737 136";"A01";"1";"7";"0";"2";"1";"15";"1";
"202000002919";"154 737 137";"B01";"2";"1";"0";"2";"1";"1";"5";
"202000002920";"154 737 135";"A01";"2";"33";"0";"0";"7";"0";"1";
"202000002921";"154 737 134";"A01";"2";"33";"0";"0";"1";"1";"1";
"202000002922";"154 737 133";"A01";"1";"31";"8";"0";"1";"1";"1";
"202000002923";"154 737 131";"A01";"1";"15";"0";"2";"2";"19";"1";
"202000002923";"154 737 132";"B01";"1";"7";"0";"2";"7";"1";"1";
"202000002924";"154 737 130";"A01";"2";"2";"0";"5";"1";"1";"0";
"202000002925";"154 737 128";"B01";"3";"7";"0";"2";"3";"1";"0";
"202000002925";"154 737 129";"A01";"3";"2";"0";"2";"3";"1";"1";
"202000002926";"154 737 126";"B01";"1";"10";"0";"2";"2";"2";"1";
"202000002926";"154 737 127";"A01";"1";"1";"0";"2";"4";"1";"5";
"202000002927";"154 737 124";"A01";"1";"7";"0";"2";"1";"1";"1";
"202000002927";"154 737 125";"B01";"1";"7";"0";"2";"2";"9";"1";
"202000002928";"154 737 123";"A01";"2";"7";"13";"0";"8";"1";"1";
"202000002929";"154 737 122";"A01";"2";"1";"0";"0";"9";"1";"5";
"202000002930";"154 737 121";"A01";"2";"33";"0";"0";"8";"1";"1";
"202000002931";"154 737 119";"A01";"2";"43";"0";"2";"3";"5";"1";
"202000002931";"154 737 120";"B01";"1";"7";"0";"2";"3";"1";"1";
"202000002932";"154 737 118";"A01";"2";"1";"16";"0";"9";"1";"5";