"Num_Acc";"id_vehicule";"num_veh";"senc";"catv";"obs";"obsm";"choc";"manv";"motor";"occutc"
"202000002933";"154 737 116";"A01";"1";"7";"0";"2";"4";"9";"1";
"202000002933";"154 737 117";"B01";"1";"10";"0";"2";"1";"2";"1";
"202000002934";"154 737 114";"B01";"2";"21";"0";"0";"4";"2";"1";
"202000002934";"154 737 115";"A01";"2";"1";"0";"2";"1";"1";"5";
"202000002935";"154 737 113";"A01";"1";"33";"5";"0";"0";"0";"1";
"202000002936";"154 737 111";"A01";"1";"7";"0";"2";"3";"1";"0";
"202000002936";"154 737 112";"B01";"2";"1";"0";"2";"0";"1";"6";
"202000002937";"154 737 110";"A01";"2";"33";"13";"0";"2";"1";"1";
"202000002938";"154 737 109";"A01";"0";"33";"0";"0";"7";"16";"1";
"202000002939";"154 737 107";"A01";"0";"33";"0";"2";"2";"17";"1";
"202000002939";"154 737 108";"B01";"0";"21";"0";"0";"0";"15";"1";
"202000002940";"154 737 105";"A01";"0";"7";"0";"2";"3";"1";"0";
"202000002940";"154 737 106";"B01";"0";"2";"0";"2";"1";"0";"0";
"202000002941";"154 737 104";"A01";"2";"33";"3";"0";"7";"1";"1";
"202000002942";"154 737 102";"A01";"2";"34";"0";"9";"2";"17";"1";
"202000002943";"154 737 100";"A01";"1";"7";"0";"2";"6";"15";"1";
"202000002943";"154 737 101";"B01";"1";"34";"0";"2";"1";"17";"1";
"202000002944";"154 737 097";"A01";"0";"7";"0";"2";"8";"19";"1";
"202000002944";"154 737 098";"B01";"2";"7";"0";"2";"1";"1";"1";
"202000002945";"154 737 095";"B01";"2";"10";"0";"2";"3";"1";"1";
"202000002945";"154 737 096";"A01";"1";"7";"0";"2";"3";"13";"1";
"202000002946";"154 737 093";"B01";"2";"80";"0";"2";"8";"2";"3";
"202000002946";"154 737 094";"A01";"2";"7";"0";"2";"2";"17";"0";
"202000002947";"154 737 092";"A01";"1";"2";"12";"0";"0";"2";"0";
"202000002948";"154 737 090";"A01";"2";"7";"0";"2";"1";"1";"1";
"202000002948";"154 737 091";"B01";"1";"7";"0";"2";"1";"1";"1";
"202000002949";"154 737 089";"A01";"1";"7";"17";"0";"1";"0";"1";
"202000002950";"154 737 087";"A01";"1";"7";"0";"2";"3";"1";"1";
"202000002950";"154 737 088";"B01";"2";"10";"0";"2";"3";"13";"1";
"202000002951";"154 737 085";"B01";"1";"7";"0";"2";"4";"2";"1";
"202000002951";"154 737 086";"A01";"1";"7";"0";"2";"1";"2";"1";
"202000002952";"154 737 083";"B01";"2";"17";"0";"2";"1";"2";"1";
"202000002952";"154 737 084";"A01";"2";"17";"0";"2";"4";"2";"1";
"202000002953";"154 737 082";"A01";"1";"7";"3";"0";"3";"2";"1";
"202000002954";"154 737 080";"B01";"2";"32";"0";"2";"6";"1";"1";
"202000002954";"154 737 081";"A01";"2";"10";"0";"2";"5";"12";"1";
"202000002955";"154 737 079";"A01";"1";"10";"4";"0";"3";"13";"1";
"202000002956";"154 737 077";"A01";"2";"7";"0";"2";"3";"18";"1";
"202000002956";"154 737 078";"B01";"2";"7";"0";"2";"5";"1";"1";
"202000002957";"154 737 075";"B01";"2";"10";"0";"2";"4";"2";"1";
"202000002957";"154 737 076";"A01";"1";"7";"0";"2";"1";"3";"1";
"202000002958";"154 737 073";"B01";"2";"7";"0";"2";"4";"2";"1";
"202000002958";"154 737 074";"A01";"2";"14";"0";"2";"1";"2";"1";
"202000002959";"154 737 071";"Z01";"1";"7";"0";"2";"7";"15";"1";
"202000002959";"154 737 072";"B01";"2";"32";"0";"2";"1";"1";"1";
"202000002960";"154 737 069";"B01";"2";"7";"0";"2";"8";"0";"0";
"202000002960";"154 737 070";"A01";"1";"7";"0";"2";"1";"5";"0";
"202000002961";"154 737 067";"B01";"3";"7";"0";"2";"1";"1";"1";
"202000002961";"154 737 068";"A01";"1";"30";"0";"2";"8";"26";"1";
"202000002962";"154 737 065";"A01";"1";"7";"0";"9";"7";"15";"0";
"202000002962";"154 737 066";"B01";"2";"1";"0";"2";"0";"0";"0";
"202000002963";"154 737 064";"A01";"1";"7";"6";"0";"3";"0";"1";
"202000002964";"154 737 062";"B01";"1";"7";"0";"2";"7";"10";"1";
"202000002964";"154 737 063";"A01";"1";"32";"0";"2";"1";"1";"1";
"202000002965";"154 737 060";"A01";"3";"31";"0";"2";"1";"26";"1";
"202000002965";"154 737 061";"B01";"3";"7";"0";"2";"3";"26";"1";
"202000002966";"154 737 059";"A01";"3";"7";"0";"1";"1";"15";"1";
"202000002967";"154 737 057";"B01";"1";"7";"0";"2";"4";"2";"1";
"202000002967";"154 737 058";"A01";"1";"7";"0";"2";"1";"2";"1";
"202000002968";"154 737 056";"A01";"1";"7";"2";"0";"9";"1";"1";
"202000002969";"154 737 054";"A01";"3";"7";"0";"2";"1";"24";"1";
"202000002969";"154 737 055";"B01";"3";"1";"1";"0";"0";"0";"0";
"202000002970";"154 737 052";"B01";"0";"7";"0";"2";"1";"1";"1";
"202000002970";"154 737 053";"A01";"0";"7";"0";"2";"3";"15";"1";
"202000002971";"154 737 051";"A01";"3";"7";"0";"1";"3";"18";"1";
"202000002972";"154 737 047";"B01";"1";"1";"0";"2";"4";"1";"5";
"202000002972";"154 737 048";"A01";"1";"7";"0";"2";"2";"2";"1";
"202000002973";"154 737 044";"B01";"0";"7";"0";"2";"1";"1";"1";
"202000002973";"154 737 045";"SA01";"0";"80";"0";"2";"8";"19";"3";
"202000002974";"154 737 042";"B01";"1";"7";"0";"2";"8";"1";"1";
"202000002974";"154 737 043";"A01";"1";"7";"9";"2";"1";"1";"1";
"202000002975";"154 737 040";"B01";"2";"7";"0";"2";"3";"1";"0";
"202000002975";"154 737 041";"A01";"1";"7";"0";"2";"3";"13";"0";
"202000002976";"154 737 038";"A01";"1";"7";"0";"2";"2";"16";"1";
"202000002976";"154 737 039";"B01";"2";"1";"0";"2";"1";"19";"5";
"202000002977";"154 737 036";"B01";"1";"33";"0";"2";"1";"1";"1";
"202000002977";"154 737 037";"A01";"1";"10";"0";"2";"2";"19";"1";
"202000002978";"154 737 034";"A01";"3";"7";"0";"2";"1";"9";"1";
"202000002978";"154 737 035";"B01";"3";"1";"0";"2";"7";"15";"5";
"202000002979";"154 737 033";"A01";"2";"7";"0";"1";"2";"1";"1";
"202000002980";"154 737 032";"A01";"2";"99";"0";"1";"0";"17";"0";
"202000002981";"154 737 031";"A01";"3";"7";"0";"1";"2";"26";"0";
"202000002982";"154 737 029";"A01";"2";"7";"0";"2";"3";"9";"1";
"202000002982";"154 737 030";"B01";"2";"1";"0";"2";"4";"0";"5";
"202000002983";"154 737 027";"A01";"1";"7";"0";"2";"8";"22";"1";
"202000002983";"154 737 028";"B01";"1";"1";"1";"0";"1";"1";"5";
"202000002984";"154 737 025";"A01";"1";"7";"0";"2";"3";"16";"1";
"202000002984";"154 737 026";"B01";"1";"7";"0";"2";"3";"23";"1";
"202000002985";"154 737 023";"A01";"3";"7";"0";"2";"1";"2";"0";
"202000002985";"154 737 024";"B01";"3";"7";"0";"2";"4";"2";"0";
"202000002986";"154 737 021";"A01";"2";"30";"0";"0";"0";"21";"1";
"202000002986";"154 737 022";"Z01";"1";"7";"0";"0";"0";"1";"1";
"202000002987";"154 737 020";"A01";"2";"1";"12";"0";"1";"26";"5";
"202000002988";"154 737 018";"B01";"0";"7";"1";"2";"4";"24";"1";
"202000002988";"154 737 019";"A01";"0";"7";"0";"0";"0";"0";"0";
"202000002989";"154 737 017";"A01";"3";"30";"0";"0";"8";"1";"1";
"202000002990";"154 737 015";"A01";"2";"7";"0";"2";"1";"2";"1";
"202000002990";"154 737 016";"B01";"2";"31";"0";"2";"4";"1";"1";
"202000002991";"154 737 013";"B01";"2";"2";"0";"2";"4";"23";"3";
"202000002991";"154 737 014";"A01";"2";"7";"0";"2";"1";"1";"1";
"202000002992";"154 737 011";"B01";"2";"1";"0";"2";"1";"1";"5";
"202000002992";"154 737 012";"A01";"1";"7";"0";"9";"7";"15";"1";
"202000002993";"154 737 008";"B01";"2";"7";"0";"2";"4";"2";"1";
"202000002993";"154 737 009";"A01";"3";"7";"0";"2";"1";"2";"1";
"202000002993";"154 737 010";"C01";"3";"7";"0";"0";"4";"2";"1";
"202000002994";"154 737 006";"B01";"1";"7";"0";"2";"3";"1";"1";
"202000002994";"154 737 007";"A01";"2";"1";"0";"2";"0";"5";"5";
"202000002995";"154 737 003";"A01";"2";"7";"0";"2";"1";"1";"1";
"202000002995";"154 737 004";"B01";"2";"10";"0";"2";"4";"1";"1";
"202000002995";"154 737 005";"C01";"2";"7";"0";"2";"4";"16";"1";
"202000002996";"154 737 002";"A01";"3";"7";"2";"0";"1";"13";"1";
"202000002997";"154 737 001";"A01";"1";"33";"6";"0";"1";"26";"1";
"202000002998";"154 736 999";"A01";"1";"10";"0";"2";"2";"1";"1";
"202000002998";"154 737 000";"B01";"2";"30";"0";"2";"5";"1";"1";
"202000002999";"154 736 998";"A01";"1";"7";"0";"1";"1";"2";"1";
"202000003000";"154 736 995";"A01";"1";"10";"0";"2";"1";"2";"1";
"202000003000";"154 736 997";"B01";"1";"7";"0";"2";"4";"2";"1";
"202000003001";"154 736 994";"B01";"2";"7";"0";"2";"1";"2";"1";
"202000003001";"154 736 996";"A01";"2";"36";"0";"2";"5";"21";"1";
"202000003002";"154 736 991";"A01";"1";"10";"0";"2";"8";"1";"1";
"202000003002";"154 736 993";"B01";"1";"7";"0";"2";"1";"1";"1";
"202000003003";"154 736 990";"A01";"1";"7";"0";"2";"1";"1";"1";
"202000003003";"154 736 992";"B01";"1";"7";"0";"2";"4";"1";"1";
"202000003004";"154 736 987";"A01";"2";"7";"0";"2";"4";"1";"1";
"202000003004";"154 736 988";"C01";"2";"10";"0";"2";"1";"1";"1";
"202000003004";"154 736 989";"B01";"2";"7";"0";"2";"0";"1";"1";
"202000003005";"154 736 984";"C01";"3";"7";"0";"2";"8";"23";"0";
"202000003005";"154 736 985";"B01";"3";"7";"0";"2";"1";"15";"0";
"202000003005";"154 736 986";"A01";"3";"33";"0";"2";"1";"1";"0";
"202000003006";"154 736 980";"A01";"2";"7";"0";"2";"1";"15";"0";
"202000003006";"154 736 981";"B01";"2";"33";"0";"2";"1";"1";"0";
"202000003007";"154 736 982";"B01";"2";"2";"0";"2";"1";"1";"1";
"202000003007";"154 736 983";"A01";"1";"7";"0";"2";"3";"1";"1";
"202000003008";"154 736 979";"A01";"1";"34";"0";"0";"0";"0";"0";
"202000003009";"154 736 977";"A01";"1";"7";"0";"2";"1";"15";"1";
"202000003009";"154 736 978";"B01";"2";"10";"0";"2";"1";"1";"1";
"202000003010";"154 736 975";"A01";"2";"7";"0";"2";"7";"14";"0";
"202000003010";"154 736 976";"B01";"2";"33";"0";"2";"8";"1";"0";
"202000003011";"154 736 974";"A01";"3";"7";"0";"1";"3";"1";"0";
"202000003012";"154 736 972";"A01";"1";"50";"0";"2";"0";"1";"3";
"202000003012";"154 736 973";"B01";"1";"7";"0";"9";"2";"12";"1";
"202000003013";"154 736 971";"A01";"2";"7";"1";"0";"1";"1";"1";
"202000003014";"154 736 969";"A01";"2";"2";"0";"1";"1";"26";"1";
"202000003015";"154 736 970";"A01";"3";"7";"6";"0";"3";"13";"1";
"202000003016";"154 736 968";"A01";"1";"2";"6";"0";"1";"13";"1";
"202000003017";"154 736 965";"B01";"1";"31";"0";"2";"8";"16";"1";
"202000003017";"154 736 967";"A01";"1";"99";"0";"2";"2";"26";"1";
"202000003018";"154 736 964";"A01";"1";"2";"0";"2";"1";"1";"1";
"202000003018";"154 736 966";"B01";"1";"7";"0";"2";"6";"1";"1";
"202000003019";"154 736 960";"B01";"2";"7";"0";"2";"3";"1";"1";
"202000003019";"154 736 962";"A01";"2";"7";"0";"2";"1";"17";"1";
"202000003020";"154 736 961";"B01";"1";"33";"0";"2";"0";"1";"1";
"202000003020";"154 736 963";"A01";"1";"7";"0";"2";"0";"15";"1";
"202000003021";"154 736 957";"A01";"2";"7";"0";"2";"1";"10";"1";
"202000003021";"154 736 958";"B01";"2";"33";"0";"2";"1";"1";"1";
"202000003022";"154 736 956";"B01";"2";"7";"0";"2";"7";"1";"1";
"202000003022";"154 736 959";"A01";"1";"7";"0";"2";"3";"19";"1";
"202000003023";"154 736 955";"A01";"1";"7";"0";"1";"1";"1";"1";
"202000003024";"154 736 954";"A01";"2";"7";"0";"0";"9";"1";"1";
"202000003025";"154 736 953";"A01";"1";"33";"1";"0";"5";"1";"1";
"202000003026";"154 736 950";"B01";"1";"14";"0";"2";"1";"1";"1";
"202000003026";"154 736 952";"A01";"1";"7";"0";"2";"8";"10";"1";
"202000003027";"154 736 949";"A01";"3";"7";"1";"0";"2";"19";"1";
"202000003027";"154 736 951";"B01";"0";"2";"0";"2";"1";"1";"1";
"202000003028";"154 736 948";"A01";"3";"7";"0";"1";"4";"26";"1";
"202000003029";"154 736 947";"A01";"3";"7";"0";"0";"0";"1";"1";
"202000003030";"154 736 943";"A01";"1";"7";"0";"9";"2";"17";"0";
"202000003030";"154 736 945";"B01";"1";"1";"0";"2";"0";"0";"5";
"202000003031";"154 736 942";"B01";"0";"7";"0";"2";"9";"23";"1";
"202000003031";"154 736 944";"C01";"3";"7";"0";"2";"4";"1";"1";
"202000003031";"154 736 946";"A01";"3";"7";"0";"2";"1";"2";"1";
"202000003032";"154 736 941";"A01";"3";"1";"12";"0";"1";"1";"5";
"202000003033";"154 736 940";"A01";"1";"7";"2";"0";"1";"0";"1";
"202000003034";"154 736 936";"C01";"2";"7";"0";"2";"1";"1";"1";
"202000003034";"154 736 938";"A01";"1";"7";"0";"2";"1";"1";"1";
"202000003034";"154 736 939";"B01";"2";"7";"0";"2";"1";"15";"1";
"202000003035";"154 736 935";"B01";"1";"2";"0";"2";"1";"0";"1";
"202000003035";"154 736 937";"A01";"1";"7";"0";"2";"1";"0";"1";
"202000003036";"154 736 934";"A01";"1";"7";"0";"1";"2";"2";"1";
"202000003037";"154 736 932";"B01";"1";"14";"0";"2";"3";"0";"1";
"202000003037";"154 736 933";"A01";"1";"1";"0";"2";"0";"0";"5";
"202000003038";"154 736 931";"A01";"1";"1";"1";"0";"0";"14";"5";
"202000003039";"154 736 929";"A01";"2";"7";"0";"2";"1";"15";"1";
"202000003039";"154 736 930";"B01";"1";"7";"0";"2";"1";"1";"1";
"202000003040";"154 736 928";"A01";"1";"37";"0";"1";"2";"7";"2";"1"
"202000003041";"154 736 926";"B01";"2";"1";"0";"2";"1";"1";"5";
"202000003041";"154 736 927";"A01";"1";"7";"0";"2";"3";"15";"1";
"202000003042";"154 736 924";"A01";"3";"10";"0";"2";"2";"1";"1";
"202000003042";"154 736 925";"B01";"1";"3";"0";"2";"1";"1";"1";
"202000003043";"154 736 923";"A01";"3";"7";"0";"1";"2";"1";"1";
"202000003044";"154 736 922";"A01";"3";"7";"0";"1";"2";"16";"1";
"202000003045";"154 736 920";"A01";"2";"30";"0";"2";"1";"17";"1";
"202000003045";"154 736 921";"B01";"1";"7";"0";"2";"1";"1";"1";
"202000003046";"154 736 918";"A01";"2";"43";"0";"2";"1";"1";"1";
"202000003046";"154 736 919";"B01";"2";"7";"0";"2";"2";"10";"1";
"202000003047";"154 736 916";"B01";"3";"7";"0";"2";"3";"15";"1";
"202000003047";"154 736 917";"A01";"3";"1";"0";"2";"7";"1";"5";
"202000003048";"154 736 915";"X01";"2";"7";"0";"1";"1";"5";"0";
"202000003049";"154 736 914";"A01";"2";"7";"0";"1";"1";"15";"1";
"202000003050";"154 736 912";"A01";"2";"2";"0";"2";"2";"18";"1";
"202000003050";"154 736 913";"B01";"2";"10";"0";"2";"8";"16";"1";
"202000003051";"154 736 910";"A01";"1";"10";"0";"1";"2";"1";"1";
"202000003052";"154 736 909";"A01";"2";"1";"0";"2";"3";"15";"0";
"202000003052";"154 736 911";"B01";"1";"7";"0";"2";"2";"0";"1";
"202000003053";"154 736 908";"A01";"1";"30";"14";"0";"1";"13";"1";
"202000003054";"154 736 904";"C01";"3";"7";"0";"2";"1";"1";"1";
"202000003054";"154 736 906";"A01";"3";"7";"0";"2";"4";"23";"1";
"202000003054";"154 736 907";"B01";"0";"7";"0";"2";"1";"2";"1";
"202000003055";"154 736 905";"A01";"2";"32";"0";"1";"3";"18";"1";
"202000003056";"154 736 902";"B01";"3";"0";"0";"2";"1";"26";"0";
"202000003056";"154 736 903";"A01";"3";"7";"0";"2";"0";"9";"1";
"202000003057";"154 736 899";"B01";"2";"10";"0";"2";"0";"1";"1";
"202000003057";"154 736 901";"A01";"2";"30";"14";"2";"1";"18";"1";
"202000003058";"154 736 898";"B01";"1";"7";"0";"2";"3";"1";"1";
"202000003058";"154 736 900";"A01";"1";"7";"0";"2";"2";"20";"1";
"202000003059";"154 736 896";"A01";"1";"0";"0";"2";"3";"9";"0";
"202000003059";"154 736 897";"B01";"2";"7";"0";"2";"1";"1";"6";
"202000003060";"154 736 895";"A01";"0";"7";"0";"1";"1";"1";"1";
"202000003061";"154 736 892";"B01";"2";"33";"0";"2";"1";"1";"1";
"202000003061";"154 736 894";"A01";"1";"37";"0";"2";"3";"15";"1";"1"
"202000003062";"154 736 889";"A01";"1";"7";"0";"2";"1";"1";"1";
"202000003062";"154 736 890";"B01";"1";"7";"0";"2";"3";"1";"1";
"202000003063";"154 736 891";"B01";"3";"7";"0";"2";"1";"1";"0";
"202000003063";"154 736 893";"A01";"3";"7";"0";"2";"3";"15";"0";
"202000003064";"154 736 886";"A01";"0";"7";"0";"2";"4";"15";"1";
"202000003064";"154 736 888";"B01";"0";"33";"0";"2";"1";"1";"1";
"202000003065";"154 736 885";"B01";"2";"10";"0";"2";"2";"16";"0";
"202000003065";"154 736 887";"A01";"2";"2";"0";"2";"3";"18";"1";
"202000003066";"154 736 883";"B01";"1";"7";"0";"2";"1";"1";"1";
"202000003066";"154 736 884";"A01";"1";"7";"0";"2";"2";"15";"1";
"202000003067";"154 736 881";"A01";"3";"10";"0";"2";"8";"15";"4";
"202000003067";"154 736 882";"B01";"3";"33";"0";"2";"1";"1";"1";
"202000003068";"154 736 879";"B01";"1";"7";"0";"2";"9";"1";"1";
"202000003068";"154 736 880";"A01";"1";"7";"0";"2";"9";"26";"1";
"202000003069";"154 736 877";"B01";"1";"1";"0";"2";"2";"19";"5";
"202000003069";"154 736 878";"A01";"1";"31";"0";"2";"2";"1";"0";
"202000003070";"154 736 875";"B01";"2";"7";"0";"2";"1";"1";"1";
"202000003070";"154 736 876";"A01";"2";"7";"0";"2";"8";"4";"1";
"202000003071";"154 736 874";"A01";"2";"30";"14";"0";"1";"15";"1";
"202000003072";"154 736 871";"A01";"1";"7";"0";"9";"3";"17";"1";
"202000003072";"154 736 872";"B01";"0";"1";"0";"0";"0";"0";"0";
"202000003073";"154 736 870";"B01";"2";"7";"0";"2";"5";"1";"1";
"202000003073";"154 736 873";"A01";"1";"7";"0";"2";"1";"9";"1";
"202000003074";"154 736 868";"B01";"3";"7";"10";"2";"8";"15";"1";
"202000003074";"154 736 869";"A01";"3";"7";"0";"2";"1";"15";"1";
"202000003075";"154 736 867";"A01";"3";"7";"1";"0";"3";"13";"1";
"202000003076";"154 736 864";"B01";" -1";"30";"0";"2";"1";"2";"1";
"202000003076";"154 736 865";"C01";" -1";"7";"0";"2";"2";"1";"0";
"202000003076";"154 736 866";"A01";" -1";"7";"0";"2";"6";"1";"1";
"202000003077";"154 736 863";"A01";"2";"7";"0";"1";"0";"16";"1";
"202000003078";"154 736 862";"A01";"2";"7";"0";"1";"3";"2";"1";
"202000003079";"154 736 860";"A01";"1";"7";"0";"2";"1";"26";"0";
"202000003079";"154 736 861";"B01";"1";"7";"0";"2";"7";"1";"0";
"202000003080";"154 736 858";"A01";"1";"99";"0";"2";"1";"15";"1";
"202000003080";"154 736 859";"B01";"1";"99";"0";"2";"2";"1";"0";
"202000003081";"154 736 856";"A01";"1";"7";"1";"0";"1";"1";"1";
"202000003081";"154 736 857";"B01";"2";"31";"0";"2";"4";"23";"1";
"202000003082";"154 736 853";"A01";"1";"10";"3";"0";"2";"14";"1";
"202000003083";"154 736 851";"B01";"1";"7";"0";"2";"6";"2";"0";
"202000003083";"154 736 852";"A01";"1";"7";"0";"2";"2";"2";"0";
"202000003084";"154 736 849";"B01";"3";"7";"2";"0";"5";"2";"0";
"202000003084";"154 736 850";"A01";"3";"7";"2";"2";"1";"2";"1";
"202000003085";"154 736 847";"A01";"1";"32";"0";"2";"1";"13";"1";
"202000003085";"154 736 848";"B01";"2";"7";"0";"2";"3";"1";"1";
"202000003086";"154 736 845";"A01";"1";"7";"0";"2";"4";"9";"1";
"202000003086";"154 736 846";"B01";"1";"32";"0";"2";"1";"1";"1";
"202000003087";"154 736 841";"B01";"1";"1";"0";"0";"0";"0";"5";
"202000003087";"154 736 842";"A01";"2";"7";"0";"9";"3";"15";"1";
"202000003088";"154 736 843";"B01";"1";"33";"0";"2";"1";"1";"1";
"202000003088";"154 736 844";"A01";"2";"7";"0";"2";"3";"10";"1";
"202000003089";"154 736 840";"A01";"1";"10";"0";"1";"2";"17";"1";
"202000003090";"154 736 838";"A01";"3";"7";"0";"2";"1";"9";"1";
"202000003090";"154 736 839";"B01";"1";"7";"0";"2";"2";"1";"1";
"202000003091";"154 736 837";"A01";"0";"7";"0";"1";"3";"26";"1";
"202000003092";"154 736 835";"A01";"2";"7";"0";"0";"3";"0";"0";
"202000003092";"154 736 836";"B01";"1";"7";"0";"0";"3";"0";"0";
"202000003093";"154 736 834";"A01";"0";"7";"0";"1";"0";"0";"0";
"202000003094";"154 736 832";"A01";"3";"7";"0";"2";"8";"19";"0";
"202000003094";"154 736 833";"B01";"1";"10";"0";"2";"1";"1";"0";
"202000003095";"154 736 830";"B01";"1";"7";"0";"2";"1";"2";"1";
"202000003095";"154 736 831";"A01";"2";"7";"0";"2";"2";"15";"1";
"202000003096";"154 736 829";"A01";"1";"33";"7";"0";"1";"1";"1";
"202000003097";"154 736 827";"B01";"1";"32";"0";"2";"1";"1";"1";
"202000003097";"154 736 828";"A01";"2";"7";"0";"2";"2";"15";"1";
"202000003098";"154 736 825";"A01";"2";"7";"0";"1";"1";"1";"1";
"202000003099";"154 736 822";"B01";"2";"10";"0";"2";"3";"1";"0";
"202000003099";"154 736 824";"A01";"1";"7";"0";"2";"1";"13";"0";
"202000003100";"154 736 821";"B01";"3";"7";"0";"2";"1";"1";"1";
"202000003100";"154 736 823";"A01";"3";"10";"0";"2";"1";"15";"1";
"202000003101";"154 736 820";"A01";"1";"7";"13";"0";"9";"1";"1";
"202000003102";"154 736 819";"A01";"1";"33";"14";"0";"8";"1";"1";
"202000003103";"154 736 817";"A01";"1";"7";"0";"2";"1";"15";"1";
"202000003103";"154 736 818";"B01";"2";"33";"0";"2";"3";"1";"1";
"202000003104";"154 736 815";"A01";"2";"7";"0";"1";"1";"1";"1";
"202000003105";"154 736 814";"B01";"2";"33";"0";"2";"1";"1";"1";
"202000003105";"154 736 816";"A01";"2";"7";"0";"2";"1";"9";"1";
"202000003106";"154 736 813";"A01";"2";"7";"4";"0";"3";"13";"1";
"202000003107";"154 736 812";"A01";"3";"7";"0";"1";"1";"13";"0";
"202000003108";"154 736 811";"A01";"1";"21";"0";"0";"0";"16";"1";
"202000003109";"154 736 810";"A01";"1";"7";"0";"1";"1";"1";"2";
"202000003110";"154 736 809";"A01";"3";"7";"13";"1";"4";"26";"1";
"202000003111";"154 736 808";"Z01";"2";"7";"0";"1";"2";"16";"2";
"202000003112";"154 736 806";"A01";"3";"7";"0";"2";"8";"15";"1";
"202000003112";"154 736 807";"B01";"2";"7";"0";"2";"1";"21";"1";
"202000003113";"154 736 803";"A01";"2";"7";"0";"9";"2";"21";"1";
"202000003113";"154 736 804";"B01";"2";"1";"0";"2";"6";"13";"5";
"202000003114";"154 736 802";"A01";"1";"1";"0";"2";"7";"1";"5";
"202000003114";"154 736 805";"B01";"1";"1";"0";"2";"1";"5";"5";
"202000003115";"154 736 800";"A01";"2";"7";"0";"2";"3";"16";"1";
"202000003115";"154 736 801";"B01";"1";"1";"0";"2";"5";"1";"5";
"202000003116";"154 736 798";"A01";"1";"7";"0";"2";"3";"1";"1";
"202000003116";"154 736 799";"B01";"1";"1";"0";"2";"8";"15";"5";
"202000003117";"154 736 797";"A01";"2";"33";"2";"0";"7";"1";"1";
"202000003118";"154 736 793";"B01";"0";"1";"0";"2";"2";"1";"5";
"202000003118";"154 736 796";"A01";"1";"7";"0";"2";"3";"1";"1";
"202000003119";"154 736 790";"B01";"2";"60";"0";"2";"8";"19";"5";
"202000003119";"154 736 792";"A01";"2";"7";"0";"2";"1";"1";"1";
"202000003120";"154 736 789";"A01";"2";"1";"0";"2";"3";"13";"5";
"202000003120";"154 736 791";"B01";"2";"7";"0";"2";"3";"1";"1";
"202000003121";"154 736 786";"B01";"1";"30";"0";"2";"0";"1";"3";
"202000003121";"154 736 788";"A01";"1";"7";"0";"2";"2";"1";"1";
"202000003122";"154 736 785";"B01";"2";"33";"0";"2";"4";"1";"1";
"202000003122";"154 736 787";"A01";"2";"7";"0";"2";"5";"10";"1";
"202000003123";"154 736 782";"A01";"2";"7";"0";"2";"2";"16";"1";
"202000003123";"154 736 783";"B01";"2";"1";"0";"2";"8";"18";"5";
"202000003124";"154 736 781";"B01";"2";"7";"0";"2";"2";"1";"0";
"202000003124";"154 736 784";"A01";"2";"2";"0";"2";"8";"16";"0";
"202000003125";"154 736 779";"A01";"3";"7";"13";"0";"0";"0";"1";
"202000003126";"154 736 778";"A01";"1";"32";"0";"2";"8";"18";"1";
"202000003126";"154 736 780";"Z01";"1";"30";"0";"2";"7";"16";"0";
"202000003127";"154 736 775";"A01";"2";"31";"0";"2";"0";"1";"1";
"202000003127";"154 736 777";"B01";"1";"7";"0";"2";"1";"1";"1";
"202000003128";"154 736 776";"A01";"1";"50";"12";"0";"7";"14";"3";
"202000003129";"154 736 773";"B01";"1";"33";"14";"2";"1";"18";"1";
"202000003129";"154 736 774";"A01";"1";"7";"0";"2";"4";"1";"0";
"202000003130";"154 736 771";"B01";"1";"1";"0";"2";"4";"15";"5";
"202000003130";"154 736 772";"A01";"1";"30";"0";"2";"1";"1";"1";
"202000003131";"154 736 769";"A01";"1";"1";"0";"2";"1";"1";"5";
"202000003131";"154 736 770";"B01";"1";"1";"0";"2";"1";"5";"5";
"202000003132";"154 736 767";"B01";"1";"2";"0";"2";"1";"1";"1";
"202000003132";"154 736 768";"A01";"1";"7";"0";"2";"5";"4";"1";
"202000003133";"154 736 766";"A01";"2";"10";"0";"1";"4";"4";"1";
"202000003134";"154 736 764";"B01";"2";"31";"0";"2";"0";"0";"1";
"202000003134";"154 736 765";"A01";"2";"10";"0";"2";"4";"15";"1";
"202000003135";"154 736 763";"A01";"1";"7";"0";"1";"3";"1";"0";
"202000003136";"154 736 762";"A01";"1";"30";"0";"0";"3";"26";"1";
"202000003137";"154 736 760";"B01";"1";"10";"0";"2";"6";"15";"1";
"202000003137";"154 736 761";"A01";"1";"30";"0";"2";"7";"17";"1";
"202000003138";"154 736 758";"A01";"3";"15";"0";"2";"3";"1";"1";
"202000003138";"154 736 759";"B01";"3";"10";"0";"2";"7";"1";"1";
"202000003139";"154 736 756";"B01";"0";"7";"0";"2";"0";"0";"0";
"202000003139";"154 736 757";"A01";"0";"7";"0";"2";"4";"0";"1";
"202000003140";"154 736 753";"A01";"3";"10";"0";"2";"1";"13";"0";
"202000003140";"154 736 754";"B01";"3";"7";"0";"2";"1";"0";"0";
"202000003140";"154 736 755";"C01";"3";"7";"0";"0";"6";"0";"0";
"202000003141";"154 736 751";"A01";"2";"10";"0";"2";"3";"15";"1";