"Num_Acc";"id_vehicule";"num_veh";"senc";"catv";"obs";"obsm";"choc";"manv";"motor";"occutc"
"202000003343";"154 736 383";"A01";"1";"50";"0";"2";"2";"1";"3";
"202000003343";"154 736 384";"B01";"1";"30";"0";"2";"3";"16";"1";
"202000003344";"154 736 381";"A01";"2";"7";"0";"2";"7";"12";"2";
"202000003344";"154 736 382";"B01";"2";"1";"0";"2";"8";"1";"5";
"202000003345";"154 736 379";"A01";"2";"7";"0";"2";"3";"15";"1";
"202000003345";"154 736 380";"B01";"2";"30";"0";"2";"7";"17";"1";
"202000003346";"154 736 377";"B01";"1";"31";"0";"2";"1";"1";"1";
"202000003346";"154 736 378";"A01";"2";"7";"0";"2";"2";"15";"1";
"202000003347";"154 736 376";"A01";"2";"37";"0";"1";"2";"2";"2";"1"
"202000003348";"154 736 374";"A01";"3";"43";"0";"2";"1";"18";"1";
"202000003348";"154 736 375";"B01";"3";"1";"0";"2";"6";"19";"5";
"202000003349";"154 736 372";"A01";"3";"50";"0";"2";"7";"1";"3";
"202000003349";"154 736 373";"B01";"3";"32";"0";"2";"3";"1";"1";
"202000003350";"154 736 371";"A01";"1";"1";"0";"0";"1";"1";"5";
"202000003351";"154 736 370";"A01";"1";"30";"0";"0";"8";"1";"1";
"202000003352";"154 736 368";"A01";"2";"7";"0";"2";"2";"15";"1";
"202000003352";"154 736 369";"B01";"2";"30";"0";"2";"3";"1";"1";
"202000003353";"154 736 366";"A01";"1";"3";"0";"2";"1";"26";"1";
"202000003353";"154 736 367";"B01";"1";"3";"14";"0";"4";"2";"1";
"202000003354";"154 736 364";"A01";"1";"34";"6";"2";"1";"1";"1";
"202000003354";"154 736 365";"B01";"1";"7";"0";"2";"2";"16";"1";
"202000003355";"154 736 362";"A01";"1";"7";"0";"2";"3";"22";"1";
"202000003355";"154 736 363";"B01";"1";"1";"1";"0";"1";"2";"5";
"202000003356";"154 736 360";"A01";"2";"31";"0";"2";"0";"1";"0";
"202000003356";"154 736 361";"X01";"1";"99";"0";"2";"0";"15";"0";
"202000003357";"154 736 358";"A01";"2";"7";"0";"2";"2";"9";"0";
"202000003357";"154 736 359";"B01";"2";"2";"0";"2";"3";"2";"0";
"202000003358";"154 736 356";"A01";"0";"7";"0";"2";"6";"10";"0";
"202000003358";"154 736 357";"B01";"0";"34";"0";"2";"1";"1";"0";
"202000003359";"154 736 354";"Z01";"2";"7";"0";"9";"0";"26";"0";
"202000003359";"154 736 355";"A01";"2";"50";"14";"1";"4";"18";"3";
"202000003360";"154 736 352";"A01";"1";"30";"0";"2";"3";"17";"1";
"202000003360";"154 736 353";"B01";"1";"10";"0";"2";"3";"23";"1";
"202000003361";"154 736 350";"B01";"3";"10";"0";"0";"6";"0";"1";
"202000003361";"154 736 351";"A01";"3";"10";"0";"2";"1";"26";"1";
"202000003362";"154 736 349";"A01";"2";"7";"0";"1";"1";"1";"1";
"202000003363";"154 736 347";"A01";"3";"34";"0";"2";"7";"16";"1";
"202000003363";"154 736 348";"B01";"3";"7";"0";"2";"2";"11";"1";
"202000003364";"154 736 346";"A01";"1";"7";"0";"1";"4";"4";"1";
"202000003365";"154 736 344";"B01";"1";"7";"0";"2";"7";"0";"1";
"202000003365";"154 736 345";"A01";"1";"32";"0";"2";"8";"16";"1";
"202000003366";"154 736 342";"A01";"2";"7";"0";"2";"1";"2";"1";
"202000003366";"154 736 343";"B01";"2";"7";"0";"2";"4";"2";"1";
"202000003367";"154 736 340";"A01";"3";"10";"0";"0";"4";"26";"1";
"202000003367";"154 736 341";"B01";" -1";"99";"0";"2";"0";"0";"0";
"202000003368";"154 736 338";"A01";"0";"31";"0";"2";"2";"17";"1";
"202000003368";"154 736 339";"B01";"0";"7";"0";"2";"3";"15";"1";
"202000003369";"154 736 337";"A01";"1";"37";"0";"1";"2";"1";"0";"1"
"202000003370";"154 736 335";"A01";"3";"33";"0";"2";"1";"17";"1";
"202000003370";"154 736 336";"B01";"3";"7";"16";"0";"8";"15";"1";
"202000003371";"154 736 334";"A01";"1";"7";"0";"1";"1";"1";"0";
"202000003372";"154 736 332";"B01";"1";"10";"0";"2";"2";"1";"1";
"202000003372";"154 736 333";"A01";"2";"7";"0";"2";"3";"15";"1";
"202000003373";"154 736 331";"A01";"1";"7";"0";"1";"1";"15";"1";
"202000003374";"154 736 330";"A01";"3";"7";"0";"1";"3";"15";"1";
"202000003375";"154 736 329";"A01";"2";"34";"1";"1";"1";"17";"1";
"202000003376";"154 736 328";"A01";"0";"30";"0";"1";"1";"26";"1";
"202000003377";"154 736 326";"B01";"2";"10";"9";"0";"4";"2";"1";
"202000003377";"154 736 327";"A01";"2";"34";"0";"2";"1";"2";"1";
"202000003378";"154 736 323";"B01";"0";"7";"0";"2";"4";"2";"1";
"202000003378";"154 736 324";"A01";"3";"10";"0";"2";"6";"23";"1";
"202000003378";"154 736 325";"C01";"0";"10";"0";"2";"1";"2";"1";
"202000003379";"154 736 321";"Z01";"2";"7";"0";"2";"0";"1";"0";
"202000003379";"154 736 322";"B01";"2";"32";"0";"2";"4";"9";"1";
"202000003380";"154 736 319";"A01";"2";"10";"0";"9";"1";"15";"1";
"202000003380";"154 736 320";"B01";"2";"1";"0";"2";"1";"1";"5";
"202000003381";"154 736 317";"B01";"3";"37";"0";"2";"3";"1";"1";"1"
"202000003381";"154 736 318";"A01";"3";"7";"0";"2";"7";"1";"1";
"202000003382";"154 736 316";"A01";"2";"7";"12";"1";"3";"19";"1";
"202000003383";"154 736 314";"B01";"1";"7";"0";"0";"0";"20";"1";
"202000003383";"154 736 315";"A01";"1";"32";"0";"0";"8";"1";"1";
"202000003384";"154 736 312";"B01";"2";"50";"0";"2";"1";"1";"3";
"202000003384";"154 736 313";"A01";"1";"7";"0";"2";"2";"15";"0";
"202000003385";"154 736 311";"A01";"0";"2";"0";"0";"9";"1";"1";
"202000003386";"154 736 310";"A01";"1";"7";"2";"0";"1";"17";"1";
"202000003387";"154 736 308";"B01";"1";"7";"0";"2";"1";"1";"1";
"202000003387";"154 736 309";"A01";"2";"7";"0";"2";"8";"13";"1";
"202000003388";"154 736 306";"A01";"3";"33";"0";"2";"1";"2";"1";
"202000003388";"154 736 307";"B01";"3";"7";"0";"0";"8";"2";"1";
"202000003389";"154 736 303";"B01";"2";"2";"0";"2";"1";"1";"1";
"202000003389";"154 736 304";"A01";"1";"7";"0";"2";"2";"15";"1";
"202000003390";"154 736 302";"A01";"0";"33";"0";"0";"4";"1";"1";
"202000003391";"154 736 299";"C01";"1";"7";"0";"0";"4";"1";"1";
"202000003391";"154 736 300";"A01";"1";"7";"0";"2";"1";"1";"1";
"202000003391";"154 736 301";"B01";"1";"7";"0";"2";"4";"1";"1";
"202000003392";"154 736 297";"A01";"3";"7";"0";"1";"7";"1";"1";
"202000003392";"154 736 298";"B01";"3";"7";"0";"2";"1";"1";"1";
"202000003393";"154 736 295";"B01";"1";"3";"0";"0";"4";"1";"1";
"202000003393";"154 736 296";"A01";"1";"7";"0";"2";"1";"1";"1";
"202000003394";"154 736 293";"B01";"1";"10";"0";"2";"8";"1";"1";
"202000003394";"154 736 294";"A01";"3";"31";"0";"2";"1";"1";"1";
"202000003395";"154 736 291";"B01";"2";"7";"3";"0";"4";"1";"1";
"202000003395";"154 736 292";"A01";"2";"7";"4";"2";"3";"2";"1";
"202000003396";"154 736 290";"A01";"0";"2";"7";"0";"1";"0";"0";
"202000003397";"154 736 289";"A01";"3";"36";"8";"0";"1";"18";"1";
"202000003398";"154 736 288";"A01";"2";"33";"8";"0";"1";"1";"1";
"202000003399";"154 736 287";"A01";"3";"31";"0";"0";"9";"14";"1";
"202000003400";"154 736 284";"A01";"2";"7";"0";"2";"1";"17";"1";
"202000003400";"154 736 285";"B01";"1";"10";"0";"2";"1";"1";"1";
"202000003400";"154 736 286";"C01";"2";"7";"0";"2";"3";"1";"1";
"202000003401";"154 736 282";"A01";"0";"7";"0";"2";"2";"1";"0";
"202000003401";"154 736 283";"B01";"0";"1";"0";"0";"8";"19";"5";
"202000003402";"154 736 280";"A01";"1";"7";"0";"2";"3";"1";"1";
"202000003402";"154 736 281";"B01";"2";"7";"0";"2";"3";"1";"1";
"202000003403";"154 736 279";"A01";"1";"33";"0";"0";"3";"1";"1";
"202000003404";"154 736 278";"A01";"1";"7";"0";"1";"3";"1";"1";
"202000003405";"154 736 276";"A01";"1";"7";"0";"2";"3";"1";"1";
"202000003405";"154 736 277";"B01";"1";"7";"2";"2";"3";"1";"1";
"202000003406";"154 736 275";"A01";"1";"7";"0";"1";"4";"20";"1";
"202000003407";"154 736 273";"A01";"3";"33";"0";"0";"2";"14";"1";
"202000003408";"154 736 270";"B01";"1";"33";"0";"0";"4";"1";"1";
"202000003408";"154 736 271";"C01";"1";"34";"0";"2";"1";"17";"1";
"202000003408";"154 736 272";"A01";"2";"33";"0";"2";"1";"1";"1";
"202000003409";"154 736 267";"C01";"2";"7";"0";"2";"6";"16";"1";
"202000003409";"154 736 268";"B01";"1";"7";"0";"2";"3";"1";"1";
"202000003409";"154 736 269";"A01";"2";"7";"0";"2";"8";"17";"1";
"202000003410";"154 736 265";"B01";"2";"7";"0";"2";"1";"5";"1";
"202000003410";"154 736 266";"A01";"1";"17";"0";"0";"2";"1";"1";
"202000003411";"154 736 263";"B01";"1";"7";"0";"2";"3";"0";"6";
"202000003411";"154 736 264";"A01";"2";"7";"3";"2";"1";"5";"1";
"202000003412";"154 736 262";"A01";"3";"33";"13";"0";"0";"13";"1";
"202000003413";"154 736 261";"A01";"1";"7";"2";"0";"9";"1";"1";
"202000003414";"154 736 260";"A01";"1";"7";"8";"0";"9";"26";"1";
"202000003415";"154 736 257";"A01";"0";"1";"0";"2";"1";"13";"0";
"202000003415";"154 736 258";"B01";"0";"1";"0";"0";"4";"1";"0";
"202000003415";"154 736 259";"C01";"0";"7";"0";"9";"3";"1";"0";
"202000003416";"154 736 255";"A01";"1";"33";"0";"2";"1";"17";"1";
"202000003416";"154 736 256";"B01";"1";"7";"0";"2";"3";"15";"1";
"202000003417";"154 736 254";"A01";"3";"2";"15";"0";"1";"1";"1";
"202000003418";"154 736 253";"A01";"2";"7";"6";"0";"1";"0";"1";
"202000003419";"154 736 251";"A01";"1";"33";"0";"2";"1";"1";"1";
"202000003419";"154 736 252";"B01";"1";"7";"0";"2";"5";"19";"1";
"202000003420";"154 736 249";"B01";"1";"7";"0";"1";"5";"24";"1";
"202000003420";"154 736 250";"A01";"1";"2";"1";"0";"1";"16";"1";
"202000003421";"154 736 247";"B01";"1";"7";"0";"9";"3";"19";"1";
"202000003421";"154 736 248";"A01";"1";"1";"0";"0";"5";"0";"5";
"202000003422";"154 736 245";"B01";"1";"17";"0";"0";"4";"1";"1";
"202000003422";"154 736 246";"A01";"1";"7";"0";"2";"1";"2";"1";
"202000003423";"154 736 244";"A01";"1";"7";"4";"0";"1";"1";"1";
"202000003424";"154 736 243";"A01";"2";"33";"0";"9";"1";"1";"1";
"202000003425";"154 736 242";"A01";"0";"33";"4";"0";"7";"2";"1";
"202000003426";"154 736 241";"A01";"3";"7";"0";"1";"3";"1";"1";
"202000003427";"154 736 240";"A01";"2";"10";"13";"0";"1";"13";"1";
"202000003428";"154 736 238";"B01";"2";"32";"0";"2";"1";"1";"1";
"202000003428";"154 736 239";"A01";"1";"7";"0";"2";"6";"26";"1";
"202000003429";"154 736 237";"A01";"2";"7";"8";"0";"1";"1";"1";
"202000003430";"154 736 236";"A01";"1";"7";"13";"0";"0";"1";"1";
"202000003431";"154 736 235";"A01";"2";"33";"6";"0";"1";"1";"1";
"202000003432";"154 736 233";"A01";"1";"7";"0";"2";"3";"2";"1";
"202000003432";"154 736 234";"B01";"1";"21";"0";"2";"6";"2";"1";
"202000003433";"154 736 229";"B01";" -1";"33";"13";"0";"1";"1";"1";
"202000003433";"154 736 230";"A01";" -1";"31";"12";"0";"8";"15";"1";
"202000003434";"154 736 227";"A01";"2";"7";"0";"2";"1";"13";"1";
"202000003434";"154 736 228";"B01";"1";"7";"0";"2";"1";"1";"1";
"202000003435";"154 736 226";"A01";"2";"7";"2";"0";"1";"13";"1";
"202000003436";"154 736 225";"A01";"3";"7";"6";"0";"8";"1";"1";
"202000003437";"154 736 223";"B01";"2";"2";"0";"2";"1";"1";"1";
"202000003437";"154 736 224";"A01";"1";"7";"0";"2";"0";"1";"0";
"202000003438";"154 736 221";"B01";"1";"7";"0";"2";"3";"1";"1";
"202000003438";"154 736 222";"A01";"2";"7";"0";"2";"2";"15";"1";
"202000003439";"154 736 219";"A01";"0";"7";"0";"2";"4";"20";"1";
"202000003439";"154 736 220";"B01";"0";"33";"0";"2";"7";"0";"1";
"202000003440";"154 736 216";"C01";"2";"7";"0";"2";"4";"2";"1";
"202000003440";"154 736 217";"B01";"2";"7";"0";"2";"4";"2";"1";
"202000003440";"154 736 218";"A01";"2";"7";"0";"2";"1";"2";"1";
"202000003441";"154 736 214";"B01";"2";"7";"0";"2";"4";"1";"1";
"202000003441";"154 736 215";"A01";"2";"7";"0";"2";"1";"1";"1";
"202000003442";"154 736 212";"A01";"2";"7";"0";"2";"4";"1";"1";
"202000003442";"154 736 213";"B01";"2";"10";"0";"2";"1";"1";"1";
"202000003443";"154 736 210";"A01";"1";"7";"0";"2";"4";"1";"1";
"202000003443";"154 736 211";"B01";"1";"7";"0";"2";"1";"1";"1";
"202000003444";"154 736 208";"B01";"1";"7";"0";"2";"1";"2";"6";
"202000003444";"154 736 209";"A01";"1";"7";"0";"2";"4";"1";"6";
"202000003445";"154 736 207";"A01";"1";"7";"0";"0";"3";"1";"1";
"202000003446";"154 736 203";"D01";"2";"7";"0";"2";"1";"2";"1";
"202000003446";"154 736 204";"A01";"2";"7";"0";"2";"1";"1";"1";
"202000003446";"154 736 205";"B01";"2";"7";"0";"2";"4";"2";"1";
"202000003446";"154 736 206";"C01";"2";"7";"0";"2";"4";"2";"1";
"202000003447";"154 736 202";"A01";"2";"7";"0";"0";"0";"2";"1";
"202000003448";"154 736 200";"A01";"1";"7";"0";"2";"1";"1";"1";
"202000003448";"154 736 201";"B01";"1";"7";"0";"2";"4";"1";"1";
"202000003449";"154 736 198";"A01";"1";"7";"0";"2";"5";"12";"3";
"202000003449";"154 736 199";"B01";"1";"32";"0";"2";"1";"0";"1";
"202000003450";"154 736 196";"B01";"2";"7";"0";"2";"6";"11";"1";
"202000003450";"154 736 197";"A01";"2";"33";"0";"2";"1";"3";"1";
"202000003451";"154 736 194";"B01";"2";"33";"0";"2";"1";"3";"1";
"202000003451";"154 736 195";"A01";"2";"7";"0";"2";"4";"11";"1";
"202000003452";"154 736 193";"A01";"3";"7";"11";"0";"1";"13";"1";
"202000003453";"154 736 191";"B01";"0";"7";"0";"2";"6";"16";"1";
"202000003453";"154 736 192";"A01";"0";"1";"0";"2";"1";"1";"5";
"202000003454";"154 736 190";"A01";"3";"1";"1";"0";"1";"1";"5";
"202000003455";"154 736 186";"A01";"1";"7";"0";"2";"1";"15";"1";
"202000003455";"154 736 187";"B01";"1";"1";"0";"2";"1";"13";"5";
"202000003456";"154 736 184";"A01";"2";"7";"0";"2";"2";"15";"1";
"202000003456";"154 736 185";"B01";"1";"2";"0";"2";"1";"1";"1";
"202000003457";"154 736 182";"A01";"3";"7";"0";"9";"6";"9";"1";
"202000003457";"154 736 183";"B01";"3";"1";"0";"0";"0";"0";"0";
"202000003458";"154 736 181";"A01";"0";"3";"0";"0";"0";"26";"0";
"202000003459";"154 736 179";"B01";"1";"32";"0";"2";"1";"2";"1";
"202000003459";"154 736 180";"A01";"1";"7";"0";"2";"5";"23";"1";
"202000003460";"154 736 177";"B01";"2";"7";"0";"0";"8";"1";"2";
"202000003460";"154 736 178";"A01";"3";"10";"0";"2";"1";"9";"1";
"202000003461";"154 736 176";"A01";"1";"7";"0";"0";"2";"26";"1";
"202000003462";"154 736 175";"A01";"0";"2";"0";"1";"1";"19";"1";
"202000003463";"154 736 173";"B01";"1";"7";"0";"2";"4";"23";"1";
"202000003463";"154 736 174";"A01";"1";"7";"14";"0";"1";"1";"1";
"202000003464";"154 736 170";"C01";"3";"7";"0";"2";"2";"23";"1";
"202000003464";"154 736 171";"B01";"3";"7";"0";"2";"3";"1";"1";
"202000003464";"154 736 172";"A01";"3";"33";"1";"2";"2";"15";"1";
"202000003465";"154 736 169";"A01";"2";"10";"0";"1";"1";"14";"1";
"202000003466";"154 736 166";"B01";"1";"7";"1";"0";"8";"12";"1";
"202000003466";"154 736 167";"C01";"1";"7";"1";"0";"6";"1";"1";
"202000003466";"154 736 168";"A01";"1";"43";"1";"0";"1";"17";"1";
"202000003467";"154 736 164";"B01";"1";"7";"0";"2";"3";"0";"1";
"202000003467";"154 736 165";"A01";"1";"37";"0";"2";"0";"0";"1";"1"
"202000003468";"154 736 160";"C01";"1";"7";"0";"0";"4";"2";"1";
"202000003468";"154 736 161";"B01";"1";"7";"0";"2";"4";"2";"1";
"202000003468";"154 736 162";"A01";"1";"7";"0";"2";"1";"2";"1";
"202000003469";"154 736 158";"B01";"1";"7";"0";"2";"1";"1";"1";
"202000003469";"154 736 159";"A01";"2";"1";"0";"2";"1";"5";"5";
"202000003470";"154 736 156";"B01";"1";"99";"0";"2";"6";"23";"1";
"202000003470";"154 736 157";"A01";"1";"33";"0";"2";"1";"2";"1";
"202000003471";"154 736 154";"B01";"2";"7";"0";"2";"6";"1";"1";
"202000003471";"154 736 155";"A01";"2";"7";"0";"2";"4";"11";"1";
"202000003472";"154 736 151";"A01";"1";"31";"0";"2";"8";"3";"1";
"202000003472";"154 736 152";"B01";"1";"7";"0";"2";"7";"12";"1";
"202000003472";"154 736 153";"C01";"1";"7";"0";"2";"6";"1";"1";
"202000003473";"154 736 147";"A01";"1";"13";"0";"2";"2";"1";"1";
"202000003473";"154 736 148";"C01";"1";"7";"0";"2";"6";"1";"1";
"202000003473";"154 736 149";"D01";"1";"10";"0";"2";"2";"1";"1";
"202000003473";"154 736 150";"B01";"1";"7";"0";"2";"6";"9";"1";
"202000003474";"154 736 145";"B01";"3";"10";"4";"2";"4";"2";"1";
"202000003474";"154 736 146";"A01";"3";"7";"4";"2";"9";"2";"1";
"202000003475";"154 736 142";"B01";"1";"7";"4";"2";"0";"2";"1";
"202000003475";"154 736 143";"A01";"1";"7";"4";"2";"1";"17";"1";
"202000003475";"154 736 144";"C01";"1";"30";"4";"2";"0";"2";"3";
"202000003476";"154 736 141";"A01";"1";"30";"0";"1";"1";"1";"1";
"202000003477";"154 736 140";"A01";"2";"1";"0";"1";"1";"1";"5";
"202000003478";"154 736 139";"A01";"2";"1";"0";"1";"1";"1";"5";
"202000003479";"154 736 138";"A01";"3";"30";"12";"0";"7";"14";"1";
"202000003480";"154 736 136";"B01";"1";"33";"0";"2";"3";"17";"1";
"202000003480";"154 736 137";"A01";"1";"7";"0";"2";"3";"13";"1";
"202000003481";"154 736 135";"A01";"2";"1";"0";"0";"1";"1";"5";
"202000003482";"154 736 134";"A01";"2";"7";"0";"1";"3";"1";"1";
"202000003483";"154 736 132";"B01";"3";"1";"0";"2";"1";"1";"5";
"202000003483";"154 736 133";"A01";"3";"10";"0";"2";"1";"15";"1";
"202000003484";"154 736 130";"A01";"1";"7";"0";"2";"3";"9";"1";
"202000003484";"154 736 131";"B01";"1";"2";"0";"2";"1";"1";"1";
"202000003485";"154 736 127";"C01";"2";"7";"0";"2";"1";"2";"1";
"202000003485";"154 736 128";"A01";"2";"7";"0";"2";"4";"26";"1";
"202000003485";"154 736 129";"B01";"2";"7";"0";"2";"1";"2";"2";
"202000003486";"154 736 126";"A01";"1";"7";"0";"1";"1";"16";"1";
"202000003487";"154 736 124";"A01";"1";"1";"0";"2";"1";"1";"5";
"202000003487";"154 736 125";"Z01";"2";"1";"0";"2";"1";"1";"5";
"202000003488";"154 736 123";"A01";"2";"1";"0";"0";"0";"1";"5";
"202000003489";"154 736 121";"B01";"3";"7";"0";"2";"4";"1";"1";
"202000003489";"154 736 122";"A01";"3";"7";"0";"2";"1";"1";"1";
"202000003490";"154 736 119";"B01";"0";"32";"0";"2";"2";"2";"1";
"202000003490";"154 736 120";"A01";"1";"7";"0";"2";"3";"13";"1";
"202000003491";"154 736 117";"A01";"2";"7";"0";"2";"2";"15";"1";
"202000003491";"154 736 118";"B01";"1";"7";"0";"2";"1";"1";"1";
"202000003492";"154 736 115";"A01";"1";"7";"0";"9";"7";"1";"1";
"202000003492";"154 736 116";"B01";"1";"1";"0";"2";"4";"15";"5";
"202000003493";"154 736 113";"Z01";"1";"7";"0";"9";"0";"0";"0";
"202000003493";"154 736 114";"B01";"1";"1";"0";"2";"0";"9";"5";
"202000003494";"154 736 112";"A01";"1";"7";"0";"1";"3";"1";"1";
"202000003495";"154 736 110";"B01";"3";"7";"0";"2";"1";"1";"1";
"202000003495";"154 736 111";"A01";"3";"7";"0";"2";"7";"15";"1";
"202000003496";"154 736 108";"B01";"1";"1";"0";"2";"2";"17";"5";
"202000003496";"154 736 109";"A01";"1";"7";"0";"2";"8";"22";"1";
"202000003497";"154 736 107";"A01";"3";"7";"0";"1";"1";"1";"1";
"202000003498";"154 736 105";"A01";"2";"10";"0";"2";"4";"0";"1";
"202000003498";"154 736 106";"B01";"2";"33";"0";"2";"1";"0";"1";
"202000003499";"154 736 103";"B01";"1";"7";"0";"0";"4";"13";"6";
"202000003499";"154 736 104";"A01";"1";"32";"0";"2";"1";"1";"6";
"202000003500";"154 736 101";"B01";" -1";"7";"0";"2";"1";"15";"1";
"202000003500";"154 736 102";"A01";" -1";"7";"0";"2";"3";"9";"1";
"202000003501";"154 736 097";"A01";"1";"7";"0";"2";"0";"1";"1";
"202000003501";"154 736 098";"B01";"1";"7";"0";"2";"4";"1";"1";
"202000003501";"154 736 099";"C01";"1";"7";"0";"2";"1";"1";"1";
"202000003501";"154 736 100";"D01";"1";"7";"0";"2";"1";"1";"1";
"202000003502";"154 736 094";"C01";"2";"7";"0";"2";"0";"0";"0";
"202000003502";"154 736 095";"B01";"2";"99";"0";"2";"0";"0";"1";
"202000003502";"154 736 096";"A01";"2";"37";"0";"2";"1";"9";"0";"1"
"202000003503";"154 736 093";"A01";"2";"1";"0";"1";"1";"25";"5";
"202000003504";"154 736 091";"A01";"2";"7";"0";"2";"7";"1";"1";
"202000003504";"154 736 092";"B01";"1";"1";"0";"2";"8";"1";"5";
"202000003505";"154 736 090";"A01";"2";"10";"0";"1";"3";"1";"1";
"202000003506";"154 736 088";"B01";"1";"2";"0";"2";"8";"16";"1";
"202000003506";"154 736 089";"A01";"1";"7";"0";"2";"5";"16";"1";
"202000003507";"154 736 086";"A01";"2";"7";"0";"2";"2";"15";"1";
"202000003507";"154 736 087";"B01";"1";"34";"0";"2";"1";"1";"0";
"202000003508";"154 736 084";"A01";"1";"1";"0";"2";"5";"2";"5";
"202000003508";"154 736 085";"B01";"1";"7";"0";"9";"5";"16";"1";
"202000003509";"154 736 081";"B01";"3";"1";"0";"2";"1";"26";"5";
"202000003509";"154 736 082";"A01";"3";"7";"0";"2";"2";"15";"0";
"202000003510";"154 736 079";"A01";"1";"10";"0";"2";"2";"5";"1";
"202000003510";"154 736 080";"B01";"2";"14";"0";"2";"2";"1";"1";
"202000003511";"154 736 077";"B01";"2";"7";"14";"2";"3";"15";"1";
"202000003511";"154 736 078";"A01";"2";"33";"0";"2";"1";"2";"1";
"202000003512";"154 736 075";"A01";"2";"33";"0";"2";"3";"13";"1";
"202000003512";"154 736 076";"B01";"2";"17";"0";"2";"3";"1";"1";
"202000003513";"154 736 073";"A01";"1";"14";"0";"2";"3";"1";"1";
"202000003513";"154 736 074";"B01";"2";"1";"0";"2";"1";"1";"5";
"202000003514";"154 736 072";"A01";"2";"33";"8";"0";"1";"0";"1";
"202000003515";"154 736 070";"B01";"1";"7";"0";"2";"3";"1";"1";
"202000003515";"154 736 071";"A01";"2";"7";"0";"2";"2";"13";"1";
"202000003516";"154 736 068";"A01";"1";"33";"0";"2";"3";"13";"1";
"202000003516";"154 736 069";"B01";"2";"15";"0";"2";"3";"1";"1";
"202000003517";"154 736 065";"B01";"1";"1";"0";"2";"1";"1";"5";
"202000003517";"154 736 066";"A01";"2";"7";"0";"9";"1";"15";"1";
"202000003517";"154 736 067";"C01";"3";"7";"0";"0";"8";"23";"1";
"202000003518";"154 736 062";"C01";"2";"7";"0";"2";"1";"1";"1";
"202000003518";"154 736 063";"A01";"1";"7";"0";"2";"1";"13";"1";
"202000003518";"154 736 064";"B01";"2";"7";"0";"2";"3";"1";"1";
"202000003519";"154 736 060";"A01";"2";"7";"0";"0";"8";"19";"1";
"202000003519";"154 736 061";"B01";"2";"33";"0";"2";"1";"1";"1";
"202000003520";"154 736 058";"A01";"1";"7";"0";"2";"3";"1";"1";
"202000003520";"154 736 059";"B01";"2";"31";"0";"2";"1";"1";"1";
"202000003521";"154 736 057";"A01";"2";"7";"2";"0";"3";"13";"1";
"202000003522";"154 736 056";"A01";"2";"2";"0";"0";"8";"1";"1";
"202000003523";"154 736 054";"A01";"3";"31";"0";"2";"1";"5";"1";
"202000003523";"154 736 055";"B01";"3";"7";"0";"2";"1";"1";"1";
"202000003524";"154 736 052";"B01";"0";"2";"0";"0";"4";"23";"1";
"202000003524";"154 736 053";"A01";"0";"7";"0";"2";"1";"2";"1";
"202000003525";"154 736 051";"A01";"2";"33";"0";"0";"0";"1";"1";
"202000003526";"154 736 048";"A01";"1";"33";"0";"0";"1";"1";"1";
"202000003527";"154 736 046";"A01";"2";"33";"0";"2";"8";"1";"0";
"202000003527";"154 736 047";"B01";"2";"7";"0";"0";"5";"9";"0";
"202000003528";"154 736 044";"A01";"3";"2";"0";"2";"1";"1";"1";
"202000003528";"154 736 045";"B01";"3";"10";"0";"2";"2";"1";"1";
"202000003529";"154 736 043";"A01";"1";"7";"0";"1";"3";"1";"1";
"202000003530";"154 736 042";"A01";"3";"2";"0";"0";"7";"1";"1";
"202000003531";"154 736 039";"A01";"1";"7";"0";"1";"7";"1";"1";
"202000003532";"154 736 037";"A01";"1";"7";"0";"2";"3";"26";"1";
"202000003532";"154 736 038";"B01";"1";"30";"0";"0";"7";"26";"1";
"202000003533";"154 736 035";"B01";"2";"3";"0";"2";"1";"9";"1";
"202000003533";"154 736 036";"A01";"1";"7";"0";"2";"5";"1";"1";
"202000003534";"154 736 033";"A01";"2";"7";"0";"2";"3";"16";"1";
"202000003534";"154 736 034";"B01";"1";"33";"0";"2";"1";"1";"1";
"202000003535";"154 736 029";"B01";"1";"15";"0";"1";"6";"24";"0";
"202000003535";"154 736 030";"A01";"1";"7";"1";"0";"2";"14";"6";
"202000003536";"154 736 028";"A01";"1";"7";"3";"0";"3";"21";"1";
"202000003537";"154 736 027";"A01";"1";"33";"0";"0";"0";"1";"1";
"202000003538";"154 736 026";"A01";"3";"33";"0";"0";"4";"10";"1";
"202000003539";"154 736 024";"A01";"3";"7";"2";"2";"1";"1";"1";
"202000003539";"154 736 025";"B01";"3";"7";"6";"2";"3";"16";"1";
"202000003540";"154 736 022";"A01";"2";"7";"0";"2";"1";"19";"1";
"202000003540";"154 736 023";"B01";"2";"7";"0";"2";"3";"1";"0";
"202000003541";"154 736 021";"A01";"0";"7";"0";"1";"1";"15";"1";
"202000003542";"154 736 019";"A01";"1";"7";"0";"2";"1";"19";"1";
"202000003542";"154 736 020";"B01";"1";"7";"0";"2";"8";"1";"1";
"202000003543";"154 736 018";"A01";"1";"7";"1";"0";"2";"0";"1";
"202000003544";"154 736 017";"A01";"1";"33";"8";"0";"3";"0";"1";
"202000003545";"154 736 015";"A01";"1";"33";"0";"2";"1";"1";"1";