"Num_Acc";"id_vehicule";"num_veh";"senc";"catv";"obs";"obsm";"choc";"manv";"motor";"occutc"
"202000004156";"154 734 914";"B01";"1";"99";"0";"2";"3";"1";"0";
"202000004157";"154 734 911";"A01";"2";"10";"0";"2";"1";"2";"1";
"202000004157";"154 734 913";"B01";"2";"7";"0";"2";"4";"1";"1";
"202000004158";"154 734 910";"A01";"2";"7";"6";"0";"1";"0";"0";
"202000004159";"154 734 904";"B01";"1";"33";"0";"2";"8";"1";"1";
"202000004159";"154 734 905";"A01";"1";"7";"0";"2";"7";"12";"1";
"202000004160";"154 734 899";"C01";"2";"7";"0";"2";"1";"1";"1";
"202000004160";"154 734 901";"B01";"2";"7";"0";"2";"3";"1";"1";
"202000004160";"154 734 903";"A01";"1";"7";"6";"2";"3";"13";"1";
"202000004161";"154 734 898";"A01";"2";"7";"0";"2";"2";"12";"3";
"202000004161";"154 734 900";"B01";"2";"31";"0";"2";"3";"3";"1";
"202000004161";"154 734 902";"C01";"2";"10";"0";"2";"6";"1";"1";
"202000004162";"154 734 896";"A01";"3";"7";"0";"0";"1";"1";"1";
"202000004162";"154 734 897";"B01";"3";"7";"0";"0";"2";"15";"1";
"202000004163";"154 734 894";"B01";"1";"7";"0";"2";"5";"16";"1";
"202000004163";"154 734 895";"A01";"1";"31";"0";"2";"1";"2";"1";
"202000004164";"154 734 890";"B01";"1";"7";"0";"2";"3";"2";"1";
"202000004164";"154 734 893";"A01";"1";"33";"0";"2";"2";"19";"1";
"202000004165";"154 734 891";"B01";"1";"10";"0";"2";"3";"15";"1";
"202000004165";"154 734 892";"A01";"1";"30";"0";"2";"1";"17";"1";
"202000004166";"154 734 889";"A01";"1";"33";"0";"0";"7";"0";"0";
"202000004167";"154 734 888";"A01";"1";"1";"9";"0";"1";"1";"5";
"202000004168";"154 734 887";"A01";"2";"33";"0";"0";"0";"1";"1";
"202000004169";"154 734 884";"B01";"3";"7";"0";"2";"6";"24";"1";
"202000004169";"154 734 886";"A01";"3";"7";"0";"2";"3";"13";"1";
"202000004170";"154 734 883";"A01";"1";"7";"0";"2";"1";"13";"1";
"202000004170";"154 734 885";"B01";"2";"7";"0";"2";"1";"1";"1";
"202000004171";"154 734 881";"A01";"1";"2";"0";"2";"2";"17";"1";
"202000004171";"154 734 882";"B01";"1";"7";"0";"2";"1";"15";"1";
"202000004172";"154 734 879";"A01";"2";"10";"0";"2";"3";"13";"1";
"202000004172";"154 734 880";"B01";"1";"7";"0";"2";"3";"14";"1";
"202000004173";"154 734 877";"B01";"2";"7";"0";"2";"1";"1";"0";
"202000004173";"154 734 878";"A01";"2";"7";"0";"2";"7";"19";"0";
"202000004174";"154 734 875";"A01";"1";"30";"0";"2";"1";"13";"1";
"202000004174";"154 734 876";"B01";"2";"7";"0";"2";"3";"23";"2";
"202000004175";"154 734 874";"A01";"1";"7";"4";"0";"3";"1";"1";
"202000004176";"154 734 873";"A01";"2";"1";"0";"0";"7";"1";"5";
"202000004177";"154 734 870";"B01";"1";"13";"0";"2";"7";"1";"1";
"202000004177";"154 734 871";"A01";"2";"7";"0";"2";"7";"1";"1";
"202000004178";"154 734 872";"A01";"2";"7";"0";"1";"2";"1";"1";
"202000004179";"154 734 869";"A01";"0";"1";"0";"1";"1";"1";"5";
"202000004180";"154 734 865";"B01";"3";"2";"0";"2";"1";"1";"1";
"202000004180";"154 734 867";"A01";"3";"7";"0";"2";"3";"1";"1";
"202000004181";"154 734 862";"B01";"2";"7";"13";"2";"3";"1";"1";
"202000004181";"154 734 864";"A01";"1";"7";"10";"2";"3";"5";"1";
"202000004182";"154 734 861";"B01";"1";"1";"0";"2";"3";"1";"5";
"202000004182";"154 734 863";"A01";"1";"3";"0";"9";"7";"2";"1";
"202000004183";"154 734 860";"A01";"0";"7";"1";"0";"1";"1";"1";
"202000004184";"154 734 857";"B01";"2";"10";"0";"2";"2";"1";"1";
"202000004184";"154 734 859";"A01";"2";"33";"0";"2";"1";"1";"1";
"202000004185";"154 734 856";"B01";"2";"33";"0";"2";"1";"14";"1";
"202000004185";"154 734 858";"A01";"2";"33";"0";"2";"4";"16";"1";
"202000004186";"154 734 854";"A01";"1";"7";"0";"2";"5";"21";"1";
"202000004186";"154 734 855";"B01";"1";"2";"0";"2";"1";"2";"1";
"202000004187";"154 734 853";"A01";"3";"7";"6";"0";"1";"0";"1";
"202000004188";"154 734 851";"A01";"2";"33";"13";"0";"1";"1";"1";
"202000004189";"154 734 849";"A01";"3";"7";"8";"0";"1";"0";"1";
"202000004190";"154 734 848";"A01";"0";"7";"0";"2";"2";"13";"1";
"202000004190";"154 734 850";"C01";"0";"7";"0";"2";"0";"0";"1";
"202000004190";"154 734 852";"B01";"0";"50";"0";"2";"2";"13";"3";
"202000004191";"154 734 847";"A01";"3";"33";"1";"0";"1";"14";"1";
"202000004192";"154 734 845";"B01";"1";"30";"0";"2";"1";"0";"0";
"202000004192";"154 734 846";"A01";"1";"7";"0";"2";"2";"16";"1";
"202000004193";"154 734 844";"A01";"2";"7";"0";"1";"1";"9";"1";
"202000004194";"154 734 843";"A01";"3";"31";"2";"0";"1";"1";"1";
"202000004195";"154 734 840";"A01";"2";"7";"0";"2";"7";"19";"1";
"202000004195";"154 734 842";"B01";"2";"1";"0";"2";"6";"1";"5";
"202000004196";"154 734 839";"B01";"2";"7";"3";"2";"5";"17";"1";
"202000004196";"154 734 841";"A01";"2";"7";"0";"2";"3";"13";"1";
"202000004197";"154 734 838";"A01";"1";"7";"0";"1";"2";"1";"1";
"202000004198";"154 734 836";"A01";"1";"7";"0";"2";"2";"13";"1";
"202000004198";"154 734 837";"B01";"2";"1";"0";"2";"1";"1";"5";
"202000004199";"154 734 835";"A01";"3";"7";"0";"1";"1";"1";"1";
"202000004200";"154 734 832";"A01";"3";"7";"8";"0";"1";"1";"1";
"202000004201";"154 734 833";"B01";"1";"7";"0";"2";"1";"2";"1";
"202000004201";"154 734 834";"A01";"1";"7";"0";"0";"4";"23";"1";
"202000004202";"154 734 829";"A01";"3";"7";"0";"2";"2";"26";"1";
"202000004202";"154 734 831";"B01";"3";"7";"0";"0";"3";"1";"1";
"202000004203";"154 734 830";"A01";"2";"7";"4";"0";"1";"26";"1";
"202000004204";"154 734 826";"A01";"2";"30";"0";"2";"1";"17";"1";
"202000004204";"154 734 828";"B01";"2";"16";"0";"2";"3";"15";"1";
"202000004205";"154 734 824";"A01";"2";"7";"0";"2";"6";"2";"1";
"202000004205";"154 734 825";"B01";"2";"33";"0";"2";"1";"2";"1";
"202000004206";"154 734 823";"B01";"2";"10";"0";"2";"4";"1";"1";
"202000004206";"154 734 827";"A01";"2";"7";"0";"2";"1";"1";"1";
"202000004207";"154 734 821";"A01";"2";"33";"0";"0";"7";"1";"1";
"202000004208";"154 734 819";"C01";"3";"13";"1";"0";"3";"0";"1";
"202000004208";"154 734 820";"B01";"3";"7";"1";"2";"3";"2";"1";
"202000004208";"154 734 822";"A01";"3";"7";"0";"2";"1";"15";"1";
"202000004209";"154 734 817";"B01";"1";"2";"0";"2";"1";"1";"0";
"202000004209";"154 734 818";"A01";"1";"7";"0";"2";"2";"15";"0";
"202000004210";"154 734 814";"C01";"1";"7";"0";"2";"4";"2";"1";
"202000004210";"154 734 815";"B01";"1";"7";"0";"2";"4";"1";"0";
"202000004210";"154 734 816";"A01";"1";"7";"0";"2";"1";"2";"1";
"202000004211";"154 734 813";"A01";"1";"31";"0";"1";"1";"11";"1";
"202000004212";"154 734 811";"B01";"0";"33";"0";"0";"4";"2";"1";
"202000004212";"154 734 812";"A01";"0";"7";"0";"2";"1";"2";"1";
"202000004213";"154 734 809";"A01";"1";"7";"0";"2";"2";"10";"0";
"202000004213";"154 734 810";"B01";"1";"2";"0";"2";"1";"1";"0";
"202000004214";"154 734 808";"A01";"1";"10";"0";"1";"2";"0";"0";
"202000004215";"154 734 807";"A01";" -1";"7";"0";"1";"1";"1";"1";
"202000004216";"154 734 806";"A01";"2";"7";"13";"0";"1";"0";"1";
"202000004217";"154 734 804";"B01";"2";"2";"0";"2";"3";"1";"0";
"202000004217";"154 734 805";"A01";" -1";"7";"0";"2";"2";"16";"0";
"202000004218";"154 734 801";"A01";"1";"7";"0";"2";"1";"1";"1";
"202000004218";"154 734 803";"B01";"1";"2";"0";"0";"4";"1";"1";
"202000004219";"154 734 800";"B01";"1";"7";"0";"2";"1";"1";"0";
"202000004219";"154 734 802";"A01";"2";"7";"0";"2";"3";"10";"0";
"202000004220";"154 734 798";"B01";"2";"7";"0";"2";"1";"1";"1";
"202000004220";"154 734 799";"A01";"1";"7";"0";"2";"5";"0";"1";
"202000004221";"154 734 796";"A01";"0";"7";"0";"2";"5";"16";"1";
"202000004221";"154 734 797";"B01";"0";"34";"0";"2";"0";"0";"1";
"202000004222";"154 734 794";"A01";"1";"7";"0";"1";"1";"1";"0";
"202000004223";"154 734 793";"B01";"3";"7";"0";"2";"1";"1";"1";
"202000004223";"154 734 795";"A01";"3";"7";"0";"2";"1";"1";"1";
"202000004224";"154 734 790";"A01";"2";"50";"0";"2";"1";"25";"3";
"202000004224";"154 734 791";"B01";"1";"7";"0";"2";"3";"23";"1";
"202000004225";"154 734 789";"A01";"1";"7";"0";"1";"2";"9";"1";
"202000004226";"154 734 787";"B01";"1";"15";"0";"2";"5";"1";"1";
"202000004226";"154 734 788";"A01";"1";"7";"0";"0";"5";"1";"1";
"202000004227";"154 734 785";"B01";"1";"0";"0";"2";"1";"1";"1";
"202000004227";"154 734 786";"A01";"1";"10";"0";"2";"8";"10";"1";
"202000004228";"154 734 782";"C01";"1";"7";"1";"2";"1";"2";"1";
"202000004228";"154 734 783";"B01";"1";"7";"0";"2";"4";"23";"1";
"202000004228";"154 734 784";"A01";"1";"7";"0";"2";"4";"23";"1";
"202000004229";"154 734 780";"B01";"3";"7";"0";"2";"4";"24";"1";
"202000004229";"154 734 781";"A01";"2";"33";"1";"0";"8";"1";"1";
"202000004230";"154 734 778";"A01";"1";"33";"0";"2";"3";"16";"1";
"202000004230";"154 734 779";"B01";"1";"10";"0";"2";"7";"16";"0";
"202000004231";"154 734 776";"B01";"1";"1";"1";"0";"1";"2";"0";
"202000004231";"154 734 777";"A01";"1";"7";"0";"9";"3";"24";"1";
"202000004232";"154 734 775";"Y01";"1";"60";"0";"0";"1";"1";"5";
"202000004233";"154 734 792";"A01";"2";"7";"2";"0";"1";"14";"1";
"202000004234";"154 734 774";"A01";"2";"33";"3";"0";"7";"1";"1";
"202000004235";"154 734 772";"B01";"1";"7";"0";"2";"1";"1";"1";
"202000004235";"154 734 773";"A01";"1";"7";"0";"2";"3";"9";"1";
"202000004236";"154 734 770";"A01";"2";"7";"0";"2";"3";"1";"1";
"202000004236";"154 734 771";"B01";"1";"50";"0";"0";"0";"1";"3";
"202000004237";"154 734 769";"A01";"2";"33";"0";"0";"0";"1";"1";
"202000004238";"154 734 768";"A01";"1";"1";"0";"0";"1";"1";"5";
"202000004239";"154 734 766";"A01";"2";"33";"0";"1";"0";"1";"1";
"202000004240";"154 734 763";"Z01";"0";"7";"0";"9";"0";"0";"0";
"202000004240";"154 734 764";"B01";"1";"99";"0";"2";"1";"1";"3";
"202000004241";"154 734 762";"A01";"1";"7";"13";"0";"1";"1";"1";
"202000004242";"154 734 761";"A01";"2";"7";"2";"0";"1";"1";"1";
"202000004243";"154 734 765";"B01";"1";"7";"0";"2";"1";"26";"0";
"202000004243";"154 734 767";"A01";"1";"31";"0";"2";"4";"26";"1";
"202000004244";"154 734 759";"A01";"0";"7";"1";"0";"2";"0";"0";
"202000004244";"154 734 760";"B01";"0";"7";"0";"1";"4";"22";"0";
"202000004245";"154 734 756";"A01";"2";"7";"0";"2";"5";"26";"1";
"202000004245";"154 734 757";"B01";"1";"31";"0";"2";"1";"26";"1";
"202000004246";"154 734 754";"A01";"2";"7";"0";"2";"2";"1";"1";
"202000004246";"154 734 755";"B01";"2";"17";"0";"2";"6";"1";"1";
"202000004247";"154 734 752";"B01";"1";"7";"0";"2";"1";"1";"1";
"202000004247";"154 734 753";"A01";"2";"7";"0";"2";"1";"5";"1";
"202000004248";"154 734 751";"A01";"2";"17";"0";"2";"2";"12";"1";
"202000004248";"154 734 758";"B01";"2";"7";"0";"2";"6";"1";"1";
"202000004249";"154 734 749";"A01";"2";"32";"0";"2";"1";"13";"1";
"202000004249";"154 734 750";"B01";"1";"7";"0";"2";"1";"1";"1";
"202000004250";"154 734 746";"A01";"1";"7";"0";"0";"6";"1";"0";
"202000004250";"154 734 747";"B01";"1";"33";"7";"2";"1";"6";"0";
"202000004251";"154 734 744";"B01";"1";"7";"0";"2";"3";"2";"1";
"202000004251";"154 734 748";"A01";"1";"7";"0";"2";"2";"17";"2";
"202000004252";"154 734 742";"B01";"1";"7";"0";"2";"4";"23";"1";
"202000004252";"154 734 743";"A01";"1";"7";"0";"2";"1";"2";"1";
"202000004253";"154 734 740";"B01";"2";"7";"0";"2";"5";"1";"1";
"202000004253";"154 734 741";"A01";"2";"7";"0";"2";"3";"13";"1";
"202000004254";"154 734 739";"A01";"2";"7";"3";"2";"1";"1";"1";
"202000004255";"154 734 738";"A01";"2";"7";"4";"0";"2";"12";"1";
"202000004256";"154 734 745";"A01";"1";"7";"0";"0";"2";"2";"1";
"202000004257";"154 734 737";"A01";"1";"7";"0";"0";"3";"1";"1";
"202000004258";"154 734 736";"A01";"1";"7";"4";"0";"1";"14";"1";
"202000004259";"154 734 733";"A01";"2";"7";"4";"2";"2";"12";"1";
"202000004259";"154 734 734";"C01";"2";"7";"0";"2";"6";"1";"1";
"202000004259";"154 734 735";"B01";"2";"7";"4";"2";"6";"1";"1";
"202000004260";"154 734 730";"B01";"1";"34";"1";"0";"0";"1";"1";
"202000004260";"154 734 732";"A01";"1";"17";"0";"2";"0";"23";"1";
"202000004261";"154 734 729";"A01";"3";"33";"0";"2";"8";"1";"1";
"202000004262";"154 734 727";"B01";"2";"7";"1";"0";"1";"1";"1";
"202000004262";"154 734 728";"A01";"2";"7";"0";"2";"4";"23";"1";
"202000004263";"154 734 725";"B01";"1";"33";"0";"2";"1";"17";"1";
"202000004263";"154 734 726";"A01";"1";"7";"0";"2";"4";"15";"1";
"202000004264";"154 734 731";"A01";"1";"7";"0";"1";"1";"1";"1";
"202000004265";"154 734 723";"Z01";"1";"32";"0";"1";"1";"1";"0";
"202000004266";"154 734 721";"A01";"1";"7";"0";"2";"1";"1";"1";
"202000004266";"154 734 722";"B01";"2";"7";"0";"2";"1";"17";"1";
"202000004267";"154 734 719";"A01";"1";"7";"0";"2";"2";"15";"1";
"202000004267";"154 734 720";"B01";"2";"7";"0";"2";"1";"1";"1";
"202000004268";"154 734 717";"B01";"2";"7";"0";"2";"3";"1";"1";
"202000004268";"154 734 718";"A01";"1";"7";"0";"2";"1";"13";"1";
"202000004269";"154 734 714";"A01";"3";"36";"13";"0";"1";"1";"1";
"202000004270";"154 734 715";"B01";"1";"2";"0";"2";"1";"1";"1";
"202000004270";"154 734 716";"A01";"2";"7";"0";"2";"8";"15";"1";
"202000004271";"154 734 713";"A01";"3";"33";"0";"5";"1";"1";"1";
"202000004272";"154 734 711";"A01";"3";"7";"0";"2";"1";"2";"1";
"202000004272";"154 734 712";"B01";"3";"33";"0";"2";"4";"2";"1";
"202000004273";"154 734 709";"A01";"2";"7";"0";"2";"3";"1";"1";
"202000004273";"154 734 710";"B01";"1";"7";"0";"2";"7";"1";"1";
"202000004274";"154 734 706";"A01";"3";"7";"0";"2";"1";"1";"1";
"202000004274";"154 734 708";"B01";"3";"7";"0";"2";"3";"11";"1";
"202000004275";"154 734 705";"A01";"2";"7";"0";"2";"2";"1";"1";
"202000004275";"154 734 707";"B01";"2";"2";"0";"2";"4";"1";"1";
"202000004276";"154 734 702";"A01";"2";"7";"0";"2";"1";"2";"1";
"202000004276";"154 734 703";"B01";"2";"7";"0";"2";"4";"23";"1";
"202000004276";"154 734 704";"C01";"2";"7";"0";"2";"4";"23";"1";
"202000004277";"154 734 701";"A01";"3";"7";"4";"0";"0";"1";"1";
"202000004278";"154 734 700";"A01";"1";"33";"1";"0";"0";"1";"1";
"202000004279";"154 734 698";"A01";"1";"7";"0";"2";"3";"1";"1";
"202000004279";"154 734 699";"B01";"2";"50";"0";"2";"1";"1";"3";
"202000004280";"154 734 697";"A01";"1";"21";"0";"1";"6";"1";"1";
"202000004281";"154 734 696";"A01";"1";"34";"0";"2";"7";"21";"1";
"202000004282";"154 734 694";"B01";"1";"7";"0";"2";"1";"1";"1";
"202000004282";"154 734 695";"A01";"2";"10";"0";"2";"8";"19";"1";
"202000004283";"154 734 692";"B01";"1";"33";"0";"2";"1";"1";"1";
"202000004283";"154 734 693";"A01";"1";"10";"0";"2";"7";"15";"1";
"202000004284";"154 734 691";"A01";"2";"2";"0";"1";"1";"1";"1";
"202000004285";"154 734 688";"B01";"1";"7";"0";"2";"1";"0";"1";
"202000004285";"154 734 690";"A01";"2";"7";"0";"2";"1";"13";"1";
"202000004286";"154 734 687";"A01";"1";"7";"0";"2";"1";"13";"1";
"202000004286";"154 734 689";"B01";"2";"7";"0";"2";"1";"1";"1";
"202000004287";"154 734 686";"A01";"1";"7";"4";"0";"1";"21";"1";
"202000004288";"154 734 682";"B01";"1";"7";"0";"2";"3";"21";"1";
"202000004288";"154 734 684";"A01";"1";"7";"0";"2";"2";"0";"1";
"202000004289";"154 734 681";"A01";"2";"7";"0";"2";"4";"1";"1";
"202000004289";"154 734 683";"B01";"2";"7";"0";"2";"1";"2";"1";
"202000004289";"154 734 685";"C01";"2";"7";"0";"2";"1";"2";"1";
"202000004290";"154 734 678";"A01";"2";"7";"6";"0";"3";"11";"1";
"202000004291";"154 734 679";"A01";"2";"10";"0";"2";"2";"15";"1";
"202000004291";"154 734 680";"B01";"1";"34";"0";"2";"1";"1";"1";
"202000004292";"154 734 677";"A01";"2";"7";"0";"0";"1";"1";"1";
"202000004293";"154 734 675";"B01";"1";"33";"0";"2";"3";"9";"0";
"202000004293";"154 734 676";"A01";"1";"7";"0";"2";"5";"17";"0";
"202000004294";"154 734 674";"A01";"1";"17";"0";"0";"0";"13";"1";
"202000004295";"154 734 672";"B01";"2";"7";"0";"2";"2";"0";"1";
"202000004295";"154 734 673";"A01";"2";"7";"0";"2";"3";"0";"1";
"202000004296";"154 734 670";"A01";"2";"10";"0";"2";"3";"15";"1";
"202000004296";"154 734 671";"B01";"1";"2";"0";"2";"1";"1";"1";
"202000004297";"154 734 668";"B01";"2";"32";"0";"2";"3";"1";"1";
"202000004297";"154 734 669";"A01";"1";"7";"0";"2";"3";"15";"1";
"202000004298";"154 734 667";"A01";"1";"34";"0";"0";"0";"1";"1";
"202000004299";"154 734 666";"A01";"3";"7";"0";"1";"7";"26";"1";
"202000004300";"154 734 664";"B01";"2";"7";"0";"0";"3";"1";"1";
"202000004300";"154 734 665";"A01";"1";"7";"0";"2";"3";"0";"1";
"202000004301";"154 734 663";"A01";"1";"7";"0";"0";"9";"1";"1";
"202000004302";"154 734 662";"A01";"2";"7";"0";"0";"9";"21";"1";
"202000004303";"154 734 659";"B01";"3";"2";"0";"2";"1";"1";"1";
"202000004303";"154 734 661";"A01";"3";"7";"0";"2";"1";"13";"1";
"202000004304";"154 734 660";"A01";"2";"7";"17";"0";"7";"16";"0";
"202000004305";"154 734 657";"A01";"0";"2";"0";"0";"0";"0";"0";
"202000004306";"154 734 654";"A01";"2";"7";"0";"2";"3";"15";"1";
"202000004306";"154 734 656";"B01";"2";"33";"0";"2";"1";"1";"1";
"202000004307";"154 734 653";"A01";"2";"7";"8";"2";"7";"1";"1";
"202000004307";"154 734 655";"B01";"1";"7";"0";"2";"1";"19";"1";
"202000004308";"154 734 651";"A01";"2";"7";"0";"2";"8";"19";"1";
"202000004308";"154 734 652";"B01";"1";"7";"0";"2";"1";"1";"1";
"202000004309";"154 734 647";"B01";"1";"7";"0";"2";"7";"11";"0";
"202000004309";"154 734 650";"A01";"1";"32";"0";"2";"1";"1";"0";
"202000004310";"154 734 648";"B01";"2";"14";"0";"2";"5";"15";"1";
"202000004310";"154 734 649";"A01";"2";"33";"0";"2";"4";"17";"1";
"202000004311";"154 734 646";"A01";"3";"7";"0";"1";"1";"16";"1";
"202000004312";"154 734 644";"A01";"3";"31";"0";"2";"1";"1";"1";
"202000004312";"154 734 645";"B01";"3";"7";"0";"2";"1";"1";"1";
"202000004313";"154 734 643";"A01";"2";"31";"0";"1";"1";"1";"1";
"202000004314";"154 734 642";"A01";"2";"7";"13";"0";"1";"13";"1";
"202000004315";"154 734 638";"A01";"3";"2";"0";"2";"7";"2";"1";
"202000004315";"154 734 640";"B01";"3";"7";"0";"2";"3";"15";"1";
"202000004316";"154 734 639";"A01";"1";"7";"0";"2";"2";"1";"1";
"202000004316";"154 734 641";"B01";"1";"7";"0";"2";"6";"15";"1";
"202000004317";"154 734 634";"B01";"3";"33";"0";"2";"1";"2";"1";
"202000004317";"154 734 636";"A01";"0";"7";"0";"2";"8";"15";"1";
"202000004318";"154 734 632";"A01";"1";"2";"0";"0";"1";"17";"1";
"202000004318";"154 734 633";"B01";"1";"7";"0";"0";"3";"15";"1";
"202000004319";"154 734 629";"A01";"1";"80";"0";"2";"3";"2";"3";
"202000004319";"154 734 631";"Z01";"1";"7";"0";"9";"1";"9";"0";
"202000004320";"154 734 630";"A01";"2";"99";"0";"0";"0";"2";"1";
"202000004321";"154 734 628";"A01";"1";"10";"1";"0";"3";"1";"1";
"202000004322";"154 734 627";"A01";"2";"7";"7";"0";"1";"0";"1";
"202000004323";"154 734 625";"A01";"1";"2";"0";"4";"8";"15";"1";
"202000004323";"154 734 626";"B01";"2";"40";"0";"2";"0";"1";"3";
"202000004324";"154 734 624";"A01";"3";"7";"0";"9";"1";"1";"1";
"202000004325";"154 734 623";"A01";"1";"40";"0";"1";"3";"1";"3";
"202000004326";"154 734 620";"A01";"1";"7";"1";"1";"1";"5";"1";
"202000004326";"154 734 622";"B01";"2";"7";"0";"2";"1";"23";"1";
"202000004327";"154 734 618";"A01";"1";"7";"0";"0";"0";"1";"1";
"202000004328";"154 734 619";"B01";"1";"7";"0";"2";"3";"19";"0";
"202000004328";"154 734 621";"A01";"2";"7";"0";"2";"1";"21";"0";
"202000004329";"154 734 617";"A01";"2";"7";"0";"1";"2";"1";"1";
"202000004330";"154 734 613";"A01";"2";"7";"8";"2";"3";"9";"1";
"202000004330";"154 734 615";"B01";"2";"15";"0";"2";"2";"14";"1";
"202000004331";"154 734 614";"A01";"3";"7";"0";"2";"8";"6";"1";
"202000004331";"154 734 616";"B01";"2";"7";"0";"2";"1";"1";"1";
"202000004332";"154 734 612";"A01";"1";"33";"15";"0";"1";"1";"1";
"202000004333";"154 734 611";"A01";"1";"7";"0";"1";"1";"20";"1";
"202000004334";"154 734 608";"B01";"0";"7";"0";"2";"8";"0";"1";
"202000004334";"154 734 610";"A01";"0";"31";"0";"2";"1";"17";"1";
"202000004335";"154 734 606";"B01";"3";"1";"0";"2";"3";"14";"5";
"202000004335";"154 734 607";"A01";"2";"7";"0";"2";"3";"14";"1";
"202000004336";"154 734 609";"A01";"3";"36";"0";"0";"3";"0";"1";
"202000004337";"154 734 604";"A01";"2";"7";"0";"2";"7";"13";"1";
"202000004337";"154 734 605";"B01";"1";"7";"0";"2";"1";"1";"2";
"202000004338";"154 734 601";"A01";"2";"7";"0";"2";"1";"13";"1";
"202000004338";"154 734 603";"B01";"1";"7";"0";"2";"1";"1";"1";
"202000004339";"154 734 600";"B01";"1";"2";"0";"2";"5";"15";"1";
"202000004339";"154 734 602";"A01";"1";"7";"0";"2";"2";"1";"1";
"202000004340";"154 734 597";"A01";"0";"7";"13";"0";"9";"1";"1";
"202000004341";"154 734 596";"C01";"1";"7";"0";"2";"4";"2";"1";
"202000004341";"154 734 598";"A01";"1";"7";"0";"2";"1";"2";"1";
"202000004341";"154 734 599";"B01";"1";"7";"0";"2";"4";"2";"1";
"202000004342";"154 734 592";"B01";"1";"1";"0";"2";"1";"1";"5";
"202000004342";"154 734 594";"A01";"1";"7";"0";"2";"1";"9";"1";
"202000004343";"154 734 593";"B01";"1";"2";"0";"0";"4";"1";"1";
"202000004343";"154 734 595";"A01";"1";"7";"0";"2";"1";"1";"1";
"202000004344";"154 734 591";"A01";"0";"7";"0";"1";"1";"1";"1";
"202000004345";"154 734 589";"B01";"1";"7";"0";"2";"1";"1";"1";
"202000004345";"154 734 590";"A01";"2";"7";"0";"2";"1";"13";"1";
"202000004346";"154 734 588";"A01";"1";"40";"0";"1";"2";"1";"3";
"202000004347";"154 734 586";"A01";"3";"2";"0";"2";"1";"5";"1";
"202000004347";"154 734 587";"B01";"3";"7";"0";"2";"1";"1";"1";
"202000004348";"154 734 585";"A01";"1";"7";"15";"1";"2";"21";"1";
"202000004349";"154 734 584";"A01";"2";"7";"6";"0";"1";"26";"1";
"202000004350";"154 734 582";"B01";"1";"2";"0";"2";"2";"1";"1";
"202000004350";"154 734 583";"A01";"2";"7";"0";"2";"3";"9";"1";
"202000004351";"154 734 580";"B01";"1";"1";"0";"2";"2";"1";"5";
"202000004351";"154 734 581";"A01";"1";"7";"0";"2";"1";"1";"1";
"202000004352";"154 734 579";"A01";"2";"7";"8";"0";"1";"1";"1";
"202000004353";"154 734 578";"A01";"3";"1";"0";"0";"0";"1";"5";
"202000004354";"154 734 577";"A01";"1";"7";"6";"0";"1";"1";"0";
"202000004355";"154 734 575";"A01";"2";"1";"0";"1";"1";"17";"5";
"202000004356";"154 734 574";"B01";"3";"33";"0";"2";"1";"1";"1";
"202000004356";"154 734 576";"A01";"3";"7";"0";"2";"6";"10";"1";
"202000004357";"154 734 573";"A01";"1";"7";"2";"0";"3";"1";"0";
"202000004358";"154 734 571";"B01";"3";"7";"0";"2";"3";"11";"1";
"202000004358";"154 734 572";"A01";"3";"30";"0";"2";"2";"2";"1";
"202000004359";"154 734 569";"B01";"1";"2";"0";"2";"1";"17";"1";
"202000004359";"154 734 570";"A01";"1";"7";"0";"2";"8";"15";"1";
"202000004360";"154 734 568";"A01";"1";"7";"0";"1";"3";"26";"1";
"202000004361";"154 734 566";"A01";"2";"7";"0";"2";"3";"1";"1";
"202000004361";"154 734 567";"B01";"2";"10";"0";"2";"2";"16";"1";
"202000004362";"154 734 564";"B01";"1";"1";"0";"2";"4";"23";"5";
"202000004362";"154 734 565";"A01";"1";"37";"0";"2";"1";"1";"1";"1"
"202000004363";"154 734 562";"A01";"2";"33";"0";"2";"1";"13";"1";
"202000004363";"154 734 563";"B01";"1";"38";"0";"2";"3";"21";"1";"1"
"202000004364";"154 734 560";"B01";"2";"7";"0";"2";"1";"15";"1";
"202000004364";"154 734 561";"A01";"1";"32";"0";"2";"1";"1";"1";
"202000004365";"154 734 558";"B01";"0";"7";"0";"2";"8";"0";"1";
"202000004365";"154 734 559";"A01";"0";"7";"0";"2";"2";"1";"1";
"202000004366";"154 734 557";"A01";"1";"34";"0";"1";"1";"17";"3";
"202000004367";"154 734 556";"A01";"2";"7";"0";"1";"1";"1";"1";
"202000004368";"154 734 555";"A01";"1";"7";"13";"0";"0";"1";"0";
"202000004369";"154 734 553";"B01";"0";"33";"0";"2";"4";"1";"1";
"202000004369";"154 734 554";"A01";"3";"7";"0";"2";"1";"2";"1";
"202000004370";"154 734 552";"A01";"2";"33";"3";"0";"8";"13";"1";
"202000004371";"154 734 551";"A01";"2";"7";"13";"0";"2";"14";"1";
"202000004372";"154 734 550";"A01";"1";"7";"11";"0";"0";"1";"1";
"202000004373";"154 734 548";"B01";"3";"7";"0";"2";"2";"26";"1";