"Num_Acc";"id_vehicule";"num_veh";"senc";"catv";"obs";"obsm";"choc";"manv";"motor";"occutc"
"202000004801";"154 733 800";"A01";"2";"7";"13";"0";"3";"1";"1";
"202000004802";"154 733 799";"A01";"1";"33";"5";"0";"1";"18";"0";
"202000004803";"154 733 797";"B01";"1";"33";"0";"2";"7";"1";"1";
"202000004803";"154 733 798";"A01";"2";"7";"0";"2";"1";"15";"1";
"202000004804";"154 733 794";"C01";"1";"7";"0";"0";"6";"1";"1";
"202000004804";"154 733 795";"B01";"1";"33";"0";"2";"1";"11";"1";
"202000004804";"154 733 796";"A01";"2";"7";"0";"2";"3";"1";"1";
"202000004805";"154 733 793";"A01";"1";"33";"7";"0";"8";"14";"1";
"202000004806";"154 733 792";"A01";"3";"33";"13";"0";"1";"0";"1";
"202000004807";"154 733 791";"A01";"2";"33";"0";"0";"1";"1";"1";
"202000004808";"154 733 789";"A01";"1";"7";"0";"2";"2";"15";"1";
"202000004808";"154 733 790";"B01";"2";"33";"0";"2";"1";"1";"1";
"202000004809";"154 733 788";"A01";"0";"7";"0";"0";"0";"1";"0";
"202000004810";"154 733 786";"A01";"1";"33";"0";"2";"1";"1";"1";
"202000004810";"154 733 787";"B01";"1";"7";"0";"2";"4";"2";"1";
"202000004811";"154 733 785";"A01";"1";"7";"8";"0";"9";"1";"1";
"202000004812";"154 733 784";"A01";"1";"7";"0";"0";"0";"0";"0";
"202000004813";"154 733 783";"A01";"3";"31";"6";"0";"1";"1";"1";
"202000004814";"154 733 782";"A01";"2";"7";"1";"0";"2";"14";"1";
"202000004815";"154 733 780";"B01";"2";"7";"0";"2";"6";"2";"1";
"202000004815";"154 733 781";"A01";"2";"33";"0";"2";"2";"2";"1";
"202000004816";"154 733 779";"A01";"2";"33";"0";"0";"0";"1";"1";
"202000004817";"154 733 777";"B01";"3";"7";"0";"2";"7";"19";"1";
"202000004817";"154 733 778";"A01";"3";"7";"0";"2";"3";"1";"1";
"202000004818";"154 733 775";"B01";"2";"33";"0";"2";"1";"1";"1";
"202000004818";"154 733 776";"A01";"2";"15";"0";"2";"4";"4";"1";
"202000004819";"154 733 773";"B01";"1";"7";"0";"2";"1";"19";"1";
"202000004819";"154 733 774";"A01";"1";"7";"7";"0";"8";"1";"1";
"202000004820";"154 733 771";"B01";"1";"7";"0";"2";"3";"1";"1";
"202000004820";"154 733 772";"A01";"2";"7";"5";"2";"3";"21";"1";
"202000004821";"154 733 770";"A01";"1";"7";"0";"1";"1";"1";"1";
"202000004822";"154 733 768";"A01";"1";"33";"0";"2";"1";"17";"1";
"202000004822";"154 733 769";"B01";"1";"7";"0";"2";"4";"15";"1";
"202000004823";"154 733 767";"A01";"3";"7";"0";"1";"4";"4";"0";
"202000004824";"154 733 766";"A01";"3";"7";"6";"0";"1";"1";"1";
"202000004825";"154 733 764";"B01";"2";"30";"0";"2";"1";"1";"0";
"202000004825";"154 733 765";"A01";"1";"7";"0";"0";"5";"15";"1";
"202000004826";"154 733 760";"B01";"1";"7";"0";"2";"3";"19";"0";
"202000004826";"154 733 761";"A01";"2";"33";"0";"2";"1";"26";"0";
"202000004827";"154 733 758";"A01";"1";"33";"1";"0";"0";"0";"0";
"202000004827";"154 733 759";"B01";"1";"7";"0";"0";"6";"24";"0";
"202000004828";"154 733 756";"A01";"1";"7";"0";"2";"7";"15";"1";
"202000004828";"154 733 757";"B01";"2";"1";"0";"2";"1";"1";"5";
"202000004829";"154 733 754";"A01";"2";"7";"0";"2";"8";"10";"1";
"202000004829";"154 733 755";"B01";"2";"7";"0";"2";"1";"2";"1";
"202000004830";"154 733 753";"A01";"3";"7";"0";"1";"0";"1";"1";
"202000004831";"154 733 751";"B01";"1";"7";"0";"2";"8";"15";"1";
"202000004831";"154 733 752";"A01";"1";"33";"0";"2";"2";"17";"1";
"202000004832";"154 733 749";"B01";"2";"7";"0";"2";"7";"15";"0";
"202000004832";"154 733 750";"A01";"1";"2";"0";"2";"0";"1";"0";
"202000004833";"154 733 747";"B01";"1";"33";"0";"2";"1";"2";"1";
"202000004833";"154 733 748";"A01";"1";"7";"0";"2";"5";"2";"1";
"202000004834";"154 733 745";"A01";"2";"7";"3";"2";"2";"12";"1";
"202000004834";"154 733 746";"B01";"2";"10";"0";"2";"6";"1";"1";
"202000004835";"154 733 743";"B01";"1";"15";"0";"2";"2";"1";"1";
"202000004835";"154 733 744";"A01";"1";"7";"0";"2";"8";"9";"1";
"202000004836";"154 733 742";"A01";"1";"7";"0";"1";"3";"1";"1";
"202000004837";"154 733 740";"A01";"2";"33";"0";"2";"7";"2";"1";
"202000004837";"154 733 741";"B01";"1";"7";"0";"2";"8";"2";"1";
"202000004838";"154 733 737";"B01";"1";"10";"0";"2";"6";"9";"1";
"202000004838";"154 733 738";"C01";"1";"10";"0";"2";"4";"1";"1";
"202000004838";"154 733 739";"A01";"1";"10";"0";"2";"2";"9";"1";
"202000004839";"154 733 735";"B01";"2";"7";"0";"2";"3";"0";"1";
"202000004839";"154 733 736";"A01";"2";"7";"0";"2";"7";"26";"1";
"202000004840";"154 733 733";"A01";"1";"7";"0";"2";"0";"0";"0";
"202000004840";"154 733 734";"B01";"1";"7";"0";"2";"8";"0";"0";
"202000004841";"154 733 732";"A01";"1";"17";"13";"0";"2";"1";"1";
"202000004842";"154 733 729";"C01";"1";"7";"0";"2";"6";"1";"1";
"202000004842";"154 733 730";"B01";"1";"10";"0";"2";"5";"12";"1";
"202000004842";"154 733 731";"A01";"1";"33";"0";"2";"1";"3";"1";
"202000004843";"154 733 728";"A01";"1";"7";"4";"0";"1";"13";"1";
"202000004844";"154 733 726";"B01";"1";"15";"0";"2";"4";"2";"1";
"202000004844";"154 733 727";"A01";"1";"7";"0";"2";"1";"2";"6";
"202000004845";"154 733 724";"B01";"1";"7";"0";"2";"4";"1";"1";
"202000004845";"154 733 725";"A01";"1";"7";"0";"2";"3";"18";"6";
"202000004846";"154 733 722";"B01";"1";"7";"0";"2";"2";"17";"1";
"202000004846";"154 733 723";"A01";"1";"7";"4";"2";"6";"11";"1";
"202000004847";"154 733 720";"A01";"1";"7";"0";"2";"2";"14";"1";
"202000004847";"154 733 721";"B01";"1";"7";"0";"2";"6";"1";"1";
"202000004848";"154 733 718";"B01";"2";"33";"0";"2";"7";"1";"1";
"202000004848";"154 733 719";"A01";"2";"33";"3";"2";"8";"13";"1";
"202000004849";"154 733 716";"A01";"2";"7";"0";"2";"1";"2";"1";
"202000004849";"154 733 717";"B01";"2";"7";"0";"2";"6";"2";"1";
"202000004850";"154 733 714";"B01";"2";"7";"0";"2";"6";"1";"1";
"202000004850";"154 733 715";"A01";"2";"17";"0";"2";"7";"1";"1";
"202000004851";"154 733 713";"A01";"3";"7";"0";"1";"2";"16";"1";
"202000004852";"154 733 711";"B01";"0";"7";"0";"2";"7";"1";"1";
"202000004852";"154 733 712";"A01";"0";"7";"0";"2";"8";"10";"1";
"202000004853";"154 733 710";"A01";"1";"7";"0";"1";"3";"15";"1";
"202000004854";"154 733 709";"A01";"1";"7";"0";"1";"3";"1";"1";
"202000004855";"154 733 707";"A01";"1";"10";"0";"2";"8";"15";"1";
"202000004855";"154 733 708";"B01";"1";"32";"0";"2";"7";"17";"1";
"202000004856";"154 733 705";"A01";"1";"7";"0";"2";"1";"1";"1";
"202000004856";"154 733 706";"B01";"2";"30";"0";"9";"2";"15";"1";
"202000004857";"154 733 702";"A01";"2";"7";"0";"2";"7";"15";"1";
"202000004857";"154 733 703";"B01";"1";"7";"0";"2";"8";"1";"1";
"202000004857";"154 733 704";"C01";"1";"7";"0";"2";"1";"1";"1";
"202000004858";"154 733 701";"A01";"2";"7";"12";"0";"2";"26";"1";
"202000004859";"154 733 700";"A01";"3";"1";"12";"0";"0";"26";"5";
"202000004860";"154 733 698";"B01";"2";"7";"0";"2";"2";"0";"1";
"202000004860";"154 733 699";"A01";"2";"1";"1";"2";"0";"19";"5";
"202000004861";"154 733 696";"B01";"3";"7";"0";"2";"1";"0";"1";
"202000004861";"154 733 697";"A01";"0";"7";"0";"2";"1";"8";"1";
"202000004862";"154 733 694";"B01";"1";"13";"3";"2";"8";"2";"1";
"202000004862";"154 733 695";"A01";"1";"7";"3";"0";"1";"1";"1";
"202000004863";"154 733 692";"B01";"3";"33";"0";"2";"5";"21";"1";
"202000004863";"154 733 693";"A01";"3";"7";"0";"2";"3";"1";"1";
"202000004864";"154 733 691";"A01";"1";"33";"0";"0";"0";"1";"1";
"202000004865";"154 733 690";"A01";"1";"10";"0";"1";"2";"15";"1";
"202000004866";"154 733 689";"A01";"2";"1";"9";"0";"1";"9";"5";
"202000004867";"154 733 687";"B01";"2";"34";"0";"2";"9";"1";"1";
"202000004867";"154 733 688";"A01";"1";"14";"0";"2";"8";"9";"1";
"202000004868";"154 733 685";"A01";"1";"7";"0";"2";"1";"0";"1";
"202000004868";"154 733 686";"B01";"2";"1";"0";"2";"1";"0";"5";
"202000004869";"154 733 683";"B01";"0";"7";"0";"2";"1";"1";"1";
"202000004869";"154 733 684";"A01";"0";"7";"0";"2";"1";"1";"1";
"202000004870";"154 733 681";"B01";"0";"31";"0";"2";"1";"1";"1";
"202000004870";"154 733 682";"A01";"0";"7";"0";"2";"2";"15";"1";
"202000004871";"154 733 679";"B01";"0";"33";"0";"0";"0";"0";"1";
"202000004871";"154 733 680";"A01";"1";"7";"0";"2";"1";"15";"1";
"202000004872";"154 733 678";"A01";"0";"30";"14";"0";"8";"21";"1";
"202000004873";"154 733 677";"A01";"1";"30";"0";"0";"3";"1";"1";
"202000004874";"154 733 675";"B01";"2";"33";"0";"2";"7";"17";"1";
"202000004874";"154 733 676";"A01";"2";"7";"0";"2";"3";"15";"1";
"202000004875";"154 733 673";"A01";"3";"10";"0";"2";"3";"0";"1";
"202000004875";"154 733 674";"B01";"3";"34";"0";"2";"2";"0";"1";
"202000004876";"154 733 671";"A01";"0";"1";"0";"2";"8";"1";"5";
"202000004876";"154 733 672";"B01";"0";"10";"0";"2";"1";"15";"1";
"202000004877";"154 733 669";"B01";"1";"7";"0";"2";"6";"15";"1";
"202000004877";"154 733 670";"A01";"1";"33";"0";"2";"1";"1";"1";
"202000004878";"154 733 668";"A01";"1";"3";"0";"1";"1";"1";"1";
"202000004879";"154 733 666";"A01";"3";"7";"0";"2";"8";"15";"1";
"202000004879";"154 733 667";"B01";"3";"32";"0";"2";"1";"1";"1";
"202000004880";"154 733 665";"A01";"2";"10";"6";"0";"3";"1";"1";
"202000004881";"154 733 664";"A01";"1";"7";"2";"0";"1";"14";"1";
"202000004882";"154 733 662";"A01";"2";"7";"0";"2";"1";"16";"1";
"202000004882";"154 733 663";"B01";"2";"1";"0";"2";"6";"1";"5";
"202000004883";"154 733 660";"B01";"1";"1";"0";"2";"0";"0";"5";
"202000004883";"154 733 661";"A01";"1";"7";"0";"2";"0";"0";"1";
"202000004884";"154 733 659";"A01";"1";"1";"0";"0";"1";"0";"5";
"202000004885";"154 733 657";"A01";"1";"7";"0";"2";"1";"2";"1";
"202000004885";"154 733 658";"B01";"1";"7";"0";"2";"4";"23";"1";
"202000004886";"154 733 655";"B01";"3";"7";"0";"2";"8";"15";"1";
"202000004886";"154 733 656";"A01";"3";"30";"0";"2";"8";"15";"2";
"202000004887";"154 733 653";"A01";"1";"7";"0";"2";"1";"26";"1";
"202000004887";"154 733 654";"B01";"1";"7";"0";"2";"4";"26";"1";
"202000004888";"154 733 651";"A01";"1";"1";"0";"2";"6";"18";"0";
"202000004888";"154 733 652";"B01";"1";"0";"0";"2";"0";"2";" -1";
"202000004889";"154 733 649";"B01";"2";"2";"0";"2";"1";"9";"1";
"202000004889";"154 733 650";"A01";"1";"7";"0";"2";"1";"1";"1";
"202000004890";"154 733 648";"A01";"3";"7";"0";"1";"2";"15";"1";
"202000004891";"154 733 646";"Z01";"1";"7";"0";"2";"1";"13";"0";
"202000004891";"154 733 647";"B01";"1";"33";"0";"2";"7";"13";"0";
"202000004892";"154 733 644";"A01";"0";"1";"0";"2";"1";"19";"5";
"202000004892";"154 733 645";"B01";"2";"33";"0";"2";"0";"1";"0";
"202000004893";"154 733 642";"A01";"1";"7";"0";"2";"3";"9";"1";
"202000004893";"154 733 643";"B01";"3";"1";"0";"2";"7";"2";"5";
"202000004894";"154 733 640";"B01";"1";"7";"0";"2";"1";"1";"1";
"202000004894";"154 733 641";"A01";"1";"7";"8";"2";"2";"15";"1";
"202000004895";"154 733 638";"B01";"1";"7";"0";"2";"2";"1";"1";
"202000004895";"154 733 639";"A01";"1";"33";"0";"2";"3";"13";"1";
"202000004896";"154 733 637";"A01";"2";"43";"0";"1";"1";"1";"1";
"202000004897";"154 733 635";"A01";"2";"33";"0";"2";"1";"1";"1";
"202000004897";"154 733 636";"B01";"2";"7";"0";"2";"6";"15";"1";
"202000004898";"154 733 633";"A01";"1";"7";"0";"2";"1";"1";"2";
"202000004898";"154 733 634";"B01";"1";"33";"0";"2";"7";"1";"1";
"202000004899";"154 733 632";"Z01";"1";"7";"0";"1";"2";"1";"1";
"202000004900";"154 733 631";"A01";"2";"10";"0";"1";"4";"4";"0";
"202000004901";"154 733 629";"A01";"2";"7";"0";"2";"6";"10";"1";
"202000004901";"154 733 630";"B01";"2";"1";"0";"2";"1";"17";"5";
"202000004902";"154 733 627";"A01";"1";"30";"0";"2";"7";"10";"1";
"202000004902";"154 733 628";"B01";"1";"43";"0";"2";"1";"1";"1";
"202000004903";"154 733 626";"A01";"1";"7";"0";"1";"1";"15";"1";
"202000004904";"154 733 624";"B01";"1";"30";"0";"2";"4";"23";"1";
"202000004904";"154 733 625";"A01";"1";"7";"0";"2";"2";"2";"1";
"202000004905";"154 733 622";"B01";"1";"1";"0";"2";"2";"15";"0";
"202000004905";"154 733 623";"A01";"1";"34";"0";"2";"3";"1";"1";
"202000004906";"154 733 620";"A01";"2";"30";"0";"2";"8";"17";"1";
"202000004906";"154 733 621";"B01";"2";"7";"0";"2";"2";"17";"3";
"202000004907";"154 733 618";"A01";"2";"1";"0";"2";"1";"5";"5";
"202000004907";"154 733 619";"B01";"1";"1";"0";"2";"1";"1";"5";
"202000004908";"154 733 616";"B01";"1";"32";"0";"2";"4";"23";"1";
"202000004908";"154 733 617";"A01";"1";"7";"0";"2";"1";"1";"1";
"202000004909";"154 733 615";"A01";"0";"7";"0";"1";"5";"26";"0";
"202000004910";"154 733 614";"A01";"1";"7";"4";"0";"9";"16";"1";
"202000004911";"154 733 613";"A01";"1";"7";"0";"1";"1";"16";"1";
"202000004912";"154 733 611";"B01";"2";"10";"0";"2";"2";"15";"1";
"202000004912";"154 733 612";"A01";"1";"31";"0";"2";"1";"2";"1";
"202000004913";"154 733 610";"A01";"2";"33";"0";"1";"1";"26";"1";
"202000004914";"154 733 609";"A01";"2";"7";"0";"1";"2";"16";"0";
"202000004915";"154 733 607";"B01";"2";"2";"0";"9";"1";"17";"1";
"202000004915";"154 733 608";"A01";"1";"7";"0";"9";"3";"1";"1";
"202000004916";"154 733 605";"B01";"1";"60";"0";"2";"8";"2";"5";
"202000004916";"154 733 606";"A01";"1";"34";"0";"2";"2";"17";"0";
"202000004917";"154 733 604";"A01";" -1";"7";"0";"2";"4";"20";"0";
"202000004918";"154 733 602";"B01";"3";"1";"0";"2";"8";"1";"0";
"202000004918";"154 733 603";"A01";"3";"7";"0";"9";"5";"17";"1";
"202000004919";"154 733 600";"B01";"2";"30";"0";"2";"7";"17";"1";
"202000004919";"154 733 601";"A01";"2";"7";"0";"2";"8";"17";"1";
"202000004920";"154 733 598";"A01";"2";"30";"0";"2";"1";"1";"1";
"202000004920";"154 733 599";"B01";"2";"7";"0";"2";"5";"15";"1";
"202000004921";"154 733 597";"A01";"1";"7";"0";"1";"0";"21";"1";
"202000004922";"154 733 596";"A01";"1";"7";"2";"0";"2";"13";"1";
"202000004923";"154 733 594";"B01";"1";"7";"0";"2";"6";"15";"1";
"202000004923";"154 733 595";"A01";"1";"33";"0";"2";"1";"17";"1";
"202000004924";"154 733 592";"B01";"2";"7";"0";"2";"1";"1";"1";
"202000004924";"154 733 593";"A01";"1";"7";"0";"2";"1";"13";"1";
"202000004925";"154 733 590";"B01";"1";"0";"0";"2";"1";"17";"0";
"202000004925";"154 733 591";"A01";"1";"7";"0";"2";"3";"15";"1";
"202000004926";"154 733 588";"A01";"2";"7";"0";"9";"3";"15";"1";
"202000004926";"154 733 589";"B01";"1";"1";"0";"2";"1";"1";"5";
"202000004927";"154 733 586";"B01";"2";"2";"0";"2";"1";"1";"1";
"202000004927";"154 733 587";"A01";"1";"7";"0";"2";"2";"15";"1";
"202000004928";"154 733 584";"B01";"1";"7";"0";"2";"2";"1";"0";
"202000004928";"154 733 585";"A01";"2";"1";"0";"2";"1";"13";"5";
"202000004929";"154 733 583";"A01";"2";"33";"0";"0";"1";"1";"1";
"202000004930";"154 733 581";"A01";"1";"7";"0";"2";"1";"17";"1";
"202000004930";"154 733 582";"B01";"1";"21";"0";"0";"4";"15";"1";
"202000004931";"154 733 579";"A01";"2";"14";"0";"2";"6";"15";"1";
"202000004931";"154 733 580";"B01";"1";"33";"0";"2";"1";"1";"1";
"202000004932";"154 733 578";"A01";"2";"7";"13";"0";"1";"1";"1";
"202000004933";"154 733 577";"A01";"1";"7";"2";"0";"2";"13";"1";
"202000004934";"154 733 576";"A01";"3";"1";"0";"0";"0";"13";"5";
"202000004935";"154 733 574";"B01";"1";"33";"0";"2";"8";"1";"0";
"202000004935";"154 733 575";"A01";"2";"7";"0";"2";"8";"13";"0";
"202000004936";"154 733 572";"A01";"2";"7";"14";"9";"2";"17";"1";
"202000004936";"154 733 573";"B01";"2";"1";"0";"2";"3";"2";"5";
"202000004937";"154 733 571";"A01";"2";"30";"0";"0";"0";"1";"1";
"202000004938";"154 733 569";"A01";"3";"7";"0";"2";"3";"22";"1";
"202000004938";"154 733 570";"B01";"3";"1";"1";"0";"1";"1";"5";
"202000004939";"154 733 568";"A01";"2";"33";"0";"0";"0";"21";"1";
"202000004940";"154 733 566";"B01";"3";"1";"0";"2";"8";"1";"5";
"202000004940";"154 733 567";"A01";"3";"7";"0";"9";"1";"16";"1";
"202000004941";"154 733 565";"A01";"3";"7";"0";"1";"3";"26";"1";
"202000004942";"154 733 563";"A01";"3";"7";"0";"2";"1";"1";"0";
"202000004942";"154 733 564";"B01";"3";"7";"0";"2";"1";"1";"0";
"202000004943";"154 733 562";"A01";"1";"33";"0";"6";"0";"0";"1";
"202000004944";"154 733 561";"A01";"1";"3";"2";"0";"1";"14";"1";
"202000004945";"154 733 560";"A01";"1";"2";"0";"1";"2";"0";"1";
"202000004946";"154 733 559";"A01";"3";"32";"0";"1";"2";"1";"1";
"202000004947";"154 733 558";"A01";"0";"33";"0";"0";"0";"2";"1";
"202000004948";"154 733 556";"A01";"0";"10";"0";"9";"2";"1";"1";
"202000004948";"154 733 557";"B01";"0";"1";"13";"2";"8";"23";"5";
"202000004949";"154 733 554";"A01";"0";"7";"0";"1";"6";"20";"1";
"202000004950";"154 733 552";"A01";"1";"7";"0";"2";"2";"2";"1";
"202000004950";"154 733 553";"B01";"1";"1";"0";"2";"4";"2";"5";
"202000004951";"154 733 550";"B01";"1";"7";"0";"2";"1";"1";"0";
"202000004951";"154 733 551";"A01";"2";"7";"0";"2";"1";"13";"1";
"202000004952";"154 733 549";"A01";"1";"7";"0";"1";"2";"1";"1";
"202000004953";"154 733 547";"B01";"0";"7";"0";"2";"8";"15";"1";
"202000004953";"154 733 548";"A01";"1";"7";"0";"2";"2";"1";"1";
"202000004954";"154 733 545";"A01";"2";"7";"0";"2";"1";"9";"1";
"202000004954";"154 733 546";"B01";"2";"33";"0";"2";"8";"15";"1";
"202000004955";"154 733 541";"C01";"1";"7";"0";"0";"7";"2";"1";
"202000004955";"154 733 542";"D01";"1";"7";"0";"0";"5";"2";"1";
"202000004955";"154 733 543";"A01";"1";"10";"0";"2";"1";"2";"1";
"202000004955";"154 733 544";"B01";"1";"10";"0";"2";"4";"2";"1";
"202000004956";"154 733 539";"A01";"3";"7";"0";"2";"2";"1";"0";
"202000004956";"154 733 540";"B01";"3";"13";"0";"2";"8";"1";"0";
"202000004957";"154 733 538";"A01";"1";"33";"4";"0";"8";"1";"1";
"202000004958";"154 733 537";"A01";"2";"33";"0";"0";"2";"13";"1";
"202000004959";"154 733 535";"A01";"1";"33";"0";"2";"1";"1";"1";
"202000004959";"154 733 536";"B01";"2";"10";"0";"2";"2";"15";"1";
"202000004960";"154 733 533";"A01";"3";"33";"0";"2";"1";"26";"1";
"202000004960";"154 733 534";"B01";"3";"7";"0";"2";"3";"19";"1";
"202000004961";"154 733 532";"A01";"3";"7";"9";"1";"2";"1";"1";
"202000004962";"154 733 530";"A01";"3";"7";"0";"9";"8";"9";"0";
"202000004962";"154 733 531";"B01";"3";"80";"0";"2";"1";"1";"3";
"202000004963";"154 733 529";"A01";"1";"32";"12";"0";"1";"1";"1";
"202000004964";"154 733 527";"B01";"1";"7";"0";"0";"8";"26";"1";
"202000004964";"154 733 528";"A01";"1";"33";"0";"2";"1";"1";"1";
"202000004965";"154 733 526";"A01";"1";"2";"0";"0";"7";"1";"1";
"202000004966";"154 733 525";"A01";"1";"7";"0";"0";"0";"1";"1";
"202000004967";"154 733 523";"A01";"2";"31";"8";"0";"7";"1";"1";
"202000004967";"154 733 524";"B01";"2";"33";"0";"0";"9";"1";"1";
"202000004968";"154 733 521";"A01";"1";"33";"0";"2";"1";"1";"1";
"202000004968";"154 733 522";"B01";"1";"21";"0";"2";"4";"26";"1";
"202000004969";"154 733 516";"A01";"3";"7";"0";"0";"7";"1";"0";
"202000004969";"154 733 517";"B01";"3";"1";"0";"0";"0";"26";"6";
"202000004970";"154 733 513";"C01";"1";"7";"15";"0";"2";"0";"1";
"202000004970";"154 733 514";"B01";"1";"7";"0";"0";"4";"23";"1";
"202000004970";"154 733 515";"A01";"2";"31";"1";"0";"1";"0";"1";
"202000004971";"154 733 511";"B01";"2";"7";"4";"0";"6";"1";"1";
"202000004971";"154 733 512";"A01";"2";"7";"3";"2";"2";"11";"1";
"202000004972";"154 733 509";"B01";"2";"7";"0";"2";"8";"1";"1";
"202000004972";"154 733 510";"A01";"2";"7";"0";"2";"1";"1";"1";
"202000004973";"154 733 507";"B01";"2";"7";"0";"2";"0";"1";"1";
"202000004973";"154 733 508";"A01";"2";"33";"0";"2";"1";"1";"1";
"202000004974";"154 733 505";"B01";"1";"32";"0";"2";"0";"0";"1";
"202000004974";"154 733 506";"A01";"1";"7";"0";"2";"0";"26";"0";
"202000004975";"154 733 503";"A01";"1";"7";"0";"2";"2";"14";"1";
"202000004975";"154 733 504";"B01";"1";"7";"0";"2";"9";"1";"1";
"202000004976";"154 733 502";"A01";"1";"7";"4";"0";"2";"14";"1";
"202000004977";"154 733 501";"A01";"2";"7";"4";"0";"1";"9";"1";
"202000004978";"154 733 499";"B01";"1";"7";"0";"2";"8";"1";"1";
"202000004978";"154 733 500";"A01";"1";"14";"0";"2";"2";"12";"1";
"202000004979";"154 733 498";"A01";"1";"7";"4";"0";"1";"1";"1";
"202000004980";"154 733 496";"B01";"1";"33";"0";"2";"8";"1";"1";
"202000004980";"154 733 497";"Z01";"1";"7";"0";"2";"7";"12";"0";
"202000004981";"154 733 494";"B01";"2";"33";"0";"2";"1";"21";"1";
"202000004981";"154 733 495";"A01";"2";"17";"0";"2";"5";"12";"1";
"202000004982";"154 733 492";"A01";"3";"7";"0";"1";"1";"26";"1";
"202000004983";"154 733 491";"A01";"3";"7";"0";"1";"3";"15";"1";
"202000004984";"154 733 489";"B01";"2";"7";"0";"2";"1";"1";"2";
"202000004984";"154 733 490";"A01";"2";"7";"0";"2";"8";"1";"1";
"202000004985";"154 733 487";"B01";"1";"7";"0";"2";"1";"26";"6";
"202000004985";"154 733 488";"A01";"2";"31";"0";"2";"1";"1";"0";
"202000004986";"154 733 485";"B01";"3";"31";"0";"2";"8";"1";"0";
"202000004986";"154 733 486";"A01";"3";"10";"0";"2";"2";"1";"0";
"202000004987";"154 733 484";"A01";"2";"33";"6";"0";"9";"1";"1";
"202000004988";"154 733 483";"A01";"3";"31";"8";"2";"1";"21";"1";
"202000004989";"154 733 481";"B01";"3";"33";"0";"2";"8";"1";"1";
"202000004989";"154 733 482";"A01";"3";"7";"0";"2";"1";"1";"1";
"202000004990";"154 733 479";"A01";"1";"7";"0";"2";"7";"1";"1";
"202000004990";"154 733 480";"B01";"1";"7";"0";"2";"1";"1";"1";
"202000004991";"154 733 477";"A01";"1";"30";"0";"2";"3";"13";"1";
"202000004991";"154 733 478";"B01";"1";"7";"0";"9";"2";"26";"1";
"202000004992";"154 733 475";"A01";"2";"7";"0";"1";"2";"2";"1";
"202000004993";"154 733 473";"A01";"0";"15";"0";"2";"2";"10";"1";
"202000004993";"154 733 474";"B01";"0";"37";"0";"2";"8";"1";"1";"3"
"202000004994";"154 733 472";"B01";"1";"7";"0";"2";"1";"1";"1";
"202000004995";"154 733 471";"A01";"1";"7";"0";"1";"2";"1";"1";
"202000004996";"154 733 469";"A01";"0";"10";"0";"2";"2";"2";"1";
"202000004996";"154 733 470";"B01";"0";"33";"0";"2";"6";"23";"1";
"202000004997";"154 733 467";"B01";"2";"7";"0";"0";"4";"1";"6";
"202000004997";"154 733 468";"A01";"2";"7";"0";"2";"1";"2";"6";
"202000004998";"154 733 464";"Z01";"0";"7";"0";"2";"6";"19";"0";
"202000004998";"154 733 465";"B01";"1";"31";"0";"2";"1";"1";"1";
"202000004999";"154 733 463";"A01";"1";"7";"0";"1";"3";"17";"1";
"202000005000";"154 733 461";"A01";"3";"7";"0";"2";"2";"19";"1";
"202000005000";"154 733 462";"B01";"1";"30";"0";"2";"1";"1";"1";
"202000005001";"154 733 460";"A01";"2";"7";"0";"1";"3";"26";"1";
"202000005002";"154 733 459";"A01";"2";"33";"0";"0";"7";"3";"1";
"202000005003";"154 733 456";"C01";"1";"32";"0";"2";"7";"1";"1";
"202000005003";"154 733 457";"A01";"1";"33";"0";"2";"1";"3";"1";
"202000005003";"154 733 458";"B01";"1";"33";"0";"2";"4";"3";"1";
"202000005004";"154 733 455";"A01";"2";"43";"0";"1";"1";"17";"1";
"202000005005";"154 733 454";"A01";"1";"7";"0";"9";"1";"1";"1";
"202000005006";"154 733 452";"B01";"1";"43";"0";"2";"6";"1";"1";
"202000005006";"154 733 453";"A01";"2";"50";"0";"2";"1";"15";"3";
"202000005007";"154 733 450";"A01";"1";"1";"0";"2";"6";"13";"5";
"202000005007";"154 733 451";"B01";"1";"1";"0";"2";"2";"17";"5";
"202000005008";"154 733 448";"B01";"1";"7";"0";"2";"8";"15";"1";
"202000005008";"154 733 449";"A01";"1";"7";"0";"2";"1";"15";"1";
"202000005009";"154 733 447";"A01";"1";"10";"0";"1";"1";"15";"1";
"202000005010";"154 733 445";"B01";"1";"1";"0";"2";"1";"1";"5";
"202000005010";"154 733 446";"A01";"2";"7";"0";"2";"3";"1";"1";
"202000005011";"154 733 442";"A01";"1";"7";"0";"2";"1";"2";"1";
"202000005011";"154 733 443";"C01";"1";"32";"0";"2";"4";"1";"1";
"202000005011";"154 733 444";"B01";"2";"17";"0";"2";"2";"15";"1";
"202000005012";"154 733 441";"A01";"1";"30";"0";"1";"7";"1";"3";
"202000005013";"154 733 439";"B01";"1";"30";"0";"2";"1";"15";"1";
"202000005013";"154 733 440";"A01";"2";"1";"0";"2";"1";"1";"5";
"202000005014";"154 733 437";"A01";"2";"7";"0";"2";"5";"15";"1";
"202000005014";"154 733 438";"B01";"2";"7";"0";"2";"3";"1";"1";