"Num_Acc";"id_vehicule";"num_veh";"senc";"catv";"obs";"obsm";"choc";"manv";"motor";"occutc"
"202000005015";"154 733 436";"A01";"1";"32";"0";"1";"3";"17";"1";
"202000005016";"154 733 435";"A01";"1";"7";"0";"1";"1";"26";"1";
"202000005017";"154 733 434";"A01";"1";"7";"4";"0";"1";"1";"1";
"202000005018";"154 733 432";"B01";"1";"7";"0";"2";"5";"15";"1";
"202000005018";"154 733 433";"A01";"2";"7";"0";"2";"1";"9";"1";
"202000005019";"154 733 430";"A01";"0";"7";"0";"2";"8";"15";"1";
"202000005019";"154 733 431";"B01";"0";"33";"0";"2";"1";"17";"1";
"202000005020";"154 733 428";"A01";"1";"30";"0";"2";"5";"9";"1";
"202000005020";"154 733 429";"B01";"2";"7";"0";"2";"2";"1";"1";
"202000005021";"154 733 427";"Z01";"2";"7";"0";"1";"0";"1";"0";
"202000005022";"154 733 426";"A01";"0";"99";"0";"1";"4";"26";"1";
"202000005023";"154 733 425";"A01";"1";"37";"0";"1";"2";"1";"1";"1"
"202000005024";"154 733 423";"A01";"3";"99";"0";"2";"3";"9";"6";
"202000005024";"154 733 424";"B01";"2";"30";"0";"2";"1";"1";"0";
"202000005025";"154 733 422";"B01";"1";"2";"0";"2";"1";"1";"1";
"202000005026";"154 733 420";"B01";"3";"50";"0";"2";"1";"26";"3";
"202000005026";"154 733 421";"A01";"3";"33";"0";"2";"1";"26";"1";
"202000005027";"154 733 418";"B01";"1";"15";"0";"2";"1";"1";"1";
"202000005027";"154 733 419";"A01";"1";"7";"0";"2";"3";"9";"1";
"202000005028";"154 733 417";"A01";"1";"7";"1";"0";"1";"26";"1";
"202000005029";"154 733 415";"B01";"1";"7";"0";"2";"1";"17";"1";
"202000005029";"154 733 416";"A01";"1";"7";"4";"2";"6";"1";"1";
"202000005030";"154 733 414";"A01";"2";"7";"0";"1";"7";"1";"1";
"202000005031";"154 733 412";"B01";"2";"10";"0";"2";"2";"19";"1";
"202000005031";"154 733 413";"A01";"1";"7";"0";"2";"3";"1";"1";
"202000005032";"154 733 411";"A01";"3";"7";"0";"1";"3";"26";"0";
"202000005033";"154 733 410";"A01";"3";"7";"0";"1";"2";"1";"1";
"202000005034";"154 733 408";"B01";"1";"7";"0";"0";"4";"2";"1";
"202000005034";"154 733 409";"A01";"1";"33";"0";"2";"1";"2";"1";
"202000005035";"154 733 405";"B01";"2";"17";"0";"2";"1";"1";"1";
"202000005035";"154 733 406";"C01";"2";"7";"0";"2";"3";"1";"1";
"202000005035";"154 733 407";"A01";"1";"7";"0";"2";"1";"13";"1";
"202000005036";"154 733 403";"B01";"2";"33";"0";"2";"1";"2";"1";
"202000005036";"154 733 404";"A01";"2";"7";"0";"0";"4";"2";"1";
"202000005037";"154 733 402";"A01";"1";"7";"2";"0";"1";"1";"1";
"202000005038";"154 733 400";"B01";"1";"7";"0";"2";"1";"1";"1";
"202000005038";"154 733 401";"A01";"2";"7";"0";"2";"1";"17";"1";
"202000005039";"154 733 399";"A01";"2";"7";"0";"1";"2";"1";"1";
"202000005040";"154 733 396";"C01";"1";"37";"0";"2";"3";"1";"1";"1"
"202000005040";"154 733 397";"B01";"1";"7";"0";"2";"3";"1";"0";
"202000005040";"154 733 398";"A01";"2";"7";"0";"2";"3";"13";"0";
"202000005041";"154 733 395";"A01";"1";"31";"0";"6";"3";"0";"1";
"202000005042";"154 733 391";"B01";"2";"7";"0";"0";"1";"1";"1";
"202000005042";"154 733 392";"A01";"1";"7";"0";"2";"1";"15";"1";
"202000005043";"154 733 390";"A01";"1";"7";"0";"1";"1";"1";"1";
"202000005044";"154 733 389";"A01";"3";"10";"0";"1";"4";"26";"1";
"202000005045";"154 733 388";"A01";"1";"7";"0";"1";"1";"26";"1";
"202000005046";"154 733 386";"B01";"1";"1";"0";"0";"4";"2";"5";
"202000005046";"154 733 387";"A01";"1";"7";"0";"2";"2";"2";"1";
"202000005047";"154 733 384";"B01";"1";"7";"0";"2";"3";"0";"1";
"202000005047";"154 733 385";"A01";"2";"7";"0";"2";"3";"0";"1";
"202000005048";"154 733 382";"A01";"1";"7";"1";"0";"8";"10";"1";
"202000005048";"154 733 383";"B01";"1";"21";"0";"2";"1";"1";"1";
"202000005049";"154 733 380";"B01";"2";"7";"0";"2";"3";"1";"1";
"202000005049";"154 733 381";"A01";"2";"2";"0";"2";"1";"15";"1";
"202000005050";"154 733 378";"A01";"2";"7";"0";"2";"3";"15";"1";
"202000005050";"154 733 379";"B01";"2";"7";"0";"2";"1";"1";"1";
"202000005051";"154 733 376";"B01";"2";"7";"0";"2";"3";"15";"1";
"202000005051";"154 733 377";"A01";"1";"35";"0";"2";"2";"21";"1";
"202000005052";"154 733 373";"A01";"1";"7";"6";"0";"2";"1";"1";
"202000005053";"154 733 372";"A01";"1";"10";"13";"0";"1";"1";"1";
"202000005054";"154 733 370";"B01";"2";"10";"7";"2";"1";"1";"1";
"202000005054";"154 733 371";"A01";"1";"10";"0";"2";"7";"13";"1";
"202000005055";"154 733 368";"B01";"1";"14";"0";"2";"5";"2";"1";
"202000005055";"154 733 369";"A01";"1";"1";"0";"0";"4";"2";"5";
"202000005056";"154 733 366";"B01";"2";"7";"0";"2";"3";"1";"1";
"202000005056";"154 733 367";"A01";"1";"7";"0";"2";"3";"13";"1";
"202000005057";"154 733 364";"B01";"2";"17";"0";"2";"1";"2";"1";
"202000005057";"154 733 365";"A01";"2";"17";"0";"0";"4";"2";"1";
"202000005058";"154 733 363";"A01";"2";"7";"4";"0";"2";"1";"1";
"202000005059";"154 733 361";"B01";"1";"7";"0";"2";"1";"2";"0";
"202000005059";"154 733 362";"A01";"1";"1";"0";"2";"4";"2";"5";
"202000005060";"154 733 360";"A01";"1";"10";"0";"1";"2";"1";"0";
"202000005061";"154 733 358";"B01";"1";"7";"0";"2";"1";"1";"1";
"202000005061";"154 733 359";"A01";"1";"7";"0";"0";"4";"23";"1";
"202000005062";"154 733 356";"B01";"1";"7";"0";"2";"2";"1";"1";
"202000005062";"154 733 357";"A01";"2";"34";"6";"2";"1";"13";"1";
"202000005063";"154 733 354";"A01";"2";"7";"3";"0";"2";"1";"1";
"202000005063";"154 733 355";"B01";"2";"10";"0";"2";"3";"2";"1";
"202000005064";"154 733 352";"A01";"1";"34";"0";"2";"2";"17";"1";
"202000005064";"154 733 353";"B01";"1";"7";"0";"9";"3";"15";"1";
"202000005065";"154 733 350";"B01";"1";"7";"16";"0";"3";"13";"1";
"202000005065";"154 733 351";"A01";"2";"7";"0";"0";"3";"13";"1";
"202000005066";"154 733 349";"A01";"1";"7";"13";"0";"2";"1";"1";
"202000005067";"154 733 347";"A01";"1";"33";"0";"2";"0";"1";"1";
"202000005067";"154 733 348";"B01";"2";"7";"0";"0";"8";"1";"1";
"202000005068";"154 733 346";"A01";"1";"33";"0";"0";"0";"1";"1";
"202000005069";"154 733 344";"A01";"1";"7";"0";"0";"0";"13";"1";
"202000005069";"154 733 345";"B01";"1";"7";"0";"2";"2";"2";"1";
"202000005070";"154 733 342";"B01";"2";"17";"0";"2";"7";"12";"1";
"202000005070";"154 733 343";"A01";"2";"7";"0";"2";"8";"1";"1";
"202000005071";"154 733 339";"C01";"1";"7";"0";"2";"1";"21";"1";
"202000005071";"154 733 340";"B01";"1";"7";"0";"2";"1";"21";"1";
"202000005071";"154 733 341";"A01";"1";"7";"3";"2";"3";"13";"1";
"202000005072";"154 733 337";"B01";"2";"10";"0";"2";"1";"2";"1";
"202000005072";"154 733 338";"A01";"2";"7";"0";"2";"4";"2";"1";
"202000005073";"154 733 335";"B01";"1";"7";"0";"2";"4";"1";"1";
"202000005073";"154 733 336";"A01";"1";"7";"0";"2";"1";"2";"1";
"202000005074";"154 733 334";"A01";"1";"7";"3";"0";"1";"2";"1";
"202000005075";"154 733 333";"A01";"2";"31";"0";"0";"8";"15";"1";
"202000005076";"154 733 331";"B01";"2";"7";"0";"2";"4";"2";"1";
"202000005076";"154 733 332";"A01";"2";"7";"0";"2";"4";"1";"1";
"202000005077";"154 733 329";"A01";"2";"7";"0";"2";"1";"1";"1";
"202000005077";"154 733 330";"B01";"2";"33";"0";"2";"4";"2";"1";
"202000005078";"154 733 327";"A01";"1";"10";"0";"2";"1";"2";"1";
"202000005078";"154 733 328";"B01";"1";"15";"0";"2";"4";"2";"0";
"202000005079";"154 733 324";"C01";"2";"7";"0";"2";"3";"1";"1";
"202000005079";"154 733 325";"B01";"2";"33";"0";"2";"1";"3";"1";
"202000005079";"154 733 326";"A01";"2";"7";"0";"2";"3";"11";"1";
"202000005080";"154 733 321";"C01";"2";"7";"0";"2";"6";"1";"1";
"202000005080";"154 733 322";"A01";"2";"7";"0";"2";"2";"12";"1";
"202000005080";"154 733 323";"B01";"2";"31";"0";"2";"8";"3";"1";
"202000005081";"154 733 319";"B01";"2";"31";"0";"2";"3";"3";"1";
"202000005081";"154 733 320";"A01";"2";"7";"0";"2";"6";"12";"1";
"202000005082";"154 733 317";"B01";"1";"7";"0";"2";"6";"1";"1";
"202000005082";"154 733 318";"A01";"1";"7";"0";"2";"2";"12";"1";
"202000005083";"154 733 313";"C01";"1";"7";"0";"2";"4";"2";"1";
"202000005083";"154 733 314";"D01";"1";"7";"0";"2";"4";"2";"1";
"202000005083";"154 733 315";"B01";"1";"7";"0";"2";"4";"2";"1";
"202000005083";"154 733 316";"A01";"1";"7";"0";"2";"1";"2";"1";
"202000005084";"154 733 312";"A01";"1";"33";"0";"0";"9";"21";"1";
"202000005085";"154 733 310";"A01";"1";"7";"0";"2";"7";"14";"1";
"202000005085";"154 733 311";"B01";"1";"7";"0";"2";"8";"1";"1";
"202000005086";"154 733 308";"A01";"2";"7";"4";"2";"3";"18";"1";
"202000005086";"154 733 309";"B01";"2";"14";"0";"2";"2";"1";"1";
"202000005087";"154 733 307";"A01";"2";"7";"4";"0";"1";"13";"1";
"202000005088";"154 733 306";"A01";"2";"33";"0";"0";"9";"1";"1";
"202000005089";"154 733 305";"A01";"2";"7";"4";"0";"3";"1";"1";
"202000005090";"154 733 304";"A01";"1";"7";"0";"0";"0";"9";"1";
"202000005091";"154 733 303";"A01";"1";"7";"4";"0";"1";"0";"1";
"202000005092";"154 733 302";"A01";"1";"7";"0";"1";"6";"26";"1";
"202000005093";"154 733 300";"A01";"1";"7";"0";"2";"1";"15";"0";
"202000005093";"154 733 301";"B01";"2";"33";"5";"0";"1";"21";"1";
"202000005094";"154 733 298";"B01";"1";"2";"0";"2";"5";"17";"1";
"202000005094";"154 733 299";"A01";"1";"7";"0";"2";"3";"26";"1";
"202000005095";"154 733 296";"B01";"3";"7";"0";"2";"6";"16";"1";
"202000005095";"154 733 297";"A01";"2";"31";"0";"2";"1";"1";"1";
"202000005096";"154 733 294";"B01";"3";"32";"0";"2";"7";"17";"1";
"202000005096";"154 733 295";"A01";"3";"7";"0";"2";"8";"17";"1";
"202000005097";"154 733 293";"A01";"1";"0";"0";"1";"1";"0";"0";
"202000005098";"154 733 290";"A01";"3";"7";"0";"2";"3";"10";"1";
"202000005098";"154 733 291";"B01";"3";"7";"0";"2";"2";"1";"1";
"202000005098";"154 733 292";"C01";"3";"7";"0";"2";"1";"1";"1";
"202000005099";"154 733 288";"B01";"1";"2";"0";"2";"0";"1";"1";
"202000005099";"154 733 289";"A01";"1";"7";"0";"2";"0";"15";"1";
"202000005100";"154 733 286";"A01";"2";"10";"0";"2";"7";"15";"1";
"202000005100";"154 733 287";"B01";"2";"2";"0";"2";"1";"1";"1";
"202000005101";"154 733 284";"A01";"1";"7";"0";"2";"8";"1";"0";
"202000005101";"154 733 285";"B01";"1";"7";"0";"2";"0";"1";"0";
"202000005102";"154 733 282";"A01";"2";"10";"0";"9";"4";"26";"0";
"202000005102";"154 733 283";"B01";"1";"1";"0";"2";"0";"0";"0";
"202000005103";"154 733 280";"B01";"3";"7";"0";"2";"1";"1";"1";
"202000005103";"154 733 281";"A01";"3";"7";"0";"2";"6";"9";"1";
"202000005104";"154 733 277";"A01";"3";"7";"0";"2";"1";"2";"0";
"202000005104";"154 733 278";"B01";"3";"7";"0";"9";"5";"23";"0";
"202000005104";"154 733 279";"C01";"3";"7";"0";"2";"6";"23";"0";
"202000005105";"154 733 275";"A01";"1";"7";"0";"2";"1";"5";"1";
"202000005105";"154 733 276";"B01";"1";"7";"0";"2";"8";"23";"1";
"202000005106";"154 733 273";"B01";"2";"7";"0";"2";"8";"9";"0";
"202000005106";"154 733 274";"A01";"2";"33";"0";"2";"1";"17";"0";
"202000005107";"154 733 272";"A01";"2";"33";"1";"0";"1";"13";"1";
"202000005108";"154 733 270";"A01";"1";"7";"0";"2";"3";"15";"1";
"202000005108";"154 733 271";"B01";"2";"33";"0";"2";"2";"1";"1";
"202000005109";"154 733 268";"A01";"3";"30";"0";"2";"1";"2";"1";
"202000005109";"154 733 269";"B01";"3";"10";"0";"2";"0";"23";"1";
"202000005110";"154 733 266";"A01";"1";"2";"0";"2";"1";"1";"1";
"202000005110";"154 733 267";"B01";"1";"7";"0";"2";"6";"1";"1";
"202000005111";"154 733 263";"C01";"2";"7";"0";"2";"8";"23";"1";
"202000005111";"154 733 264";"B01";"2";"7";"0";"2";"7";"16";"1";
"202000005111";"154 733 265";"A01";"1";"2";"0";"2";"3";"3";"1";
"202000005112";"154 733 260";"B01";"3";"7";"0";"2";"6";"1";"1";
"202000005112";"154 733 261";"A01";"3";"7";"0";"2";"1";"17";"1";
"202000005112";"154 733 262";"C01";"2";"7";"0";"2";"1";"1";"1";
"202000005113";"154 733 259";"A01";"3";"7";"0";"1";"1";"13";"1";
"202000005114";"154 733 258";"A01";"1";"7";"0";"1";"1";"11";"0";
"202000005115";"154 733 257";"A01";"3";"7";"0";"1";"3";"1";"1";
"202000005116";"154 733 256";"SA01";"3";"7";"0";"1";"1";"1";"1";
"202000005117";"154 733 255";"A01";"3";"7";"0";"1";"2";"16";"1";
"202000005118";"154 733 254";"A01";"3";"7";"0";"1";"8";"15";"1";
"202000005119";"154 733 253";"A01";"1";"7";"0";"1";"2";"21";"1";
"202000005120";"154 733 252";"A01";"2";"7";"9";"0";"2";"14";"1";
"202000005121";"154 733 251";"A01";"2";"33";"0";"0";"8";"1";"1";
"202000005122";"154 733 250";"A01";"3";"2";"0";"0";"0";"1";"1";
"202000005123";"154 733 248";"B01";"1";"7";"0";"2";"4";"1";"1";
"202000005123";"154 733 249";"A01";"1";"7";"0";"2";"1";"1";"1";
"202000005124";"154 733 246";"A01";"1";"7";"0";"2";"1";"1";"1";
"202000005124";"154 733 247";"B01";"1";"7";"0";"2";"4";"2";"1";
"202000005125";"154 733 243";"A01";"2";"33";"0";"1";"1";"1";"1";
"202000005126";"154 733 242";"A01";"3";"10";"0";"1";"6";"26";"1";
"202000005127";"154 733 241";"A01";"3";"7";"0";"1";"2";"20";"3";
"202000005128";"154 733 239";"B01";"0";"7";"0";"2";"1";"1";"1";
"202000005128";"154 733 240";"A01";"0";"1";"0";"2";"1";"19";"5";
"202000005129";"154 733 237";"A01";"1";"1";"0";"2";"0";"9";"5";
"202000005129";"154 733 238";"B01";"2";"10";"0";"2";"2";"1";"1";
"202000005130";"154 733 233";"A01";"1";"7";"0";"2";"7";"15";"1";
"202000005130";"154 733 234";"B01";"2";"33";"0";"0";"0";"0";"1";
"202000005131";"154 733 228";"A01";"0";"34";"0";"2";"1";"18";"1";
"202000005131";"154 733 229";"B01";"0";"7";"0";"2";"7";"1";"1";
"202000005132";"154 733 226";"B01";"1";"7";"0";"2";"3";"1";"1";
"202000005132";"154 733 227";"A01";"1";"7";"0";"2";"2";"14";"1";
"202000005133";"154 733 225";"A01";"2";"7";"5";"0";"9";"1";"1";
"202000005134";"154 733 221";"B01";"0";"7";"0";"0";"5";"0";"1";
"202000005134";"154 733 222";"A01";"0";"7";"0";"2";"1";"0";"1";
"202000005135";"154 733 220";"A01";"2";"7";"1";"1";"1";"17";"1";
"202000005136";"154 733 219";"A01";"1";"7";"0";"1";"1";"2";"1";
"202000005137";"154 733 217";"B01";"1";"33";"0";"2";"7";"17";"1";
"202000005137";"154 733 218";"A01";"2";"7";"0";"2";"1";"15";"1";
"202000005138";"154 733 216";"A01";"3";"7";"1";"1";"2";"2";"1";
"202000005139";"154 733 214";"B01";"2";"7";"0";"2";"3";"16";"1";
"202000005139";"154 733 215";"A01";"2";"7";"0";"2";"2";"1";"1";
"202000005140";"154 733 212";"B01";"3";"7";"0";"2";"8";"0";"1";
"202000005140";"154 733 213";"A01";"3";"7";"0";"2";"3";"0";"1";
"202000005141";"154 733 210";"B01";"3";"7";"0";"2";"4";"2";"0";
"202000005141";"154 733 211";"A01";"1";"7";"0";"2";"4";"2";"0";
"202000005142";"154 733 208";"A01";"1";"7";"0";"2";"0";"9";"0";
"202000005142";"154 733 209";"B01";"1";"30";"0";"2";"1";"1";"1";
"202000005143";"154 733 207";"A01";"3";"7";"0";"1";"3";"1";"1";
"202000005144";"154 733 205";"A01";"3";"1";"0";"2";"8";"1";"5";
"202000005144";"154 733 206";"B01";"3";"7";"0";"9";"6";"1";"1";
"202000005145";"154 733 203";"A01";"1";"1";"0";"1";"1";"1";"5";
"202000005146";"154 733 202";"A01";"1";"7";"9";"0";"1";"14";"1";
"202000005147";"154 733 200";"A01";"2";"33";"0";"2";"1";"2";"1";
"202000005147";"154 733 201";"B01";"2";"7";"0";"2";"4";"2";"1";
"202000005148";"154 733 196";"A01";"1";"3";"0";"2";"3";"26";"1";
"202000005148";"154 733 197";"B01";"1";"7";"0";"2";"4";"2";"1";
"202000005148";"154 733 198";"D01";"1";"13";"0";"2";"4";"2";"1";
"202000005148";"154 733 199";"C01";"1";"7";"0";"2";"4";"2";"1";
"202000005149";"154 733 194";"A01";"2";"7";"0";"2";"1";"19";"1";
"202000005149";"154 733 195";"B01";"2";"7";"0";"2";"8";"1";"1";
"202000005150";"154 733 193";"A01";"2";"7";"0";"1";"1";"1";"1";
"202000005151";"154 733 192";"A01";"3";"7";"8";"0";"1";"13";"1";
"202000005152";"154 733 190";"B01";"2";"7";"0";"2";"3";"1";"1";
"202000005152";"154 733 191";"A01";"1";"30";"0";"2";"1";"5";"1";
"202000005153";"154 733 188";"A01";"2";"7";"0";"2";"3";"1";"1";
"202000005153";"154 733 189";"B01";"2";"7";"0";"2";"2";"2";"1";
"202000005154";"154 733 186";"B01";"2";"7";"0";"2";"2";"1";"1";
"202000005154";"154 733 187";"A01";"3";"7";"8";"2";"8";"19";"1";
"202000005155";"154 733 185";"A01";"3";"7";"0";"1";"0";"16";"0";
"202000005156";"154 733 183";"A01";"1";"7";"0";"2";"3";"1";"1";
"202000005156";"154 733 184";"B01";"1";"31";"0";"2";"1";"1";"1";
"202000005157";"154 733 182";"A01";"3";"31";"0";"1";"1";"21";"0";
"202000005158";"154 733 180";"B01";"2";"1";"0";"2";"0";"2";"6";
"202000005158";"154 733 181";"A01";"2";"7";"0";"2";"8";"15";"1";
"202000005159";"154 733 178";"B01";"1";"33";"0";"2";"2";"17";"1";
"202000005159";"154 733 179";"A01";"1";"7";"0";"2";"8";"15";"1";
"202000005160";"154 733 176";"A01";"1";"7";"0";"2";"3";"9";"1";
"202000005160";"154 733 177";"B01";"2";"33";"0";"2";"7";"1";"1";
"202000005161";"154 733 175";"A01";"1";"7";"0";"1";"2";"1";"1";
"202000005162";"154 733 173";"A01";"1";"7";"0";"2";"6";"19";"1";
"202000005162";"154 733 174";"B01";"2";"7";"0";"2";"1";"2";"1";
"202000005163";"154 733 172";"A01";"3";"7";"0";"1";"4";"20";"1";
"202000005164";"154 733 170";"B01";"2";"1";"0";"2";"8";"1";"5";
"202000005164";"154 733 171";"A01";"2";"7";"0";"2";"7";"17";"0";
"202000005165";"154 733 167";"B01";"2";"7";"0";"2";"4";"1";"1";
"202000005165";"154 733 168";"C01";"0";"7";"0";"2";"6";"1";"1";
"202000005165";"154 733 169";"A01";"2";"7";"0";"2";"1";"11";"1";
"202000005166";"154 733 165";"B01";"1";"2";"0";"2";"8";"1";"1";
"202000005166";"154 733 166";"A01";"2";"7";"0";"2";"3";"9";"1";
"202000005167";"154 733 162";"B01";"1";"7";"0";"2";"8";"0";"1";
"202000005167";"154 733 163";"C01";"1";"7";"0";"2";"6";"0";"1";
"202000005167";"154 733 164";"A01";"1";"7";"0";"2";"1";"0";"1";
"202000005168";"154 733 160";"B01";"1";"1";"0";"2";"0";"0";"5";
"202000005168";"154 733 161";"A01";"1";"7";"0";"2";"0";"0";"1";
"202000005169";"154 733 158";"A01";"1";"1";"0";"2";"9";"0";"5";
"202000005169";"154 733 159";"B01";"1";"7";"0";"2";"1";"0";"1";
"202000005170";"154 733 157";"A01";"1";"7";"1";"0";"9";"0";"1";
"202000005171";"154 733 156";"A01";"1";"7";"1";"2";"9";"0";"1";
"202000005172";"154 733 154";"B01";"2";"7";"0";"2";"4";"1";"1";
"202000005172";"154 733 155";"A01";"2";"7";"0";"2";"1";"9";"1";
"202000005173";"154 733 153";"A01";"2";"7";"1";"0";"1";"13";"1";
"202000005174";"154 733 151";"B01";"2";"7";"0";"2";"1";"2";"1";
"202000005174";"154 733 152";"A01";"1";"7";"0";"2";"3";"15";"1";
"202000005175";"154 733 149";"B01";"2";"99";"0";"2";"3";"1";"1";
"202000005175";"154 733 150";"A01";"0";"7";"0";"2";"2";"19";"1";
"202000005176";"154 733 148";"A01";"1";"7";"12";"0";"1";"13";"1";
"202000005177";"154 733 147";"A01";"0";"7";"8";"0";"2";"1";"1";
"202000005178";"154 733 146";"A01";"2";"7";"17";"0";"2";"14";"1";
"202000005179";"154 733 145";"A01";"1";"7";"12";"0";"3";"0";"1";
"202000005180";"154 733 144";"A01";"1";"7";"0";"1";"1";"1";"1";
"202000005181";"154 733 142";"A01";"2";"7";"0";"2";"3";"1";"1";
"202000005181";"154 733 143";"B01";"1";"7";"0";"2";"3";"1";"1";
"202000005182";"154 733 140";"A01";"1";"7";"0";"2";"2";"1";"1";
"202000005182";"154 733 141";"B01";"2";"1";"0";"2";"1";"19";"5";
"202000005183";"154 733 139";"A01";"0";"7";"0";"1";"1";"1";"1";
"202000005184";"154 733 137";"B01";"1";"7";"0";"2";"7";"1";"1";
"202000005184";"154 733 138";"A01";"1";"30";"0";"2";"8";"18";"1";
"202000005185";"154 733 134";"C01";"0";"7";"0";"2";"8";"1";"1";
"202000005185";"154 733 135";"A01";"0";"7";"0";"2";"1";"9";"1";
"202000005185";"154 733 136";"B01";"1";"2";"0";"2";"8";"1";"1";
"202000005186";"154 733 132";"B01";"1";"7";"0";"2";"2";"16";"1";
"202000005186";"154 733 133";"A01";"1";"31";"0";"2";"8";"7";"1";
"202000005187";"154 733 131";"A01";"2";"1";"0";"0";"0";"0";"5";
"202000005188";"154 733 129";"B01";"1";"7";"0";"2";"7";"1";"1";
"202000005188";"154 733 130";"A01";"1";"7";"0";"2";"1";"9";"1";
"202000005189";"154 733 127";"B01";"2";"1";"0";"2";"1";"1";"5";
"202000005189";"154 733 128";"A01";"1";"7";"0";"9";"2";"15";"2";
"202000005190";"154 733 125";"B01";"3";"37";"0";"9";"3";"1";"1";"1"
"202000005190";"154 733 126";"A01";"3";"50";"0";"2";"1";"17";"3";
"202000005191";"154 733 123";"A01";"3";"10";"0";"2";"7";"17";"0";
"202000005191";"154 733 124";"B01";"3";"1";"0";"2";"8";"1";"0";
"202000005192";"154 733 121";"B01";"1";"50";"0";"2";"7";"17";"3";
"202000005192";"154 733 122";"A01";"2";"10";"0";"9";"3";"1";"1";
"202000005193";"154 733 119";"B01";"2";"7";"0";"2";"4";"23";"1";
"202000005193";"154 733 120";"A01";"2";"33";"0";"2";"1";"1";"1";
"202000005194";"154 733 118";"A01";"2";"7";"0";"1";"3";"1";"1";
"202000005195";"154 733 116";"A01";"2";"34";"0";"2";"1";"1";"1";
"202000005195";"154 733 117";"B01";"2";"10";"0";"2";"3";"15";"0";
"202000005196";"154 733 114";"A01";"3";"30";"0";"2";"1";"1";"1";
"202000005196";"154 733 115";"B01";"3";"7";"0";"2";"3";"1";"1";
"202000005197";"154 733 111";"A01";"1";"7";"2";"0";"1";"1";"1";
"202000005198";"154 733 110";"A01";"3";"7";"8";"0";"7";"21";"0";
"202000005199";"154 733 108";"A01";"1";"7";"0";"2";"7";"19";"0";
"202000005199";"154 733 109";"B01";"1";"7";"0";"2";"1";"1";"1";
"202000005200";"154 733 105";"A01";"2";"7";"9";"0";"1";"14";"1";
"202000005201";"154 733 103";"A01";"1";"7";"0";"2";"2";"15";"1";
"202000005201";"154 733 104";"B01";"2";"2";"0";"2";"1";"1";"1";
"202000005202";"154 733 101";"A01";"1";"7";"0";"2";"3";"9";"1";
"202000005202";"154 733 102";"B01";"3";"80";"0";"2";"4";"1";"3";
"202000005203";"154 733 099";"B01";"0";"1";"0";"2";"7";"19";"5";
"202000005203";"154 733 100";"A01";"0";"7";"0";"2";"1";"1";"1";
"202000005204";"154 733 097";"B01";"3";"7";"0";"2";"2";"15";"1";
"202000005204";"154 733 098";"A01";"2";"34";"0";"2";"1";"17";"1";
"202000005205";"154 733 096";"A01";"2";"7";"0";"1";"1";"1";"1";
"202000005206";"154 733 095";"A01";"3";"33";"8";"0";"1";"16";"1";
"202000005207";"154 733 092";"C01";"3";"7";"0";"2";"1";"2";"1";
"202000005207";"154 733 093";"B01";"3";"7";"0";"2";"4";"2";"1";
"202000005207";"154 733 094";"A01";"3";"7";"0";"2";"4";"2";"1";
"202000005208";"154 733 090";"B01";"3";"31";"0";"2";"7";"17";"1";
"202000005208";"154 733 091";"A01";"3";"7";"0";"2";"8";"15";"1";
"202000005209";"154 733 087";"C01";"3";"38";"0";"2";"0";"0";"1";"1"
"202000005209";"154 733 088";"A01";"1";"7";"0";"2";"4";"26";"1";
"202000005209";"154 733 089";"B01";"1";"7";"0";"2";"1";"2";"1";
"202000005210";"154 733 085";"A01";"3";"7";"0";"1";"6";"26";"0";
"202000005211";"154 733 084";"Z01";"2";"7";"0";"1";"0";"1";"0";
"202000005212";"154 733 081";"C01";"1";"10";"1";"0";"6";"1";"1";
"202000005212";"154 733 082";"A01";"2";"33";"0";"2";"1";"13";"1";
"202000005212";"154 733 083";"B01";"2";"7";"1";"0";"3";"23";"1";
"202000005213";"154 733 079";"A01";"1";"7";"0";"2";"3";"20";"1";
"202000005213";"154 733 080";"B01";"2";"30";"0";"2";"0";"1";"1";
"202000005214";"154 733 077";"A01";"0";"1";"0";"2";"1";"19";"5";
"202000005214";"154 733 078";"B01";"0";"7";"0";"2";"8";"1";"1";
"202000005215";"154 733 076";"A01";"3";"7";"0";"1";"2";"1";"1";
"202000005216";"154 733 074";"Z01";"2";"7";"0";"2";"0";"15";"0";
"202000005216";"154 733 075";"B01";"1";"33";"0";"2";"8";"1";"1";
"202000005217";"154 733 072";"B01";"2";"7";"0";"2";"3";"15";"1";
"202000005217";"154 733 073";"A01";"1";"2";"0";"2";"1";"1";"1";
"202000005218";"154 733 071";"A01";"2";"31";"0";"6";"1";"1";"1";
"202000005219";"154 733 070";"A01";"2";"7";"0";"1";"3";"16";"1";
"202000005220";"154 733 069";"A01";"2";"7";"0";"1";"1";"1";" -1";
"202000005221";"154 733 066";"A01";"1";"7";"3";"0";"3";"1";"1";
"202000005221";"154 733 067";"B01";"1";"7";"0";"2";"4";"1";"1";
"202000005221";"154 733 068";"C01";"1";"7";"0";"2";"1";"1";"1";
"202000005222";"154 733 064";"A01";"1";"7";"0";"0";"3";"13";"1";
"202000005222";"154 733 065";"B01";"2";"7";"0";"0";"3";"1";"1";
"202000005223";"154 733 062";"B01";"0";"7";"0";"2";"2";"1";"1";
"202000005223";"154 733 063";"A01";"0";"50";"0";"2";"1";"1";"3";