"Num_Acc";"id_vehicule";"num_veh";"senc";"catv";"obs";"obsm";"choc";"manv";"motor";"occutc"
"202000005224";"154 733 060";"B01";"1";"1";"0";"2";"1";"1";"5";
"202000005224";"154 733 061";"A01";"1";"7";"0";"2";"6";"9";"1";
"202000005225";"154 733 059";"A01";"3";"30";"15";"0";"2";"26";"1";
"202000005226";"154 733 057";"B01";"2";"7";"0";"2";"7";"21";"1";
"202000005226";"154 733 058";"A01";"1";"7";"0";"2";"3";"16";"1";
"202000005227";"154 733 055";"A01";"3";"7";"0";"2";"8";"22";"0";
"202000005227";"154 733 056";"B01";"3";"50";"1";"0";"1";"1";"3";
"202000005228";"154 733 053";"B01";"2";"33";"0";"2";"7";"1";"1";
"202000005228";"154 733 054";"A01";"1";"7";"0";"2";"3";"15";"1";
"202000005229";"154 733 051";"B01";"1";"10";"0";"2";"1";"1";"1";
"202000005229";"154 733 052";"A01";"1";"7";"0";"2";"2";"1";"1";
"202000005230";"154 733 049";"B01";"3";"1";"0";"2";"0";"1";"5";
"202000005230";"154 733 050";"A01";"3";"7";"0";"2";"4";"4";"1";
"202000005231";"154 733 047";"B01";"1";"1";"0";"2";"7";"19";"5";
"202000005231";"154 733 048";"A01";"1";"7";"0";"9";"1";"1";"1";
"202000005232";"154 733 045";"B01";"1";"7";"0";"2";"3";"1";"1";
"202000005232";"154 733 046";"Z01";"1";"7";"0";"2";"0";"0";"1";
"202000005233";"154 733 043";"B01";"1";"34";"0";"2";"4";"1";"1";
"202000005233";"154 733 044";"A01";"1";"7";"0";"2";"2";"1";"1";
"202000005234";"154 733 041";"A01";"2";"7";"0";"2";"1";"2";"1";
"202000005234";"154 733 042";"B01";"2";"7";"0";"2";"4";"2";"1";
"202000005235";"154 733 035";"A01";"1";"7";"0";"2";"8";"1";"1";
"202000005235";"154 733 036";"B01";"2";"1";"0";"2";"1";"1";"5";
"202000005235";"154 733 037";"C01";"2";"1";"0";"2";"1";"1";"5";
"202000005235";"154 733 038";"D01";"2";"1";"0";"2";"1";"1";"5";
"202000005235";"154 733 039";"E01";"2";"1";"0";"2";"1";"1";"5";
"202000005235";"154 733 040";"F01";"2";"1";"0";"2";"1";"1";"5";
"202000005236";"154 733 034";"A01";"0";"30";"4";"0";"7";"1";"1";
"202000005237";"154 733 032";"A01";"2";"7";"0";"2";"1";"1";"1";
"202000005237";"154 733 033";"B01";"1";"32";"0";"2";"8";"1";"1";
"202000005238";"154 733 030";"B01";"3";"43";"0";"2";"2";"1";"1";
"202000005238";"154 733 031";"A01";"3";"7";"0";"2";"1";"19";"1";
"202000005239";"154 733 028";"B01";"2";"7";"0";"2";"4";"15";"1";
"202000005239";"154 733 029";"A01";"2";"33";"0";"2";"4";"17";"1";
"202000005240";"154 733 027";"A01";"3";"32";"0";"0";"7";"16";"1";
"202000005241";"154 733 025";"B01";"3";"7";"1";"1";"8";"0";"1";
"202000005241";"154 733 026";"A01";"1";"33";"4";"0";"7";"1";"1";
"202000005242";"154 733 023";"A01";"2";"7";"0";"2";"2";"1";"1";
"202000005242";"154 733 024";"B01";"2";"7";"0";"2";"1";"1";"1";
"202000005243";"154 733 021";"A01";"1";"7";"0";"2";"8";"15";"1";
"202000005243";"154 733 022";"B01";"1";"34";"0";"2";"7";"2";"1";
"202000005244";"154 733 019";"A01";"2";"1";"0";"2";"1";"17";"5";
"202000005244";"154 733 020";"B01";"2";"7";"0";"2";"8";"1";"1";
"202000005245";"154 733 018";"A01";"2";"31";"0";"0";"8";"1";"1";
"202000005246";"154 733 016";"B01";"3";"1";"0";"2";"7";"1";"5";
"202000005246";"154 733 017";"A01";"3";"7";"0";"2";"1";"9";"1";
"202000005247";"154 733 014";"A01";"2";"1";"0";"2";"1";"5";"5";
"202000005247";"154 733 015";"B01";"2";"7";"0";"2";"3";"1";"1";
"202000005248";"154 733 013";"A01";"2";"7";"0";"1";"1";"16";"1";
"202000005249";"154 733 012";"A01";"2";"7";"0";"1";"3";"15";"1";
"202000005250";"154 733 009";"C01";"2";"7";"0";"2";"7";"1";"1";
"202000005250";"154 733 010";"B01";"2";"31";"0";"2";"2";"3";"1";
"202000005250";"154 733 011";"A01";"2";"43";"0";"2";"3";"11";"1";
"202000005251";"154 733 007";"B01";"1";"7";"0";"2";"5";"1";"1";
"202000005251";"154 733 008";"A01";"1";"7";"0";"2";"3";"13";"1";
"202000005252";"154 733 006";"A01";"2";"7";"0";"1";"2";"16";"1";
"202000005253";"154 733 004";"B01";"2";"33";"0";"2";"1";"17";"1";
"202000005253";"154 733 005";"A01";"2";"7";"0";"2";"3";"15";"1";
"202000005254";"154 733 002";"A01";"2";"10";"0";"2";"1";"2";"1";
"202000005254";"154 733 003";"B01";"2";"7";"0";"2";"4";"2";"1";
"202000005255";"154 733 001";"A01";"1";"50";"0";"0";"8";"25";"3";
"202000005256";"154 732 999";"A01";"2";"1";"0";"2";"1";"5";"5";
"202000005256";"154 733 000";"Z01";"1";"30";"0";"2";"1";"7";"0";
"202000005257";"154 732 998";"A01";"2";"80";"0";"0";"8";"13";"3";
"202000005258";"154 732 996";"B01";"3";"33";"0";"2";"3";"9";"1";
"202000005258";"154 732 997";"A01";"3";"7";"0";"2";"2";"1";"1";
"202000005259";"154 732 994";"B01";"1";"7";"0";"2";"5";"15";"1";
"202000005259";"154 732 995";"A01";"1";"30";"0";"2";"3";"2";"1";
"202000005260";"154 732 990";"B01";"1";"1";"0";"2";"1";"2";"5";
"202000005260";"154 732 991";"A01";"1";"7";"0";"2";"4";"20";"1";
"202000005261";"154 732 989";"A01";"2";"50";"0";"0";"0";"21";"3";
"202000005262";"154 732 987";"A01";"2";"7";"0";"2";"1";"2";"1";
"202000005262";"154 732 988";"B01";"2";"7";"0";"2";"4";"23";"1";
"202000005263";"154 732 986";"A01";"3";"7";"0";"1";"1";"4";"2";
"202000005264";"154 732 985";"A01";"2";"50";"0";"1";"1";"1";"3";
"202000005265";"154 732 984";"A01";"1";"10";"0";"1";"2";"1";"1";
"202000005266";"154 732 982";"B01";"1";"43";"0";"2";"8";"9";"1";
"202000005266";"154 732 983";"A01";"3";"32";"0";"2";"1";"1";"1";
"202000005267";"154 732 980";"A01";"1";"1";"0";"2";"1";"1";"5";
"202000005267";"154 732 981";"B01";"0";"33";"0";"2";"1";"1";"1";
"202000005268";"154 732 978";"A01";"1";"7";"0";"2";"5";"17";"3";
"202000005268";"154 732 979";"B01";"1";"1";"0";"2";"3";"11";"5";
"202000005269";"154 732 977";"A01";"1";"33";"0";"1";"1";"1";"1";
"202000005270";"154 732 975";"B01";"2";"7";"0";"2";"3";"1";"1";
"202000005270";"154 732 976";"A01";"3";"32";"0";"2";"7";"1";"1";
"202000005271";"154 732 973";"Z01";"2";"7";"0";"2";"1";"2";"1";
"202000005271";"154 732 974";"A01";"2";"1";"0";"2";"4";"2";"5";
"202000005272";"154 732 972";"A01";"0";"43";"12";"0";"7";"14";"1";
"202000005273";"154 732 970";"B01";"2";"1";"0";"2";"3";"1";"5";
"202000005273";"154 732 971";"A01";"1";"10";"0";"2";"1";"15";"1";
"202000005274";"154 732 968";"A01";"1";"7";"0";"2";"3";"17";"1";
"202000005274";"154 732 969";"B01";"1";"1";"0";"2";"3";"7";"5";
"202000005275";"154 732 967";"A01";"1";"80";"12";"0";"7";"1";"3";
"202000005276";"154 732 966";"A01";"1";"7";"0";"1";"1";"13";"1";
"202000005277";"154 732 965";"A01";"2";"7";"0";"1";"2";"15";"0";
"202000005278";"154 732 964";"A01";"0";"7";"0";"1";"1";"1";"1";
"202000005279";"154 732 962";"A01";"2";"7";"0";"2";"3";"15";"1";
"202000005279";"154 732 963";"B01";"1";"31";"0";"2";"3";"1";"1";
"202000005280";"154 732 959";"C01";"3";"10";"0";"2";"4";"2";"1";
"202000005280";"154 732 960";"B01";"3";"7";"0";"2";"4";"2";"1";
"202000005280";"154 732 961";"A01";"3";"7";"0";"2";"1";"2";"1";
"202000005281";"154 732 957";"A01";"0";"7";"0";"2";"2";"19";"1";
"202000005281";"154 732 958";"B01";"3";"1";"0";"2";"6";"19";"5";
"202000005282";"154 732 955";"A01";"3";"15";"0";"2";"7";"19";"0";
"202000005282";"154 732 956";"B01";"0";"1";"0";"2";"7";"2";"0";
"202000005283";"154 732 954";"A01";"3";"32";"9";"0";"1";"0";"1";
"202000005284";"154 732 952";"A01";"3";"10";"0";"2";"1";"16";"1";
"202000005284";"154 732 953";"B01";"1";"31";"0";"2";"1";"2";"1";
"202000005285";"154 732 950";"A01";"1";"7";"0";"2";"7";"17";"1";
"202000005285";"154 732 951";"Y01";"1";"1";"0";"2";"5";"0";"5";
"202000005286";"154 732 948";"B01";"3";"7";"0";"2";"3";"1";"1";
"202000005286";"154 732 949";"A01";"3";"7";"0";"2";"3";"21";"1";
"202000005287";"154 732 944";"A01";"1";"7";"0";"2";"4";"23";"1";
"202000005287";"154 732 945";"B01";"1";"10";"0";"2";"4";"23";"1";
"202000005287";"154 732 946";"C01";"1";"7";"0";"2";"4";"23";"1";
"202000005287";"154 732 947";"D01";"1";"10";"0";"2";"1";"2";"1";
"202000005288";"154 732 943";"A01";"1";"7";"0";"1";"2";"1";"2";
"202000005289";"154 732 941";"A01";"1";"34";"0";"2";"1";"7";"1";
"202000005289";"154 732 942";"B01";"1";"7";"0";"2";"7";"16";"1";
"202000005290";"154 732 939";"B01";"1";"7";"0";"2";"2";"1";"0";
"202000005290";"154 732 940";"A01";"3";"30";"0";"2";"8";"19";"0";
"202000005291";"154 732 938";"A01";"1";"7";"6";"0";"3";"1";"0";
"202000005292";"154 732 937";"A01";" -1";"7";"0";"1";" -1";" -1";" -1";
"202000005293";"154 732 935";"A01";"1";"7";"0";"1";"2";"1";"1";
"202000005294";"154 732 933";"B01";"1";"34";"0";"2";"2";"17";"1";
"202000005294";"154 732 934";"A01";"1";"7";"0";"2";"3";"13";"1";
"202000005295";"154 732 931";"B01";"2";"10";"0";"2";"1";"1";"1";
"202000005295";"154 732 932";"A01";"3";"10";"8";"2";"2";"1";"1";
"202000005296";"154 732 930";"A01";"2";"7";"2";"0";"1";"21";"1";
"202000005297";"154 732 929";"A01";"1";"30";"0";"1";"2";"2";"0";
"202000005298";"154 732 926";"B01";"3";"1";"0";"2";"8";"3";"5";
"202000005298";"154 732 927";"C01";"3";"10";"0";"9";"8";"2";"1";
"202000005298";"154 732 928";"A01";"3";"7";"0";"9";"2";"14";"1";
"202000005299";"154 732 925";"A01";"2";"30";"0";"1";"2";"1";"1";
"202000005300";"154 732 924";"A01";"3";"30";"12";"0";"0";"1";"1";
"202000005301";"154 732 922";"A01";"2";"7";"0";"2";"3";"1";"1";
"202000005301";"154 732 923";"B01";"2";"60";"0";"2";"1";"0";"5";
"202000005302";"154 732 920";"B01";"2";"7";"0";"2";"7";"2";"1";
"202000005302";"154 732 921";"A01";"2";"33";"0";"2";"1";"1";"1";
"202000005303";"154 732 918";"A01";"1";"10";"1";"0";"3";"15";"1";
"202000005303";"154 732 919";"T01";"1";"50";"0";"9";"1";"0";"3";
"202000005304";"154 732 917";"A01";"2";"7";"13";"0";"9";"1";"1";
"202000005305";"154 732 915";"B01";"1";"21";"0";"2";"3";"1";"0";
"202000005305";"154 732 916";"A01";"2";"10";"0";"2";"1";"13";"0";
"202000005306";"154 732 914";"A01";"0";"1";"0";"1";"1";"0";"0";
"202000005307";"154 732 912";"A01";"3";"7";"0";"0";"3";"13";"0";
"202000005307";"154 732 913";"B01";"0";"31";"0";"2";"1";"13";"0";
"202000005308";"154 732 911";"A01";"3";"33";"8";"0";"1";"14";"1";
"202000005309";"154 732 910";"A01";"2";"7";"0";"1";"7";"16";"1";
"202000005310";"154 732 909";"A01";"1";"33";"0";"1";"2";"1";"0";
"202000005311";"154 732 908";"A01";"2";"7";"0";"0";"2";"0";"0";
"202000005312";"154 732 906";"B01";"2";"33";"0";"2";"3";"1";"1";
"202000005312";"154 732 907";"A01";"2";"7";"0";"2";"1";"1";"1";
"202000005313";"154 732 904";"A01";"3";"7";"0";"2";"8";"1";"1";
"202000005313";"154 732 905";"B01";"3";"31";"0";"2";"8";"1";"1";
"202000005314";"154 732 902";"B01";"2";"10";"0";"0";"3";"5";"1";
"202000005314";"154 732 903";"A01";"1";"7";"0";"0";"0";"5";"1";
"202000005315";"154 732 900";"B01";"2";"21";"0";"2";"8";"1";"1";
"202000005315";"154 732 901";"A01";"1";"33";"0";"2";"8";"13";"1";
"202000005316";"154 732 899";"A01";"1";"7";"2";"0";"1";"1";"1";
"202000005317";"154 732 897";"A01";"1";"1";"0";"2";"1";"5";"5";
"202000005317";"154 732 898";"B01";"2";"7";"0";"9";"2";"21";"1";
"202000005318";"154 732 896";"A01";"3";"7";"0";"1";"3";"15";"1";
"202000005319";"154 732 894";"A01";"1";"7";"0";"9";"3";"9";"1";
"202000005319";"154 732 895";"B01";"1";"1";"0";"0";"7";"1";"5";
"202000005320";"154 732 893";"A01";"3";"2";"13";"0";"1";"1";"1";
"202000005321";"154 732 891";"A01";"2";"7";"0";"2";"5";"13";"1";
"202000005321";"154 732 892";"B01";"1";"7";"0";"2";"1";"1";"1";
"202000005322";"154 732 889";"A01";"2";"10";"0";"2";"3";"9";"1";
"202000005322";"154 732 890";"B01";"2";"1";"0";"2";"7";"9";"5";
"202000005323";"154 732 888";"A01";"0";"2";"1";"0";"1";"17";"1";
"202000005324";"154 732 886";"B01";"1";"7";"0";"2";"3";"1";"1";
"202000005324";"154 732 887";"A01";"2";"7";"0";"2";"3";"5";"1";
"202000005325";"154 732 883";"C01";"1";"7";"0";"2";"6";"1";"1";
"202000005325";"154 732 884";"A01";"2";"33";"0";"2";"3";"13";"1";
"202000005325";"154 732 885";"B01";"1";"7";"0";"2";"8";"21";"1";
"202000005326";"154 732 881";"B01";"2";"31";"0";"2";"1";"1";"0";
"202000005326";"154 732 882";"A01";"1";"7";"0";"2";"1";"5";"0";
"202000005327";"154 732 880";"A01";"1";"7";"0";"1";"2";"1";"1";
"202000005328";"154 732 878";"B01";"0";"7";"0";"2";"2";"15";"1";
"202000005328";"154 732 879";"A01";"2";"7";"0";"2";"3";"1";"1";
"202000005329";"154 732 876";"B01";"0";"2";"0";"2";"3";"1";"1";
"202000005329";"154 732 877";"A01";"0";"7";"0";"2";"3";"17";"1";
"202000005330";"154 732 875";"A01";"1";"7";"13";"0";"1";"13";"1";
"202000005331";"154 732 873";"B01";"2";"2";"0";"2";"1";"17";"1";
"202000005331";"154 732 874";"A01";"2";"7";"0";"2";"3";"15";"1";
"202000005332";"154 732 872";"A01";"1";"7";"0";"1";"2";"1";"1";
"202000005333";"154 732 871";"A01";"2";"3";"0";"0";"9";"13";"1";
"202000005334";"154 732 869";"A01";"2";"33";"0";"2";"2";"1";"1";
"202000005334";"154 732 870";"B01";"2";"7";"0";"2";"3";"1";"1";
"202000005335";"154 732 867";"A01";"2";"7";"0";"2";"1";"15";"0";
"202000005335";"154 732 868";"B01";"0";"7";"13";"2";"8";"1";"0";
"202000005336";"154 732 865";"A01";"1";"33";"0";"2";"1";"1";"1";
"202000005336";"154 732 866";"B01";"2";"10";"0";"2";"3";"1";"1";
"202000005337";"154 732 864";"A01";"3";"7";"0";"1";"0";"1";"0";
"202000005338";"154 732 862";"B01";"2";"14";"0";"2";"1";"1";"1";
"202000005338";"154 732 863";"A01";"1";"7";"0";"2";"1";"13";"1";
"202000005339";"154 732 858";"A01";"0";"7";"0";"2";"1";"15";"1";
"202000005339";"154 732 859";"B01";"0";"34";"0";"2";"1";"1";"1";
"202000005340";"154 732 856";"B01";"2";"7";"0";"2";"3";"13";"1";
"202000005340";"154 732 857";"A01";"1";"7";"0";"2";"3";"23";"1";
"202000005341";"154 732 855";"A01";"1";"33";"9";"0";"1";"1";"1";
"202000005342";"154 732 854";"A01";"2";"7";"13";"0";"7";"1";"1";
"202000005343";"154 732 853";"A01";"3";"10";"8";"0";"7";"13";"1";
"202000005344";"154 732 851";"B01";"2";"13";"0";"2";"1";"13";"1";
"202000005344";"154 732 852";"A01";"1";"7";"1";"0";"1";"1";"1";
"202000005345";"154 732 850";"A01";"3";"0";"0";"1";"1";"1";"0";
"202000005346";"154 732 848";"A01";"2";"7";"0";"2";"8";"2";"0";
"202000005346";"154 732 849";"B01";"1";"7";"0";"2";"2";"15";"6";
"202000005347";"154 732 845";"A01";"1";"7";"0";"0";"2";"2";"1";
"202000005347";"154 732 846";"B01";"1";"1";"0";"0";"3";"1";"5";
"202000005347";"154 732 847";"C01";"1";"1";"0";"0";"3";"1";"5";
"202000005348";"154 732 842";"A01";"3";"7";"0";"2";"1";"5";"1";
"202000005348";"154 732 843";"B01";"3";"7";"0";"2";"1";"2";"1";
"202000005348";"154 732 844";"C01";"3";"7";"0";"2";"1";"21";"1";
"202000005349";"154 732 840";"A01";"2";"7";"0";"2";"3";"5";"1";
"202000005349";"154 732 841";"B01";"1";"7";"0";"2";"3";"1";"1";
"202000005350";"154 732 839";"A01";"2";"33";"2";"0";"0";"1";"1";
"202000005351";"154 732 838";"A01";"3";"1";"0";"0";"7";"1";"5";
"202000005352";"154 732 835";"C01";"2";"7";"14";"0";"3";"1";"1";
"202000005352";"154 732 836";"B01";"1";"17";"0";"2";"3";"1";"1";
"202000005352";"154 732 837";"A01";"2";"7";"0";"2";"3";"13";"1";
"202000005353";"154 732 833";"B01";"1";"33";"0";"0";"1";"2";"1";
"202000005353";"154 732 834";"A01";"1";"7";"0";"0";"5";"15";"1";
"202000005354";"154 732 831";"A01";"3";"7";"0";"2";"2";"15";"1";
"202000005354";"154 732 832";"B01";"3";"2";"0";"2";"1";"1";"1";
"202000005355";"154 732 828";"C01";"1";"37";"0";"0";"0";"17";"0";"1"
"202000005355";"154 732 829";"B01";"2";"2";"0";"2";"1";"2";"1";
"202000005355";"154 732 830";"A01";"2";"7";"0";"2";"6";"1";"1";
"202000005356";"154 732 827";"A01";"2";"99";"13";"0";"9";"19";"1";
"202000005357";"154 732 826";"A01";"2";"7";"2";"0";"9";"1";"1";
"202000005358";"154 732 824";"A01";"1";"7";"0";"2";"8";"17";"1";
"202000005358";"154 732 825";"B01";"2";"31";"0";"2";"8";"1";"1";
"202000005359";"154 732 822";"B01";"1";"33";"0";"2";"1";"1";"1";
"202000005359";"154 732 823";"A01";"2";"10";"0";"2";"7";"15";"1";
"202000005360";"154 732 821";"A01";"3";"1";"0";"2";"1";"1";"5";
"202000005361";"154 732 820";"A01";"1";"7";"0";"1";"1";"9";"1";
"202000005362";"154 732 819";"A01";"1";"7";"0";"1";"1";"1";"1";
"202000005363";"154 732 818";"A01";"1";"1";"0";"0";"0";"1";"5";
"202000005364";"154 732 817";"A01";"0";"7";"0";"1";"1";"1";"1";
"202000005365";"154 732 815";"A01";"1";"10";"0";"2";"2";"1";"1";
"202000005365";"154 732 816";"B01";"1";"15";"0";"0";"6";"1";"1";
"202000005366";"154 732 814";"A01";"2";"7";"13";"0";"2";"1";"1";
"202000005367";"154 732 811";"C01";"1";"7";"0";"2";"1";"2";"1";
"202000005367";"154 732 812";"B01";"1";"10";"0";"2";"4";"2";"1";
"202000005367";"154 732 813";"A01";"1";"10";"0";"2";"4";"2";"1";
"202000005368";"154 732 809";"B01";"1";"32";"6";"2";"1";"2";"1";
"202000005368";"154 732 810";"A01";"1";"10";"6";"2";"4";"2";"1";
"202000005369";"154 732 808";"A01";"1";"7";"3";"0";"1";"2";"1";
"202000005370";"154 732 804";"C01";"2";"7";"0";"9";"1";"1";"1";
"202000005370";"154 732 805";"A01";"1";"7";"0";"2";"1";"14";"1";
"202000005370";"154 732 806";"D01";"1";"7";"0";"0";"0";"1";"0";
"202000005370";"154 732 807";"B01";"1";"15";"0";"2";"4";"1";"0";
"202000005371";"154 732 802";"A01";"1";"10";"0";"2";"8";"2";"1";
"202000005371";"154 732 803";"B01";"1";"31";"0";"2";"7";"17";"1";
"202000005372";"154 732 800";"A01";"2";"10";"0";"2";"2";"3";"1";
"202000005372";"154 732 801";"B01";"2";"15";"0";"2";"6";"1";"1";
"202000005373";"154 732 798";"A01";"2";"7";"0";"2";"1";"1";"1";
"202000005373";"154 732 799";"B01";"2";"15";"0";"2";"4";"1";"1";
"202000005374";"154 732 795";"Z01";"2";"7";"0";"2";"1";"2";"1";
"202000005374";"154 732 796";"B01";"2";"10";"0";"2";"4";"2";"1";
"202000005374";"154 732 797";"A01";"2";"7";"0";"2";"4";"2";"1";
"202000005375";"154 732 794";"A01";"1";"33";"6";"0";"3";"1";"1";
"202000005376";"154 732 792";"B01";"2";"7";"0";"2";"5";"2";"0";
"202000005376";"154 732 793";"A01";"2";"33";"0";"2";"3";"2";"1";
"202000005377";"154 732 788";"A01";"1";"33";"4";"0";"3";"0";"1";
"202000005378";"154 732 786";"B01";"1";"15";"0";"0";"5";"1";"1";
"202000005378";"154 732 787";"A01";"1";"10";"0";"2";"1";"17";"1";
"202000005379";"154 732 784";"B01";"3";"1";"0";"2";"0";"0";"5";
"202000005379";"154 732 785";"A01";"3";"7";"0";"2";"3";"1";"1";
"202000005380";"154 732 782";"A01";"2";"7";"0";"2";"4";"4";"1";
"202000005380";"154 732 783";"B01";"2";"2";"0";"2";"1";"2";"1";
"202000005381";"154 732 780";"A01";"3";"33";"1";"0";"1";"1";"0";
"202000005381";"154 732 781";"B01";"0";"7";"0";"1";"4";"26";"0";
"202000005382";"154 732 778";"B01";"3";"7";"0";"2";"3";"1";"1";
"202000005382";"154 732 779";"A01";"3";"7";"0";"2";"3";"19";"1";
"202000005383";"154 732 777";"A01";"1";"10";"0";"1";"3";"1";"0";
"202000005384";"154 732 775";"B01";"1";"0";"0";"2";"5";"17";" -1";
"202000005384";"154 732 776";"A01";"1";"33";"0";"2";"1";"1";"1";
"202000005385";"154 732 773";"B01";"3";"7";"0";"9";"3";"1";"1";
"202000005385";"154 732 774";"A01";"3";"1";"0";"2";"1";"16";"5";
"202000005386";"154 732 771";"A01";"2";"7";"0";"2";"1";"1";"1";
"202000005386";"154 732 772";"B01";"0";"7";"0";"0";"3";"1";"1";
"202000005387";"154 732 769";"B01";"2";"7";"0";"2";"1";"2";"1";
"202000005387";"154 732 770";"A01";"1";"7";"0";"2";"3";"13";"1";
"202000005388";"154 732 767";"B01";"1";"31";"0";"2";"1";"26";"1";
"202000005388";"154 732 768";"A01";"1";"7";"0";"2";"7";"15";"1";
"202000005389";"154 732 766";"A01";"2";"7";"0";"1";"2";"1";"1";
"202000005390";"154 732 764";"A01";"1";"7";"0";"2";"2";"1";"1";
"202000005390";"154 732 765";"B01";"3";"1";"0";"2";"1";"19";"5";
"202000005391";"154 732 762";"A01";"1";"10";"0";"2";"2";"17";"1";
"202000005391";"154 732 763";"B01";"1";"21";"0";"2";"6";"1";"1";
"202000005392";"154 732 760";"B01";"1";"2";"0";"0";"3";"1";"1";
"202000005392";"154 732 761";"A01";"1";"7";"0";"0";"5";"17";"1";
"202000005393";"154 732 759";"A01";"1";"33";"0";"0";"1";"14";"1";
"202000005394";"154 732 758";"A01";"1";"7";"13";"0";"1";"1";"1";
"202000005395";"154 732 755";"C01";"2";"7";"0";"2";"1";"2";"1";
"202000005395";"154 732 756";"B01";"2";"7";"3";"2";"3";"1";"1";
"202000005395";"154 732 757";"A01";"1";"7";"4";"2";"2";"5";"1";
"202000005396";"154 732 753";"A01";"3";"7";"0";"2";"7";"19";"1";
"202000005396";"154 732 754";"B01";"0";"7";"0";"2";"1";"19";"1";
"202000005397";"154 732 752";"A01";"1";"33";"0";"0";"0";"1";"0";
"202000005398";"154 732 750";"B01";"3";"7";"0";"2";"8";"19";"1";
"202000005398";"154 732 751";"A01";"0";"7";"0";"2";"2";"26";"1";
"202000005399";"154 732 747";"B01";"2";"14";"3";"2";"3";"21";"1";
"202000005399";"154 732 748";"A01";"1";"7";"0";"2";"1";"13";"1";
"202000005399";"154 732 749";"C01";"1";"7";"0";"2";"6";"5";"1";
"202000005400";"154 732 744";"A01";"1";"10";"0";"2";"0";"1";"1";
"202000005400";"154 732 745";"B01";"2";"7";"0";"9";"3";"1";"1";
"202000005400";"154 732 746";"C01";"1";"33";"0";"0";"0";"1";"1";
"202000005401";"154 732 743";"A01";"1";"7";"15";"0";"9";"14";"1";
"202000005402";"154 732 742";"A01";"2";"7";"3";"0";"0";"17";"1";
"202000005403";"154 732 740";"B01";"1";"2";"0";"2";"1";"1";"1";
"202000005403";"154 732 741";"A01";"2";"7";"0";"2";"2";"1";"1";
"202000005404";"154 732 739";"A01";"1";"7";"8";"0";"2";"14";"1";
"202000005405";"154 732 737";"A01";"1";"2";"0";"0";"4";"1";"1";
"202000005405";"154 732 738";"B01";"1";"2";"0";"0";"1";"1";"1";
"202000005406";"154 732 735";"A01";"2";"2";"0";"2";"1";"1";"1";
"202000005406";"154 732 736";"B01";"2";"7";"0";"2";"5";"4";"1";
"202000005407";"154 732 732";"B01";"1";"33";"0";"2";"5";"2";"1";
"202000005407";"154 732 733";"C01";"1";"7";"0";"2";"4";"2";"1";
"202000005407";"154 732 734";"A01";"1";"7";"0";"2";"1";"2";"1";
"202000005408";"154 732 729";"C01";"1";"7";"0";"2";"1";"2";"1";
"202000005408";"154 732 730";"B01";"1";"7";"0";"2";"5";"2";"1";
"202000005408";"154 732 731";"A01";"1";"7";"0";"2";"4";"2";"1";
"202000005409";"154 732 726";"C01";"1";"7";"6";"2";"4";"2";"1";
"202000005409";"154 732 727";"B01";"1";"7";"6";"2";"4";"2";"1";
"202000005409";"154 732 728";"A01";"1";"7";"6";"2";"1";"2";"1";
"202000005410";"154 732 724";"B01";"2";"7";"0";"2";"8";"11";"1";
"202000005410";"154 732 725";"A01";"2";"33";"12";"2";"7";"1";"1";
"202000005411";"154 732 722";"A01";"2";"7";"0";"2";"1";"1";"1";
"202000005411";"154 732 723";"B01";"2";"7";"0";"2";"4";"2";"1";
"202000005412";"154 732 718";"D01";"2";"7";"4";"0";"1";"21";"1";
"202000005412";"154 732 719";"A01";"2";"7";"4";"0";"1";"13";"1";
"202000005412";"154 732 720";"B01";"2";"7";"0";"2";"1";"1";"1";
"202000005412";"154 732 721";"C01";"2";"7";"0";"2";"1";"1";"1";
"202000005413";"154 732 716";"A01";"1";"7";"3";"2";"1";"17";"1";
"202000005413";"154 732 717";"B01";"1";"7";"0";"2";"6";"1";"1";
"202000005414";"154 732 712";"B01";"2";"7";"0";"2";"5";"1";"1";
"202000005414";"154 732 713";"D01";"2";"7";"4";"2";"2";"0";"1";
"202000005414";"154 732 714";"A01";"2";"7";"0";"2";"4";"2";"1";
"202000005414";"154 732 715";"C01";"2";"7";"0";"2";"6";"2";"1";
"202000005415";"154 732 711";"A01";"1";"7";"3";"0";"1";"14";"1";
"202000005416";"154 732 703";"B01";"1";"7";"8";"2";"1";"2";"1";
"202000005416";"154 732 704";"A01";"1";"7";"0";"2";"4";"2";"1";
"202000005417";"154 732 701";"A01";"1";"7";"0";"2";"2";"14";"1";
"202000005417";"154 732 702";"B01";"1";"7";"0";"2";"8";"1";"1";
"202000005418";"154 732 700";"A01";"2";"7";"4";"0";"9";"1";"1";
"202000005419";"154 732 697";"C01";"2";"7";"0";"2";"5";"1";"1";
"202000005419";"154 732 698";"B01";"2";"7";"0";"2";"8";"11";"1";
"202000005419";"154 732 699";"A01";"2";"33";"0";"2";"1";"3";"0";
"202000005420";"154 732 695";"B01";"1";"7";"0";"2";"5";"1";"1";
"202000005420";"154 732 696";"A01";"1";"7";"0";"2";"3";"1";"1";
"202000005421";"154 732 694";"A01";"3";"20";"2";"0";"2";"13";"1";
"202000005422";"154 732 693";"A01";"1";"7";"15";"0";"1";"13";"1";