"Num_Acc";"id_vehicule";"num_veh";"senc";"catv";"obs";"obsm";"choc";"manv";"motor";"occutc"
"202000005850";"154 731 961";"B01";"3";"10";"0";"2";"3";"1";"6";
"202000005851";"154 731 958";"A01";"2";"7";"0";"2";"0";"0";"1";
"202000005851";"154 731 959";"B01";"1";"33";"0";"2";"2";"1";"1";
"202000005852";"154 731 957";"A01";"1";"7";"4";"0";"1";"1";"1";
"202000005853";"154 731 955";"B01";"3";"31";"0";"2";"8";"15";"1";
"202000005853";"154 731 956";"A01";"0";"7";"0";"2";"3";"19";"1";
"202000005854";"154 731 953";"B01";" -1";"7";"0";"0";"0";"0";"1";
"202000005854";"154 731 954";"A01";" -1";"7";"15";"0";"2";"1";"1";
"202000005855";"154 731 951";"B01";" -1";"7";"0";"2";"3";"10";"1";
"202000005855";"154 731 952";"A01";" -1";"34";"3";"2";"3";"13";"0";
"202000005856";"154 731 950";"A01";"1";"7";"0";"1";"1";"2";"1";
"202000005857";"154 731 948";"A01";"1";"37";"0";"2";"8";"1";"0";"1"
"202000005857";"154 731 949";"B01";"3";"1";"0";"2";"1";"9";"0";
"202000005858";"154 731 946";"A01";"1";"7";"0";"2";"3";"10";"0";
"202000005858";"154 731 947";"B01";"1";"32";"0";"2";"7";"1";"0";
"202000005859";"154 731 945";"A01";"2";"7";"0";"1";"7";"1";"1";
"202000005860";"154 731 942";"D01";" -1";"7";"8";"0";"0";"0";"0";
"202000005860";"154 731 943";"A01";"2";"7";"0";"2";"1";"2";"0";
"202000005860";"154 731 944";"B01";"2";"7";"8";"0";"0";"0";"0";
"202000005861";"154 731 941";"A01";" -1";"3";"0";"1";"1";"15";"0";
"202000005862";"154 731 939";"B01";"1";"50";"1";"0";"0";"1";"3";
"202000005862";"154 731 940";"CA01";"3";"7";"0";"2";"3";"22";"1";
"202000005863";"154 731 938";"A01";"1";"10";"15";"0";"1";"1";"1";
"202000005864";"154 731 936";"B01";"2";"50";"0";"2";"1";"2";"3";
"202000005864";"154 731 937";"A01";"2";"7";"0";"2";"0";"14";"1";
"202000005865";"154 731 935";"B01";"2";"2";"0";"4";"3";"2";"1";
"202000005866";"154 731 933";"A01";"1";"32";"0";"0";"2";"2";"0";
"202000005866";"154 731 934";"B01";"1";"1";"0";"0";"6";"14";"0";
"202000005867";"154 731 932";"A01";"1";"7";"0";"1";"1";"1";"1";
"202000005868";"154 731 928";"C01";"2";"1";"14";"0";"1";"1";"5";
"202000005868";"154 731 929";"B01";"2";"1";"14";"0";"1";"1";"5";
"202000005868";"154 731 930";"A01";"1";"7";"0";"0";"0";"1";"1";
"202000005868";"154 731 931";"D01";"2";"1";"0";"9";"1";"1";"5";
"202000005869";"154 731 925";"C01";"2";"14";"0";"2";"6";"1";"0";
"202000005869";"154 731 926";"B01";"2";"7";"0";"0";"3";"1";"0";
"202000005869";"154 731 927";"A01";"1";"7";"0";"2";"3";"13";"0";
"202000005870";"154 731 923";"B01";"2";"1";"0";"2";"1";"1";"5";
"202000005870";"154 731 924";"A01";"1";"7";"0";"2";"3";"19";"1";
"202000005871";"154 731 921";"B01";"2";"31";"0";"2";"7";"1";"1";
"202000005871";"154 731 922";"A01";"1";"7";"0";"2";"1";"9";"3";
"202000005872";"154 731 919";"A01";"1";"7";"8";"2";"1";"1";"0";
"202000005872";"154 731 920";"B01";"2";"7";"0";"2";"3";"1";"0";
"202000005873";"154 731 918";"A01";"2";"31";"0";"0";"2";"0";"1";
"202000005874";"154 731 916";"A01";"1";"7";"0";"0";"5";"2";"1";
"202000005874";"154 731 917";"B01";"1";"33";"0";"2";"2";"2";"1";
"202000005875";"154 731 914";"B01";"1";"7";"0";"2";"2";"6";"1";
"202000005875";"154 731 915";"A01";"1";"1";"0";"2";"1";"1";"5";
"202000005876";"154 731 911";"A01";"1";"7";"2";"0";"1";"1";"1";
"202000005877";"154 731 909";"A01";"2";"7";"0";"2";"2";"19";"1";
"202000005877";"154 731 910";"B01";"1";"7";"0";"2";"7";"1";"1";
"202000005878";"154 731 907";"A01";"2";"7";"0";"9";"2";"15";"1";
"202000005878";"154 731 908";"B01";"2";"1";"0";"0";"1";"26";"6";
"202000005879";"154 731 905";"B01";"2";"33";"0";"2";"1";"21";"1";
"202000005879";"154 731 906";"A01";"2";"7";"0";"2";"3";"10";"1";
"202000005880";"154 731 904";"A01";"1";"7";"6";"0";"2";"1";"1";
"202000005881";"154 731 903";"A01";"1";"7";"0";"0";"0";"1";"0";
"202000005882";"154 731 901";"A01";"1";"10";"0";"2";"7";"15";"0";
"202000005882";"154 731 902";"B01";"2";"7";"0";"2";"2";"1";"0";
"202000005883";"154 731 900";"A01";"2";"10";"0";"1";"2";"1";"1";
"202000005884";"154 731 899";"A01";"1";"7";"13";"0";"2";"0";"0";
"202000005885";"154 731 898";"A01";"1";"33";"0";"6";"1";"1";"1";
"202000005886";"154 731 896";"B01";"1";"33";"0";"2";"2";"17";"1";
"202000005886";"154 731 897";"A01";"1";"7";"0";"2";"3";"15";"1";
"202000005887";"154 731 893";"C01";"1";"7";"0";"2";"4";"23";"1";
"202000005887";"154 731 894";"B01";"1";"7";"0";"2";"4";"23";"1";
"202000005887";"154 731 895";"A01";"1";"7";"0";"2";"1";"1";"1";
"202000005888";"154 731 892";"A01";"1";"1";"0";"0";"0";"1";"5";
"202000005889";"154 731 890";"B01";"2";"33";"0";"2";"1";"1";"1";
"202000005889";"154 731 891";"A01";"3";"7";"0";"2";"3";"19";"1";
"202000005890";"154 731 887";"B01";"1";"7";"0";"2";"3";"1";"1";
"202000005890";"154 731 888";"A01";"2";"7";"0";"2";"3";"17";"1";
"202000005890";"154 731 889";"C01";"1";"33";"0";"2";"1";"1";"1";
"202000005891";"154 731 885";"B01";"0";"7";"0";"2";"3";"1";"6";
"202000005891";"154 731 886";"A01";"0";"2";"0";"2";"1";"1";"1";
"202000005892";"154 731 883";"B01";"2";"1";"0";"2";"1";"1";"5";
"202000005892";"154 731 884";"A01";"3";"10";"0";"2";"2";"19";"1";
"202000005893";"154 731 882";"A01";"0";"33";"0";"0";"7";"1";"0";
"202000005894";"154 731 881";"A01";"1";"7";"0";"0";"9";"2";"1";
"202000005895";"154 731 879";"A01";"2";"10";"0";"2";"7";"13";"1";
"202000005895";"154 731 880";"B01";"2";"33";"0";"2";"2";"17";"1";
"202000005896";"154 731 878";"A01";"1";"1";"0";"9";"1";"1";"5";
"202000005897";"154 731 876";"A01";"2";"7";"0";"2";"3";"19";"1";
"202000005897";"154 731 877";"B01";"1";"10";"0";"2";"1";"1";"1";
"202000005898";"154 731 870";"A01";"1";"7";"2";"0";"1";"13";"1";
"202000005899";"154 731 869";"A01";"2";"1";"0";"0";"1";"0";"5";
"202000005900";"154 731 867";"A01";"0";"7";"0";"2";"2";"9";"1";
"202000005900";"154 731 868";"B01";"0";"7";"0";"2";"1";"1";"1";
"202000005901";"154 731 866";"A01";"1";"7";"13";"0";"2";"21";"0";
"202000005902";"154 731 864";"B01";"3";"33";"0";"2";"8";"20";"1";
"202000005902";"154 731 865";"A01";"3";"10";"0";"0";"5";"26";"1";
"202000005903";"154 731 862";"B01";"1";"10";"6";"2";"8";"1";"1";
"202000005903";"154 731 863";"A01";"1";"7";"0";"2";"1";"19";"1";
"202000005904";"154 731 861";"A01";"2";"7";"13";"0";"0";"13";"1";
"202000005905";"154 731 859";"A01";"1";"7";"0";"2";"1";"1";"1";
"202000005905";"154 731 860";"B01";"1";"7";"0";"2";"4";"1";"1";
"202000005906";"154 731 858";"A01";"2";"7";"2";"0";"1";"1";"1";
"202000005907";"154 731 857";"A01";"3";"7";"16";"0";"3";"1";"1";
"202000005908";"154 731 856";"A01";"0";"7";"15";"1";"3";"1";"1";
"202000005909";"154 731 854";"B01";"2";"7";"0";"0";"4";"23";"1";
"202000005909";"154 731 855";"A01";"2";"7";"1";"0";"1";"14";"1";
"202000005910";"154 731 852";"A01";"2";"2";"0";"2";"1";"2";"1";
"202000005910";"154 731 853";"B01";"2";"7";"0";"0";"4";"2";"1";
"202000005911";"154 731 849";"B01";"2";"7";"0";"2";"3";"1";"1";
"202000005911";"154 731 850";"C01";"1";"7";"0";"2";"3";"23";"1";
"202000005911";"154 731 851";"A01";"1";"7";"0";"2";"3";"1";"1";
"202000005912";"154 731 847";"A01";"2";"7";"0";"2";"1";"2";"1";
"202000005912";"154 731 848";"B01";"2";"37";"0";"0";"4";"23";"1";"1"
"202000005913";"154 731 845";"B01";"1";"17";"0";"0";"5";"1";"1";
"202000005913";"154 731 846";"A01";"1";"7";"4";"2";"3";"17";"1";
"202000005914";"154 731 843";"B01";"1";"33";"0";"2";"1";"1";"1";
"202000005914";"154 731 844";"A01";"1";"7";"0";"2";"8";"19";"1";
"202000005915";"154 731 842";"A01";"2";"7";"16";"0";"8";"13";"1";
"202000005916";"154 731 840";"B01";"1";"7";"0";"2";"1";"2";"1";
"202000005916";"154 731 841";"A01";"1";"15";"0";"0";"0";"1";"1";
"202000005917";"154 731 838";"A01";"1";"7";"0";"2";"8";"13";"1";
"202000005917";"154 731 839";"B01";"2";"33";"0";"2";"8";"1";"1";
"202000005918";"154 731 837";"A01";"1";"7";"0";"1";"1";"1";"1";
"202000005919";"154 731 836";"A01";"1";"3";"1";"0";"1";"1";"1";
"202000005920";"154 731 834";"B01";"2";"21";"0";"2";"7";"1";"1";
"202000005920";"154 731 835";"A01";"2";"7";"0";"2";"6";"4";"1";
"202000005921";"154 731 832";"A01";"1";"7";"0";"2";"4";"4";"1";
"202000005921";"154 731 833";"B01";"1";"7";"0";"2";"1";"23";"1";
"202000005922";"154 731 831";"A01";"1";"7";"0";"0";"2";"26";"1";
"202000005923";"154 731 827";"B01";"1";"7";"0";"2";"3";"1";"1";
"202000005923";"154 731 828";"A01";"1";"7";"0";"2";"5";"1";"1";
"202000005923";"154 731 829";"D01";"1";"34";"0";"2";"1";"14";"1";
"202000005923";"154 731 830";"C01";"1";"10";"0";"2";"8";"1";"1";
"202000005924";"154 731 823";"D01";"1";"7";"0";"2";"5";"2";"1";
"202000005924";"154 731 824";"C01";"1";"7";"0";"2";"4";"2";"1";
"202000005924";"154 731 825";"B01";"1";"10";"0";"2";"4";"2";"1";
"202000005924";"154 731 826";"A01";"2";"10";"0";"2";"1";"2";"1";
"202000005925";"154 731 821";"A01";"2";"10";"0";"1";"3";"1";"1";
"202000005925";"154 731 822";"B01";"2";"7";"0";"1";"1";"11";"1";
"202000005926";"154 731 819";"B01";"1";"33";"0";"0";"0";"1";"1";
"202000005926";"154 731 820";"A01";"1";"7";"0";"0";"0";"11";"1";
"202000005927";"154 731 817";"B01";"2";"33";"0";"2";"1";"3";"1";
"202000005927";"154 731 818";"A01";"2";"7";"0";"2";"4";"11";"1";
"202000005928";"154 731 815";"A01";"1";"7";"0";"2";"7";"12";"1";
"202000005928";"154 731 816";"B01";"1";"33";"0";"2";"8";"1";"1";
"202000005929";"154 731 814";"A01";"1";"33";"0";"0";"9";"3";"1";
"202000005930";"154 731 812";"B01";"2";"33";"0";"2";"8";"3";"1";
"202000005930";"154 731 813";"A01";"2";"7";"0";"2";"7";"14";"1";
"202000005931";"154 731 810";"B01";"2";"34";"0";"2";"2";"3";"1";
"202000005931";"154 731 811";"A01";"2";"7";"0";"2";"3";"11";"1";
"202000005932";"154 731 808";"A01";"2";"14";"0";"2";"1";"1";"1";
"202000005932";"154 731 809";"B01";"2";"14";"0";"2";"4";"1";"1";
"202000005933";"154 731 806";"A01";"2";"7";"0";"2";"5";"11";"1";
"202000005933";"154 731 807";"B01";"2";"43";"0";"2";"1";"3";"1";
"202000005934";"154 731 804";"A01";"1";"32";"0";"2";"1";"1";"1";
"202000005934";"154 731 805";"B01";"1";"7";"0";"0";"4";"2";"1";
"202000005935";"154 731 800";"B01";"2";"7";"0";"2";"2";"15";"0";
"202000005935";"154 731 801";"A01";"2";"7";"8";"0";"3";"15";"0";
"202000005936";"154 731 799";"A01";"1";"7";"0";"1";"1";"7";"1";
"202000005937";"154 731 796";"B01";"2";"7";"0";"2";"7";"23";"1";
"202000005937";"154 731 797";"A01";"2";"7";"0";"2";"1";"26";"1";
"202000005937";"154 731 798";"C01";"2";"7";"0";"2";"6";"23";"1";
"202000005938";"154 731 794";"B01";"1";"7";"0";"2";"4";"1";"1";
"202000005938";"154 731 795";"A01";"1";"30";"0";"2";"1";"1";"1";
"202000005939";"154 731 792";"A01";"1";"32";"0";"2";"1";"0";"1";
"202000005939";"154 731 793";"B01";"1";"7";"0";"2";"8";"9";"1";
"202000005940";"154 731 790";"A01";"3";"7";"0";"2";"3";"17";"1";
"202000005940";"154 731 791";"B01";"2";"80";"0";"2";"1";"1";"3";
"202000005941";"154 731 788";"B01";"3";"1";"0";"2";"1";"7";"5";
"202000005941";"154 731 789";"A01";"3";"7";"0";"2";"2";"1";"1";
"202000005942";"154 731 787";"A01";"1";"7";"0";"1";"3";"1";"1";
"202000005943";"154 731 785";"A01";"2";"7";"0";"2";"1";"15";"1";
"202000005943";"154 731 786";"B01";"1";"10";"0";"2";"3";"1";"1";
"202000005944";"154 731 782";"A01";"1";"17";"0";"2";"1";"2";"1";
"202000005944";"154 731 783";"B01";"1";"7";"0";"2";"4";"2";"1";
"202000005944";"154 731 784";"C01";"1";"10";"0";"2";"6";"1";"1";
"202000005945";"154 731 780";"A01";"1";"32";"0";"2";"3";"19";"1";
"202000005945";"154 731 781";"B01";"1";"7";"0";"2";"3";"19";"1";
"202000005946";"154 731 778";"B01";" -1";"99";" -1";" -1";" -1";" -1";" -1";
"202000005946";"154 731 779";"A01";" -1";"7";" -1";"2";" -1";"0";" -1";
"202000005947";"154 731 775";"C01";"0";"10";"0";"2";"1";"1";"1";
"202000005947";"154 731 776";"B01";"0";"7";"0";"2";"1";"1";"1";
"202000005947";"154 731 777";"A01";"0";"7";"0";"2";"1";"17";"1";
"202000005948";"154 731 774";"A01";"1";"33";"0";"2";"7";"21";"1";
"202000005949";"154 731 769";"B01";"2";"7";"0";"2";"4";"23";"1";
"202000005949";"154 731 770";"A01";"2";"7";"0";"2";"1";"1";"1";
"202000005950";"154 731 767";"B01";"2";"7";"0";"2";"3";"1";"1";
"202000005950";"154 731 768";"A01";"1";"31";"0";"2";"1";"13";"1";
"202000005951";"154 731 765";"B01";"1";"7";"0";"9";"3";"9";"1";
"202000005951";"154 731 766";"A01";"1";"1";"0";"9";"1";"26";"5";
"202000005952";"154 731 763";"B01";"2";"7";"0";"2";"3";"15";"1";
"202000005952";"154 731 764";"A01";"2";"33";"1";"2";"5";"2";"1";
"202000005953";"154 731 761";"B01";"3";"7";"0";"2";"5";"20";"1";
"202000005953";"154 731 762";"Z01";"1";"7";"0";"2";"0";"1";"1";
"202000005954";"154 731 759";"B01";"2";"1";"0";"2";"1";"1";"5";
"202000005954";"154 731 760";"A01";"2";"7";"0";"9";"5";"4";"1";
"202000005955";"154 731 758";"A01";"3";"30";"0";"0";"8";"1";"1";
"202000005956";"154 731 757";"A01";"2";"7";"0";"1";"3";"15";"1";
"202000005957";"154 731 756";"A01";"3";"7";"14";"1";"5";"16";"1";
"202000005958";"154 731 754";"B01";"2";"7";"0";"2";"4";"1";"1";
"202000005958";"154 731 755";"A01";"2";"7";"0";"2";"2";"2";"1";
"202000005959";"154 731 752";"B01";"1";"10";"0";"2";"8";"11";"0";
"202000005959";"154 731 753";"A01";"1";"33";"0";"2";"2";"1";"1";
"202000005960";"154 731 750";"A01";"1";"7";"0";"2";"7";"11";"1";
"202000005960";"154 731 751";"B01";"1";"31";"0";"2";"1";"2";"1";
"202000005961";"154 731 748";"B01";"1";"33";"0";"2";"1";"2";"1";
"202000005961";"154 731 749";"A01";"1";"33";"0";"2";"6";"1";"1";
"202000005962";"154 731 746";"A01";"1";"10";"0";"2";"1";"0";"1";
"202000005962";"154 731 747";"B01";"1";"7";"0";"0";"4";"0";"1";
"202000005963";"154 731 744";"A01";"2";"10";"0";"2";"4";"2";"1";
"202000005963";"154 731 745";"B01";"2";"10";"0";"2";"1";"2";"1";
"202000005964";"154 731 741";"A01";"2";"7";"0";"2";"4";"1";"1";
"202000005964";"154 731 742";"C01";"2";"7";"0";"2";"1";"1";"1";
"202000005964";"154 731 743";"B01";"2";"7";"0";"2";"4";"1";"1";
"202000005965";"154 731 739";"B01";"2";"7";"0";"0";"6";"1";"1";
"202000005965";"154 731 740";"A01";"2";"7";"0";"2";"5";"26";"1";
"202000005966";"154 731 737";"A01";"2";"10";"0";"2";"6";"11";"1";
"202000005966";"154 731 738";"B01";"2";"33";"0";"2";"1";"3";"1";
"202000005967";"154 731 735";"B01";"1";"33";"0";"2";"2";"3";"1";
"202000005967";"154 731 736";"A01";"1";"7";"0";"2";"5";"11";"1";
"202000005968";"154 731 733";"A01";"1";"17";"0";"2";"7";"2";"1";
"202000005968";"154 731 734";"B01";"1";"33";"0";"2";"4";"2";"1";
"202000005969";"154 731 732";"A01";"1";"7";"0";"0";"1";"1";"1";
"202000005970";"154 731 729";"B01";"1";"7";"0";"2";"7";"12";"1";
"202000005970";"154 731 730";"A01";"1";"33";"0";"2";"8";"3";"1";
"202000005970";"154 731 731";"C01";"1";"7";"0";"2";"4";"1";"1";
"202000005971";"154 731 728";"A01";"2";"34";"0";"1";"1";"1";"1";
"202000005972";"154 731 726";"B01";"2";"7";"0";"2";"1";"1";"1";
"202000005972";"154 731 727";"A01";"1";"99";"0";"2";"3";"15";"1";
"202000005973";"154 731 725";"A01";"2";"7";"0";"1";"1";"1";"1";
"202000005974";"154 731 723";"A01";"1";"7";"0";"0";"1";"9";"1";
"202000005974";"154 731 724";"B01";"1";"33";"0";"2";"7";"1";"1";
"202000005975";"154 731 721";"B01";"3";"33";"0";"2";"8";"2";"0";
"202000005975";"154 731 722";"A01";"3";"7";"0";"2";"7";"9";"0";
"202000005976";"154 731 719";"Y01";"1";"1";"0";"0";"0";"1";" -1";
"202000005976";"154 731 720";"A01";"2";"7";"0";"2";"8";"1";"0";
"202000005977";"154 731 717";"B01";"1";"1";"0";"2";"1";"23";"5";
"202000005977";"154 731 718";"A01";"2";"7";"0";"2";"3";"15";"1";
"202000005978";"154 731 715";"A01";"1";"50";"0";"2";"7";"1";"3";
"202000005978";"154 731 716";"B01";"2";"7";"0";"2";"1";"1";"1";
"202000005979";"154 731 713";"A01";"2";"7";"0";"0";"0";"11";"1";
"202000005979";"154 731 714";"B01";"2";"33";"0";"2";"0";"2";"1";
"202000005980";"154 731 712";"A01";"2";"7";"0";"1";"2";"9";"1";
"202000005981";"154 731 711";"A01";"1";"7";"13";"0";"1";"14";"1";
"202000005982";"154 731 710";"A01";"3";"0";"0";"1";"1";"1";"0";
"202000005983";"154 731 706";"A01";"3";"7";"0";"2";"1";"13";"1";
"202000005983";"154 731 707";"B01";"3";"7";"0";"2";"1";"1";"1";
"202000005983";"154 731 708";"C01";"3";"7";"6";"0";"2";"21";"2";
"202000005984";"154 731 704";"B01";"3";"7";"0";"2";"4";"2";"1";
"202000005984";"154 731 705";"A01";"3";"7";"0";"2";"1";"2";"1";
"202000005985";"154 731 702";"B01";"2";"7";"0";"2";"6";"12";"1";
"202000005985";"154 731 703";"A01";"2";"7";"0";"2";"2";"1";"1";
"202000005986";"154 731 701";"A01";"3";"33";"0";"1";"1";"18";"1";
"202000005987";"154 731 699";"B01";"3";"7";"0";"2";"2";"1";"1";
"202000005987";"154 731 700";"A01";"3";"7";"0";"2";"1";"16";"1";
"202000005988";"154 731 696";"A01";"1";"7";"0";"2";"1";"2";"1";
"202000005988";"154 731 697";"B01";"1";"7";"0";"2";"4";"23";"1";
"202000005988";"154 731 698";"C01";"1";"7";"0";"2";"4";"23";"1";
"202000005989";"154 731 695";"A01";"2";"7";"13";"0";"9";"15";"1";
"202000005990";"154 731 694";"A01";"2";"17";"4";"0";"3";"1";"1";
"202000005991";"154 731 692";"A01";"1";"7";"0";"2";"2";"14";"1";
"202000005991";"154 731 693";"B01";"2";"7";"0";"0";"0";"0";"1";
"202000005992";"154 731 689";"A01";"0";"7";"0";"2";"1";"1";"1";
"202000005992";"154 731 690";"B01";"0";"7";"0";"2";"4";"23";"1";
"202000005993";"154 731 688";"A01";"1";"1";"0";"1";"4";"1";"5";
"202000005994";"154 731 686";"Z01";"0";"7";"0";"2";"3";"15";"0";
"202000005994";"154 731 687";"A01";"1";"30";"0";"2";"5";"17";"1";
"202000005995";"154 731 684";"A01";"1";"33";"0";"2";"8";"1";"0";
"202000005995";"154 731 685";"B01";"0";"7";"0";"0";"0";"15";"6";
"202000005996";"154 731 682";"A01";"0";"7";"0";"2";"1";"9";"1";
"202000005996";"154 731 683";"B01";"0";"7";"0";"2";"3";"1";"1";
"202000005997";"154 731 680";"B01";"2";"7";"0";"2";"5";"15";"0";
"202000005997";"154 731 681";"A01";"2";"1";"0";"2";"1";"18";"0";
"202000005998";"154 731 678";"A01";"1";"1";"0";"2";"1";"13";"5";
"202000005998";"154 731 679";"B01";"2";"1";"0";"2";"1";"13";"5";
"202000005999";"154 731 676";"A01";"2";"7";"0";"2";"3";"1";"1";
"202000005999";"154 731 677";"B01";"2";"7";"0";"2";"3";"15";"1";
"202000006000";"154 731 674";"B01";"1";"1";"0";"2";"5";"1";"5";
"202000006000";"154 731 675";"A01";"3";"7";"0";"2";"1";"9";"1";
"202000006001";"154 731 672";"A01";"3";"7";"0";"9";"6";"9";"1";
"202000006001";"154 731 673";"B01";"3";"1";"0";"2";"1";"1";"5";
"202000006002";"154 731 671";"A01";"1";"7";"0";"1";"3";"15";"1";
"202000006003";"154 731 670";"A01";"2";"7";"0";"1";"1";"0";"1";
"202000006004";"154 731 668";"A01";"1";"33";"0";"2";"7";"17";"1";
"202000006004";"154 731 669";"B01";"1";"7";"0";"2";"3";"11";"1";
"202000006005";"154 731 666";"A01";"3";"7";"0";"2";"4";"23";"1";
"202000006005";"154 731 667";"B01";"3";"7";"14";"2";"1";"0";"1";
"202000006006";"154 731 664";"B01";"3";"7";"0";"2";"8";"1";"1";
"202000006006";"154 731 665";"A01";"3";"7";"0";"2";"1";"19";"1";
"202000006007";"154 731 663";"A01";"1";"7";"6";"0";"1";"14";"1";
"202000006008";"154 731 661";"B01";"1";"1";"0";"2";"1";"1";"5";
"202000006008";"154 731 662";"A01";"2";"7";"0";"2";"1";"16";"1";
"202000006009";"154 731 659";"B01";"2";"2";"0";"2";"1";"17";"1";
"202000006009";"154 731 660";"A01";"2";"7";"0";"2";"8";"15";"1";
"202000006010";"154 731 657";"B01";"1";"1";"0";"2";"2";"1";"5";
"202000006010";"154 731 658";"A01";"1";"7";"0";"9";"2";"15";"1";
"202000006011";"154 731 656";"A01";"1";"1";"0";"1";"0";"1";"5";
"202000006012";"154 731 654";"B01";"1";"33";"0";"2";"1";"1";"1";
"202000006012";"154 731 655";"A01";"1";"7";"0";"9";"7";"15";"1";
"202000006013";"154 731 651";"A01";"3";"7";"1";"0";"1";"1";"1";
"202000006013";"154 731 652";"B01";"3";"7";"0";"2";"1";"1";"1";
"202000006013";"154 731 653";"C01";"3";"10";"0";"2";"4";"1";"1";
"202000006014";"154 731 650";"A01";"1";"7";"0";"1";"2";"15";"3";
"202000006015";"154 731 649";"A01";"0";"7";"0";"1";"0";"1";"1";
"202000006016";"154 731 647";"A01";"0";"50";"0";"2";"7";"1";"3";
"202000006016";"154 731 648";"B01";"2";"7";"0";"9";"1";"16";"0";
"202000006017";"154 731 645";"B01";"2";"1";"0";"2";"2";"17";"5";
"202000006017";"154 731 646";"A01";"2";"7";"0";"2";"3";"15";"1";
"202000006018";"154 731 641";"D01";"2";"7";"0";"2";"0";"0";"1";
"202000006018";"154 731 642";"C01";"2";"7";"0";"2";"0";"0";"1";
"202000006018";"154 731 643";"B01";"2";"7";"0";"2";"0";"0";"1";
"202000006018";"154 731 644";"A01";"2";"7";"0";"2";"1";"1";"1";
"202000006019";"154 731 639";"B01";"1";"1";"0";"2";"1";"0";"5";
"202000006019";"154 731 640";"A01";"1";"7";"0";"2";"8";"1";"1";
"202000006020";"154 731 638";"A01";"3";"7";"0";"1";"1";"1";"1";
"202000006021";"154 731 636";"B01";"0";"2";"0";"2";"1";"0";"1";
"202000006021";"154 731 637";"A01";"0";"7";"0";"2";"4";"4";"1";
"202000006022";"154 731 634";"B01";"3";"33";"0";"2";"1";"1";"1";
"202000006022";"154 731 635";"A01";"3";"7";"0";"2";"2";"15";"1";
"202000006023";"154 731 633";"A01";"3";"7";"13";"0";"1";"1";"1";
"202000006024";"154 731 631";"B01";"3";"10";"0";"2";"6";"1";"1";
"202000006024";"154 731 632";"A01";"3";"30";"0";"2";"2";"12";"1";
"202000006025";"154 731 630";"A01";"3";"10";"0";"1";"2";"26";"0";
"202000006026";"154 731 628";"A01";"3";"14";"0";"2";"7";"16";"1";
"202000006026";"154 731 629";"B01";"3";"1";"0";"2";"8";"1";"5";
"202000006027";"154 731 626";"B01";"2";"2";"0";"2";"7";"1";"1";
"202000006027";"154 731 627";"A01";"2";"7";"0";"2";"3";"9";"1";
"202000006028";"154 731 624";"A01";"1";"1";"0";"2";"1";"1";"5";
"202000006028";"154 731 625";"B01";"0";"7";"0";"2";"0";"0";"1";
"202000006029";"154 731 622";"A01";"1";"7";"0";"2";"1";"0";"1";
"202000006029";"154 731 623";"B01";"1";"7";"0";"2";"2";"1";"1";
"202000006030";"154 731 615";"B01";"1";"7";"0";"2";"5";"2";"1";
"202000006030";"154 731 616";"G01";"1";"10";"0";"2";"4";"2";"1";
"202000006030";"154 731 617";"F01";"1";"7";"0";"2";"0";"2";"1";
"202000006030";"154 731 618";"E01";"1";"7";"0";"2";"7";"2";"1";
"202000006030";"154 731 619";"A01";"1";"7";"0";"2";"1";"2";"1";
"202000006030";"154 731 620";"C01";"1";"7";"0";"2";"1";"2";"1";
"202000006030";"154 731 621";"D01";"1";"10";"0";"2";"4";"2";"1";
"202000006031";"154 731 613";"B01";"1";"1";"0";"2";"7";"1";"5";
"202000006031";"154 731 614";"A01";"1";"7";"0";"2";"3";"15";"1";
"202000006032";"154 731 611";"B01";"1";"31";"0";"2";"1";"1";"1";
"202000006032";"154 731 612";"A01";"1";"1";"0";"2";"8";"11";"5";
"202000006033";"154 731 609";"A01";"1";"32";"0";"2";"2";"19";"1";
"202000006033";"154 731 610";"B01";"2";"7";"0";"2";"3";"1";"1";
"202000006034";"154 731 607";"A01";"1";"14";"0";"2";"1";"1";"1";
"202000006034";"154 731 608";"B01";"1";"7";"0";"2";"4";"1";"1";
"202000006035";"154 731 605";"A01";"0";"7";"0";"2";"2";"2";"1";
"202000006035";"154 731 606";"B01";"0";"2";"0";"2";"6";"1";"1";
"202000006036";"154 731 603";"A01";"3";"7";"0";"2";"0";"19";"1";
"202000006036";"154 731 604";"B01";"3";"2";"0";"2";"1";"1";"1";
"202000006037";"154 731 601";"A01";"3";"7";"0";"2";"1";"26";"1";
"202000006037";"154 731 602";"B01";"3";"32";"0";"2";"4";"2";"1";
"202000006038";"154 731 597";"A01";"2";"7";"0";"2";"1";"5";"1";
"202000006038";"154 731 598";"B01";"2";"7";"0";"2";"1";"1";"1";
"202000006038";"154 731 599";"C01";"2";"7";"0";"2";"2";"14";"1";
"202000006038";"154 731 600";"D01";"3";"7";"0";"2";"3";"1";"1";
"202000006039";"154 731 596";"A01";"2";"99";"8";"0";"1";"14";"1";
"202000006040";"154 731 594";"A01";"1";"10";"0";"2";"8";"10";"1";
"202000006040";"154 731 595";"B01";"1";"33";"0";"2";"1";"1";"1";
"202000006041";"154 731 592";"A01";"2";"7";"0";"2";"3";"15";"1";
"202000006041";"154 731 593";"B01";"2";"2";"0";"2";"5";"1";"1";
"202000006042";"154 731 590";"B01";"1";"34";"0";"2";"1";"2";"1";