"Num_Acc";"id_vehicule";"num_veh";"senc";"catv";"obs";"obsm";"choc";"manv";"motor";"occutc"
"202000006257";"154 731 219";"A01";"1";"33";"0";"2";"2";"2";"1";
"202000006257";"154 731 220";"B01";"1";"7";"0";"2";"6";"23";"1";
"202000006258";"154 731 217";"B01";"1";"7";"0";"2";"2";"1";"1";
"202000006258";"154 731 218";"A01";"0";"7";"0";"2";"3";"16";"1";
"202000006259";"154 731 214";"C01";"1";"7";"0";"2";"1";"1";"2";
"202000006259";"154 731 215";"A01";"1";"34";"0";"2";"1";"11";"1";
"202000006259";"154 731 216";"B01";"1";"7";"0";"2";"5";"2";"1";
"202000006260";"154 731 213";"Z01";"3";"10";"0";"1";"1";"1";"1";
"202000006261";"154 731 212";"A01";"1";"7";"0";"1";"2";"1";"1";
"202000006262";"154 731 210";"A01";"3";"7";"0";"2";"2";"1";"1";
"202000006262";"154 731 211";"B01";"3";"14";"0";"2";"8";"1";"6";
"202000006263";"154 731 208";"A01";"3";"30";"0";"2";"5";"1";"1";
"202000006263";"154 731 209";"Z01";"3";"7";"0";"2";"0";"1";"0";
"202000006264";"154 731 207";"A01";"1";"7";"0";"1";"1";"1";"1";
"202000006265";"154 731 205";"B01";"2";"1";"0";"2";"3";"1";"5";
"202000006265";"154 731 206";"A01";"2";"1";"0";"2";"2";"1";"5";
"202000006266";"154 731 202";"Z01";"1";"7";"0";"2";"2";"2";"0";
"202000006266";"154 731 203";"B01";"1";"10";"0";"2";"3";"2";"1";
"202000006266";"154 731 204";"A01";"1";"30";"0";"2";"3";"2";"1";
"202000006267";"154 731 199";"A01";"1";"30";"0";"2";"1";"15";"1";
"202000006267";"154 731 200";"B01";"2";"7";"0";"2";"3";"1";"1";
"202000006267";"154 731 201";"C01";"2";"7";"0";"2";"5";"23";"1";
"202000006268";"154 731 198";"A01";"2";"80";"0";"1";"1";"1";"3";
"202000006269";"154 731 197";"A01";"2";"10";"1";"1";"4";"4";"1";
"202000006270";"154 731 196";"A01";"1";"32";"0";"0";"8";"15";"1";
"202000006271";"154 731 195";"A01";"1";"1";"0";"0";"8";"1";"5";
"202000006272";"154 731 193";"A01";"3";"7";"0";"2";"2";"9";"1";
"202000006272";"154 731 194";"B01";"3";"50";"0";"2";"1";"25";"3";
"202000006273";"154 731 191";"B01";"3";"7";"6";"2";"4";"0";"1";
"202000006273";"154 731 192";"A01";"3";"7";"6";"2";"2";"26";"2";
"202000006274";"154 731 189";"A01";"1";"7";"0";"2";"2";"15";"0";
"202000006274";"154 731 190";"B01";"0";"33";"0";"2";"3";"2";"0";
"202000006275";"154 731 187";"A01";"2";"32";"0";"1";"3";"26";"1";
"202000006275";"154 731 188";"B01";"1";"10";"0";"1";"3";"26";"1";
"202000006276";"154 731 185";"A01";"1";"32";"0";"2";"1";"1";"1";
"202000006276";"154 731 186";"B01";"1";"7";"14";"0";"4";"13";"1";
"202000006277";"154 731 183";"A01";" -1";"10";"3";"2";"1";"9";"1";
"202000006277";"154 731 184";"B01";" -1";"34";"12";"2";"1";"9";"1";
"202000006278";"154 731 181";"B01";"2";"7";"0";"2";"0";"0";"0";
"202000006278";"154 731 182";"A01";"1";"7";"0";"2";"3";"1";"1";
"202000006279";"154 731 179";"B01";" -1";"34";"0";"2";"8";"15";"1";
"202000006279";"154 731 180";"A01";" -1";"7";"0";"2";"1";"1";"1";
"202000006280";"154 731 177";"B01";"3";"10";"0";"2";"4";"2";"1";
"202000006280";"154 731 178";"A01";"3";"30";"0";"2";"1";"2";"1";
"202000006281";"154 731 175";"B01";"1";"7";"0";"0";"8";"0";"1";
"202000006281";"154 731 176";"A01";"1";"2";"0";"2";"8";"1";"1";
"202000006282";"154 731 173";"B01";"0";"31";"4";"2";"0";"1";"0";
"202000006282";"154 731 174";"A01";"0";"7";"0";"2";"0";"14";"0";
"202000006283";"154 731 171";"A01";"2";"7";"0";"2";"6";"15";"1";
"202000006283";"154 731 172";"B01";"0";"32";"0";"2";"1";"2";"1";
"202000006284";"154 731 170";"A01";" -1";"7";"16";"0";"3";"1";"1";
"202000006285";"154 731 168";"A01";"3";"13";"5";"2";"2";"21";"1";
"202000006285";"154 731 169";"B01";"0";"7";"0";"2";"3";"21";"1";
"202000006286";"154 731 166";"B01";"0";"33";"0";"0";"0";"0";"0";
"202000006286";"154 731 167";"A01";"3";"7";"0";"2";"2";"16";"0";
"202000006287";"154 731 164";"A01";"3";"37";"0";"9";"2";"16";"1";"1"
"202000006287";"154 731 165";"B01";"3";"1";"0";"2";"4";"1";"5";
"202000006288";"154 731 162";"A01";"2";"36";"0";"2";"2";"15";"0";
"202000006288";"154 731 163";"B01";"1";"7";"0";"2";"1";"1";"0";
"202000006289";"154 731 161";"A01";"3";"99";"6";"0";"0";"0";"0";
"202000006290";"154 731 159";"A01";"1";"1";"0";"2";"3";"1";"5";
"202000006290";"154 731 160";"B01";"1";"7";"0";"2";"2";"15";"0";
"202000006291";"154 731 157";"A01";"0";"2";"0";"2";"1";"13";"1";
"202000006291";"154 731 158";"B01";"0";"7";"0";"2";"3";"14";"1";
"202000006292";"154 731 156";"A01";"1";"7";"9";"0";"1";"0";"1";
"202000006293";"154 731 154";"A01";"1";"7";"0";"2";"3";"1";"1";
"202000006293";"154 731 155";"B01";"2";"7";"0";"2";"3";"1";"0";
"202000006294";"154 731 152";"A01";"2";"7";"0";"2";"1";"1";"1";
"202000006294";"154 731 153";"B01";"2";"17";"0";"0";"4";"1";"1";
"202000006295";"154 731 151";"A01";"1";"7";"0";"1";"1";"16";"1";
"202000006296";"154 731 150";"A01";"2";"1";"0";"0";"8";"1";" -1";
"202000006297";"154 731 148";"B01";"1";"1";"0";"0";"6";"2";"5";
"202000006297";"154 731 149";"A01";"1";"10";"0";"2";"2";"2";"0";
"202000006298";"154 731 146";"B01";"3";"7";"0";"2";"3";"14";"1";
"202000006298";"154 731 147";"A01";"3";"7";"0";"2";"3";"13";"1";
"202000006299";"154 731 144";"B01";"2";"33";"0";"2";"7";"1";"0";
"202000006299";"154 731 145";"A01";"1";"7";"0";"2";"2";"15";"0";
"202000006300";"154 731 142";"A01";"1";"7";"0";"2";"3";"1";"1";
"202000006300";"154 731 143";"B01";"2";"2";"0";"2";"1";"1";"1";
"202000006301";"154 731 139";"C01";"2";"2";"0";"2";"1";"1";"0";
"202000006301";"154 731 140";"A01";"1";"7";"0";"2";"6";"15";"0";
"202000006301";"154 731 141";"B01";"1";"7";"0";"2";"2";"2";"0";
"202000006302";"154 731 138";"A01";"2";"7";"13";"0";"0";"1";"1";
"202000006303";"154 731 137";"A01";"1";"33";"13";"0";"1";"14";"1";
"202000006304";"154 731 135";"A01";"3";"2";"0";"2";"1";"1";"1";
"202000006304";"154 731 136";"B01";"3";"7";"0";"2";"3";"1";"1";
"202000006305";"154 731 133";"A01";"1";"7";"0";"2";"2";"15";"1";
"202000006305";"154 731 134";"B01";"2";"31";"0";"2";"1";"17";"1";
"202000006306";"154 731 131";"A01";"2";"7";"0";"9";"2";"13";"1";
"202000006306";"154 731 132";"B01";"1";"7";"0";"2";"6";"1";"1";
"202000006307";"154 731 130";"A01";"1";"7";"8";"0";"1";"13";"1";
"202000006308";"154 731 125";"C01";"2";"7";"0";"0";"2";"1";"1";
"202000006308";"154 731 126";"B01";"2";"7";"0";"0";"1";"1";"1";
"202000006308";"154 731 127";"A01";"1";"7";"0";"0";"3";"1";"1";
"202000006309";"154 731 123";"A01";"2";"60";"0";"2";"1";"1";"5";
"202000006309";"154 731 124";"B01";"1";"7";"0";"0";"2";"1";"1";
"202000006310";"154 731 120";"C01";"2";"7";"0";"2";"8";"1";"1";
"202000006310";"154 731 121";"A01";"1";"7";"0";"2";"3";"13";"1";
"202000006310";"154 731 122";"B01";"2";"7";"0";"2";"3";"1";"1";
"202000006311";"154 731 118";"B01";"2";"7";"0";"2";"1";"1";"1";
"202000006311";"154 731 119";"A01";"1";"33";"0";"2";"1";"13";"1";
"202000006312";"154 731 116";"B01";"2";"2";"0";"0";"4";"9";"0";
"202000006312";"154 731 117";"A01";"2";"7";"0";"2";"1";"1";"0";
"202000006313";"154 731 115";"A01";"0";"1";"0";"0";"0";"1";"5";
"202000006314";"154 731 114";"A01";"2";"7";"16";"0";"3";"21";"1";
"202000006315";"154 731 112";"B01";"1";"7";"0";"2";"1";"2";"1";
"202000006315";"154 731 113";"A01";"1";"7";"0";"0";"4";"2";"1";
"202000006316";"154 731 110";"B01";"1";"7";"0";"2";"2";"1";"1";
"202000006316";"154 731 111";"A01";"1";"7";"0";"2";"3";"9";"1";
"202000006317";"154 731 109";"A01";"1";"17";"6";"0";"1";"13";"1";
"202000006318";"154 731 107";"B01";"1";"7";"0";"2";"3";"1";"1";
"202000006318";"154 731 108";"A01";"1";"7";"0";"2";"2";"19";"1";
"202000006319";"154 731 105";"B01";"2";"2";"0";"2";"1";"1";"1";
"202000006319";"154 731 106";"A01";"1";"7";"0";"2";"2";"17";"1";
"202000006320";"154 731 103";"B01";"3";"7";"0";"2";"2";"1";"1";
"202000006320";"154 731 104";"A01";"3";"31";"0";"2";"3";"15";"1";
"202000006321";"154 731 101";"B01";"2";"7";"0";"2";"3";"0";"1";
"202000006321";"154 731 102";"A01";"1";"7";"0";"2";"3";"0";"1";
"202000006322";"154 731 099";"A01";"1";"7";"0";"0";"8";"9";"1";
"202000006322";"154 731 100";"B01";"2";"7";"0";"2";"1";"1";"1";
"202000006323";"154 731 098";"A01";"3";"7";"2";"0";"1";"0";"1";
"202000006324";"154 731 097";"A01";"1";"7";"2";"0";"1";"0";"1";
"202000006325";"154 731 096";"A01";"3";"7";"15";"9";"1";"0";"0";
"202000006326";"154 731 095";"A01";"3";"80";"0";"0";"0";"1";"3";
"202000006327";"154 731 094";"A01";"3";"7";"0";"1";"6";"20";"1";
"202000006328";"154 731 093";"A01";"1";"7";"8";"0";"1";"13";"1";
"202000006329";"154 731 091";"A01";"1";"15";"0";"9";"1";"1";"1";
"202000006329";"154 731 092";"B01";"1";"1";"0";"2";"4";"15";"5";
"202000006330";"154 731 089";"B01";"2";"33";"0";"0";"4";"2";"1";
"202000006330";"154 731 090";"A01";"2";"33";"0";"2";"1";"26";"1";
"202000006331";"154 731 088";"A01";"3";"17";"0";"1";"1";"1";"1";
"202000006332";"154 731 086";"A01";"1";"7";"0";"2";"1";"1";"1";
"202000006332";"154 731 087";"B01";"2";"7";"0";"2";"1";"1";"0";
"202000006333";"154 731 084";"B01";"1";"14";"0";"2";"3";"1";"1";
"202000006333";"154 731 085";"A01";"2";"7";"0";"2";"3";"13";"1";
"202000006334";"154 731 081";"B01";"3";"33";"0";"2";"1";"2";"1";
"202000006334";"154 731 082";"C01";"3";"20";"0";"9";"6";"1";"1";
"202000006334";"154 731 083";"A01";"3";"7";"0";"0";"4";"2";"1";
"202000006335";"154 731 079";"B01";"0";"7";"0";"2";"3";"26";"6";
"202000006335";"154 731 080";"A01";"0";"7";"0";"2";"3";"26";"6";
"202000006336";"154 731 078";"A01";"1";"33";"0";"0";"0";"1";"1";
"202000006337";"154 731 077";"A01";"1";"7";"2";"0";"3";"1";"1";
"202000006338";"154 731 074";"A01";"1";"7";"4";"2";"4";"17";"1";
"202000006338";"154 731 075";"C01";"1";"7";"0";"2";"1";"17";"0";
"202000006338";"154 731 076";"B01";"1";"7";"4";"0";"8";"1";"1";
"202000006339";"154 731 068";"A01";"1";"7";"0";"2";"1";"1";"1";
"202000006339";"154 731 069";"C01";"2";"7";"0";"2";"8";"1";"1";
"202000006339";"154 731 070";"B01";"1";"7";"0";"2";"4";"1";"1";
"202000006339";"154 731 071";"D01";"1";"10";"0";"2";"3";"23";"1";
"202000006340";"154 731 066";"A01";"1";"10";"0";"2";"2";"0";"0";
"202000006340";"154 731 067";"B01";"1";"17";"0";"0";"6";"0";"0";
"202000006341";"154 731 064";"A01";"0";"7";"0";"9";"2";"23";"0";
"202000006341";"154 731 065";"B01";"0";"80";"0";"2";"1";"1";"3";
"202000006342";"154 731 063";"A01";"1";"7";"2";"0";"3";"1";"1";
"202000006343";"154 731 062";"A01";"1";"7";"0";"1";"2";"1";"1";
"202000006344";"154 731 060";"B01";"1";"1";"0";"2";"2";"1";"5";
"202000006344";"154 731 061";"A01";"1";"7";"0";"2";"6";"9";"6";
"202000006345";"154 731 058";"B01";"2";"33";"0";"2";"1";"1";"1";
"202000006345";"154 731 059";"A01";"1";"7";"0";"2";"7";"15";"1";
"202000006346";"154 731 056";"A01";"3";"7";"0";"2";"2";"1";"0";
"202000006346";"154 731 057";"B01";"3";"7";"0";"2";"3";"9";"0";
"202000006347";"154 731 054";"B01";"1";"31";"0";"2";"6";"1";"1";
"202000006347";"154 731 055";"A01";"3";"7";"0";"2";"1";"1";"0";
"202000006348";"154 731 053";"A01";"1";"7";"13";"0";"0";"26";"1";
"202000006349";"154 731 051";"B01";"1";"32";"0";"2";"1";"0";"1";
"202000006349";"154 731 052";"A01";"2";"32";"0";"2";"2";"13";"1";
"202000006350";"154 731 050";"A01";"2";"7";"0";"1";"3";"13";"1";
"202000006351";"154 731 048";"A01";"2";"7";"6";"2";"1";"1";"1";
"202000006351";"154 731 049";"B01";"2";"7";"0";"2";"2";"1";"1";
"202000006352";"154 731 047";"A01";"0";"7";"0";"1";"2";"1";"1";
"202000006353";"154 731 046";"A01";"3";"3";"16";"0";"9";"1";"1";
"202000006354";"154 731 044";"B01";"1";"33";"0";"2";"8";"1";"1";
"202000006354";"154 731 045";"A01";"2";"7";"0";"2";"1";"9";"2";
"202000006355";"154 731 042";"A01";"2";"1";"0";"2";"3";"16";"5";
"202000006355";"154 731 043";"B01";"1";"7";"0";"2";"3";"1";"1";
"202000006356";"154 731 040";"A01";"1";"30";"0";"2";"1";"1";"1";
"202000006356";"154 731 041";"B01";"1";"7";"0";"2";"4";"20";"1";
"202000006357";"154 731 038";"B01";"1";"1";"0";"2";"2";"1";"5";
"202000006357";"154 731 039";"A01";"1";"7";"0";"2";"3";"9";"1";
"202000006358";"154 731 036";"A01";"1";"7";"0";"2";"4";"23";"1";
"202000006358";"154 731 037";"B01";"1";"10";"0";"2";"1";"2";"1";
"202000006359";"154 731 034";"B01";"2";"7";"0";"2";"0";"0";"1";
"202000006359";"154 731 035";"A01";"2";"14";"3";"2";"9";"0";"1";
"202000006360";"154 731 033";"A01";"1";"7";"13";"0";"1";"0";"1";
"202000006361";"154 731 030";"C01";"1";"7";"0";"2";"1";"1";"1";
"202000006361";"154 731 031";"B01";"1";"7";"0";"2";"1";"1";"1";
"202000006361";"154 731 032";"A01";"2";"7";"0";"2";"1";"21";"1";
"202000006362";"154 731 028";"A01";"3";"7";"0";"2";"8";"19";"1";
"202000006362";"154 731 029";"B01";"1";"7";"0";"2";"2";"0";"1";
"202000006363";"154 731 027";"A01";" -1";"7";"0";"1";"3";"15";"1";
"202000006364";"154 731 025";"B01";"0";"2";"0";"2";"8";"1";"1";
"202000006364";"154 731 026";"A01";"0";"10";"0";"2";"3";"15";"1";
"202000006365";"154 731 023";"B01";"1";"7";"0";"2";"1";"15";"1";
"202000006365";"154 731 024";"A01";"2";"7";"0";"2";"3";"26";"1";
"202000006366";"154 731 022";"A01";"3";"1";"0";"0";"8";"1";"5";
"202000006367";"154 731 021";"A01";"1";"1";"0";"0";"0";"0";"6";
"202000006368";"154 731 020";"A01";"0";"7";"0";"1";"3";"1";"0";
"202000006369";"154 731 018";"A01";"2";"7";"0";"2";"1";"15";"1";
"202000006369";"154 731 019";"B01";"1";"7";"0";"2";"1";"1";"1";
"202000006370";"154 731 016";"A01";"3";"7";"0";"2";"2";"5";"1";
"202000006370";"154 731 017";"B01";"3";"7";"0";"2";"2";"1";"1";
"202000006371";"154 731 014";"B01";"1";"7";"0";"2";"4";"23";"1";
"202000006371";"154 731 015";"A01";"1";"7";"14";"0";"1";"1";"1";
"202000006372";"154 731 013";"A01";"1";"10";"0";"1";"1";"1";"1";
"202000006373";"154 731 012";"A01";"3";"20";"0";"1";"0";"1";"1";
"202000006374";"154 731 010";"B01";"1";"7";"0";"2";"2";"1";"1";
"202000006374";"154 731 011";"A01";"0";"10";"0";"2";"3";"15";"1";
"202000006375";"154 731 009";"A01";"1";"99";"13";"0";"1";"26";"0";
"202000006376";"154 731 007";"B01";"1";"1";"0";"2";"1";"1";"6";
"202000006376";"154 731 008";"A01";"1";"7";"0";"2";"4";"1";"6";
"202000006377";"154 731 005";"B01";"2";"7";"0";"2";"4";"23";"1";
"202000006377";"154 731 006";"A01";"2";"30";"0";"2";"1";"1";"1";
"202000006378";"154 731 003";"B01";"2";"34";"0";"2";"1";"17";"1";
"202000006378";"154 731 004";"A01";"2";"7";"0";"2";"8";"10";"1";
"202000006379";"154 731 002";"A01";"2";"30";"0";"9";"0";"1";"1";
"202000006380";"154 731 000";"B01";"1";"30";"0";"2";"8";"1";"1";
"202000006380";"154 731 001";"A01";"2";"33";"0";"2";"1";"13";"1";
"202000006381";"154 730 998";"B01";"1";"30";"0";"2";"1";"1";"1";
"202000006381";"154 730 999";"A01";"1";"7";"0";"2";"3";"10";"1";
"202000006382";"154 730 996";"A01";"2";"30";"0";"2";"1";"1";"1";
"202000006382";"154 730 997";"B01";"2";"7";"0";"2";"4";"23";"1";
"202000006383";"154 730 995";"A01";"2";"7";"0";"1";"1";"1";"1";
"202000006384";"154 730 993";"B01";"1";"7";"0";"2";"1";"1";"1";
"202000006384";"154 730 994";"A01";"1";"30";"0";"2";"4";"16";"1";
"202000006385";"154 730 991";"B01";"3";"30";"0";"2";"7";"1";"1";
"202000006385";"154 730 992";"A01";"3";"30";"0";"2";"1";"1";"1";
"202000006386";"154 730 990";"A01";"1";"7";"0";"1";"2";"1";"1";
"202000006387";"154 730 988";"A01";"2";"30";"0";"2";"1";"16";"1";
"202000006387";"154 730 989";"B01";"2";"7";"0";"2";"7";"15";"1";
"202000006388";"154 730 986";"A01";"1";"30";"0";"2";"1";"3";"1";
"202000006388";"154 730 987";"B01";"1";"7";"0";"2";"6";"9";"1";
"202000006389";"154 730 984";"B01";"1";"30";"0";"2";"4";"13";"1";
"202000006389";"154 730 985";"A01";"1";"34";"0";"2";"1";"1";"1";
"202000006390";"154 730 983";"A01";"1";"30";"0";"1";"0";"1";"1";
"202000006391";"154 730 982";"A01";"1";"30";"0";"1";"1";"3";"1";
"202000006392";"154 730 979";"B01";"1";"7";"0";"2";"1";"1";"1";
"202000006392";"154 730 980";"A01";"1";"30";"0";"2";"1";"17";"1";
"202000006392";"154 730 981";"C01";"2";"7";"0";"2";"4";"1";"1";
"202000006393";"154 730 978";"A01";"2";"30";"0";"0";"0";"21";"1";
"202000006394";"154 730 977";"A01";"3";"30";"15";"0";"0";"1";"1";
"202000006395";"154 730 975";"B01";"3";"50";"0";"2";"1";"9";"3";
"202000006395";"154 730 976";"A01";"1";"7";"0";"9";"3";"0";"0";
"202000006396";"154 730 973";"B01";"1";"2";"0";"2";"1";"1";"1";
"202000006396";"154 730 974";"A01";"1";"7";"0";"2";"3";"9";"1";
"202000006397";"154 730 972";"A01";"3";"7";"9";"0";"1";"26";"1";
"202000006398";"154 730 970";"A01";"3";"7";"0";"2";"8";"1";"1";
"202000006398";"154 730 971";"B01";"3";"7";"0";"2";"1";"1";"1";
"202000006399";"154 730 968";"A01";"1";"33";"0";"2";"1";"13";"1";
"202000006399";"154 730 969";"B01";"2";"37";"0";"2";"3";"1";"1";"1"
"202000006400";"154 730 966";"B01";"1";"32";"0";"2";"1";"1";"1";
"202000006400";"154 730 967";"A01";"2";"7";"0";"2";"3";"10";"1";
"202000006401";"154 730 964";"B01";"1";"30";"0";"2";"1";"1";"1";
"202000006401";"154 730 965";"A01";"1";"30";"0";"2";"8";"10";"1";
"202000006402";"154 730 962";"B01";"2";"1";"0";"2";"1";"3";"0";
"202000006402";"154 730 963";"A01";"1";"33";"0";"2";"1";"3";"1";
"202000006403";"154 730 960";"B01";"1";"7";"0";"2";"3";"9";"1";
"202000006403";"154 730 961";"A01";"2";"30";"0";"2";"1";"1";"1";
"202000006404";"154 730 959";"A01";"1";"30";"0";"1";"1";"1";"1";
"202000006405";"154 730 957";"A01";"2";"7";"0";"2";"8";"10";"1";
"202000006405";"154 730 958";"B01";"2";"30";"0";"2";"1";"1";"1";
"202000006406";"154 730 956";"A01";"3";"7";"0";"1";"3";"1";"1";
"202000006407";"154 730 954";"B01";"1";"7";"0";"1";"4";"23";"1";
"202000006407";"154 730 955";"A01";"1";"7";"1";"2";"1";"1";"1";
"202000006408";"154 730 953";"A01";"3";"7";"0";"1";"1";"26";"1";
"202000006409";"154 730 951";"B01";"2";"30";"0";"2";"4";"1";"1";
"202000006409";"154 730 952";"A01";"0";"30";"0";"2";"1";"1";"1";
"202000006410";"154 730 949";"B01";"0";"1";"1";"0";"7";"19";"0";
"202000006410";"154 730 950";"A01";"1";"7";"1";"0";"1";"1";"1";
"202000006411";"154 730 948";"A01";"3";"33";"4";"0";"1";"26";"1";
"202000006412";"154 730 947";"A01";"2";"7";"0";"1";"7";"1";"1";
"202000006413";"154 730 945";"A01";"2";"7";"0";"2";"1";"1";"1";
"202000006413";"154 730 946";"B01";"2";"7";"0";"2";"4";"1";"1";
"202000006414";"154 730 942";"A01";"1";"3";"0";"2";"5";"15";"1";
"202000006414";"154 730 943";"B01";"1";"7";"0";"2";"1";"26";"0";
"202000006415";"154 730 941";"A01";"3";"7";"0";"1";"4";"4";"1";
"202000006416";"154 730 939";"A01";"3";"7";"0";"0";"5";"16";"1";
"202000006416";"154 730 940";"B01";"3";"1";"0";"2";"8";"1";"5";
"202000006417";"154 730 938";"A01";"3";"7";"3";"1";"1";"0";"0";
"202000006418";"154 730 937";"A01";"0";"7";"0";"1";"1";"1";"0";
"202000006419";"154 730 935";"A01";"1";"7";"0";"2";"1";"21";"1";
"202000006419";"154 730 936";"B01";"2";"7";"0";"2";"1";"1";"1";
"202000006420";"154 730 933";"A01";"1";"7";"0";"2";"6";"26";"1";
"202000006420";"154 730 934";"B01";"1";"7";"1";"0";"2";"21";"1";
"202000006421";"154 730 931";"B01";"3";"1";"0";"2";"8";"19";"0";
"202000006421";"154 730 932";"A01";"3";"10";"0";"2";"1";"1";"0";
"202000006422";"154 730 929";"B01";"2";"30";"0";"2";"1";"17";"1";
"202000006422";"154 730 930";"A01";"2";"7";"0";"2";"8";"15";"1";
"202000006423";"154 730 927";"A01";"2";"7";"0";"2";"2";"15";"1";
"202000006423";"154 730 928";"B01";"2";"33";"0";"2";"1";"1";"1";
"202000006424";"154 730 925";"B01";"1";"30";"0";"2";"1";"1";"1";
"202000006424";"154 730 926";"A01";"1";"7";"0";"2";"8";"15";"1";
"202000006425";"154 730 923";"A01";"1";"30";"0";"2";"1";"15";"1";
"202000006425";"154 730 924";"B01";"1";"7";"0";"2";"8";"1";"1";
"202000006426";"154 730 922";"A01";"1";"30";"0";"1";"1";"13";"1";
"202000006427";"154 730 920";"B01";"2";"7";"0";"2";"8";"17";"1";
"202000006427";"154 730 921";"A01";"2";"30";"0";"2";"1";"1";"1";
"202000006428";"154 730 918";"A01";"1";"32";"0";"2";"1";"1";"1";
"202000006428";"154 730 919";"B01";"1";"1";"0";"2";"8";"19";"5";
"202000006429";"154 730 915";"B01";"3";"1";"0";"0";"0";"0";"5";
"202000006429";"154 730 916";"A01";"3";"1";"0";"0";"1";"2";"5";
"202000006430";"154 730 914";"A01";"3";"32";"0";"1";"1";"1";"1";
"202000006431";"154 730 913";"A01";"2";"7";"0";"0";"0";"0";"1";
"202000006432";"154 730 912";"A01";"1";"7";"0";"1";"1";"1";"2";
"202000006433";"154 730 911";"A01";"2";"7";"0";"1";"7";"1";"1";
"202000006434";"154 730 910";"A01";"2";"7";"0";"0";"0";"1";"1";
"202000006435";"154 730 908";"B01";"2";"1";"0";"2";"4";"1";"5";
"202000006435";"154 730 909";"A01";"2";"7";"0";"9";"1";"15";"1";
"202000006436";"154 730 907";"A01";"3";"10";"0";"1";"5";"16";"1";
"202000006437";"154 730 905";"B01";"1";"7";"0";"2";"3";"15";"6";
"202000006437";"154 730 906";"A01";"2";"33";"0";"2";"3";"19";"6";
"202000006438";"154 730 903";"A01";"1";"7";"0";"2";"2";"13";"1";
"202000006438";"154 730 904";"B01";"2";"7";"0";"0";"3";"1";"1";
"202000006439";"154 730 901";"B01";"1";"7";"0";"2";"1";"1";"1";
"202000006439";"154 730 902";"A01";"1";"7";"0";"2";"3";"19";"1";
"202000006440";"154 730 899";"A01";"0";"33";"0";"0";"6";"15";"1";
"202000006440";"154 730 900";"B01";"0";"33";"0";"2";"1";"15";"1";
"202000006441";"154 730 898";"A01";"1";"99";"0";"1";"1";"1";"3";
"202000006442";"154 730 896";"A01";"2";"30";"0";"2";"1";"17";"1";
"202000006442";"154 730 897";"B01";"2";"7";"0";"2";"8";"1";"1";
"202000006443";"154 730 895";"A01";"1";"2";"5";"9";"6";"13";"6";
"202000006444";"154 730 894";"A01";"3";"43";"14";"1";"1";"17";"6";
"202000006445";"154 730 893";"A01";"2";"32";"14";"0";"1";"1";"1";
"202000006446";"154 730 891";"A01";"2";"32";"0";"2";"1";"1";"1";
"202000006446";"154 730 892";"B01";"1";"2";"0";"2";"1";"1";"1";
"202000006447";"154 730 890";"A01";"2";"30";"16";"0";"1";"1";"1";
"202000006448";"154 730 889";"A01";"3";"7";"1";"0";"1";"18";"1";
"202000006449";"154 730 888";"A01";"1";"7";"0";"1";"2";"21";"1";
"202000006450";"154 730 886";"A01";"3";"7";"0";"2";"5";"15";"1";
"202000006450";"154 730 887";"B01";"3";"34";"0";"2";"1";"1";"1";
"202000006451";"154 730 885";"Z01";"0";"7";"14";"0";"1";"1";"1";
"202000006452";"154 730 884";"A01";"1";"7";"5";"0";"6";"1";"6";
"202000006453";"154 730 882";"B01";"1";"7";"0";"2";"1";"1";"1";
"202000006453";"154 730 883";"A01";"2";"7";"0";"2";"1";"13";"1";
"202000006454";"154 730 878";"C01";"1";"17";"0";"2";"1";"2";"1";
"202000006454";"154 730 879";"B01";"1";"7";"0";"2";"4";"23";"1";
"202000006454";"154 730 880";"A01";"1";"7";"0";"2";"4";"23";"1";
"202000006454";"154 730 881";"D01";"1";"7";"0";"2";"4";"23";"1";
"202000006455";"154 730 876";"Z01";"0";"7";"0";"2";"1";"5";"1";
"202000006455";"154 730 877";"B01";"0";"7";"0";"2";"8";"1";"1";
"202000006456";"154 730 875";"A01";"2";"7";"0";"1";"4";"20";"1";
"202000006457";"154 730 874";"A01";"1";"30";"0";"0";"0";"1";"1";
"202000006458";"154 730 873";"A01";"2";"7";"1";"1";"1";"13";"1";
"202000006459";"154 730 872";"A01";"2";"7";"0";"1";"2";"1";"1";
"202000006460";"154 730 871";"A01";"1";"7";"0";"1";"1";"20";"1";
"202000006461";"154 730 869";"A01";"2";"30";"0";"2";"1";"17";"1";
"202000006461";"154 730 870";"B01";"2";"7";"0";"2";"3";"15";"1";
"202000006462";"154 730 868";"A01";"2";"34";"0";"0";"0";"1";"1";
"202000006463";"154 730 866";"B01";"2";"32";"0";"2";"0";"1";"1";
"202000006463";"154 730 867";"A01";"1";"32";"0";"2";"0";"13";"1";
"202000006464";"154 730 865";"A01";"0";"7";"0";"1";"1";"1";"1";
"202000006465";"154 730 863";"B01";"0";"2";"0";"2";"4";"15";"1";
"202000006465";"154 730 864";"A01";"0";"7";"0";"2";"2";"1";"1";
"202000006466";"154 730 861";"B01";"0";"7";"0";"2";"3";"9";"1";
"202000006466";"154 730 862";"A01";"0";"7";"0";"2";"2";"1";"1";
"202000006467";"154 730 859";"B01";"0";"7";"0";"2";"6";"1";"1";