"Num_Acc";"id_vehicule";"num_veh";"senc";"catv";"obs";"obsm";"choc";"manv";"motor";"occutc"
"202000006684";"154 730 492";"B01";"3";"7";"0";"2";"4";"23";"1";
"202000006684";"154 730 493";"A01";"3";"7";"0";"2";"1";"1";"1";
"202000006685";"154 730 490";"B01";"1";"7";"0";"2";"6";"15";"1";
"202000006685";"154 730 491";"A01";"1";"31";"0";"2";"1";"17";"1";
"202000006686";"154 730 488";"A01";"2";"7";"6";"2";"2";"17";"1";
"202000006686";"154 730 489";"B01";"1";"13";"0";"2";"6";"1";"1";
"202000006687";"154 730 486";"A01";"1";"7";"3";"0";"4";"1";"1";
"202000006687";"154 730 487";"B01";"2";"10";"0";"2";"1";"1";"1";
"202000006688";"154 730 485";"A01";"3";"7";"13";"0";"3";"14";"1";
"202000006689";"154 730 483";"A01";"2";"7";"0";"2";"1";"2";"1";
"202000006689";"154 730 484";"B01";"2";"7";"0";"2";"4";"2";"1";
"202000006690";"154 730 482";"A01";"0";"1";"0";"0";"0";"0";"5";
"202000006691";"154 730 480";"A01";"1";"10";"0";"2";"7";"1";"1";
"202000006691";"154 730 481";"B01";"1";"1";"0";"2";"1";"9";"5";
"202000006692";"154 730 479";"A01";"1";"7";"2";"0";"8";"1";"1";
"202000006693";"154 730 477";"A01";"1";"7";"0";"2";"3";"13";"1";
"202000006693";"154 730 478";"B01";"2";"7";"0";"2";"8";"21";"1";
"202000006694";"154 730 475";"B01";"2";"7";"0";"2";"1";"1";"1";
"202000006694";"154 730 476";"A01";"1";"7";"0";"2";"3";"15";"1";
"202000006695";"154 730 473";"B01";"2";"7";"0";"2";"1";"1";"1";
"202000006695";"154 730 474";"A01";"1";"7";"0";"2";"7";"1";"1";
"202000006696";"154 730 471";"A01";"1";"10";"0";"2";"3";"1";"0";
"202000006696";"154 730 472";"B01";"2";"7";"0";"2";"1";"13";"1";
"202000006697";"154 730 470";"A01";"2";"33";"0";"0";"4";"1";"1";
"202000006698";"154 730 468";"B01";"1";"7";"0";"2";"2";"1";"1";
"202000006698";"154 730 469";"A01";"1";"7";"0";"2";"3";"9";"1";
"202000006699";"154 730 467";"A01";"1";"7";"2";"0";"8";"1";"1";
"202000006700";"154 730 465";"A01";"1";"7";"0";"2";"1";"17";"1";
"202000006700";"154 730 466";"B01";"1";"7";"0";"2";"6";"15";"1";
"202000006701";"154 730 464";"A01";"2";"7";"15";"0";"2";"13";"1";
"202000006702";"154 730 462";"B01";"2";"7";"0";"2";"3";"1";"1";
"202000006702";"154 730 463";"A01";"1";"7";"0";"2";"3";"13";"1";
"202000006703";"154 730 461";"A01";"1";"7";"13";"0";"1";"1";"1";
"202000006704";"154 730 460";"A01";"1";"2";"12";"0";"2";"1";"1";
"202000006705";"154 730 459";"A01";"1";"13";"6";"0";"1";"1";"1";
"202000006706";"154 730 456";"A01";"3";"1";"0";"1";"1";"2";"5";
"202000006707";"154 730 455";"A01";"1";"7";"2";"0";"1";"1";"1";
"202000006708";"154 730 453";"A01";"2";"7";"0";"2";"1";"16";"1";
"202000006708";"154 730 454";"B01";"1";"1";"0";"2";"4";"1";"5";
"202000006709";"154 730 452";"A01";"1";"15";"0";"1";"4";"4";"1";
"202000006710";"154 730 451";"A01";"2";"7";"2";"0";"3";"13";"1";
"202000006711";"154 730 449";"B01";"2";"32";"0";"2";"2";"17";"1";
"202000006711";"154 730 450";"A01";"2";"7";"0";"2";"8";"10";"1";
"202000006712";"154 730 447";"B01";"3";"10";"0";"2";"1";"2";"1";
"202000006712";"154 730 448";"A01";"3";"20";"0";"0";"4";"1";"1";
"202000006713";"154 730 445";"B01";"0";"7";"0";"0";"2";"1";"1";
"202000006713";"154 730 446";"A01";"0";"1";"0";"2";"1";"9";"6";
"202000006714";"154 730 443";"B01";"1";"10";"0";"2";"1";"15";"1";
"202000006714";"154 730 444";"A01";"2";"31";"0";"2";"1";"1";"1";
"202000006715";"154 730 442";"A01";"2";"7";"0";"1";"2";"14";"1";
"202000006716";"154 730 440";"A01";"2";"7";"0";"0";"4";"2";"0";
"202000006716";"154 730 441";"B01";"2";"33";"0";"2";"1";"0";"0";
"202000006717";"154 730 439";"A01";"0";"1";"0";"0";"0";"1";"5";
"202000006718";"154 730 437";"A01";"1";"7";"0";"2";"1";"15";"1";
"202000006718";"154 730 438";"B01";"2";"2";"0";"2";"3";"1";"1";
"202000006719";"154 730 436";"A01";"0";"7";"15";"0";"1";"0";"1";
"202000006720";"154 730 433";"C01";"3";"7";"0";"2";"4";"1";"1";
"202000006720";"154 730 434";"B01";"3";"7";"0";"2";"4";"1";"1";
"202000006720";"154 730 435";"A01";"3";"7";"0";"2";"1";"1";"1";
"202000006721";"154 730 431";"B01";"2";"2";"0";"2";"1";"1";"1";
"202000006721";"154 730 432";"A01";"2";"10";"0";"2";"3";"15";"1";
"202000006722";"154 730 430";"A01";"3";"7";"0";"1";"1";"19";"1";
"202000006723";"154 730 429";"A01";"1";"7";"0";"1";"1";"1";"1";
"202000006724";"154 730 427";"B01";"1";"30";"0";"2";"1";"0";"1";
"202000006724";"154 730 428";"A01";"1";"30";"0";"2";"8";"15";"1";
"202000006725";"154 730 425";"A01";"1";"30";"0";"2";"3";"1";"1";
"202000006725";"154 730 426";"B01";"2";"10";"0";"2";"2";"1";"1";
"202000006726";"154 730 424";"A01";"1";"7";"0";"1";"2";"2";"1";
"202000006727";"154 730 423";"A01";"2";"7";"0";"1";"8";"15";"1";
"202000006728";"154 730 422";"A01";"1";"7";"0";"1";"1";"1";"1";
"202000006729";"154 730 420";"A01";"1";"7";"0";"2";"8";"13";"1";
"202000006729";"154 730 421";"B01";"1";"7";"0";"2";"7";"1";"1";
"202000006730";"154 730 417";"B01";"1";"7";"0";"2";"7";"9";"0";
"202000006730";"154 730 418";"A01";"1";"7";"0";"2";"1";"9";"1";
"202000006730";"154 730 419";"C01";"1";"7";"0";"2";"3";"1";"0";
"202000006731";"154 730 416";"A01";"1";"20";"0";"1";"3";"15";"1";
"202000006732";"154 730 414";"A01";"1";"2";"0";"2";"8";"1";"1";
"202000006732";"154 730 415";"B01";"1";"7";"0";"2";"3";"1";"1";
"202000006733";"154 730 412";"B01";"1";"31";"0";"2";"0";"0";"1";
"202000006733";"154 730 413";"A01";"1";"7";"0";"2";"1";"19";"1";
"202000006734";"154 730 411";"A01";"3";"13";"0";"1";"3";"15";"1";
"202000006735";"154 730 410";"A01";"1";"10";"0";"1";"3";"1";"0";
"202000006736";"154 730 406";"A01";"3";"7";"2";"0";"1";"14";"1";
"202000006737";"154 730 403";"A01";"2";"7";"0";"0";"7";"1";"1";
"202000006737";"154 730 404";"C01";"1";"7";"0";"0";"1";"23";"1";
"202000006737";"154 730 405";"B01";"3";"7";"0";"0";"1";"1";"1";
"202000006738";"154 730 402";"A01";"1";"30";"6";"0";"1";"0";"1";
"202000006739";"154 730 400";"B01";"2";"30";"0";"2";"1";"1";"1";
"202000006739";"154 730 401";"A01";"1";"7";"0";"2";"2";"15";"1";
"202000006740";"154 730 399";"A01";"2";"31";"9";"0";"1";"13";"1";
"202000006741";"154 730 397";"A01";"1";"7";"0";"2";"2";"1";"1";
"202000006741";"154 730 398";"B01";"3";"1";"0";"2";"2";"15";"5";
"202000006742";"154 730 395";"B01";"1";"7";"0";"9";"0";"0";"1";
"202000006742";"154 730 396";"A01";"1";"1";"0";"2";"3";"15";"5";
"202000006743";"154 730 394";"A01";"0";"7";"1";"0";"2";"1";"1";
"202000006744";"154 730 393";"A01";"3";"2";"0";"0";"4";"26";"1";
"202000006745";"154 730 391";"A01";"3";"2";"0";"2";"8";"16";"1";
"202000006745";"154 730 392";"B01";"3";"2";"0";"2";"2";"1";"1";
"202000006746";"154 730 389";"A01";"3";"7";"0";"2";"2";"15";"1";
"202000006746";"154 730 390";"B01";"3";"32";"0";"2";"1";"7";"1";
"202000006747";"154 730 388";"A01";"3";"7";"0";"0";"3";"9";"1";
"202000006748";"154 730 386";"CA01";"1";"10";"0";"2";"0";"26";"1";
"202000006748";"154 730 387";"B01";"1";"2";"0";"2";"0";"0";"0";
"202000006749";"154 730 385";"A01";"1";"7";"8";"0";"9";"14";"1";
"202000006750";"154 730 384";"A01";"2";"7";"15";"0";"2";"1";"1";
"202000006751";"154 730 383";"A01";"3";"50";"0";"0";"0";"1";"3";
"202000006752";"154 730 381";"A01";"0";"7";"0";"2";"5";"15";"1";
"202000006752";"154 730 382";"B01";"0";"32";"0";"2";"1";"1";"1";
"202000006753";"154 730 380";"A01";"1";"7";"0";"1";"3";"1";"0";
"202000006754";"154 730 378";"B01";"1";"40";"0";"2";"2";"1";"3";
"202000006754";"154 730 379";"A01";"1";"7";"0";"4";"3";"19";"1";
"202000006755";"154 730 377";"A01";"1";"7";"8";"0";"1";"1";"1";
"202000006756";"154 730 375";"Z01";"1";"7";"0";"2";"8";"14";"1";
"202000006756";"154 730 376";"A01";"1";"30";"0";"2";"7";"1";"1";
"202000006757";"154 730 374";"A01";"1";"7";"0";"1";"7";"1";"1";
"202000006758";"154 730 372";"A01";"2";"7";"0";"2";"2";"15";"1";
"202000006758";"154 730 373";"B01";"1";"30";"0";"2";"1";"1";"1";
"202000006759";"154 730 370";"A01";"2";"7";"0";"2";"1";"1";"1";
"202000006759";"154 730 371";"B01";"1";"7";"0";"2";"8";"1";"1";
"202000006760";"154 730 368";"B01";"1";"1";"0";"2";"3";"15";"0";
"202000006760";"154 730 369";"A01";"1";"7";"0";"2";"2";"17";"2";
"202000006761";"154 730 366";"A01";"3";"1";"0";"2";"3";"1";"5";
"202000006761";"154 730 367";"B01";"2";"7";"0";"2";"3";"1";"3";
"202000006762";"154 730 364";"B01";"2";"34";"0";"2";"7";"17";"1";
"202000006762";"154 730 365";"A01";"2";"7";"0";"2";"3";"13";"1";
"202000006763";"154 730 363";"A01";"1";"34";"1";"0";"1";"1";"1";
"202000006764";"154 730 361";"Z01";"1";"7";"0";"2";"1";"1";"0";
"202000006764";"154 730 362";"A01";"2";"7";"0";"0";"4";"23";"0";
"202000006765";"154 730 359";"B01";"1";"3";"12";"0";"4";"0";"1";
"202000006765";"154 730 360";"A01";"1";"3";"0";"2";"1";"23";"1";
"202000006766";"154 730 358";"A01";"1";"34";"1";"2";"1";"1";"1";
"202000006767";"154 730 357";"A01";"0";"7";"2";"0";"9";"13";"1";
"202000006768";"154 730 355";"B01";"1";"7";"0";"2";"6";"1";"1";
"202000006768";"154 730 356";"A01";"2";"7";"0";"2";"3";"6";"1";
"202000006769";"154 730 353";"A01";"1";"7";"0";"0";"2";"19";"1";
"202000006769";"154 730 354";"B01";"2";"2";"0";"2";"1";"1";"1";
"202000006770";"154 730 348";"E01";"1";"7";"0";"2";"4";"2";"1";
"202000006770";"154 730 349";"D01";"1";"7";"0";"2";"4";"2";"1";
"202000006770";"154 730 350";"C01";"1";"7";"0";"2";"4";"2";"1";
"202000006770";"154 730 351";"B01";"1";"10";"0";"2";"4";"2";"1";
"202000006770";"154 730 352";"A01";"1";"7";"0";"2";"1";"2";"1";
"202000006771";"154 730 346";"B01";"1";"33";"0";"2";"1";"1";"1";
"202000006771";"154 730 347";"A01";"2";"7";"0";"2";"6";"19";"1";
"202000006772";"154 730 343";"C01";"2";"33";"0";"2";"1";"26";"1";
"202000006772";"154 730 344";"B01";"2";"33";"0";"2";"1";"26";"1";
"202000006772";"154 730 345";"A01";"2";"33";"0";"2";"4";"16";"1";
"202000006773";"154 730 339";"B01";"2";"7";"0";"2";"8";"15";"0";
"202000006773";"154 730 340";"A01";"2";"33";"0";"2";"1";"17";"0";
"202000006774";"154 730 338";"A01";"3";"7";"0";"1";"2";"1";"1";
"202000006775";"154 730 337";"A01";"2";"7";"2";"0";"1";"1";"1";
"202000006776";"154 730 336";"A01";"0";"35";"2";"0";"2";"0";"0";
"202000006777";"154 730 335";"A01";"1";"33";"13";"0";"1";"15";"1";
"202000006778";"154 730 334";"A01";"2";"7";"13";"0";"1";"0";"0";
"202000006779";"154 730 332";"B01";"0";"33";"0";"2";"1";"1";"1";
"202000006779";"154 730 333";"A01";"0";"7";"0";"2";"6";"15";"1";
"202000006780";"154 730 331";"A01";"0";"30";"0";"0";"2";"1";"0";
"202000006781";"154 730 329";"A01";"2";"7";"0";"2";"3";"1";"1";
"202000006781";"154 730 330";"B01";"1";"7";"0";"2";"3";"1";"1";
"202000006782";"154 730 328";"A01";"2";"7";"13";"0";"2";"1";"1";
"202000006783";"154 730 327";"A01";"1";"31";"0";"1";"1";"1";"1";
"202000006784";"154 730 326";"A01";"1";"1";"0";"0";"0";"2";"5";
"202000006785";"154 730 325";"A01";"1";"99";"1";"0";"2";"14";"1";
"202000006786";"154 730 324";"A01";"3";"7";"6";"0";"1";"2";"1";
"202000006787";"154 730 323";"A01";"1";"33";"3";"0";"7";"14";"1";
"202000006788";"154 730 322";"A01";"1";"7";"6";"1";"1";"1";"1";
"202000006789";"154 730 320";"A01";"1";"7";"0";"2";"7";"15";"0";
"202000006789";"154 730 321";"B01";"2";"32";"0";"2";"1";"1";"1";
"202000006790";"154 730 319";"A01";"2";"7";"7";"0";"7";"1";"0";
"202000006791";"154 730 318";"A01";"1";"7";"7";"0";"1";"13";"1";
"202000006792";"154 730 317";"A01";"3";"7";"16";"0";"2";"1";"0";
"202000006793";"154 730 316";"A01";"2";"7";"2";"0";"1";"1";"1";
"202000006794";"154 730 314";"A01";"2";"7";"0";"2";"2";"17";"1";
"202000006794";"154 730 315";"B01";"2";"1";"0";"2";"8";"10";"0";
"202000006795";"154 730 313";"A01";"0";"7";"0";"0";"0";"0";"1";
"202000006796";"154 730 312";"A01";"2";"1";"0";"0";"1";"1";"5";
"202000006797";"154 730 310";"B01";"3";"2";"0";"2";"1";"0";"1";
"202000006797";"154 730 311";"A01";"3";"7";"0";"2";"2";"1";"1";
"202000006798";"154 730 309";"A01";"3";"2";"0";"0";"2";"26";"1";
"202000006799";"154 730 306";"C01";"2";"7";"0";"2";"5";"1";"1";
"202000006799";"154 730 307";"A01";"2";"33";"0";"2";"1";"12";"1";
"202000006799";"154 730 308";"B01";"2";"33";"0";"2";"4";"1";"1";
"202000006800";"154 730 305";"A01";"2";"33";"2";"0";"1";"26";"1";
"202000006801";"154 730 304";"A01";"1";"33";"0";"6";"2";"1";"1";
"202000006802";"154 730 302";"B01";"2";"33";"0";"2";"1";"1";"1";
"202000006802";"154 730 303";"A01";"1";"10";"0";"2";"5";"15";"1";
"202000006803";"154 730 300";"B01";"1";"7";"16";"0";"4";"16";"1";
"202000006803";"154 730 301";"A01";"1";"7";"0";"2";"1";"2";"1";
"202000006804";"154 730 299";"A01";"1";"33";"16";"0";"1";"1";"1";
"202000006805";"154 730 297";"A01";"1";"7";"0";"2";"1";"0";"1";
"202000006805";"154 730 298";"B01";"1";"7";"0";"2";"3";"0";"1";
"202000006806";"154 730 293";"A01";"3";"7";"0";"2";"2";"15";"1";
"202000006806";"154 730 294";"B01";"2";"33";"0";"2";"1";"1";"1";
"202000006807";"154 730 292";"A01";"0";"7";"2";"0";"8";"1";"1";
"202000006808";"154 730 290";"A01";"1";"7";"0";"2";"2";"15";"1";
"202000006808";"154 730 291";"B01";"1";"7";"0";"2";"1";"1";"1";
"202000006809";"154 730 289";"A01";"1";"7";"6";"0";"9";"14";"1";
"202000006810";"154 730 287";"A01";"2";"10";"0";"2";"2";"17";"1";
"202000006810";"154 730 288";"B01";"2";"80";"0";"2";"3";"13";"3";
"202000006811";"154 730 285";"A01";"2";"7";"0";"2";"8";"19";"1";
"202000006811";"154 730 286";"B01";"1";"33";"0";"2";"1";"1";"1";
"202000006812";"154 730 284";"A01";"1";"7";"0";"1";"4";"4";"1";
"202000006813";"154 730 282";"B01";"1";"2";"0";"0";"4";"2";"1";
"202000006813";"154 730 283";"A01";"1";"7";"0";"2";"2";"2";"1";
"202000006814";"154 730 280";"B01";"3";"33";"0";"2";"1";"1";"1";
"202000006814";"154 730 281";"A01";"3";"33";"0";"2";"1";"5";"1";
"202000006815";"154 730 278";"B01";"2";"33";"0";"2";"1";"1";"1";
"202000006815";"154 730 279";"A01";"1";"7";"0";"2";"2";"15";"1";
"202000006816";"154 730 277";"A01";"2";"7";"13";"0";"3";"19";"1";
"202000006817";"154 730 275";"B01";"1";"7";"0";"0";"5";"2";"1";
"202000006817";"154 730 276";"A01";"1";"33";"0";"2";"1";"2";"1";
"202000006818";"154 730 273";"A01";"1";"7";"0";"0";"4";"4";"1";
"202000006818";"154 730 274";"B01";"1";"43";"0";"2";"1";"1";"1";
"202000006819";"154 730 271";"B01";"2";"14";"0";"2";"1";"1";"1";
"202000006819";"154 730 272";"A01";"1";"7";"0";"2";"1";"13";"1";
"202000006820";"154 730 270";"A01";"1";"1";"0";"0";"7";"1";"5";
"202000006821";"154 730 267";"A01";"1";"33";"0";"2";"1";"17";"1";
"202000006821";"154 730 268";"B01";"1";"7";"0";"2";"6";"11";"1";
"202000006821";"154 730 269";"C01";"1";"7";"0";"2";"1";"1";"1";
"202000006822";"154 730 265";"B01";"1";"7";"0";"2";"1";"1";"1";
"202000006822";"154 730 266";"A01";"2";"7";"0";"2";"7";"1";"1";
"202000006823";"154 730 262";"C01";"1";"33";"0";"0";"1";"1";"1";
"202000006823";"154 730 263";"B01";"1";"7";"0";"0";"6";"1";"1";
"202000006823";"154 730 264";"A01";"2";"7";"0";"2";"3";"1";"1";
"202000006824";"154 730 260";"A01";"1";"7";"0";"0";"2";"15";"1";
"202000006824";"154 730 261";"B01";"2";"1";"0";"2";"1";"1";"5";
"202000006825";"154 730 259";"A01";"3";"36";"0";"0";"8";"15";"1";
"202000006826";"154 730 257";"A01";"2";"7";"0";"2";"3";"1";"1";
"202000006826";"154 730 258";"B01";"2";"1";"0";"2";"1";"1";"5";
"202000006827";"154 730 255";"A01";"0";"7";"0";"2";"6";"9";"1";
"202000006827";"154 730 256";"B01";"0";"33";"0";"2";"1";"1";"1";
"202000006828";"154 730 253";"B01";"1";"33";"0";"2";"7";"1";"1";
"202000006828";"154 730 254";"A01";"2";"7";"3";"2";"6";"13";"1";
"202000006829";"154 730 251";"B01";"1";"7";"0";"2";"3";"0";"0";
"202000006829";"154 730 252";"A01";"2";"2";"0";"2";"1";"13";"1";
"202000006830";"154 730 249";"A01";"2";"33";"0";"2";"2";"17";"1";
"202000006830";"154 730 250";"B01";"2";"7";"0";"2";"8";"1";"1";
"202000006831";"154 730 247";"B01";"1";"7";"0";"2";"3";"1";"1";
"202000006831";"154 730 248";"A01";"2";"7";"0";"2";"1";"13";"1";
"202000006832";"154 730 245";"B01";"2";"33";"0";"2";"1";"1";"1";
"202000006832";"154 730 246";"A01";"2";"33";"0";"2";"4";"1";"1";
"202000006833";"154 730 242";"A01";"3";"7";"0";"0";"3";"16";"1";
"202000006833";"154 730 243";"B01";"3";"7";"0";"2";"1";"16";"1";
"202000006834";"154 730 241";"A01";"3";"33";"16";"0";"8";"1";"1";
"202000006835";"154 730 240";"A01";"2";"7";"4";"0";"1";"0";"1";
"202000006836";"154 730 239";"A01";"1";"20";"0";"0";"9";"26";"1";
"202000006837";"154 730 238";"A01";"2";"33";"0";"0";"7";"1";"1";
"202000006838";"154 730 235";"B01";"2";"7";"0";"2";"8";"9";"1";
"202000006838";"154 730 236";"C01";"2";"33";"0";"2";"0";"2";"1";
"202000006838";"154 730 237";"A01";"2";"15";"0";"2";"2";"2";"1";
"202000006839";"154 730 234";"A01";"1";"33";"14";"0";"8";"26";"1";
"202000006840";"154 730 232";"B01";"1";"7";"0";"9";"2";"15";"1";
"202000006840";"154 730 233";"A01";"1";"31";"0";"2";"1";"1";"1";
"202000006841";"154 730 230";"A01";"3";"99";"0";"2";"5";"1";"6";
"202000006841";"154 730 231";"B01";"3";"33";"0";"2";"1";"1";"6";
"202000006842";"154 730 228";"B01";"0";"30";"0";"2";"2";"1";"6";
"202000006842";"154 730 229";"A01";"0";"7";"0";"2";"6";"15";"0";
"202000006843";"154 730 226";"B01";"1";"7";"0";"2";"4";"1";"1";
"202000006843";"154 730 227";"A01";"1";"7";"0";"2";"1";"2";"1";
"202000006844";"154 730 225";"A01";"2";"41";"0";"1";"1";"26";"1";
"202000006845";"154 730 224";"A01";"2";"1";"0";"2";"1";"26";"5";
"202000006846";"154 730 222";"B01";"2";"50";"0";"2";"4";"2";"3";
"202000006846";"154 730 223";"A01";"2";"7";"0";"2";"1";"2";"0";
"202000006847";"154 730 220";"A01";"1";"7";"1";"0";"2";"26";"0";
"202000006847";"154 730 221";"B01";"1";"2";"1";"0";"1";"0";"0";
"202000006848";"154 730 218";"B01";"0";"31";"0";"0";"0";"0";"0";
"202000006848";"154 730 219";"A01";"3";"7";"0";"2";"3";"0";"0";
"202000006849";"154 730 217";"A01";"3";"7";"0";"1";"2";"17";"1";
"202000006850";"154 730 216";"A01";"1";"99";"8";"0";"0";"14";"0";
"202000006851";"154 730 215";"A01";"1";"7";"0";"1";"0";"1";"1";
"202000006852";"154 730 212";"C01";"1";"7";"0";"2";"1";"2";"1";
"202000006852";"154 730 213";"A01";"1";"7";"0";"2";"4";"2";"2";
"202000006852";"154 730 214";"B01";"1";"7";"0";"2";"1";"2";"1";
"202000006853";"154 730 210";"B01";"2";"1";"0";"0";"0";"0";"0";
"202000006853";"154 730 211";"A01";"1";"7";"0";"0";"3";"13";"1";
"202000006854";"154 730 206";"A01";"1";"7";"0";"9";"2";"11";"1";
"202000006854";"154 730 207";"B01";"1";"1";"0";"2";"1";"1";"5";
"202000006855";"154 730 204";"B01";"2";"1";"0";"2";"1";"1";"5";
"202000006855";"154 730 205";"A01";"1";"7";"0";"2";"1";"15";"1";
"202000006856";"154 730 202";"A01";"1";"7";"0";"2";"0";"14";"1";
"202000006856";"154 730 203";"B01";"0";"7";"0";"2";"0";"1";"1";
"202000006857";"154 730 201";"A01";"1";"7";"0";"1";"7";"1";"1";
"202000006858";"154 730 200";"A01";"3";"7";"0";"1";"2";"9";"0";
"202000006859";"154 730 198";"A01";"3";"7";"0";"2";"3";"10";"1";
"202000006859";"154 730 199";"B01";"3";"33";"0";"2";"7";"17";"1";
"202000006860";"154 730 196";"A01";"1";"7";"0";"2";"3";"15";"1";
"202000006860";"154 730 197";"B01";"2";"7";"8";"2";"8";"1";"1";
"202000006861";"154 730 194";"B01";"3";"7";"0";"9";"3";"2";"1";
"202000006861";"154 730 195";"A01";"0";"60";"0";"2";"1";"26";"5";
"202000006862";"154 730 193";"A01";"2";"7";"0";"1";"1";"1";"1";
"202000006863";"154 730 192";"A01";"3";"33";"0";"0";"3";"1";"1";
"202000006864";"154 730 191";"A01";"3";"7";"2";"0";"1";"1";"1";
"202000006865";"154 730 189";"B01";"3";"1";"0";"2";"1";"1";"5";
"202000006865";"154 730 190";"A01";"3";"7";"0";"2";"2";"16";"1";
"202000006866";"154 730 186";"C01";"0";"7";"0";"2";"4";"1";"1";
"202000006866";"154 730 187";"B01";"0";"7";"0";"2";"1";"2";"1";
"202000006866";"154 730 188";"A01";"3";"7";"0";"2";"1";"1";"1";
"202000006867";"154 730 184";"B01";"1";"7";"0";"2";"3";"1";"1";
"202000006867";"154 730 185";"A01";"1";"30";"0";"2";"1";"1";"1";
"202000006868";"154 730 183";"A01";"1";"1";"0";"0";"1";"1";"5";
"202000006869";"154 730 181";"B01";"3";"7";"0";"2";"3";"1";"1";
"202000006869";"154 730 182";"A01";"3";"31";"0";"2";"1";"17";"1";
"202000006870";"154 730 177";"A01";"2";"7";"1";"2";"2";"1";"0";
"202000006870";"154 730 178";"B01";"1";"7";"1";"2";"3";"0";"0";
"202000006870";"154 730 179";"D01";"1";"10";"1";"2";"3";"0";"0";
"202000006870";"154 730 180";"C01";"1";"7";"1";"2";"2";"0";"0";
"202000006871";"154 730 175";"B01";"3";"32";"0";"2";"8";"1";"0";
"202000006871";"154 730 176";"A01";"3";"10";"0";"2";"3";"15";"1";
"202000006872";"154 730 174";"A01";"1";"7";"6";"0";"8";"1";"1";
"202000006873";"154 730 173";"A01";"1";"7";"0";"1";"2";"15";"1";
"202000006874";"154 730 171";"A01";"3";"7";"0";"2";"1";"19";"0";
"202000006874";"154 730 172";"B01";"1";"7";"0";"2";"3";"1";"0";
"202000006875";"154 730 167";"A01";"2";"7";"0";"2";"1";"2";"1";
"202000006875";"154 730 168";"C01";"2";"7";"0";"2";"2";"11";"1";
"202000006875";"154 730 169";"D01";"2";"7";"0";"2";"3";"2";"1";
"202000006875";"154 730 170";"B01";"2";"7";"0";"2";"4";"2";"1";
"202000006876";"154 730 165";"A01";"1";"2";"0";"2";"1";"1";"1";
"202000006876";"154 730 166";"B01";"1";"37";"0";"2";"5";"1";"2";"1"
"202000006877";"154 730 164";"A01";"2";"30";"0";"1";"2";"1";"3";
"202000006878";"154 730 162";"B01";"3";"1";"0";"2";"8";"1";"5";
"202000006878";"154 730 163";"A01";"2";"7";"0";"2";"2";"1";"3";
"202000006879";"154 730 161";"A01";"2";"30";"14";"0";"7";"14";"3";
"202000006880";"154 730 159";"A01";"3";"1";"0";"2";"1";"19";"5";
"202000006880";"154 730 160";"Z01";"3";"7";"0";"2";"6";"1";"0";
"202000006881";"154 730 157";"A01";"1";"7";"0";"2";"7";"22";"1";
"202000006881";"154 730 158";"B01";"2";"1";"0";"2";"1";"5";"5";
"202000006882";"154 730 155";"B01";"1";"30";"0";"2";"8";"1";"1";
"202000006882";"154 730 156";"A01";"0";"7";"0";"2";"2";"15";"1";
"202000006883";"154 730 153";"B01";"3";"1";"0";"2";"1";"1";"5";
"202000006883";"154 730 154";"A01";"3";"7";"0";"2";"3";"10";"1";
"202000006884";"154 730 152";"A01";"1";"1";"12";"0";"1";"1";"5";
"202000006885";"154 730 151";"A01";"2";"1";"0";"1";"1";"25";"5";
"202000006886";"154 730 150";"A01";"1";"7";"0";"1";"2";"16";"1";
"202000006887";"154 730 148";"B01";"2";"1";"0";"2";"2";"1";"5";
"202000006887";"154 730 149";"A01";"2";"10";"0";"2";"3";"22";"1";
"202000006888";"154 730 147";"Z01";"2";"2";"0";"1";"0";"1";"0";
"202000006889";"154 730 145";"B01";"2";"7";"0";"2";"5";"23";"1";
"202000006889";"154 730 146";"A01";"2";"30";"0";"2";"1";"1";"1";
"202000006890";"154 730 143";"A01";"2";"10";"0";"2";"2";"10";"1";
"202000006890";"154 730 144";"B01";"1";"1";"0";"2";"1";"1";"5";
"202000006891";"154 730 142";"A01";"2";"33";"8";"0";"3";"13";"1";
"202000006892";"154 730 140";"B01";"2";"7";"0";"2";"4";"1";"0";
"202000006892";"154 730 141";"A01";"2";"7";"0";"2";"1";"1";"1";
"202000006893";"154 730 138";"A01";"2";"2";"0";"9";"3";"2";"0";
"202000006893";"154 730 139";"B01";"1";"50";"0";"0";"4";"1";"3";
"202000006894";"154 730 136";"A01";"1";"30";"0";"2";"3";"18";"1";
"202000006894";"154 730 137";"B01";"1";"7";"0";"2";"2";"16";"1";
"202000006895";"154 730 134";"A01";"2";"30";"0";"2";"1";"18";"1";
"202000006895";"154 730 135";"B01";"2";"7";"0";"2";"2";"16";"1";
"202000006896";"154 730 132";"B01";"2";"7";"0";"2";"1";"1";"1";
"202000006896";"154 730 133";"A01";"1";"7";"0";"2";"2";"13";"1";
"202000006897";"154 730 130";"A01";"1";"7";"0";"2";"1";"26";"0";
"202000006897";"154 730 131";"B01";"1";"33";"0";"2";"4";"1";"1";
"202000006898";"154 730 128";"A01";"3";"10";"0";"2";"1";"1";"1";
"202000006898";"154 730 129";"B01";"3";"32";"0";"2";"8";"16";"1";
"202000006899";"154 730 127";"A01";"1";"7";"1";"0";"2";"14";"1";
"202000006900";"154 730 125";"A01";"3";"33";"16";"0";"3";"16";"1";