"Num_Acc";"id_vehicule";"num_veh";"senc";"catv";"obs";"obsm";"choc";"manv";"motor";"occutc"
"202000007116";"154 729 751";"B01";"3";"31";"0";"2";"1";"1";"1";
"202000007116";"154 729 752";"A01";"3";"99";"0";"2";"1";"21";"1";
"202000007117";"154 729 750";"A01";"1";"7";"0";"1";"3";"1";"1";
"202000007118";"154 729 749";"A01";"1";"7";"0";"1";"1";"2";"1";
"202000007119";"154 729 748";"A01";"2";"7";"13";"0";"9";"14";"1";
"202000007120";"154 729 746";"A01";"1";"7";"0";"2";"1";"15";"1";
"202000007120";"154 729 747";"C01";"2";"1";"0";"2";"1";"1";"5";
"202000007121";"154 729 744";"B01";"2";"7";"0";"2";"6";"1";"1";
"202000007121";"154 729 745";"A01";"2";"34";"0";"2";"2";"3";"1";
"202000007122";"154 729 741";"B01";"1";"7";"0";"2";"4";"2";"1";
"202000007122";"154 729 742";"C01";"1";"7";"0";"2";"4";"2";"1";
"202000007122";"154 729 743";"A01";"1";"7";"0";"2";"1";"2";"1";
"202000007123";"154 729 737";"B01";"1";"7";"0";"2";"1";"2";"1";
"202000007123";"154 729 738";"A01";"1";"10";"0";"2";"4";"2";"1";
"202000007123";"154 729 739";"D01";"1";"7";"0";"2";"1";"2";"1";
"202000007123";"154 729 740";"C01";"1";"7";"0";"2";"4";"2";"6";
"202000007124";"154 729 735";"A01";"2";"7";"0";"2";"5";"12";"1";
"202000007124";"154 729 736";"B01";"2";"33";"0";"2";"3";"1";"1";
"202000007125";"154 729 734";"A01";"1";"33";"14";"0";"7";"1";"1";
"202000007126";"154 729 732";"A01";"2";"7";"0";"2";"1";"2";"1";
"202000007126";"154 729 733";"B01";"2";"7";"0";"2";"4";"2";"1";
"202000007127";"154 729 730";"B01";"2";"7";"0";"2";"4";"1";"1";
"202000007127";"154 729 731";"A01";"2";"7";"3";"2";"1";"21";"1";
"202000007128";"154 729 727";"A01";"2";"33";"0";"2";"0";"3";"1";
"202000007128";"154 729 728";"B01";"2";"17";"0";"2";"0";"1";"1";
"202000007128";"154 729 729";"C01";"2";"14";"0";"2";"0";"1";"1";
"202000007129";"154 729 725";"A01";"1";"33";"0";"2";"1";"3";"1";
"202000007129";"154 729 726";"B01";"1";"7";"0";"2";"6";"1";"1";
"202000007130";"154 729 723";"A01";"2";"7";"0";"2";"6";"11";"1";
"202000007130";"154 729 724";"B01";"2";"33";"0";"2";"1";"1";"1";
"202000007131";"154 729 721";"A01";"1";"33";"0";"2";"2";"1";"1";
"202000007131";"154 729 722";"B01";"1";"7";"0";"2";"6";"11";"1";
"202000007132";"154 729 719";"A01";"2";"7";"0";"2";"5";"1";"1";
"202000007132";"154 729 720";"B01";"2";"33";"0";"2";"1";"12";"1";
"202000007133";"154 729 717";"A01";"1";"15";"0";"2";"2";"12";"1";
"202000007133";"154 729 718";"B01";"1";"7";"0";"2";"6";"1";"1";
"202000007134";"154 729 715";"B01";"3";"33";"0";"2";"8";"1";"1";
"202000007134";"154 729 716";"A01";"3";"7";"0";"2";"3";"15";"1";
"202000007135";"154 729 713";"B01";"1";"30";"0";"2";"8";"1";"1";
"202000007135";"154 729 714";"A01";"1";"7";"0";"2";"5";"17";"1";
"202000007136";"154 729 712";"A01";"1";"7";"0";"1";"5";"17";"1";
"202000007137";"154 729 710";"B01";"1";"7";"0";"2";"2";"1";"1";
"202000007137";"154 729 711";"A01";"1";"7";"0";"2";"8";"9";"1";
"202000007138";"154 729 708";"B01";"1";"1";"0";"2";"7";"1";"0";
"202000007138";"154 729 709";"A01";"1";"7";"0";"2";"1";"1";"0";
"202000007139";"154 729 706";"A01";"1";"10";"0";"2";"2";"0";"1";
"202000007139";"154 729 707";"B01";"1";"1";"0";"2";"0";"0";"5";
"202000007140";"154 729 705";"A01";"2";"7";"2";"0";"3";"26";"2";
"202000007141";"154 729 703";"A01";"3";"7";"0";"2";"5";"15";"1";
"202000007141";"154 729 704";"B01";"3";"33";"0";"2";"1";"1";"1";
"202000007142";"154 729 701";"A01";"1";"31";"0";"2";"0";"1";"1";
"202000007142";"154 729 702";"B01";"3";"7";"0";"2";"8";"9";"1";
"202000007143";"154 729 698";"B01";"2";"7";"0";"2";"1";"1";"1";
"202000007143";"154 729 699";"C01";"1";"7";"0";"2";"1";"1";"1";
"202000007143";"154 729 700";"A01";"2";"7";"0";"2";"1";"1";"1";
"202000007144";"154 729 696";"B01";"1";"7";"0";"2";"5";"1";"1";
"202000007144";"154 729 697";"A01";"1";"7";"12";"2";"8";"13";"1";
"202000007145";"154 729 695";"A01";"2";"33";"0";"0";"0";"17";"0";
"202000007146";"154 729 693";"A01";"3";"7";"0";"9";"3";"9";"1";
"202000007146";"154 729 694";"B01";"3";"50";"0";"2";"7";"1";"3";
"202000007147";"154 729 691";"A01";"1";"33";"0";"2";"3";"26";"1";
"202000007147";"154 729 692";"B01";"1";"7";"0";"2";"7";"12";"1";
"202000007148";"154 729 689";"A01";"0";"10";"0";"2";"5";"15";"1";
"202000007148";"154 729 690";"B01";"0";"31";"0";"2";"1";"1";"1";
"202000007149";"154 729 687";"A01";"3";"50";"0";"2";"0";"1";"3";
"202000007149";"154 729 688";"B01";"3";"7";"0";"2";"0";"1";"1";
"202000007150";"154 729 686";"A01";"2";"10";"15";"0";"2";"1";"1";
"202000007151";"154 729 684";"B01";"1";"7";"0";"2";"4";"1";"0";
"202000007151";"154 729 685";"A01";"1";"1";"0";"2";"1";"1";"5";
"202000007152";"154 729 682";"A01";"0";"10";"0";"2";"2";"16";"1";
"202000007152";"154 729 683";"B01";"3";"1";"0";"2";"1";"15";"0";
"202000007153";"154 729 680";"B01";"1";"60";"0";"2";"1";"25";"5";
"202000007153";"154 729 681";"A01";"3";"10";"0";"2";"2";"19";"1";
"202000007154";"154 729 678";"A01";"1";"30";"0";"2";"1";"16";"1";
"202000007154";"154 729 679";"B01";"2";"7";"0";"2";"7";"1";"1";
"202000007155";"154 729 677";"A01";"2";"33";"14";"0";"1";"9";"1";
"202000007156";"154 729 675";"A01";"1";"7";"0";"2";"3";"3";"1";
"202000007156";"154 729 676";"B01";"1";"34";"0";"2";"4";"16";"1";
"202000007157";"154 729 674";"A01";"2";"32";"0";"1";"7";"1";"1";
"202000007158";"154 729 672";"B01";"3";"7";"0";"2";"3";"9";"1";
"202000007158";"154 729 673";"A01";"3";"30";"0";"2";"1";"1";"1";
"202000007159";"154 729 670";"B01";"1";"7";"0";"1";"7";"0";"1";
"202000007159";"154 729 671";"A01";"1";"10";"1";"0";"8";"13";"1";
"202000007160";"154 729 668";"A01";"1";"99";"0";"2";"1";"2";"1";
"202000007160";"154 729 669";"B01";"1";"7";"0";"2";"6";"15";"1";
"202000007161";"154 729 667";"A01";"1";"7";"0";"1";"7";"9";"1";
"202000007162";"154 729 665";"A01";"2";"7";"0";"2";"2";"15";"1";
"202000007162";"154 729 666";"B01";"1";"7";"0";"2";"2";"15";"1";
"202000007163";"154 729 663";"A01";"2";"1";"0";"2";"1";"2";"5";
"202000007163";"154 729 664";"B01";"2";"13";"0";"2";"4";"2";"1";
"202000007164";"154 729 661";"A01";"1";"7";"0";"2";"3";"10";"1";
"202000007164";"154 729 662";"B01";"1";"30";"0";"2";"2";"3";"1";
"202000007165";"154 729 659";"B01";"3";"7";"0";"2";"4";"1";"1";
"202000007165";"154 729 660";"A01";"3";"1";"0";"2";"3";"1";"5";
"202000007166";"154 729 657";"B01";"3";"7";"0";"2";"1";"19";"1";
"202000007166";"154 729 658";"A01";"3";"7";"0";"2";"7";"19";"1";
"202000007167";"154 729 655";"A01";"3";"7";"0";"2";"1";"9";"1";
"202000007167";"154 729 656";"B01";"3";"1";"0";"2";"1";"2";"5";
"202000007168";"154 729 653";"B01";"1";"7";"0";"2";"1";"1";"1";
"202000007168";"154 729 654";"A01";"3";"50";"0";"2";"7";"9";"3";
"202000007169";"154 729 651";"A01";"1";"7";"0";"2";"4";"23";"1";
"202000007169";"154 729 652";"B01";"1";"7";"0";"2";"1";"1";"1";
"202000007170";"154 729 649";"B01";"1";"1";"0";"2";"1";"19";"5";
"202000007170";"154 729 650";"A01";"3";"7";"0";"2";"2";"16";"1";
"202000007171";"154 729 648";"A01";"1";"7";"0";"1";"8";"1";"1";
"202000007172";"154 729 647";"A01";"0";"1";"0";"1";"1";"26";"5";
"202000007173";"154 729 645";"B01";"0";"7";"10";"2";"3";"1";"1";
"202000007173";"154 729 646";"A01";"0";"7";"0";"2";"1";"5";"1";
"202000007174";"154 729 643";"A01";"2";"7";"0";"2";"2";"1";"1";
"202000007174";"154 729 644";"B01";"2";"7";"0";"2";"3";"1";"1";
"202000007175";"154 729 641";"B01";"1";"7";"0";"2";"1";"9";"1";
"202000007175";"154 729 642";"A01";"2";"7";"0";"2";"7";"1";"1";
"202000007176";"154 729 639";"B01";"2";"1";"0";"2";"4";"1";"5";
"202000007176";"154 729 640";"A01";"1";"7";"0";"2";"1";"1";"1";
"202000007177";"154 729 637";"B01";"1";"1";"0";"2";"1";"9";"5";
"202000007177";"154 729 638";"A01";"2";"7";"0";"2";"0";"9";"1";
"202000007178";"154 729 635";"B01";"2";"7";"0";"2";"2";"1";"1";
"202000007178";"154 729 636";"A01";"2";"7";"0";"2";"3";"11";"1";
"202000007179";"154 729 633";"A01";"1";"7";"0";"2";"3";"19";"1";
"202000007179";"154 729 634";"B01";"1";"1";"0";"2";"1";"1";"5";
"202000007180";"154 729 631";"A01";"1";"10";"0";"2";"3";"17";"1";
"202000007180";"154 729 632";"B01";"2";"32";"0";"2";"1";"1";"1";
"202000007181";"154 729 630";"A01";"3";"7";"0";"1";"2";"1";"1";
"202000007182";"154 729 628";"A01";"1";"1";"0";"2";"8";"19";"5";
"202000007182";"154 729 629";"B01";"1";"7";"0";"9";"2";"1";"1";
"202000007183";"154 729 626";"B01";"0";"1";"0";"0";"0";"0";"5";
"202000007183";"154 729 627";"A01";"0";"7";"0";"2";"1";"1";"1";
"202000007184";"154 729 624";"B01";"1";"7";"0";"2";"4";"1";"0";
"202000007184";"154 729 625";"A01";"1";"1";"0";"2";"1";"26";"0";
"202000007185";"154 729 622";"B01";"2";"10";"0";"2";"3";"1";"1";
"202000007185";"154 729 623";"A01";"1";"31";"0";"2";"3";"13";"1";
"202000007186";"154 729 620";"A01";"2";"7";"0";"2";"2";"9";"1";
"202000007186";"154 729 621";"B01";"1";"1";"0";"2";"1";"2";"0";
"202000007187";"154 729 619";"A01";"1";"7";"0";"1";"2";"2";"1";
"202000007188";"154 729 617";"B01";"2";"7";"0";"2";"7";"1";"1";
"202000007188";"154 729 618";"A01";"1";"7";"0";"2";"1";"1";"1";
"202000007189";"154 729 615";"A01";"1";"7";"0";"2";"1";"5";"1";
"202000007189";"154 729 616";"B01";"2";"34";"0";"2";"1";"1";"1";
"202000007190";"154 729 613";"B01";"2";"42";"0";"2";"1";"2";"1";
"202000007190";"154 729 614";"A01";"1";"7";"0";"2";"3";"15";"1";
"202000007191";"154 729 611";"A01";"0";"33";"1";"0";"3";"1";"0";
"202000007191";"154 729 612";"B01";"0";"10";"1";"2";"3";"0";"0";
"202000007192";"154 729 609";"A01";"1";"32";"0";"2";"1";"1";"1";
"202000007192";"154 729 610";"B01";"1";"7";"0";"2";"3";"1";"1";
"202000007193";"154 729 608";"A01";"2";"7";"9";"1";"4";"20";"0";
"202000007194";"154 729 607";"A01";"3";"33";"12";"0";"1";"1";"1";
"202000007195";"154 729 605";"A01";"3";"7";"0";"2";"1";"15";"1";
"202000007195";"154 729 606";"B01";"2";"2";"0";"2";"3";"23";"1";
"202000007196";"154 729 602";"A01";"1";"30";"0";"2";"2";"17";"1";
"202000007196";"154 729 603";"C01";"1";"7";"0";"2";"3";"23";"1";
"202000007196";"154 729 604";"B01";"1";"33";"0";"2";"2";"23";"1";
"202000007197";"154 729 600";"B01";"1";"7";"0";"2";"6";"1";"1";
"202000007197";"154 729 601";"A01";"2";"7";"0";"2";"3";"15";"1";
"202000007198";"154 729 599";"A01";"1";"30";"15";"0";"1";"1";"1";
"202000007199";"154 729 597";"B01";"2";"7";"0";"2";"3";"1";"1";
"202000007199";"154 729 598";"A01";"1";"7";"0";"2";"8";"1";"1";
"202000007200";"154 729 596";"A01";"3";"7";"0";"1";"1";"16";"1";
"202000007201";"154 729 594";"B01";"1";"7";"0";"0";"0";"0";"1";
"202000007201";"154 729 595";"A01";"1";"30";"0";"2";"4";"26";"1";
"202000007202";"154 729 591";"C01";"1";"33";"0";"2";"2";"3";"1";
"202000007202";"154 729 592";"B01";"1";"7";"0";"2";"7";"13";"1";
"202000007202";"154 729 593";"A01";"1";"14";"0";"2";"8";"11";"1";
"202000007203";"154 729 589";"A01";"2";"15";"0";"2";"8";"11";"1";
"202000007203";"154 729 590";"B01";"2";"43";"0";"2";"7";"3";"1";
"202000007204";"154 729 587";"A01";"2";"32";"0";"2";"0";"17";"1";
"202000007204";"154 729 588";"B01";"1";"80";"0";"2";"0";"1";"3";
"202000007205";"154 729 586";"Z01";"2";"7";"0";"1";"8";"1";"1";
"202000007206";"154 729 585";"Z01";"3";"7";"6";"0";"1";"26";"1";
"202000007207";"154 729 583";"B01";"1";"30";"0";"2";"4";"1";"1";
"202000007207";"154 729 584";"A01";"1";"7";"0";"2";"1";"14";"1";
"202000007208";"154 729 582";"A01";"1";"31";"0";"1";"0";"1";"1";
"202000007209";"154 729 580";"B01";"1";"33";"0";"2";"7";"17";"1";
"202000007209";"154 729 581";"A01";"1";"10";"0";"2";"3";"20";"1";
"202000007210";"154 729 578";"B01";"1";"10";"0";"0";"5";"1";"1";
"202000007210";"154 729 579";"A01";"1";"30";"0";"2";"0";"2";"1";
"202000007211";"154 729 576";"B01";"1";"7";"0";"2";"0";"16";"1";
"202000007211";"154 729 577";"A01";"1";"1";"0";"2";"1";"1";"5";
"202000007212";"154 729 574";"A01";"1";"32";"0";"2";"1";"1";"1";
"202000007212";"154 729 575";"B01";"2";"7";"0";"2";"3";"15";"1";
"202000007213";"154 729 573";"A01";"2";"10";"0";"1";"1";"1";"1";
"202000007214";"154 729 571";"A01";"2";"1";"0";"2";"2";"1";"5";
"202000007214";"154 729 572";"B01";"2";"7";"0";"2";"8";"22";"2";
"202000007215";"154 729 569";"B01";"1";"30";"0";"2";"4";"23";"3";
"202000007215";"154 729 570";"A01";"1";"7";"0";"2";"2";"2";"1";
"202000007216";"154 729 567";"B01";"1";"7";"0";"2";"3";"9";"1";
"202000007216";"154 729 568";"A01";"1";"30";"0";"2";"7";"17";"1";
"202000007217";"154 729 566";"A01";"3";"1";"0";"2";"0";"21";"5";
"202000007218";"154 729 564";"A01";"2";"7";"0";"2";"3";"9";"1";
"202000007218";"154 729 565";"B01";"2";"1";"0";"2";"1";"1";"5";
"202000007219";"154 729 562";"B01";"2";"1";"0";"2";"1";"1";"5";
"202000007219";"154 729 563";"A01";"2";"1";"0";"2";"8";"15";"5";
"202000007220";"154 729 561";"A01";"1";"1";"0";"1";"1";"1";"5";
"202000007221";"154 729 559";"A01";"1";"10";"0";"2";"7";"16";"1";
"202000007221";"154 729 560";"B01";"1";"1";"0";"2";"1";"1";"5";
"202000007222";"154 729 557";"B01";"1";"30";"0";"2";"1";"1";"1";
"202000007222";"154 729 558";"A01";"1";"50";"0";"2";"3";"1";"3";
"202000007223";"154 729 555";"A01";"3";"7";"0";"2";"5";"16";"1";
"202000007223";"154 729 556";"B01";"3";"1";"0";"2";"1";"1";"5";
"202000007224";"154 729 553";"A01";"1";"7";"0";"2";"1";"26";"0";
"202000007224";"154 729 554";"B01";"1";"32";"0";"0";"4";"23";"0";
"202000007225";"154 729 552";"A01";"2";"7";"0";"1";"2";"1";"1";
"202000007226";"154 729 550";"A01";"1";"7";"1";"0";"3";"26";"0";
"202000007226";"154 729 551";"B01";"1";"7";"0";"2";"5";"2";"0";
"202000007227";"154 729 548";"B01";"2";"33";"0";"2";"1";"2";"1";
"202000007227";"154 729 549";"A01";"1";"7";"0";"2";"3";"15";"1";
"202000007228";"154 729 546";"A01";"1";"30";"0";"2";"3";"21";"1";
"202000007228";"154 729 547";"Z01";"2";"10";"0";"2";"7";"15";"1";
"202000007229";"154 729 545";"A01";"1";"7";"0";"1";"1";"1";"1";
"202000007230";"154 729 544";"A01";"2";"7";"0";"1";"1";"9";"1";
"202000007231";"154 729 542";"B01";"1";"2";"0";"2";"6";"24";"1";
"202000007231";"154 729 543";"A01";"3";"7";"0";"2";"6";"26";"0";
"202000007232";"154 729 541";"A01";"2";"7";"0";"1";"2";"1";"1";
"202000007233";"154 729 539";"A01";"1";"7";"0";"2";"2";"1";"1";
"202000007233";"154 729 540";"B01";"1";"50";"0";"2";"0";"15";"3";
"202000007234";"154 729 538";"B01";"2";"33";"0";"0";"0";"0";"1";
"202000007235";"154 729 536";"A01";"1";"7";"0";"2";"2";"26";"6";
"202000007235";"154 729 537";"B01";"1";"7";"0";"2";"6";"1";"1";
"202000007236";"154 729 534";"B01";"0";"31";"0";"0";"0";"0";"0";
"202000007236";"154 729 535";"A01";"0";"7";"1";"2";"2";"24";"0";
"202000007237";"154 729 532";"A01";"0";"7";"0";"2";"0";"0";"0";
"202000007237";"154 729 533";"B01";"0";"7";"0";"2";"0";"0";"0";
"202000007238";"154 729 531";"A01";"3";"31";"1";"0";"8";"26";"0";
"202000007239";"154 729 529";"B01";"3";"7";"0";"2";"7";"1";"1";
"202000007239";"154 729 530";"A01";"1";"7";"0";"2";"1";"1";"1";
"202000007240";"154 729 528";"A01";"2";"1";"0";"0";"0";"1";"5";
"202000007241";"154 729 526";"B01";"1";"38";"0";"2";"2";"23";"1";"1"
"202000007241";"154 729 527";"A01";"2";"30";"0";"2";"2";"13";"1";
"202000007242";"154 729 524";"A01";"1";"31";"0";"9";"8";"15";"1";
"202000007242";"154 729 525";"B01";"2";"99";"0";"2";"3";"16";"3";
"202000007243";"154 729 522";"B01";"2";"7";"0";"2";"2";"1";"1";
"202000007243";"154 729 523";"A01";"2";"7";"0";"2";"3";"9";"1";
"202000007244";"154 729 521";"A01";"1";"7";"2";"0";"2";"1";"1";
"202000007245";"154 729 518";"B01";"1";"2";"0";"2";"7";"1";"1";
"202000007245";"154 729 519";"C01";"1";"7";"0";"2";"1";"0";"1";
"202000007245";"154 729 520";"A01";"1";"7";"0";"2";"1";"1";"1";
"202000007246";"154 729 516";"B01";"2";"15";"0";"2";"2";"1";"1";
"202000007246";"154 729 517";"A01";"2";"7";"0";"2";"3";"19";"1";
"202000007247";"154 729 513";"A01";"2";"7";"0";"2";"3";"17";"1";
"202000007247";"154 729 514";"B01";"1";"7";"0";"2";"6";"1";"1";
"202000007247";"154 729 515";"C01";"1";"7";"0";"2";"1";"1";"1";
"202000007248";"154 729 511";"B01";"2";"7";"0";"2";"1";"1";"1";
"202000007248";"154 729 512";"A01";"1";"7";"0";"2";"1";"13";"1";
"202000007249";"154 729 509";"A01";"0";"7";"0";"2";"1";"17";"1";
"202000007249";"154 729 510";"B01";"0";"7";"0";"2";"1";"1";"1";
"202000007250";"154 729 507";"B01";"1";"1";"0";"2";"8";"1";"5";
"202000007250";"154 729 508";"A01";"1";"15";"0";"2";"6";"17";"1";
"202000007251";"154 729 505";"A01";"1";"14";"0";"9";"2";"17";"1";
"202000007251";"154 729 506";"B01";"1";"1";"0";"2";"3";"15";"5";
"202000007252";"154 729 503";"A01";"2";"7";"0";"2";"1";"15";"1";
"202000007252";"154 729 504";"B01";"1";"31";"0";"2";"1";"1";"1";
"202000007253";"154 729 501";"B01";"1";"2";"0";"2";"1";"1";"1";
"202000007253";"154 729 502";"A01";"0";"7";"0";"2";"3";"9";"1";
"202000007254";"154 729 499";"A01";"2";"33";"0";"2";"1";"17";"1";
"202000007254";"154 729 500";"B01";"2";"21";"0";"2";"4";"15";"1";
"202000007255";"154 729 497";"B01";"2";"10";"0";"2";"1";"5";"1";
"202000007255";"154 729 498";"A01";"1";"14";"0";"2";"1";"5";"1";
"202000007256";"154 729 496";"A01";"0";"33";"3";"0";"0";"0";"1";
"202000007257";"154 729 494";"A01";"2";"7";"0";"2";"3";"15";"1";
"202000007257";"154 729 495";"B01";"2";"33";"0";"2";"0";"1";"1";
"202000007258";"154 729 492";"A01";"3";"7";"0";"2";"3";"1";"1";
"202000007258";"154 729 493";"B01";"3";"7";"0";"2";"3";"15";"1";
"202000007259";"154 729 491";"A01";"3";"33";"13";"0";"3";"1";"1";
"202000007260";"154 729 489";"A01";"1";"7";"0";"2";"1";"13";"1";
"202000007260";"154 729 490";"B01";"2";"7";"0";"2";"1";"1";"1";
"202000007261";"154 729 487";"A01";"2";"7";"0";"9";"7";"2";"1";
"202000007261";"154 729 488";"B01";"2";"1";"0";"2";"8";"2";"5";
"202000007262";"154 729 485";"A01";"3";"7";"0";"0";"2";"15";"1";
"202000007262";"154 729 486";"B01";"3";"1";"0";"2";"1";"1";"5";
"202000007263";"154 729 482";"B01";"1";"10";"0";"2";"6";"1";"0";
"202000007263";"154 729 483";"A01";"1";"7";"0";"2";"2";"17";"0";
"202000007263";"154 729 484";"C01";"2";"7";"0";"2";"1";"1";"0";
"202000007264";"154 729 481";"A01";"1";"33";"2";"0";"7";"1";"1";
"202000007265";"154 729 479";"A01";"1";"7";"0";"2";"2";"17";"1";
"202000007265";"154 729 480";"B01";"1";"1";"0";"2";"4";"1";"5";
"202000007266";"154 729 477";"A01";"1";"31";"0";"2";"1";"13";"1";
"202000007266";"154 729 478";"B01";"2";"30";"0";"2";"1";"1";"1";
"202000007267";"154 729 476";"A01";"2";"31";"0";"6";"1";"1";"1";
"202000007268";"154 729 474";"B01";"2";"7";"0";"2";"1";"1";"1";
"202000007268";"154 729 475";"A01";"1";"33";"0";"2";"1";"13";"1";
"202000007269";"154 729 471";"B01";"3";"7";"13";"2";"3";"1";"1";
"202000007269";"154 729 472";"A01";"3";"7";"0";"2";"3";"13";"1";
"202000007270";"154 729 469";"A01";"1";"7";"0";"2";"7";"2";"1";
"202000007270";"154 729 470";"B01";"1";"1";"0";"0";"7";"2";"5";
"202000007271";"154 729 467";"A01";"1";"7";"0";"2";"1";"15";"1";
"202000007271";"154 729 468";"B01";"2";"2";"15";"2";"1";"1";"1";
"202000007272";"154 729 466";"A01";"1";"33";"3";"0";"3";"1";"1";
"202000007273";"154 729 464";"B01";"1";"7";"0";"2";"3";"15";"1";
"202000007273";"154 729 465";"A01";"1";"7";"0";"2";"7";"17";"1";
"202000007274";"154 729 462";"A01";"1";"33";"0";"2";"8";"1";"1";
"202000007274";"154 729 463";"B01";"2";"7";"0";"2";"8";"1";"1";
"202000007275";"154 729 460";"B01";"1";"2";"0";"0";"6";"15";"1";
"202000007275";"154 729 461";"A01";"1";"7";"0";"2";"1";"17";"1";
"202000007276";"154 729 459";"A01";"3";"7";"6";"0";"1";"1";"1";
"202000007277";"154 729 456";"B01";"3";"2";"0";"2";"6";"1";"1";
"202000007277";"154 729 457";"A01";"3";"7";"0";"2";"5";"13";"1";
"202000007278";"154 729 454";"B01";"2";"7";"0";"2";"2";"17";"1";
"202000007278";"154 729 455";"A01";"2";"1";"0";"0";"4";"13";"5";
"202000007279";"154 729 452";"B01";"2";"7";"8";"2";"8";"1";"1";
"202000007279";"154 729 453";"A01";"2";"7";"0";"2";"1";"15";"1";
"202000007280";"154 729 450";"A01";"2";"7";"0";"2";"7";"1";"1";
"202000007280";"154 729 451";"B01";"2";"7";"0";"2";"1";"1";"1";
"202000007281";"154 729 448";"B01";"2";"10";"0";"0";"4";"1";"1";
"202000007281";"154 729 449";"A01";"2";"7";"7";"2";"2";"1";"1";
"202000007282";"154 729 446";"B01";"1";"7";"0";"2";"7";"12";"1";
"202000007282";"154 729 447";"A01";"1";"33";"0";"2";"3";"3";"1";
"202000007283";"154 729 444";"A01";"2";"33";"0";"2";"2";"1";"1";
"202000007283";"154 729 445";"B01";"3";"7";"0";"2";"3";"15";"1";
"202000007284";"154 729 443";"A01";"2";"7";"15";"0";"2";"1";"1";
"202000007285";"154 729 441";"A01";"3";"7";"0";"9";"2";"1";"1";
"202000007285";"154 729 442";"B01";"3";"1";"0";"2";"1";"25";"5";
"202000007286";"154 729 439";"A01";"2";"7";"0";"2";"5";"15";"1";
"202000007286";"154 729 440";"B01";"1";"1";"0";"2";"1";"1";"5";
"202000007287";"154 729 437";"B01";"0";"7";"0";"2";"3";"16";"1";
"202000007287";"154 729 438";"A01";"1";"33";"0";"2";"1";"1";"1";
"202000007288";"154 729 435";"B01";"3";"1";"0";"2";"8";"1";"5";
"202000007288";"154 729 436";"A01";"3";"7";"0";"2";"1";"1";"1";
"202000007289";"154 729 434";"A01";"1";"33";"16";"0";"9";"1";"1";
"202000007290";"154 729 432";"A01";"1";"33";"0";"2";"2";"2";"1";
"202000007290";"154 729 433";"B01";"1";"7";"0";"2";"5";"2";"1";
"202000007291";"154 729 430";"B01";"1";"33";"0";"2";"1";"1";"1";
"202000007291";"154 729 431";"A01";"2";"15";"0";"2";"3";"9";"1";
"202000007292";"154 729 429";"A01";"1";"7";"16";"0";"0";"1";"1";
"202000007293";"154 729 427";"B01";"3";"7";"0";"2";"2";"1";"6";
"202000007293";"154 729 428";"A01";"3";"15";"0";"0";"6";"23";"1";
"202000007294";"154 729 426";"A01";"2";"7";"0";"0";"3";"1";"0";
"202000007295";"154 729 424";"B01";"2";"21";"0";"0";"4";"1";"1";
"202000007295";"154 729 425";"A01";"2";"10";"0";"2";"1";"2";"1";
"202000007296";"154 729 422";"B01";"2";"33";"0";"2";"1";"1";"1";
"202000007296";"154 729 423";"A01";"1";"7";"0";"2";"3";"11";"1";
"202000007297";"154 729 420";"B01";"1";"15";"0";"0";"0";"26";"1";
"202000007297";"154 729 421";"A01";"0";"33";"0";"0";"0";"1";"1";
"202000007298";"154 729 418";"B01";"2";"7";"0";"0";"6";"15";"1";
"202000007298";"154 729 419";"A01";"2";"33";"0";"2";"1";"17";"1";
"202000007299";"154 729 417";"A01";"1";"33";"0";"0";"0";"0";"0";
"202000007300";"154 729 415";"A01";"1";"2";"0";"2";"8";"19";"1";
"202000007300";"154 729 416";"B01";"1";"10";"0";"2";"1";"1";"1";
"202000007301";"154 729 413";"A01";"1";"7";"0";"9";"2";"17";"1";
"202000007301";"154 729 414";"B01";"2";"99";"0";"2";"8";"1";"5";
"202000007302";"154 729 411";"B01";"2";"7";"0";"2";"8";"15";"1";
"202000007302";"154 729 412";"A01";"2";"33";"0";"2";"1";"1";"1";
"202000007303";"154 729 409";"A01";"0";"2";"0";"9";"0";"1";"1";
"202000007303";"154 729 410";"B01";"0";"1";"0";"0";"1";"19";"5";
"202000007304";"154 729 408";"A01";"2";"33";"3";"0";"8";"1";"1";
"202000007305";"154 729 406";"A01";"2";"7";"0";"2";"3";"1";"1";
"202000007305";"154 729 407";"B01";"1";"15";"0";"2";"8";"1";"1";
"202000007306";"154 729 405";"A01";"2";"15";"3";"0";"3";"0";"1";
"202000007307";"154 729 404";"A01";"1";"7";"0";"1";"1";"1";"1";
"202000007308";"154 729 402";"B01";"2";"7";"0";"2";"1";"1";"1";
"202000007308";"154 729 403";"A01";"2";"7";"0";"2";"4";"1";"1";
"202000007309";"154 729 399";"C01";"2";"7";"0";"0";"0";"0";"2";
"202000007309";"154 729 400";"A01";"2";"7";"0";"0";"0";"0";"1";
"202000007309";"154 729 401";"B01";"2";"7";"0";"0";"0";"0";"1";
"202000007310";"154 729 396";"A01";"1";"7";"0";"2";"6";"11";"1";
"202000007310";"154 729 397";"B01";"1";"17";"0";"2";"2";"1";"1";
"202000007310";"154 729 398";"C01";"1";"7";"0";"2";"5";"1";"1";
"202000007311";"154 729 394";"A01";"2";"7";"0";"2";"2";"1";"1";