"Num_Acc";"id_vehicule";"num_veh";"senc";"catv";"obs";"obsm";"choc";"manv";"motor";"occutc"
"202000008354";"154 727 556";"A01";"1";"7";"0";"1";"2";"15";"1";
"202000008355";"154 727 554";"A01";"3";"7";"6";"2";"1";"19";"1";
"202000008355";"154 727 555";"B01";"1";"7";"7";"2";"3";"1";"1";
"202000008356";"154 727 553";"A01";"2";"7";"6";"0";"1";"1";"1";
"202000008357";"154 727 552";"A01";"3";"7";"0";"1";"1";"15";"1";
"202000008358";"154 727 550";"B01";"0";"2";"0";"0";"0";"0";"1";
"202000008358";"154 727 551";"A01";"0";"2";"0";"2";"0";"0";"1";
"202000008359";"154 727 548";"B01";"1";"7";"0";"2";"1";"1";"1";
"202000008359";"154 727 549";"A01";"2";"7";"0";"2";"1";"13";"1";
"202000008360";"154 727 543";"A01";"2";"7";"0";"2";"7";"2";"1";
"202000008360";"154 727 544";"B01";"2";"7";"14";"2";"4";"2";"1";
"202000008360";"154 727 545";"C01";"2";"7";"14";"2";"1";"2";"1";
"202000008360";"154 727 546";"D01";"2";"7";"14";"2";"1";"2";"1";
"202000008360";"154 727 547";"E01";"2";"7";"14";"2";"1";"2";"1";
"202000008361";"154 727 542";"A01";"1";"7";"4";"0";"2";"14";"1";
"202000008362";"154 727 540";"B01";"2";"7";"0";"2";"4";"2";"1";
"202000008362";"154 727 541";"A01";"2";"10";"0";"2";"2";"21";"1";
"202000008363";"154 727 535";"Z01";"1";"7";"0";"0";"0";"0";"0";
"202000008363";"154 727 536";"B01";"1";"7";"0";"2";"1";"2";"1";
"202000008363";"154 727 537";"A01";"1";"7";"0";"2";"1";"2";"1";
"202000008363";"154 727 538";"D01";"1";"7";"0";"2";"4";"0";"1";
"202000008363";"154 727 539";"C01";"1";"7";"0";"2";"4";"0";"0";
"202000008364";"154 727 532";"C01";"1";"7";"0";"2";"4";"2";"1";
"202000008364";"154 727 533";"A01";"1";"7";"0";"2";"1";"2";"1";
"202000008364";"154 727 534";"B01";"1";"7";"0";"2";"1";"2";"1";
"202000008365";"154 727 531";"A01";"2";"7";"4";"0";"1";"1";"1";
"202000008366";"154 727 530";"A01";"1";"7";"12";"0";"2";"1";"1";
"202000008367";"154 727 527";"C01";"2";"7";"0";"2";"4";"1";"1";
"202000008367";"154 727 528";"A01";"2";"7";"0";"2";"1";"1";"1";
"202000008367";"154 727 529";"B01";"2";"7";"0";"2";"9";"1";"1";
"202000008368";"154 727 525";"A01";"3";"7";"0";"0";"0";"26";"1";
"202000008368";"154 727 526";"B01";"3";"7";"0";"0";"0";"0";"1";
"202000008369";"154 727 524";"A01";"2";"7";"3";"0";"8";"13";"1";
"202000008370";"154 727 521";"A01";"1";"7";"0";"2";"1";"1";"1";
"202000008370";"154 727 522";"B01";"1";"7";"0";"2";"4";"2";"1";
"202000008370";"154 727 523";"C01";"1";"10";"0";"2";"4";"2";"1";
"202000008371";"154 727 519";"A01";"2";"7";"0";"2";"1";"9";"1";
"202000008371";"154 727 520";"B01";"2";"7";"3";"0";"4";"9";"1";
"202000008372";"154 727 518";"A01";"1";"14";"3";"0";"1";"21";"1";
"202000008373";"154 727 517";"A01";"2";"10";"4";"0";"3";"1";"1";
"202000008374";"154 727 516";"A01";"2";"7";"4";"0";"6";"13";"1";
"202000008375";"154 727 514";"B01";"1";"7";"0";"2";"4";"2";"1";
"202000008375";"154 727 515";"A01";"1";"7";"0";"2";"1";"1";"1";
"202000008376";"154 727 512";"B01";"1";"7";"0";"2";"1";"1";"1";
"202000008376";"154 727 513";"A01";"1";"7";"0";"2";"6";"2";"1";
"202000008377";"154 727 511";"A01";"1";"7";"3";"0";"1";"1";"1";
"202000008378";"154 727 509";"B01";"1";"7";"0";"2";"6";"24";"1";
"202000008378";"154 727 510";"A01";"1";"10";"1";"2";"2";"1";"1";
"202000008379";"154 727 508";"A01";"3";"7";"0";"1";"3";"1";"1";
"202000008380";"154 727 506";"A01";"1";"10";"0";"2";"7";"15";"1";
"202000008380";"154 727 507";"EB01";"1";"34";"0";"2";"1";"1";"1";
"202000008381";"154 727 504";"A01";"1";"32";"0";"9";"0";"17";"1";
"202000008381";"154 727 505";"B01";"1";"14";"0";"9";"0";"23";"1";
"202000008382";"154 727 502";"A01";"2";"7";"0";"2";"8";"13";"1";
"202000008382";"154 727 503";"B01";"1";"2";"0";"2";"1";"17";"1";
"202000008383";"154 727 500";"A01";"1";"7";"0";"2";"8";"1";"1";
"202000008383";"154 727 501";"B01";"1";"2";"0";"0";"0";"0";"0";
"202000008384";"154 727 498";"B01";"2";"7";"0";"2";"3";"1";"1";
"202000008384";"154 727 499";"A01";"1";"2";"0";"2";"1";"13";"1";
"202000008385";"154 727 496";"A01";"1";"7";"0";"2";"8";"1";"1";
"202000008385";"154 727 497";"B01";"1";"34";"0";"2";"1";"17";"1";
"202000008386";"154 727 495";"A01";"0";"33";"0";"4";"0";"26";"1";
"202000008387";"154 727 494";"A01";"2";"10";"0";"1";"5";"14";"0";
"202000008388";"154 727 492";"B01";"1";"7";"0";"9";"4";"1";"1";
"202000008388";"154 727 493";"A01";"1";"1";"0";"2";"1";"2";"5";
"202000008389";"154 727 491";"A01";"0";"30";"0";"0";"0";"2";"1";
"202000008390";"154 727 489";"A01";"3";"7";"0";"2";"1";"1";"1";
"202000008390";"154 727 490";"B01";"3";"7";"0";"2";"4";"1";"1";
"202000008391";"154 727 487";"A01";"1";"2";"0";"2";"1";"21";"6";
"202000008391";"154 727 488";"B01";"1";"7";"0";"2";"4";"1";"6";
"202000008392";"154 727 485";"A01";"3";"15";"0";"2";"1";"1";"1";
"202000008392";"154 727 486";"B01";"3";"7";"0";"2";"8";"19";"1";
"202000008393";"154 727 484";"A01";"1";"33";"0";"1";"3";"21";"1";
"202000008394";"154 727 482";"A01";"2";"30";"0";"2";"2";"5";"1";
"202000008394";"154 727 483";"B01";"1";"10";"0";"2";"1";"1";"1";
"202000008395";"154 727 480";"B01";"3";"7";"0";"2";"3";"2";"1";
"202000008395";"154 727 481";"A01";"3";"32";"0";"2";"1";"26";"1";
"202000008396";"154 727 478";"B01";"2";"7";"0";"2";"1";"1";"0";
"202000008396";"154 727 479";"A01";"1";"7";"0";"2";"7";"1";"0";
"202000008397";"154 727 476";"B01";"2";"10";"0";"2";"2";"1";"1";
"202000008397";"154 727 477";"A01";"2";"7";"0";"2";"3";"10";"1";
"202000008398";"154 727 474";"A01";"0";"10";"0";"2";"3";"19";"1";
"202000008398";"154 727 475";"B01";"3";"10";"0";"2";"1";"1";"1";
"202000008399";"154 727 473";"A01";"3";"1";"12";"0";"1";"14";"5";
"202000008400";"154 727 471";"B01";"2";"7";"0";"2";"4";"1";"1";
"202000008400";"154 727 472";"A01";"2";"7";"0";"2";"1";"1";"1";
"202000008401";"154 727 469";"B01";"3";"50";"0";"2";"7";"1";"3";
"202000008401";"154 727 470";"A01";"3";"7";"0";"2";"3";"9";"1";
"202000008402";"154 727 468";"A01";"1";"7";"0";"1";"1";"15";"1";
"202000008403";"154 727 466";"B01";"2";"7";"0";"2";"8";"1";"1";
"202000008403";"154 727 467";"A01";"2";"7";"0";"2";"7";"14";"1";
"202000008404";"154 727 464";"A01";"1";"7";"0";"2";"1";"26";"1";
"202000008404";"154 727 465";"B01";"1";"7";"0";"2";"8";"26";"1";
"202000008405";"154 727 462";"B01";"1";"7";"0";"2";"3";"1";"1";
"202000008405";"154 727 463";"A01";"1";"7";"0";"2";"3";"15";"1";
"202000008406";"154 727 459";"A01";"1";"7";"0";"2";"1";"2";"0";
"202000008406";"154 727 460";"B01";"1";"7";"0";"2";"4";"2";"6";
"202000008406";"154 727 461";"C01";"1";"7";"16";"0";"4";"2";"6";
"202000008407";"154 727 457";"B01";"0";"2";"0";"2";"1";"1";"1";
"202000008407";"154 727 458";"A01";"0";"7";"0";"2";"3";"15";"1";
"202000008408";"154 727 455";"B01";"0";"7";"0";"2";"1";"1";"1";
"202000008408";"154 727 456";"A01";"0";"7";"0";"2";"1";"1";"1";
"202000008409";"154 727 454";"A01";"1";"7";"0";"1";"4";"20";"1";
"202000008410";"154 727 452";"B01";"1";"37";"0";"2";"3";"1";"1";"5"
"202000008410";"154 727 453";"A01";"1";"7";"0";"2";"7";"16";"1";
"202000008411";"154 727 450";"A01";"1";"10";"0";"2";"1";"9";"1";
"202000008411";"154 727 451";"B01";"1";"7";"0";"2";"4";"9";"0";
"202000008412";"154 727 449";"A01";"2";"7";"8";"0";"1";"14";"1";
"202000008413";"154 727 448";"A01";"1";"7";"0";"0";"2";"21";"1";
"202000008414";"154 727 447";"A01";"3";"7";"8";"0";"1";"26";"1";
"202000008415";"154 727 445";"A01";"0";"1";"0";"2";"0";"0";"5";
"202000008415";"154 727 446";"Z01";"0";"7";"0";"2";"0";"0";"0";
"202000008416";"154 727 443";"A01";"2";"7";"0";"2";"1";"9";"1";
"202000008416";"154 727 444";"B01";"2";"7";"0";"2";"6";"1";"1";
"202000008417";"154 727 441";"A01";"3";"1";"0";"2";"7";"0";"5";
"202000008417";"154 727 442";"B01";"3";"1";"0";"2";"8";"0";"5";
"202000008418";"154 727 439";"A01";"3";"7";"0";"1";"3";"1";"1";
"202000008419";"154 727 436";"C01";"2";"7";"0";"2";"3";"1";"1";
"202000008419";"154 727 437";"B01";"1";"7";"0";"2";"1";"1";"1";
"202000008419";"154 727 438";"A01";"1";"7";"0";"2";"7";"15";"1";
"202000008420";"154 727 434";"B01";"1";"7";"0";"2";"4";"2";"1";
"202000008420";"154 727 435";"A01";"1";"30";"0";"2";"1";"2";"1";
"202000008421";"154 727 432";"Z01";"1";"3";"0";"2";"0";"1";"0";
"202000008421";"154 727 433";"A01";"1";"34";"0";"2";"0";"2";"1";
"202000008422";"154 727 431";"A01";"1";"10";"0";"1";"3";"15";"1";
"202000008423";"154 727 429";"A01";"1";"7";"0";"2";"1";"26";"1";
"202000008423";"154 727 430";"B01";"1";"2";"0";"2";"4";"0";"1";
"202000008424";"154 727 427";"A01";"1";"10";"0";"2";"0";"0";"1";
"202000008424";"154 727 428";"B01";"2";"32";"12";"2";"1";"21";"1";
"202000008425";"154 727 426";"A01";"1";"10";"0";"1";"3";"2";"1";
"202000008426";"154 727 425";"A01";"1";"7";"2";"0";"9";"26";"1";
"202000008427";"154 727 423";"A01";"1";"7";"0";"2";"3";"9";"1";
"202000008427";"154 727 424";"B01";"1";"2";"0";"2";"5";"12";"1";
"202000008428";"154 727 422";"A01";"2";"3";"8";"0";"1";"1";"1";
"202000008429";"154 727 420";"B01";"1";"32";"0";"2";"3";"18";"1";
"202000008429";"154 727 421";"A01";"1";"7";"0";"2";"5";"16";"1";
"202000008430";"154 727 418";"B01";"3";"10";"0";"2";"3";"15";"1";
"202000008430";"154 727 419";"A01";"3";"34";"0";"2";"1";"17";"1";
"202000008431";"154 727 416";"A01";"1";"30";"0";"2";"1";"21";"1";
"202000008431";"154 727 417";"Z01";"1";"50";"0";"2";"1";"19";"3";
"202000008432";"154 727 414";"B01";"2";"7";"0";"2";"3";"1";"1";
"202000008432";"154 727 415";"A01";"2";"34";"0";"2";"3";"17";"1";
"202000008433";"154 727 412";"B01";"1";"7";"0";"2";"1";"1";"1";
"202000008433";"154 727 413";"A01";"2";"7";"0";"2";"1";"1";"0";
"202000008434";"154 727 410";"B01";"1";"7";"0";"2";"8";"9";"1";
"202000008434";"154 727 411";"A01";"1";"2";"0";"2";"1";"1";"1";
"202000008435";"154 727 408";"B01";"3";"37";"0";"2";"2";"0";"1";"1"
"202000008435";"154 727 409";"A01";"3";"7";"0";"2";"3";"9";"1";
"202000008436";"154 727 407";"A01";"2";"7";"5";"0";"3";"12";"1";
"202000008437";"154 727 406";"A01";"1";"0";"0";"1";"1";"16";"0";
"202000008438";"154 727 405";"A01";"1";"7";"6";"0";"2";"26";"1";
"202000008439";"154 727 403";"A01";"3";"7";"1";"0";"8";"15";"1";
"202000008439";"154 727 404";"B01";"3";"7";"1";"0";"0";"1";"1";
"202000008440";"154 727 402";"A01";"0";"10";"0";"1";"4";"26";"0";
"202000008441";"154 727 400";"B01";"1";"2";"0";"2";"7";"0";"0";
"202000008441";"154 727 401";"A01";"1";"7";"0";"2";"1";"26";"6";
"202000008442";"154 727 399";"A01";"3";"1";"0";"0";"0";"1";"5";
"202000008443";"154 727 397";"B01";"3";"7";"0";"2";"6";"19";"0";
"202000008443";"154 727 398";"A01";"3";"33";"0";"2";"1";"1";"1";
"202000008444";"154 727 395";"B01";"1";"32";"0";"2";"8";"1";"1";
"202000008444";"154 727 396";"A01";"1";"34";"0";"2";"1";"1";"1";
"202000008445";"154 727 393";"B01";"2";"7";"0";"2";"2";"1";"1";
"202000008445";"154 727 394";"A01";"1";"30";"0";"2";"7";"1";"1";
"202000008446";"154 727 391";"B01";"2";"2";"0";"2";"2";"1";"1";
"202000008446";"154 727 392";"A01";"2";"10";"0";"2";"8";"15";"1";
"202000008447";"154 727 389";"B01";"3";"60";"0";"2";"4";"13";"5";
"202000008447";"154 727 390";"A01";"1";"34";"0";"2";"1";"17";"0";
"202000008448";"154 727 388";"A01";"1";"7";"0";"1";"1";"0";"1";
"202000008449";"154 727 386";"B01";"2";"7";"0";"2";"2";"2";"1";
"202000008449";"154 727 387";"A01";"1";"7";"0";"2";"7";"19";"1";
"202000008450";"154 727 385";"A01";"2";"7";"0";"1";"1";"26";"1";
"202000008451";"154 727 383";"A01";"3";"7";"0";"2";"3";"5";"6";
"202000008451";"154 727 384";"B01";"3";"32";"0";"2";"1";"1";"0";
"202000008452";"154 727 382";"A01";"1";"33";"0";"0";"9";"14";"1";
"202000008453";"154 727 381";"A01";"2";"7";"13";"0";"2";"1";"1";
"202000008454";"154 727 380";"A01";"2";"7";"0";"1";"3";"1";"1";
"202000008455";"154 727 379";"A01";"2";"7";"13";"0";"1";"1";"1";
"202000008456";"154 727 378";"A01";"1";"33";"0";"0";"8";"1";"1";
"202000008457";"154 727 377";"A01";"1";"7";"16";"0";"9";"1";"1";
"202000008458";"154 727 375";"A01";"1";"7";"0";"2";"1";"17";"0";
"202000008458";"154 727 376";"B01";"2";"7";"0";"2";"1";"1";"0";
"202000008459";"154 727 374";"A01";"3";"7";"9";"9";"7";"0";"1";
"202000008460";"154 727 371";"B01";"1";"10";"0";"2";"3";"1";"1";
"202000008460";"154 727 372";"C01";"2";"10";"0";"2";"3";"1";"1";
"202000008460";"154 727 373";"A01";"2";"21";"0";"2";"0";"1";"1";
"202000008461";"154 727 370";"A01";"0";"2";"0";"0";"0";"0";"1";
"202000008462";"154 727 369";"A01";"0";"2";"0";"0";"0";"1";"1";
"202000008463";"154 727 367";"A01";"3";"7";"0";"2";"1";"19";"1";
"202000008463";"154 727 368";"B01";"1";"99";"8";"0";"8";"1";"1";
"202000008464";"154 727 366";"A01";"1";"7";"3";"0";"2";"1";"1";
"202000008465";"154 727 364";"A01";"1";"7";"0";"2";"5";"13";"1";
"202000008465";"154 727 365";"B01";"2";"10";"0";"2";"2";"1";"1";
"202000008466";"154 727 363";"A01";"3";"7";"0";"1";"2";"0";"1";
"202000008467";"154 727 361";"A01";"3";"7";"0";"9";"1";"13";"1";
"202000008467";"154 727 362";"B01";"3";"1";"0";"0";"1";"1";"5";
"202000008468";"154 727 360";"A01";"1";"31";"14";"0";"8";"1";"0";
"202000008469";"154 727 359";"A01";"0";"10";"0";"1";"3";"1";"0";
"202000008470";"154 727 357";"A01";"2";"30";"0";"2";"1";"15";"1";
"202000008470";"154 727 358";"B01";"1";"7";"0";"2";"2";"1";"1";
"202000008471";"154 727 355";"B01";"2";"7";"0";"0";"3";"1";"1";
"202000008471";"154 727 356";"A01";"3";"7";"0";"2";"1";"19";"1";
"202000008472";"154 727 349";"C01";"2";"7";"0";"2";"1";"1";"1";
"202000008472";"154 727 350";"B01";"2";"7";"0";"2";"8";"1";"1";
"202000008472";"154 727 351";"A01";"2";"7";"0";"2";"1";"17";"1";
"202000008473";"154 727 347";"B01";"2";"7";"0";"2";"1";"1";"1";
"202000008473";"154 727 348";"A01";"3";"7";"0";"2";"8";"19";"1";
"202000008474";"154 727 345";"B01";"3";"2";"0";"2";"1";"21";"1";
"202000008474";"154 727 346";"A01";"3";"7";"0";"2";"8";"21";"1";
"202000008475";"154 727 344";"A01";"2";"7";"0";"1";"1";"1";"1";
"202000008476";"154 727 342";"A01";"1";"10";"0";"2";"1";"9";"1";
"202000008476";"154 727 343";"B01";"1";"2";"0";"2";"1";"1";"1";
"202000008477";"154 727 341";"A01";"1";"7";"0";"1";"0";"9";"2";
"202000008478";"154 727 339";"B01";"0";"33";"0";"2";"8";"1";"1";
"202000008478";"154 727 340";"A01";"0";"10";"0";"2";"2";"19";"1";
"202000008479";"154 727 336";"A01";"1";"10";"0";"2";"1";"5";"1";
"202000008479";"154 727 337";"C01";"2";"7";"0";"2";"1";"1";"1";
"202000008479";"154 727 338";"B01";"2";"7";"0";"2";"3";"1";"1";
"202000008480";"154 727 335";"A01";"1";"7";"0";"1";"1";"1";"1";
"202000008481";"154 727 333";"B01";"1";"2";"0";"2";"1";"1";"1";
"202000008481";"154 727 334";"A01";"2";"7";"0";"2";"1";"5";"1";
"202000008482";"154 727 331";"B01";"2";"7";"0";"2";"7";"1";"1";
"202000008482";"154 727 332";"A01";"2";"30";"0";"2";"1";"19";"1";
"202000008483";"154 727 330";"Z01";"1";"7";"0";"1";"1";"1";"0";
"202000008484";"154 727 329";"A01";"1";"7";"15";"0";"9";"13";"1";
"202000008485";"154 727 328";"A01";"1";"37";"0";"1";"5";"1";"1";"1"
"202000008486";"154 727 326";"A01";"1";"7";"0";"9";"8";"19";"1";
"202000008486";"154 727 327";"B01";"1";"50";"0";"2";"1";"1";"3";
"202000008487";"154 727 325";"A01";"3";"7";"0";"1";"1";"15";"1";
"202000008488";"154 727 323";"A01";"0";"1";"0";"2";"8";"1";"5";
"202000008488";"154 727 324";"B01";"3";"37";"0";"2";"2";"1";"1";"1"
"202000008489";"154 727 321";"A01";"1";"10";"0";"9";"3";"1";"0";
"202000008489";"154 727 322";"B01";"1";"1";"0";"2";"2";"1";"5";
"202000008490";"154 727 320";"A01";"1";"30";"0";"0";"0";"0";"1";
"202000008491";"154 727 318";"A01";"1";"7";"0";"2";"0";"0";"1";
"202000008491";"154 727 319";"B01";"1";"7";"0";"2";"0";"0";"1";
"202000008492";"154 727 314";"C01";"3";"7";"0";"1";"1";"2";"1";
"202000008492";"154 727 315";"D01";"3";"7";"0";"1";"1";"2";"0";
"202000008492";"154 727 316";"E01";"3";"7";"0";"2";"1";"2";"1";
"202000008492";"154 727 317";"A01";"3";"7";"12";"0";"1";"1";"1";
"202000008493";"154 727 312";"A01";"3";"30";"0";"2";"1";"1";"1";
"202000008493";"154 727 313";"B01";"0";"7";"0";"0";"4";"26";"1";
"202000008494";"154 727 311";"A01";"0";"30";"0";"0";"2";"0";"1";
"202000008495";"154 727 309";"B01";"2";"2";"0";"0";"1";"1";"1";
"202000008495";"154 727 310";"A01";"1";"7";"0";"2";"1";"15";"1";
"202000008496";"154 727 307";"A01";"0";"7";"0";"2";"3";"9";"1";
"202000008496";"154 727 308";"B01";"0";"1";"0";"0";"7";"19";"5";
"202000008497";"154 727 306";"A01";"1";"7";"0";"1";"2";"1";"2";
"202000008498";"154 727 304";"B01";"2";"33";"0";"2";"1";"15";"1";
"202000008498";"154 727 305";"A01";"1";"7";"0";"2";"5";"1";"1";
"202000008499";"154 727 302";"A01";"1";"7";"0";"2";"3";"13";"1";
"202000008499";"154 727 303";"B01";"2";"15";"0";"0";"6";"1";"1";
"202000008500";"154 727 301";"A01";"1";"30";"0";"0";"7";"1";"1";
"202000008501";"154 727 299";"B01";"3";"33";"15";"2";"1";"1";"1";
"202000008501";"154 727 300";"A01";"3";"7";"0";"2";"7";"12";"1";
"202000008502";"154 727 298";"A01";"1";"7";"0";"1";"1";"1";"1";
"202000008503";"154 727 296";"A01";"1";"7";"0";"2";"2";"19";"0";
"202000008503";"154 727 297";"B01";"1";"7";"0";"2";"3";"26";"0";
"202000008504";"154 727 294";"A01";"3";"7";"0";"2";"2";"15";"1";
"202000008504";"154 727 295";"B01";"1";"32";"0";"2";"1";"2";"1";
"202000008505";"154 727 292";"A01";"1";"7";"0";"2";"8";"26";"1";
"202000008505";"154 727 293";"B01";"1";"34";"0";"2";"1";"2";"1";
"202000008506";"154 727 290";"B01";"2";"7";"0";"2";"3";"0";"1";
"202000008506";"154 727 291";"A01";"1";"7";"0";"2";"1";"13";"1";
"202000008507";"154 727 288";"B01";"1";"7";"0";"2";"0";"0";"1";
"202000008507";"154 727 289";"A01";"2";"7";"0";"2";"2";"15";"1";
"202000008508";"154 727 286";"A01";"2";"7";"0";"2";"3";"13";"1";
"202000008508";"154 727 287";"B01";"1";"7";"0";"2";"3";"1";"1";
"202000008509";"154 727 284";"A01";"1";"7";"0";"2";"1";"20";"1";
"202000008509";"154 727 285";"B01";"2";"1";"0";"2";"2";"1";"5";
"202000008510";"154 727 283";"A01";"1";"7";"9";"0";"2";"1";"1";
"202000008511";"154 727 279";"C01";"1";"33";"0";"2";"2";"3";"1";
"202000008511";"154 727 280";"B01";"1";"7";"0";"2";"2";"1";"1";
"202000008511";"154 727 281";"A01";"1";"10";"0";"2";"3";"11";"1";
"202000008511";"154 727 282";"D01";"1";"10";"0";"2";"7";"1";"1";
"202000008512";"154 727 277";"A01";"2";"32";"0";"2";"1";"17";"1";
"202000008512";"154 727 278";"B01";"2";"7";"0";"2";"3";"15";"1";
"202000008513";"154 727 275";"A01";"1";"7";"0";"2";"3";"15";"1";
"202000008513";"154 727 276";"B01";"2";"1";"0";"2";"3";"1";"5";
"202000008514";"154 727 274";"A01";"2";"1";"0";"1";"1";"1";"5";
"202000008515";"154 727 272";"B01";"1";"1";"0";"2";"1";"1";"5";
"202000008515";"154 727 273";"A01";"2";"7";"0";"2";"3";"15";"1";
"202000008516";"154 727 270";"A01";"2";"30";"0";"2";"3";"2";"1";
"202000008516";"154 727 271";"B01";"2";"7";"0";"2";"5";"2";"2";
"202000008517";"154 727 268";"A01";"1";"1";"0";"2";"2";"15";"5";
"202000008517";"154 727 269";"B01";"2";"32";"0";"2";"1";"1";"1";
"202000008518";"154 727 266";"B01";"1";"7";"0";"2";"6";"15";"1";
"202000008518";"154 727 267";"A01";"1";"30";"0";"2";"1";"1";"1";
"202000008519";"154 727 264";"B01";"2";"32";"0";"2";"2";"1";"1";
"202000008519";"154 727 265";"A01";"2";"7";"0";"2";"3";"9";"1";
"202000008520";"154 727 263";"Z01";"1";"7";"0";"1";"4";"4";"1";
"202000008521";"154 727 262";"A01";"1";"1";"14";"0";"1";"13";"5";
"202000008522";"154 727 261";"A01";"1";"80";"14";"0";"7";"13";"3";
"202000008523";"154 727 259";"B01";"1";"7";"0";"2";"4";"2";"1";
"202000008523";"154 727 260";"A01";"1";"7";"0";"2";"1";"1";"1";
"202000008524";"154 727 258";"A01";"2";"30";"0";"0";"7";"0";"1";
"202000008525";"154 727 256";"B01";"1";"7";"0";"2";"1";"1";"0";
"202000008525";"154 727 257";"A01";"0";"7";"0";"2";"7";"0";"1";
"202000008526";"154 727 254";"A01";"0";"10";"0";"2";"1";"1";"0";
"202000008526";"154 727 255";"B01";"0";"7";"0";"2";"4";"1";"1";
"202000008527";"154 727 252";"A01";"1";"7";"0";"2";"0";"0";"0";
"202000008527";"154 727 253";"B01";"1";"10";"0";"0";"0";"0";"0";
"202000008528";"154 727 250";"A01";" -1";"7";"0";"2";"5";"0";"0";
"202000008528";"154 727 251";"B01";" -1";"33";"0";"2";"1";"2";"0";
"202000008529";"154 727 249";"A01";"1";"7";"12";"1";"3";"1";"0";
"202000008530";"154 727 248";"A01";"1";"7";"0";"1";"1";"1";"1";
"202000008531";"154 727 247";"A01";"3";"32";"1";"0";"0";"21";"1";
"202000008532";"154 727 245";"B01";"1";"32";"0";"2";"2";"1";"1";
"202000008532";"154 727 246";"A01";"1";"1";"0";"2";"3";"15";"5";
"202000008533";"154 727 243";"A01";"2";"10";"0";"2";"1";"13";"3";
"202000008533";"154 727 244";"B01";"1";"30";"0";"2";"1";"1";"1";
"202000008534";"154 727 241";"B01";"2";"7";"0";"2";"2";"1";"1";
"202000008534";"154 727 242";"A01";"2";"33";"0";"2";"1";"17";"1";
"202000008535";"154 727 240";"A01";"1";"7";"2";"0";"1";"1";"1";
"202000008536";"154 727 239";"A01";"3";"7";"2";"0";"8";"1";"1";
"202000008537";"154 727 237";"A01";"1";"7";"0";"9";"2";"1";"1";
"202000008537";"154 727 238";"B01";"1";"1";"0";"2";"4";"1";"2";
"202000008538";"154 727 236";"A01";"2";"10";"7";"1";"2";"2";"0";
"202000008539";"154 727 235";"A01";"0";"7";"0";"1";"2";"1";"1";
"202000008540";"154 727 233";"A01";"2";"10";"6";"0";"3";"13";"1";
"202000008541";"154 727 231";"A01";"1";"7";"0";"2";"1";"0";"1";
"202000008541";"154 727 232";"B01";"2";"7";"0";"2";"1";"0";"1";
"202000008542";"154 727 230";"A01";"1";"7";"3";"0";"1";"1";"1";
"202000008543";"154 727 228";"B01";"2";"2";"0";"2";"1";"1";"0";
"202000008543";"154 727 229";"A01";"2";"7";"0";"2";"3";"9";"0";
"202000008544";"154 727 226";"B01";"2";"7";"0";"2";"8";"15";"0";
"202000008544";"154 727 227";"A01";"2";"7";"0";"2";"2";"1";"6";
"202000008545";"154 727 225";"A01";"1";"14";"16";"0";"1";"13";"1";
"202000008546";"154 727 222";"A01";"2";"7";"13";"2";"1";"13";"1";
"202000008546";"154 727 223";"B01";"1";"17";"0";"2";"1";"1";"1";
"202000008546";"154 727 224";"C01";"1";"7";"0";"2";"1";"1";"1";
"202000008547";"154 727 221";"A01";"2";"2";"0";"0";"9";"1";"1";
"202000008548";"154 727 220";"A01";"2";"7";"2";"0";"1";"1";"1";
"202000008549";"154 727 219";"A01";"2";"7";"2";"0";"1";"13";"1";
"202000008550";"154 727 218";"A01";"1";"10";"2";"0";"1";"13";"1";
"202000008551";"154 727 217";"A01";"3";"7";"2";"0";"3";"14";"1";
"202000008552";"154 727 215";"B01";"1";"7";"0";"2";"7";"1";"1";
"202000008552";"154 727 216";"A01";"1";"7";"0";"2";"1";"19";"1";
"202000008553";"154 727 213";"A01";"2";"2";"0";"2";"8";"13";"0";
"202000008553";"154 727 214";"B01";"1";"7";"0";"2";"3";"1";"0";
"202000008554";"154 727 211";"A01";"1";"7";"0";"2";"2";"15";"1";
"202000008554";"154 727 212";"B01";"2";"1";"0";"2";"1";"1";"5";
"202000008555";"154 727 209";"B01";"1";"33";"0";"2";"1";"1";"1";
"202000008555";"154 727 210";"A01";"2";"7";"0";"2";"5";"15";"3";
"202000008556";"154 727 207";"B01";"2";"10";"0";"0";"3";"15";"1";
"202000008556";"154 727 208";"A01";"2";"33";"0";"0";"2";"17";"1";
"202000008557";"154 727 206";"A01";"1";"7";"13";"0";"1";"14";"1";
"202000008558";"154 727 204";"A01";"1";"7";"0";"2";"3";"13";"1";
"202000008558";"154 727 205";"B01";"2";"7";"0";"2";"3";"1";"1";
"202000008559";"154 727 203";"A01";"2";"2";"0";"0";"7";"1";"1";
"202000008560";"154 727 202";"A01";"1";"31";"0";"0";"0";"1";"1";
"202000008561";"154 727 201";"A01";"1";"2";"0";"0";"7";"1";"1";
"202000008562";"154 727 200";"A01";"1";"1";"1";"0";"8";"14";"5";
"202000008563";"154 727 199";"A01";"1";"21";"1";"1";"2";"1";"0";
"202000008564";"154 727 198";"A01";"3";"7";"0";"6";"1";"1";"1";
"202000008565";"154 727 197";"A01";"2";"7";"13";"0";"2";"1";"1";
"202000008566";"154 727 195";"B01";"0";"13";"0";"2";"3";"1";"1";