"Num_Acc";"id_vehicule";"num_veh";"senc";"catv";"obs";"obsm";"choc";"manv";"motor";"occutc"
"202000008566";"154 727 196";"A01";"0";"3";"0";"2";"1";"13";"1";
"202000008567";"154 727 194";"A01";"2";"7";"6";"0";"4";"1";"1";
"202000008568";"154 727 192";"B01";"1";"7";"0";"2";"1";"1";"1";
"202000008568";"154 727 193";"A01";"2";"7";"0";"2";"2";"13";"1";
"202000008569";"154 727 190";"B01";"2";"33";"0";"2";"1";"1";"1";
"202000008569";"154 727 191";"A01";"1";"7";"0";"2";"2";"15";"1";
"202000008570";"154 727 189";"A01";"2";"2";"0";"1";"1";"21";"1";
"202000008571";"154 727 188";"A01";"1";"7";"2";"0";"1";"1";"1";
"202000008572";"154 727 187";"A01";"2";"7";"14";"1";"1";"1";"1";
"202000008573";"154 727 185";"B01";"1";"7";"0";"0";"4";"1";"1";
"202000008573";"154 727 186";"A01";"1";"10";"0";"2";"1";"1";"1";
"202000008574";"154 727 184";"A01";"3";"33";"0";"0";"0";"1";"0";
"202000008575";"154 727 182";"B01";"2";"99";"4";"0";"8";"1";"0";
"202000008575";"154 727 183";"A01";"2";"17";"4";"0";"8";"1";"1";
"202000008576";"154 727 181";"A01";"2";"7";"2";"0";"7";"1";"1";
"202000008577";"154 727 179";"B01";"2";"10";"0";"2";"7";"1";"1";
"202000008577";"154 727 180";"A01";"2";"30";"0";"2";"7";"16";"1";
"202000008578";"154 727 177";"B01";"3";"36";"0";"0";"1";"2";"0";
"202000008578";"154 727 178";"A01";"3";"7";"0";"0";"4";"2";"0";
"202000008579";"154 727 175";"A01";"1";"17";"0";"2";"3";"9";"1";
"202000008579";"154 727 176";"B01";"1";"7";"0";"2";"7";"1";"1";
"202000008580";"154 727 174";"A01";"1";"7";"0";"1";"0";"1";"1";
"202000008581";"154 727 172";"B01";"2";"30";"0";"2";"1";"3";"1";
"202000008581";"154 727 173";"A01";"1";"7";"0";"2";"3";"15";"1";
"202000008582";"154 727 168";"A01";"1";"7";"0";"2";"3";"20";"1";
"202000008582";"154 727 169";"B01";"1";"2";"0";"2";"7";"1";"1";
"202000008583";"154 727 166";"A01";"2";"31";"0";"2";"0";"1";"1";
"202000008583";"154 727 167";"B01";"3";"7";"0";"0";"8";"15";"1";
"202000008584";"154 727 164";"B01";" -1";"7";"0";"2";"3";"1";"1";
"202000008584";"154 727 165";"A01";"0";"7";"0";"2";"3";"1";"1";
"202000008585";"154 727 163";"A01";"1";"1";"0";"0";"0";"1";"5";
"202000008586";"154 727 159";"D01";"2";"7";"0";"9";"0";"2";"1";
"202000008586";"154 727 160";"C01";"2";"7";"0";"9";"0";"2";"1";
"202000008586";"154 727 161";"B01";"2";"14";"0";"2";"1";"2";"1";
"202000008586";"154 727 162";"A01";"2";"14";"0";"2";"4";"1";"1";
"202000008587";"154 727 158";"A01";"1";"7";"2";"0";"1";"14";"1";
"202000008588";"154 727 156";"A01";"2";"15";"0";"2";"1";"1";"1";
"202000008588";"154 727 157";"B01";"2";"7";"0";"2";"4";"1";"1";
"202000008589";"154 727 154";"B01";"2";"15";"0";"2";"4";"1";"1";
"202000008589";"154 727 155";"A01";"2";"10";"0";"2";"1";"1";"1";
"202000008590";"154 727 152";"B01";"1";"15";"0";"2";"3";"1";"1";
"202000008590";"154 727 153";"A01";"1";"7";"0";"2";"2";"0";"1";
"202000008591";"154 727 150";"A01";"2";"7";"0";"2";"1";"2";"1";
"202000008591";"154 727 151";"B01";"2";"7";"0";"2";"4";"2";"1";
"202000008592";"154 727 146";"A01";"2";"7";"0";"2";"1";"1";"2";
"202000008592";"154 727 147";"B01";"2";"7";"0";"2";"4";"23";"1";
"202000008593";"154 727 143";"C01";"1";"7";"0";"2";"1";"1";"1";
"202000008593";"154 727 144";"B01";"2";"7";"0";"2";"4";"15";"1";
"202000008593";"154 727 145";"A01";"2";"7";"0";"2";"1";"1";"1";
"202000008594";"154 727 141";"A01";"1";"99";"0";"2";"5";"16";"6";
"202000008594";"154 727 142";"B01";"1";"2";"0";"2";"1";"1";"6";
"202000008595";"154 727 139";"Z01";"2";"7";"0";"9";"6";"10";"0";
"202000008595";"154 727 140";"A01";"2";"33";"0";"2";"1";"1";"1";
"202000008596";"154 727 137";"A01";"2";"1";"0";"2";"1";"1";"5";
"202000008596";"154 727 138";"B01";"2";"7";"0";"9";"3";"1";"1";
"202000008597";"154 727 135";"B01";"2";"7";"0";"2";"1";"1";"0";
"202000008597";"154 727 136";"A01";"2";"7";"0";"2";"4";"15";"0";
"202000008598";"154 727 133";"B01";"1";"33";"0";"2";"4";"16";"1";
"202000008598";"154 727 134";"A01";"1";"7";"0";"2";"2";"2";"1";
"202000008599";"154 727 131";"A01";"3";"7";"0";"2";"2";"1";"0";
"202000008599";"154 727 132";"B01";"3";"10";"0";"2";"3";"20";"0";
"202000008600";"154 727 129";"A01";"2";"30";"0";"2";"2";"15";"1";
"202000008600";"154 727 130";"B01";"2";"7";"0";"2";"3";"16";"1";
"202000008601";"154 727 127";"A01";"1";"7";"0";"2";"8";"9";"1";
"202000008601";"154 727 128";"B01";"1";"7";"0";"2";"2";"1";"1";
"202000008602";"154 727 126";"A01";"1";"7";"0";"1";"3";"1";"1";
"202000008603";"154 727 124";"A01";"1";"30";"0";"2";"1";"15";"1";
"202000008603";"154 727 125";"C01";"1";"7";"0";"2";"4";"2";"1";
"202000008604";"154 727 123";"A01";"0";"7";"0";"1";"3";"15";"1";
"202000008605";"154 727 121";"B01";"2";"7";"0";"2";"7";"1";"1";
"202000008605";"154 727 122";"A01";"1";"7";"0";"2";"1";"9";"1";
"202000008606";"154 727 120";"A01";"1";"33";"0";"0";"3";"1";"1";
"202000008607";"154 727 118";"Z01";"1";"10";"0";"2";"1";"1";"1";
"202000008607";"154 727 119";"B01";"1";"30";"0";"2";"4";"23";"1";
"202000008608";"154 727 117";"A01";"2";"30";"16";"0";"1";"1";"1";
"202000008609";"154 727 115";"B01";"2";"7";"0";"2";"1";"1";"1";
"202000008609";"154 727 116";"A01";"1";"10";"0";"2";"1";"9";"1";
"202000008610";"154 727 114";"A01";"1";"7";"8";"0";"1";"1";"1";
"202000008611";"154 727 112";"B01";"2";"1";"0";"2";"8";"1";"5";
"202000008611";"154 727 113";"A01";"2";"7";"0";"2";"7";"17";"1";
"202000008612";"154 727 111";"A01";"2";"7";"0";"1";"2";"9";"1";
"202000008613";"154 727 109";"B01";"1";"7";"0";"9";"1";"1";"1";
"202000008613";"154 727 110";"A01";"2";"99";"0";"2";"8";"25";"3";
"202000008614";"154 727 108";"A01";"3";"7";"0";"1";"3";"15";"1";
"202000008615";"154 727 106";"A01";"1";"7";"0";"2";"1";"13";"1";
"202000008615";"154 727 107";"B01";"2";"7";"0";"2";"1";"1";"1";
"202000008616";"154 727 104";"B01";"1";"1";"0";"2";"1";"1";"5";
"202000008616";"154 727 105";"A01";"1";"7";"0";"2";"3";"9";"1";
"202000008617";"154 727 103";"A01";"2";"7";"0";"1";"8";"1";"1";
"202000008618";"154 727 102";"Z01";"3";"7";"0";"1";"0";"0";"0";
"202000008619";"154 727 101";"A01";"1";"33";"0";"1";"0";"0";"1";
"202000008620";"154 727 099";"A01";"1";"1";"0";"2";"8";"19";"5";
"202000008620";"154 727 100";"B01";"1";"7";"0";"2";"6";"1";"1";
"202000008621";"154 727 097";"A01";"1";"7";"0";"2";"0";"1";"1";
"202000008621";"154 727 098";"B01";"1";"30";"0";"2";"0";"0";"1";
"202000008622";"154 727 095";"B01";"3";"1";"0";"2";"8";"15";"5";
"202000008622";"154 727 096";"A01";"3";"99";"0";"2";"1";"1";"1";
"202000008623";"154 727 093";"A01";"1";"7";"0";"2";"2";"15";"1";
"202000008623";"154 727 094";"B01";"1";"1";"0";"2";"1";"1";"5";
"202000008624";"154 727 091";"B01";"1";"37";"0";"2";"2";"1";"1";"1"
"202000008624";"154 727 092";"A01";"1";"7";"0";"2";"3";"15";"2";
"202000008625";"154 727 090";"A01";"1";"34";"11";"0";"1";"26";"1";
"202000008626";"154 727 088";"B01";"1";"31";"0";"2";"4";"1";"1";
"202000008626";"154 727 089";"A01";"1";"7";"0";"2";"1";"1";"1";
"202000008627";"154 727 087";"A01";"1";"33";"0";"1";"1";"1";"1";
"202000008628";"154 727 083";"B01";"0";"7";"0";"2";"2";"24";"1";
"202000008628";"154 727 084";"A01";"0";"7";"0";"2";"1";"13";"1";
"202000008629";"154 727 081";"B01";"0";"7";"0";"2";"3";"1";"1";
"202000008629";"154 727 082";"A01";"0";"7";"0";"2";"2";"1";"1";
"202000008630";"154 727 079";"A01";"2";"33";"0";"0";"8";"15";"1";
"202000008631";"154 727 077";"A01";"3";"7";"0";"2";"3";"15";"1";
"202000008631";"154 727 078";"B01";"3";"2";"0";"2";"1";"17";"1";
"202000008632";"154 727 075";"B01";"1";"10";"0";"2";"3";"1";"1";
"202000008632";"154 727 076";"A01";"1";"10";"0";"2";"1";"1";"1";
"202000008633";"154 727 073";"A01";"1";"33";"0";"2";"1";"26";"0";
"202000008633";"154 727 074";"B01";"2";"7";"0";"0";"8";"15";"6";
"202000008634";"154 727 072";"A01";"0";"32";"0";"1";"1";"0";"1";
"202000008635";"154 727 071";"A01";"2";"7";"0";"1";"1";"0";"1";
"202000008636";"154 727 070";"A01";"1";"7";"0";"0";"1";"17";"0";
"202000008637";"154 727 069";"A01";"2";"7";"0";"1";"1";"1";"1";
"202000008638";"154 727 067";"A01";"1";"7";"8";"2";"7";"15";"1";
"202000008638";"154 727 068";"B01";"2";"33";"0";"2";"1";"1";"1";
"202000008639";"154 727 066";"A01";"1";"7";"0";"1";"3";"9";"1";
"202000008640";"154 727 064";"A01";"1";"32";"0";"2";"2";"2";"1";
"202000008640";"154 727 065";"B01";"1";"7";"0";"2";"5";"2";"1";
"202000008641";"154 727 063";"A01";"2";"30";"0";"1";"8";"1";"1";
"202000008642";"154 727 062";"A01";"3";"32";"14";"0";"1";"21";"1";
"202000008643";"154 727 060";"B01";"1";"7";"0";"2";"3";"9";"1";
"202000008643";"154 727 061";"A01";"1";"50";"0";"2";"3";"25";"3";
"202000008644";"154 727 059";"A01";"2";"33";"0";"1";"1";"17";"1";
"202000008645";"154 727 057";"Z01";"2";"7";"0";"2";"0";"10";"0";
"202000008645";"154 727 058";"A01";"1";"1";"0";"2";"0";"1";"5";
"202000008646";"154 727 054";"A01";"2";"32";"0";"1";"8";"1";"1";
"202000008647";"154 727 052";"B01";"2";"33";"0";"2";"1";"1";"1";
"202000008647";"154 727 053";"A01";"1";"7";"0";"2";"7";"10";"1";
"202000008648";"154 727 050";"A01";"1";"10";"0";"2";"1";"5";"6";
"202000008648";"154 727 051";"B01";"2";"1";"0";"2";"8";"1";"5";
"202000008649";"154 727 049";"A01";"2";"7";"0";"1";"2";"24";"0";
"202000008650";"154 727 047";"A01";"3";"7";"6";"2";"5";"1";"1";
"202000008650";"154 727 048";"B01";"3";"10";"0";"2";"1";"1";"1";
"202000008651";"154 727 046";"A01";"2";"34";"1";"0";"1";"21";"1";
"202000008652";"154 727 044";"B01";"1";"34";"0";"2";"6";"2";"1";
"202000008652";"154 727 045";"A01";"1";"7";"0";"2";"6";"10";"1";
"202000008653";"154 727 043";"A01";"3";"33";"14";"0";"1";"19";"1";
"202000008654";"154 727 042";"Z01";"3";"7";"15";"1";"1";"9";"0";
"202000008655";"154 727 040";"A01";"1";"30";"0";"2";"8";"26";"1";
"202000008655";"154 727 041";"Z01";"1";"7";"0";"2";"0";"26";"1";
"202000008656";"154 727 039";"A01";"1";"10";"14";"1";"1";"26";"1";
"202000008657";"154 727 037";"B01";"3";"7";"0";"2";"5";"1";"1";
"202000008657";"154 727 038";"A01";" -1";"7";"0";"2";"3";"9";"1";
"202000008658";"154 727 035";"B01";"1";"7";"0";"2";"3";"1";"1";
"202000008658";"154 727 036";"A01";"1";"30";"0";"2";"1";"1";"1";
"202000008659";"154 727 033";"B01";"2";"20";"0";"2";"5";"9";"1";
"202000008659";"154 727 034";"A01";"1";"20";"0";"2";"5";"19";"1";
"202000008660";"154 727 032";"A01";"0";"7";"0";"1";"2";"1";"1";
"202000008661";"154 727 030";"A01";"0";"7";"0";"0";"6";"23";"0";
"202000008661";"154 727 031";"B01";"0";"15";"0";"0";"1";"0";"0";
"202000008662";"154 727 029";"A01";" -1";"7";"0";"1";"1";"2";"1";
"202000008663";"154 727 027";"B01";"3";"7";"0";"2";"6";"23";"1";
"202000008663";"154 727 028";"A01";"3";"7";"0";"2";"2";"2";"1";
"202000008664";"154 727 025";"A01";"2";"7";"0";"2";"2";"16";"1";
"202000008664";"154 727 026";"B01";"1";"80";"0";"2";"1";"19";"3";
"202000008665";"154 727 024";"A01";"1";"7";"8";"0";"1";"16";"0";
"202000008666";"154 727 022";"B01";"2";"7";"0";"2";"3";"1";"1";
"202000008666";"154 727 023";"A01";"1";"7";"0";"2";"1";"1";"1";
"202000008667";"154 727 020";"A01";"2";"7";"0";"2";"1";"1";"1";
"202000008667";"154 727 021";"B01";"1";"7";"0";"2";"1";"1";"1";
"202000008668";"154 727 017";"A01";"1";"7";"0";"9";"3";"9";"0";
"202000008668";"154 727 018";"D01";"1";"1";"0";"2";"1";"1";"5";
"202000008668";"154 727 019";"F01";"1";"1";"0";"2";"1";"2";" -1";
"202000008669";"154 727 015";"A01";"2";"32";"13";"0";"1";"0";"1";
"202000008670";"154 727 011";"A01";"3";"7";"0";"2";"6";"15";"1";
"202000008670";"154 727 012";"B01";"2";"33";"0";"2";"1";"21";"1";
"202000008670";"154 727 013";"C01";"2";"33";"0";"0";"1";"21";"1";
"202000008670";"154 727 014";"D01";"2";"33";"0";"2";"1";"21";"1";
"202000008671";"154 727 010";"A01";"2";"33";"4";"0";"0";"0";"1";
"202000008672";"154 727 008";"B01";"1";"7";"0";"2";"1";"1";"1";
"202000008672";"154 727 009";"A01";"2";"33";"0";"2";"1";"13";"1";
"202000008673";"154 727 006";"A01";"1";"7";"0";"2";"2";"1";"1";
"202000008673";"154 727 007";"B01";"1";"1";"0";"2";"4";"0";"5";
"202000008674";"154 727 005";"A01";"2";"33";"0";"0";"0";"1";"1";
"202000008675";"154 727 003";"A01";"0";"33";"0";"2";"8";"1";"1";
"202000008675";"154 727 004";"B01";"0";"31";"0";"2";"8";"1";"1";
"202000008676";"154 727 002";"A01";"1";"7";"6";"0";"3";"1";"1";
"202000008677";"154 727 000";"A01";"2";"7";"6";"0";"2";"1";"1";
"202000008678";"154 726 998";"B01";"2";"2";"0";"2";"1";"13";"1";
"202000008678";"154 726 999";"A01";"1";"7";"3";"2";"3";"1";"1";
"202000008679";"154 726 997";"A01";"1";"36";"6";"0";"1";"1";"1";
"202000008680";"154 726 996";"A01";"2";"2";"5";"0";"7";"1";"1";
"202000008681";"154 726 995";"A01";"2";"80";"0";"0";"7";"15";"3";
"202000008682";"154 726 994";"A01";"2";"33";"13";"0";"1";"0";"1";
"202000008683";"154 726 992";"A01";"3";"7";"0";"2";"2";"11";"1";
"202000008683";"154 726 993";"B01";"3";"1";"0";"2";"1";"1";"0";
"202000008684";"154 726 989";"A01";"2";"33";"0";"2";"1";"1";"1";
"202000008684";"154 726 990";"B01";"2";"7";"0";"2";"6";"15";"1";
"202000008685";"154 726 987";"B01";"2";"7";"0";"2";"3";"9";"1";
"202000008685";"154 726 988";"A01";"1";"1";"0";"2";"2";"1";"0";
"202000008686";"154 726 985";"B01";"2";"7";"0";"2";"3";"1";"1";
"202000008686";"154 726 986";"A01";"2";"30";"0";"2";"6";"26";"1";
"202000008687";"154 726 983";"B01";"3";"7";"0";"2";"3";"1";"1";
"202000008687";"154 726 984";"A01";"3";"7";"0";"2";"3";"13";"1";
"202000008688";"154 726 982";"A01";"1";"7";"16";"0";"2";"1";"1";
"202000008689";"154 726 978";"A01";"2";"7";"0";"2";"8";"11";"1";
"202000008689";"154 726 979";"B01";"2";"2";"0";"2";"7";"1";"1";
"202000008689";"154 726 980";"C01";"2";"2";"0";"2";"7";"1";"1";
"202000008689";"154 726 981";"D01";"2";"2";"16";"0";"0";"1";"1";
"202000008690";"154 726 977";"A01";"1";"33";"0";"0";"3";"1";"1";
"202000008691";"154 726 976";"A01";"2";"33";"5";"0";"8";"1";"1";
"202000008692";"154 726 974";"B01";"1";"7";"0";"0";"1";"2";"1";
"202000008692";"154 726 975";"A01";"1";"7";"0";"0";"4";"23";"1";
"202000008693";"154 726 972";"B01";"2";"7";"0";"2";"1";"1";"1";
"202000008693";"154 726 973";"A01";"2";"7";"8";"2";"3";"19";"1";
"202000008694";"154 726 970";"A01";"1";"7";"0";"0";"5";"15";"1";
"202000008694";"154 726 971";"B01";"2";"33";"0";"2";"1";"1";"1";
"202000008695";"154 726 969";"A01";"2";"33";"0";"0";"2";"26";"1";
"202000008696";"154 726 968";"A01";"1";"7";"0";"0";"0";"1";"1";
"202000008697";"154 726 966";"A01";"2";"7";"0";"2";"3";"1";"0";
"202000008697";"154 726 967";"B01";"0";"1";"0";"2";"8";"1";"5";
"202000008698";"154 726 964";"B01";"1";"7";"0";"2";"1";"13";"1";
"202000008698";"154 726 965";"A01";"2";"7";"0";"2";"1";"1";"1";
"202000008699";"154 726 963";"A01";"3";"7";"13";"0";"1";"1";"1";
"202000008700";"154 726 961";"A01";"2";"33";"0";"2";"1";"17";"1";
"202000008700";"154 726 962";"B01";"2";"36";"0";"0";"8";"15";"1";
"202000008701";"154 726 959";"B01";"1";"33";"0";"2";"1";"1";"1";
"202000008701";"154 726 960";"A01";"2";"3";"0";"2";"3";"13";"1";
"202000008702";"154 726 957";"A01";"1";"7";"5";"2";"4";"1";"1";
"202000008702";"154 726 958";"B01";"1";"7";"3";"2";"1";"1";"1";
"202000008703";"154 726 955";"A01";"2";"7";"4";"2";"5";"4";"1";
"202000008703";"154 726 956";"B01";"2";"7";"0";"2";"3";"21";"1";
"202000008704";"154 726 952";"A01";"2";"10";"0";"2";"6";"9";"2";
"202000008704";"154 726 953";"C01";"2";"10";"3";"2";"1";"2";"1";
"202000008704";"154 726 954";"B01";"2";"10";"0";"2";"2";"2";"1";
"202000008705";"154 726 950";"B01";"2";"10";"0";"2";"2";"1";"1";
"202000008705";"154 726 951";"A01";"2";"10";"0";"2";"3";"11";"1";
"202000008706";"154 726 949";"A01";"1";"7";"4";"0";"2";"21";"1";
"202000008707";"154 726 947";"B01";"2";"7";"0";"2";"5";"1";"1";
"202000008707";"154 726 948";"A01";"2";"33";"0";"2";"1";"21";"1";
"202000008708";"154 726 944";"C01";"1";"7";"3";"2";"6";"1";"1";
"202000008708";"154 726 945";"D01";"1";"7";"0";"2";"2";"1";"6";
"202000008708";"154 726 946";"B01";"1";"33";"0";"2";"2";"21";"1";
"202000008709";"154 726 941";"B01";"1";"10";"4";"2";"0";"1";"1";
"202000008709";"154 726 942";"Z01";"1";"17";"0";"2";"0";"0";"0";
"202000008709";"154 726 943";"C01";"1";"10";"0";"2";"2";"1";"1";
"202000008710";"154 726 939";"A01";"3";"7";"0";"2";"1";"13";"1";
"202000008710";"154 726 940";"B01";"3";"7";"0";"2";"8";"1";"1";
"202000008711";"154 726 937";"B01";"3";"7";"0";"2";"7";"0";"1";
"202000008711";"154 726 938";"A01";"3";"7";"0";"2";"1";"0";"1";
"202000008712";"154 726 935";"B01";"1";"1";"0";"2";"1";"23";"0";
"202000008712";"154 726 936";"A01";"2";"7";"0";"9";"8";"15";"1";
"202000008713";"154 726 933";"B01";"1";"7";"0";"2";"7";"16";"1";
"202000008713";"154 726 934";"A01";"2";"0";"0";"2";"0";"17";"0";
"202000008714";"154 726 931";"B01";"2";"7";"0";"2";"2";"15";"0";
"202000008714";"154 726 932";"A01";"2";"7";"0";"2";"7";"1";"0";
"202000008715";"154 726 930";"A01";"1";"33";"0";"0";"7";"16";"1";
"202000008716";"154 726 929";"A01";"1";"7";"0";"1";"5";"26";"1";
"202000008717";"154 726 927";"A01";"1";"33";"14";"0";"0";"21";"1";
"202000008717";"154 726 928";"B01";"1";"7";"0";"9";"3";"23";"0";
"202000008718";"154 726 925";"B01";"1";"33";"0";"2";"7";"1";"1";
"202000008718";"154 726 926";"A01";"1";"7";"4";"2";"3";"21";"1";
"202000008719";"154 726 923";"B01";"1";"7";"0";"2";"3";"1";"1";
"202000008719";"154 726 924";"A01";"2";"30";"0";"2";"1";"1";"1";
"202000008720";"154 726 922";"A01";"0";"30";"0";"0";"7";"1";"1";
"202000008721";"154 726 919";"C01";"2";"7";"0";"2";"4";"2";"1";
"202000008721";"154 726 920";"A01";"2";"7";"0";"2";"1";"2";"1";
"202000008721";"154 726 921";"B01";"2";"7";"0";"2";"4";"2";"1";
"202000008722";"154 726 918";"A01";"0";"10";"0";"1";"1";"26";"0";
"202000008723";"154 726 915";"B01";"1";"33";"1";"0";"1";"14";"0";
"202000008724";"154 726 913";"A01";"1";"7";"0";"2";"1";"1";"1";
"202000008724";"154 726 914";"B01";"1";"7";"0";"2";"4";"20";"1";
"202000008725";"154 726 909";"A01";"2";"7";"1";"0";"2";"13";"1";
"202000008726";"154 726 907";"B01";"0";"7";"0";"2";"0";"0";"1";
"202000008726";"154 726 908";"A01";"0";"7";"0";"2";"1";"15";"1";
"202000008727";"154 726 906";"A01";"0";"7";"15";"0";"7";"14";"1";
"202000008728";"154 726 903";"C01";"2";"15";"0";"0";"0";"0";"1";
"202000008728";"154 726 904";"B01";"2";"7";"0";"2";"8";"1";"1";
"202000008728";"154 726 905";"A01";"1";"7";"0";"2";"1";"13";"1";
"202000008729";"154 726 901";"B01";"1";"7";"0";"2";"3";"15";"1";
"202000008729";"154 726 902";"A01";"2";"2";"0";"2";"1";"1";"1";
"202000008730";"154 726 900";"A01";"2";"7";"0";"1";"1";"15";"0";
"202000008731";"154 726 899";"A01";"1";"30";"14";"1";"3";"25";"0";
"202000008732";"154 726 898";"A01";"1";"30";"5";"0";"3";"11";"1";
"202000008733";"154 726 897";"A01";"1";"7";"9";"0";"3";"13";"1";
"202000008734";"154 726 896";"A01";"1";"7";"0";"1";"2";"26";"1";
"202000008735";"154 726 894";"B01";"1";"33";"0";"2";"3";"13";"1";
"202000008735";"154 726 895";"A01";"2";"7";"0";"2";"3";"13";"1";
"202000008736";"154 726 892";"B01";"2";"7";"0";"2";"8";"1";"1";
"202000008736";"154 726 893";"A01";"1";"7";"0";"2";"0";"0";"1";
"202000008737";"154 726 891";"A01";"1";"7";"8";"0";"1";"21";"1";
"202000008738";"154 726 889";"A01";"1";"7";"0";"2";"2";"15";"2";
"202000008738";"154 726 890";"B01";"2";"33";"0";"2";"1";"1";"1";
"202000008739";"154 726 887";"A01";"1";"7";"0";"2";"1";"1";"1";
"202000008739";"154 726 888";"B01";"1";"7";"0";"2";"4";"1";"1";
"202000008740";"154 726 886";"A01";"1";"7";"0";"1";"1";"0";"1";
"202000008741";"154 726 884";"A01";"1";"7";"0";"2";"1";"0";"1";
"202000008741";"154 726 885";"B01";"1";"7";"0";"2";"0";"0";"1";
"202000008742";"154 726 883";"A01";"1";"1";"0";"0";"0";"0";"5";
"202000008743";"154 726 881";"A01";"1";"7";"0";"2";"8";"0";"1";
"202000008743";"154 726 882";"B01";"1";"1";"0";"2";"1";"0";"5";
"202000008744";"154 726 879";"B01";"0";"7";"0";"2";"4";"23";"1";
"202000008744";"154 726 880";"A01";"0";"33";"0";"2";"1";"0";"1";
"202000008745";"154 726 877";"A01";"1";"7";"0";"2";"1";"2";"1";
"202000008745";"154 726 878";"B01";"1";"7";"0";"2";"4";"2";"1";
"202000008746";"154 726 876";"A01";"1";"7";"0";"1";"2";"1";"1";
"202000008747";"154 726 875";"A01";"1";"7";"0";"1";"8";"1";"1";
"202000008748";"154 726 873";"B01";"3";"7";"0";"2";"7";"1";"1";
"202000008748";"154 726 874";"A01";"3";"33";"0";"2";"8";"15";"1";
"202000008749";"154 726 872";"A01";"3";"31";"12";"0";"1";"1";"1";
"202000008750";"154 726 870";"B01";"3";"7";"0";"2";"3";"0";"0";
"202000008750";"154 726 871";"A01";"1";"7";"0";"2";"7";"26";"1";
"202000008751";"154 726 868";"A01";"0";"33";"14";"0";"2";"21";"1";
"202000008751";"154 726 869";"B01";"1";"7";"0";"2";"6";"2";"1";
"202000008752";"154 726 866";"B01";"2";"1";"0";"2";"2";"1";"5";
"202000008752";"154 726 867";"A01";"2";"7";"0";"9";"3";"9";"1";
"202000008753";"154 726 865";"A01";"2";"10";"14";"0";"1";"1";"1";
"202000008754";"154 726 863";"B01";"1";"10";"0";"2";"3";"1";"1";
"202000008754";"154 726 864";"A01";"1";"31";"0";"2";"1";"1";"1";
"202000008755";"154 726 860";"C01";"2";"7";"0";"2";"1";"1";"1";
"202000008755";"154 726 861";"B01";"2";"7";"0";"2";"1";"1";"1";
"202000008755";"154 726 862";"A01";"2";"37";"0";"2";"0";"26";"1";"1"
"202000008756";"154 726 859";"A01";"0";"7";"0";"1";"1";"1";"1";
"202000008757";"154 726 856";"A01";"2";"10";"0";"2";"1";"1";"1";
"202000008757";"154 726 857";"C01";"2";"7";"0";"2";"4";"23";"1";
"202000008757";"154 726 858";"B01";"2";"7";"0";"2";"4";"23";"1";
"202000008758";"154 726 853";"C01";"2";"7";"0";"2";"4";"2";"1";
"202000008758";"154 726 854";"B01";"2";"7";"0";"2";"1";"2";"1";
"202000008758";"154 726 855";"A01";"2";"7";"0";"2";"1";"26";"1";
"202000008759";"154 726 852";"A01";"1";"7";"0";"1";"2";"1";"1";
"202000008760";"154 726 850";"A01";"2";"34";"0";"2";"3";"17";"6";
"202000008760";"154 726 851";"B01";"1";"7";"0";"2";"3";"1";"6";
"202000008761";"154 726 849";"A01";"2";"50";"1";"0";"7";"1";"3";
"202000008762";"154 726 847";"B01";"1";"7";"0";"2";"1";"15";"1";
"202000008762";"154 726 848";"A01";"2";"30";"0";"2";"8";"8";"1";
"202000008763";"154 726 846";"Z01";"1";"30";"0";"1";"1";"1";"1";
"202000008764";"154 726 844";"A01";"2";"50";"0";"2";"8";"1";"3";
"202000008764";"154 726 845";"B01";"1";"7";"0";"2";"2";"15";"1";
"202000008765";"154 726 842";"B01";"1";"1";"0";"2";"3";"1";"5";
"202000008765";"154 726 843";"A01";"1";"7";"0";"2";"2";"16";"1";
"202000008766";"154 726 841";"A01";"1";"30";"0";"1";"3";"17";"3";
"202000008767";"154 726 839";"A01";"1";"1";"0";"2";"4";"1";"5";
"202000008767";"154 726 840";"Z01";"1";"7";"0";"2";"1";"1";"1";
"202000008768";"154 726 838";"A01";"3";"7";"8";"0";"3";"1";"1";
"202000008769";"154 726 836";"B01";"1";"7";"0";"2";"6";"2";"1";
"202000008769";"154 726 837";"A01";"1";"30";"0";"2";"1";"2";"1";
"202000008770";"154 726 835";"A01";"1";"7";"0";"1";"3";"1";"1";
"202000008771";"154 726 833";"A01";"1";"7";"0";"9";"3";"10";"1";
"202000008771";"154 726 834";"B01";"1";"2";"0";"2";"1";"1";"1";
"202000008772";"154 726 831";"B01";"1";"30";"0";"2";"2";"1";"1";
"202000008772";"154 726 832";"A01";"1";"99";"0";"2";"0";"13";"0";
"202000008773";"154 726 829";"B01";"2";"60";"0";"2";"1";"1";"5";
"202000008773";"154 726 830";"A01";"1";"10";"0";"2";"0";"15";"1";
"202000008774";"154 726 827";"B01";"1";"34";"0";"2";"7";"13";"1";
"202000008774";"154 726 828";"A01";"1";"7";"0";"2";"0";"15";"1";
"202000008775";"154 726 825";"A01";"1";"7";"0";"2";"2";"15";"1";
"202000008775";"154 726 826";"B01";"2";"43";"0";"2";"1";"1";"1";
"202000008776";"154 726 823";"A01";"1";"7";"0";"2";"4";"15";"1";