"Num_Acc";"id_vehicule";"num_veh";"senc";"catv";"obs";"obsm";"choc";"manv";"motor";"occutc"
"202000008776";"154 726 824";"B01";"1";"30";"0";"2";"1";"1";"1";
"202000008777";"154 726 821";"A01";"1";"31";"0";"2";"1";"17";"0";
"202000008777";"154 726 822";"B01";"0";"7";"0";"0";"0";"0";"0";
"202000008778";"154 726 819";"B01";"1";"30";"0";"2";"4";"2";"1";
"202000008778";"154 726 820";"A01";"1";"32";"0";"2";"1";"2";"1";
"202000008779";"154 726 817";"B01";"0";"0";"0";"2";"0";"0";"0";
"202000008779";"154 726 818";"A01";"0";"7";"0";"2";"4";"20";"1";
"202000008780";"154 726 815";"B01";"3";"10";"0";"2";"5";"1";"1";
"202000008780";"154 726 816";"A01";"3";"34";"0";"2";"1";"1";"1";
"202000008781";"154 726 813";"B01";"1";"7";"15";"2";"3";"11";"1";
"202000008781";"154 726 814";"A01";"1";"33";"15";"0";"2";"2";"1";
"202000008782";"154 726 811";"B01";"1";"7";"0";"2";"3";"1";"1";
"202000008782";"154 726 812";"A01";"1";"7";"0";"2";"1";"9";"1";
"202000008783";"154 726 807";"D01";"0";"13";"0";"2";"3";"0";"0";
"202000008783";"154 726 808";"C01";"0";"7";"0";"2";"3";"0";"0";
"202000008783";"154 726 809";"B01";"0";"7";"0";"2";"3";"0";"0";
"202000008783";"154 726 810";"A01";"0";"7";"0";"2";"1";"1";"6";
"202000008784";"154 726 806";"A01";"1";"7";"0";"1";"2";"26";"1";
"202000008785";"154 726 804";"A01";"1";"7";"0";"2";"4";"20";"1";
"202000008785";"154 726 805";"B01";"1";"50";"0";"2";"1";"1";"3";
"202000008786";"154 726 802";"A01";"1";"7";"0";"2";"1";"23";"1";
"202000008786";"154 726 803";"B01";"1";"7";"0";"2";"4";"23";"1";
"202000008787";"154 726 800";"B01";"2";"50";"0";"2";"7";"1";"3";
"202000008787";"154 726 801";"A01";"2";"7";"0";"2";"1";"19";"1";
"202000008788";"154 726 798";"A01";"0";"33";"0";"2";"1";"17";"1";
"202000008788";"154 726 799";"B01";"0";"7";"0";"2";"3";"15";"1";
"202000008789";"154 726 796";"A01";"1";"7";"0";"2";"3";"22";"1";
"202000008789";"154 726 797";"B01";"1";"2";"0";"2";"1";"17";"0";
"202000008790";"154 726 795";"A01";"0";"7";"13";"0";"3";"1";"0";
"202000008791";"154 726 793";"A01";"3";"7";"0";"2";"8";"1";"1";
"202000008791";"154 726 794";"B01";"3";"2";"0";"2";"1";"19";"1";
"202000008792";"154 726 791";"A01";"1";"7";"0";"9";"1";"9";"1";
"202000008792";"154 726 792";"B01";"1";"1";"0";"2";"7";"12";"5";
"202000008793";"154 726 789";"B01";"1";"15";"0";"2";"1";"21";"1";
"202000008793";"154 726 790";"A01";"2";"7";"0";"2";"3";"13";"1";
"202000008794";"154 726 788";"A01";"2";"33";"0";"0";"1";"1";"1";
"202000008795";"154 726 786";"A01";"2";"7";"0";"0";"3";"1";"1";
"202000008795";"154 726 787";"B01";"1";"7";"0";"2";"3";"1";"1";
"202000008796";"154 726 784";"B01";"0";"33";"0";"0";"8";"1";"1";
"202000008796";"154 726 785";"A01";"0";"7";"0";"2";"7";"17";"1";
"202000008797";"154 726 783";"A01";"0";"7";"3";"0";"9";"1";"1";
"202000008798";"154 726 781";"B01";"3";"7";"0";"2";"8";"1";"1";
"202000008798";"154 726 782";"A01";"3";"31";"0";"2";"8";"13";"1";
"202000008799";"154 726 779";"A01";"1";"7";"0";"0";"1";"15";"1";
"202000008799";"154 726 780";"B01";"2";"33";"0";"2";"1";"1";"1";
"202000008800";"154 726 777";"B01";"2";"1";"12";"2";"1";"1";"5";
"202000008800";"154 726 778";"A01";"1";"7";"12";"2";"2";"15";"1";
"202000008801";"154 726 775";"B01";"2";"7";"2";"2";"2";"17";"1";
"202000008801";"154 726 776";"A01";"2";"7";"0";"2";"3";"15";"1";
"202000008802";"154 726 774";"A01";"1";"7";"0";"1";"5";"26";"1";
"202000008803";"154 726 772";"A01";"1";"33";"0";"0";"1";"1";"1";
"202000008803";"154 726 773";"B01";"2";"10";"0";"2";"5";"15";"1";
"202000008804";"154 726 770";"A01";"2";"7";"0";"2";"2";"15";"1";
"202000008804";"154 726 771";"B01";"1";"1";"0";"2";"1";"1";"5";
"202000008805";"154 726 769";"A01";"2";"7";"13";"0";"1";"14";"1";
"202000008806";"154 726 767";"A01";"1";"7";"0";"0";"7";"15";"1";
"202000008806";"154 726 768";"B01";"2";"2";"0";"2";"1";"1";"1";
"202000008807";"154 726 765";"A01";"1";"7";"0";"2";"1";"1";"2";
"202000008807";"154 726 766";"B01";"1";"1";"0";"2";"8";"19";"5";
"202000008808";"154 726 763";"B01";"1";"7";"0";"2";"2";"1";"1";
"202000008808";"154 726 764";"A01";"3";"1";"0";"2";"3";"15";"5";
"202000008809";"154 726 762";"A01";"1";"33";"0";"0";"8";"1";"1";
"202000008810";"154 726 761";"A01";"1";"2";"6";"0";"1";"1";"1";
"202000008811";"154 726 760";"A01";"3";"1";"0";"0";"1";"1";"6";
"202000008812";"154 726 759";"A01";"3";"2";"0";"0";"1";"1";"1";
"202000008813";"154 726 758";"A01";"1";"33";"2";"0";"0";"1";"1";
"202000008814";"154 726 756";"B01";"2";"2";"0";"2";"8";"1";"1";
"202000008814";"154 726 757";"A01";"1";"7";"0";"2";"3";"15";"1";
"202000008815";"154 726 754";"A01";"2";"7";"0";"2";"3";"19";"1";
"202000008815";"154 726 755";"B01";"2";"33";"0";"2";"1";"21";"1";
"202000008816";"154 726 753";"A01";"1";"7";"8";"0";"3";"1";"1";
"202000008817";"154 726 752";"A01";"3";"33";"16";"0";"1";"0";"1";
"202000008818";"154 726 751";"A01";"2";"33";"17";"0";"1";"2";"1";
"202000008819";"154 726 750";"A01";"2";"33";"12";"0";"7";"26";"1";
"202000008820";"154 726 749";"A01";"1";"10";"2";"0";"1";"1";"0";
"202000008821";"154 726 747";"B01";"2";"7";"0";"2";"1";"16";"1";
"202000008821";"154 726 748";"A01";"1";"31";"0";"2";"1";"17";"0";
"202000008822";"154 726 745";"B01";"1";"10";"0";"0";"4";"15";"0";
"202000008822";"154 726 746";"A01";"1";"7";"0";"2";"1";"1";"0";
"202000008823";"154 726 742";"A01";"0";"1";"0";"0";"0";"1";"5";
"202000008824";"154 726 740";"B01";"0";"14";"0";"0";"0";"0";"0";
"202000008824";"154 726 741";"A01";"0";"7";"13";"0";"2";"1";"1";
"202000008825";"154 726 739";"A01";"1";"33";"3";"0";"7";"1";"1";
"202000008826";"154 726 737";"B01";"1";"7";"0";"0";"6";"2";"1";
"202000008826";"154 726 738";"A01";"1";"33";"0";"2";"1";"2";"1";
"202000008827";"154 726 735";"A01";"1";"7";"0";"2";"1";"0";"1";
"202000008827";"154 726 736";"B01";"2";"10";"0";"2";"3";"0";"1";
"202000008828";"154 726 733";"B01";"0";"7";"0";"0";"4";"2";"1";
"202000008828";"154 726 734";"A01";"0";"37";"0";"2";"1";"2";"1";"1"
"202000008829";"154 726 732";"A01";"2";"7";"15";"0";"8";"0";"1";
"202000008830";"154 726 731";"A01";"1";"7";"7";"0";"9";"1";"0";
"202000008831";"154 726 730";"A01";"1";"31";"16";"0";"0";"0";"1";
"202000008832";"154 726 729";"A01";"0";"2";"0";"0";"0";"0";"1";
"202000008833";"154 726 728";"A01";"3";"36";"13";"0";"1";"14";"1";
"202000008834";"154 726 726";"B01";"1";"7";"0";"2";"2";"1";"1";
"202000008834";"154 726 727";"A01";"3";"33";"0";"0";"1";"15";"1";
"202000008835";"154 726 725";"A01";"3";"2";"0";"0";"8";"23";"0";
"202000008836";"154 726 723";"B01";"1";"2";"0";"2";"2";"13";"1";
"202000008836";"154 726 724";"A01";"2";"7";"0";"2";"3";"9";"1";
"202000008837";"154 726 721";"A01";"0";"7";"0";"2";"1";"15";"1";
"202000008837";"154 726 722";"B01";"3";"33";"0";"2";"8";"1";"1";
"202000008838";"154 726 719";"B01";"2";"7";"12";"2";"8";"16";"1";
"202000008838";"154 726 720";"A01";"2";"7";"0";"2";"7";"16";"1";
"202000008839";"154 726 717";"B01";"2";"7";"0";"2";"2";"6";"1";
"202000008839";"154 726 718";"A01";"2";"7";"0";"0";"8";"1";"1";
"202000008840";"154 726 716";"A01";"0";"33";"0";"6";"1";"1";"1";
"202000008841";"154 726 714";"B01";"2";"7";"0";"2";"6";"15";"1";
"202000008841";"154 726 715";"A01";"2";"33";"0";"2";"1";"17";"1";
"202000008842";"154 726 710";"A01";"1";"7";"14";"0";"5";"21";"2";
"202000008842";"154 726 711";"B01";"1";"7";"4";"0";"2";"0";"1";
"202000008843";"154 726 709";"A01";"2";"7";"4";"0";"2";"1";"1";
"202000008844";"154 726 707";"Z01";"2";"0";"0";"2";"4";"2";"0";
"202000008844";"154 726 708";"A01";"2";"10";"0";"2";"1";"2";"1";
"202000008845";"154 726 705";"A01";"1";"7";"0";"2";"1";"2";"1";
"202000008845";"154 726 706";"B01";"1";"17";"0";"2";"4";"2";"1";
"202000008846";"154 726 703";"B01";"2";"34";"0";"2";"3";"2";"1";
"202000008846";"154 726 704";"A01";"2";"10";"0";"2";"5";"2";"1";
"202000008847";"154 726 701";"A01";"2";"10";"0";"2";"2";"2";"0";
"202000008847";"154 726 702";"B01";"2";"30";"0";"2";"6";"2";"3";
"202000008848";"154 726 700";"A01";"3";"7";"0";"1";"2";"15";"1";
"202000008849";"154 726 698";"A01";"1";"7";"0";"2";"2";"15";"1";
"202000008849";"154 726 699";"B01";"1";"14";"0";"2";"3";"1";"1";
"202000008850";"154 726 696";"A01";"2";"7";"0";"2";"1";"1";"1";
"202000008850";"154 726 697";"B01";"1";"7";"0";"2";"3";"1";"1";
"202000008851";"154 726 694";"B01";"2";"10";"0";"2";"8";"1";"1";
"202000008851";"154 726 695";"A01";"1";"33";"0";"2";"3";"13";"1";
"202000008852";"154 726 693";"A01";"1";"7";"0";"1";"1";"15";"1";
"202000008853";"154 726 692";"A01";"1";"40";"0";"1";"2";"19";"0";
"202000008854";"154 726 691";"A01";"2";"7";"0";"1";"1";"15";"0";
"202000008855";"154 726 689";"A01";"1";"7";"0";"2";"7";"12";"1";
"202000008855";"154 726 690";"B01";"1";"34";"0";"2";"8";"2";"1";
"202000008856";"154 726 688";"A01";"2";"33";"0";"0";"7";"1";"1";
"202000008857";"154 726 686";"B01";"3";"7";"0";"2";"1";"1";"1";
"202000008857";"154 726 687";"A01";"3";"30";"0";"2";"1";"13";"1";
"202000008858";"154 726 685";"A01";"1";"7";"4";"0";"7";"14";"1";
"202000008859";"154 726 683";"A01";"1";"7";"0";"2";"2";"15";"5";
"202000008859";"154 726 684";"B01";"2";"33";"0";"2";"1";"1";"5";
"202000008860";"154 726 681";"A01";"1";"31";"0";"2";"0";"1";"1";
"202000008860";"154 726 682";"B01";"1";"7";"0";"2";"0";"0";"1";
"202000008861";"154 726 679";"C01";"2";"7";"0";"2";"3";"1";"1";
"202000008861";"154 726 680";"A01";"1";"7";"0";"2";"3";"13";"1";
"202000008862";"154 726 678";"A01";"1";"7";"0";"1";"1";"15";"1";
"202000008863";"154 726 676";"A01";"1";"7";"0";"2";"2";"15";"1";
"202000008863";"154 726 677";"B01";"1";"33";"0";"2";"1";"1";"1";
"202000008864";"154 726 675";"A01";"3";"7";"0";"1";"1";"16";"1";
"202000008865";"154 726 671";"B01";"3";"7";"0";"2";"6";"1";"1";
"202000008865";"154 726 672";"A01";"3";"7";"4";"2";"2";"1";"1";
"202000008866";"154 726 668";"B01";"3";"7";"0";"2";"1";"1";"1";
"202000008866";"154 726 669";"A01";"3";"7";"0";"2";"8";"13";"1";
"202000008866";"154 726 670";"C01";"3";"7";"0";"2";"1";"1";"1";
"202000008867";"154 726 666";"A01";"0";"7";"0";"2";"8";"9";"1";
"202000008867";"154 726 667";"B01";"0";"7";"0";"2";"1";"1";"1";
"202000008868";"154 726 665";"A01";"2";"7";"14";"1";"5";"9";"2";
"202000008869";"154 726 663";"A01";"2";"30";"0";"2";"1";"2";"1";
"202000008869";"154 726 664";"B01";"2";"7";"0";"2";"4";"2";"1";
"202000008870";"154 726 661";"B01";"2";"7";"0";"2";"4";"2";"1";
"202000008870";"154 726 662";"A01";"2";"7";"0";"2";"4";"2";"1";
"202000008871";"154 726 660";"A01";"1";"7";"0";"1";"8";"0";"1";
"202000008872";"154 726 658";"A01";"1";"7";"0";"2";"2";"0";"1";
"202000008872";"154 726 659";"B01";"1";"7";"0";"2";"6";"0";"1";
"202000008873";"154 726 657";"A01";"1";"7";"0";"1";"1";"1";"1";
"202000008874";"154 726 655";"B01";"2";"30";"0";"2";"1";"1";"1";
"202000008874";"154 726 656";"A01";"1";"7";"0";"2";"2";"15";"1";
"202000008875";"154 726 652";"C01";"2";"7";"0";"0";"0";"21";"1";
"202000008875";"154 726 653";"B01";"2";"7";"15";"2";"3";"1";"1";
"202000008875";"154 726 654";"A01";"2";"7";"0";"2";"6";"17";"1";
"202000008876";"154 726 651";"A01";"3";"7";"2";"0";"2";"14";"1";
"202000008877";"154 726 649";"B01";"2";"32";"0";"2";"7";"1";"1";
"202000008877";"154 726 650";"A01";"2";"7";"0";"2";"6";"9";"1";
"202000008878";"154 726 647";"B01";"1";"7";"0";"2";"4";"1";"0";
"202000008878";"154 726 648";"A01";"1";"7";"0";"2";"1";"1";"1";
"202000008879";"154 726 646";"A01";"1";"31";"4";"2";"7";"1";"1";
"202000008880";"154 726 645";"A01";"2";"33";"4";"0";"1";"14";"0";
"202000008881";"154 726 644";"A01";"1";"30";"2";"0";"1";"1";"1";
"202000008882";"154 726 643";"A01";"1";"37";"0";"1";"1";"1";"4";"1"
"202000008883";"154 726 641";"B01";"1";"33";"0";"2";"2";"1";"1";
"202000008883";"154 726 642";"A01";"2";"7";"0";"2";"1";"15";"1";
"202000008884";"154 726 639";"A01";"1";"99";"0";"2";"3";"17";"0";
"202000008884";"154 726 640";"B01";"2";"32";"0";"2";"1";"9";"0";
"202000008885";"154 726 636";"Z01";"1";"7";"0";"2";"0";"0";"0";
"202000008885";"154 726 637";"B01";"1";"1";"0";"2";"4";"19";"5";
"202000008886";"154 726 635";"B01";"2";"7";"0";"1";"3";"16";"1";
"202000008887";"154 726 633";"A01";"2";"7";"0";"2";"1";"1";"1";
"202000008887";"154 726 634";"B01";"1";"0";"0";"2";"0";"15";"0";
"202000008888";"154 726 631";"B01";"1";"1";"0";"2";"8";"1";"5";
"202000008888";"154 726 632";"A01";"2";"7";"0";"2";"1";"15";"1";
"202000008889";"154 726 630";"A01";"2";"7";"0";"1";"1";"1";"1";
"202000008890";"154 726 629";"A01";"0";"7";"0";"1";"1";"1";"1";
"202000008891";"154 726 627";"B01";"1";"80";"0";"2";"3";"16";"3";
"202000008891";"154 726 628";"A01";"0";"7";"0";"2";"3";"1";"1";
"202000008892";"154 726 626";"A01";"2";"32";"0";"1";"1";"1";"1";
"202000008893";"154 726 624";"A01";"2";"7";"0";"2";"6";"17";"1";
"202000008893";"154 726 625";"B01";"1";"31";"0";"2";"1";"1";"1";
"202000008894";"154 726 622";"B01";"2";"10";"0";"2";"6";"2";"1";
"202000008894";"154 726 623";"A01";"2";"30";"0";"2";"1";"2";"1";
"202000008895";"154 726 621";"A01";"2";"7";"0";"1";"1";"15";"1";
"202000008896";"154 726 619";"B01";"1";"34";"0";"2";"1";"1";"1";
"202000008896";"154 726 620";"A01";"1";"7";"0";"2";"8";"15";"1";
"202000008897";"154 726 618";"A01";"1";"30";"0";"1";"2";"1";"1";
"202000008898";"154 726 616";"B01";"1";"1";"0";"2";"4";"1";"5";
"202000008898";"154 726 617";"A01";"1";"7";"0";"2";"3";"1";"1";
"202000008899";"154 726 614";"A01";"1";"50";"0";"2";"1";"8";"3";
"202000008899";"154 726 615";"B01";"2";"7";"0";"2";"8";"20";"1";
"202000008900";"154 726 613";"A01";"1";"7";"0";"1";"4";"26";"1";
"202000008901";"154 726 611";"A01";"2";"7";"0";"2";"1";"1";"1";
"202000008901";"154 726 612";"B01";"2";"7";"0";"2";"4";"1";"1";
"202000008902";"154 726 610";"A01";"0";"7";"1";"0";"1";"14";"1";
"202000008903";"154 726 609";"A01";"2";"7";"1";"0";"2";"14";"1";
"202000008904";"154 726 608";"A01";"0";"40";"0";"1";"2";"1";"3";
"202000008905";"154 726 606";"A01";"1";"7";"0";"2";"1";"1";"1";
"202000008905";"154 726 607";"B01";"2";"7";"0";"2";"3";"1";"1";
"202000008906";"154 726 604";"A01";"0";"7";"0";"2";"5";"1";"1";
"202000008906";"154 726 605";"B01";"0";"1";"0";"2";"1";"1";"5";
"202000008907";"154 726 603";"A01";"2";"7";"0";"1";"1";"1";"1";
"202000008908";"154 726 600";"B01";"2";"1";"0";"2";"8";"1";"5";
"202000008908";"154 726 601";"A01";"2";"7";"0";"2";"7";"1";"1";
"202000008908";"154 726 602";"C01";"2";"1";"0";"2";"4";"1";"5";
"202000008909";"154 726 598";"B01";"0";"1";"0";"2";"1";"1";"5";
"202000008909";"154 726 599";"A01";"0";"7";"0";"2";"3";"1";"1";
"202000008910";"154 726 596";"B01";"3";"7";"0";"2";"5";"23";"1";
"202000008910";"154 726 597";"A01";"3";"7";"0";"2";"3";"2";"1";
"202000008911";"154 726 594";"A01";"2";"7";"0";"2";"3";"1";"1";
"202000008911";"154 726 595";"B01";"2";"7";"0";"2";"2";"1";"1";
"202000008912";"154 726 593";"A01";"2";"2";"12";"0";"1";"1";"1";
"202000008913";"154 726 591";"B01";"1";"7";"0";"2";"3";"1";"1";
"202000008913";"154 726 592";"A01";"1";"7";"0";"2";"3";"19";"1";
"202000008914";"154 726 589";"B01";"2";"1";"0";"2";"5";"1";"5";
"202000008914";"154 726 590";"A01";"1";"7";"0";"2";"1";"9";"1";
"202000008915";"154 726 587";"B01";"1";"30";"0";"2";"1";"1";"1";
"202000008915";"154 726 588";"A01";"1";"7";"0";"2";"2";"19";"1";
"202000008916";"154 726 585";"B01";"1";"10";"0";"2";"3";"1";"1";
"202000008916";"154 726 586";"A01";"1";"1";"0";"2";"1";"9";"5";
"202000008917";"154 726 583";"A01";"2";"7";"0";"2";"1";"13";"1";
"202000008917";"154 726 584";"B01";"1";"7";"0";"2";"1";"1";"1";
"202000008918";"154 726 581";"B01";"1";"7";"0";"2";"1";"1";"1";
"202000008918";"154 726 582";"A01";"1";"7";"0";"2";"6";"9";"1";
"202000008919";"154 726 580";"A01";"3";"7";"0";"1";"1";"1";"1";
"202000008920";"154 726 579";"A01";"3";"14";"0";"1";"4";"4";"1";
"202000008921";"154 726 577";"A01";"1";"2";"0";"2";"1";"16";"1";
"202000008921";"154 726 578";"B01";"2";"7";"0";"2";"6";"13";"1";
"202000008922";"154 726 570";"A01";"1";"7";"0";"2";"2";"16";"1";
"202000008922";"154 726 571";"B01";"0";"1";"0";"2";"7";"19";"5";
"202000008923";"154 726 569";"A01";"0";"7";"15";"0";"1";"2";"1";
"202000008924";"154 726 567";"B01";"2";"7";"0";"2";"3";"1";"0";
"202000008924";"154 726 568";"A01";"1";"30";"0";"2";"1";"13";"1";
"202000008925";"154 726 565";"Z01";"1";"7";"0";"2";"1";"9";"0";
"202000008925";"154 726 566";"B01";"1";"33";"0";"2";"3";"1";"1";
"202000008926";"154 726 563";"A01";"2";"7";"0";"2";"3";"15";"1";
"202000008926";"154 726 564";"B01";"2";"7";"7";"2";"1";"17";"1";
"202000008927";"154 726 562";"A01";"2";"7";"12";"0";"3";"16";"1";
"202000008928";"154 726 561";"A01";"1";"30";"0";"0";"8";"1";"1";
"202000008929";"154 726 560";"A01";"1";"7";"10";"0";"9";"26";"1";
"202000008930";"154 726 559";"A01";"3";"7";"0";"1";"1";"1";"2";
"202000008931";"154 726 558";"A01";"2";"31";"15";"0";"0";"14";"1";
"202000008932";"154 726 557";"A01";"1";"7";"2";"0";"1";"1";"1";
"202000008933";"154 726 556";"A01";"1";"7";"8";"0";"1";"1";"1";
"202000008934";"154 726 554";"B01";"1";"7";"0";"2";"3";"1";"0";
"202000008934";"154 726 555";"G01";"1";"7";"0";"2";"6";"9";"0";
"202000008935";"154 726 553";"A01";"1";"7";"6";"0";"1";"1";"1";
"202000008936";"154 726 551";"B01";"1";"7";"0";"2";"1";"1";"1";
"202000008936";"154 726 552";"A01";"2";"17";"0";"2";"8";"19";"1";
"202000008937";"154 726 550";"A01";"1";"7";"0";"1";"1";"15";"1";
"202000008938";"154 726 548";"B01";"1";"43";"0";"2";"1";"1";"1";
"202000008938";"154 726 549";"A01";"2";"7";"0";"2";"2";"15";"1";
"202000008939";"154 726 547";"B01";"3";"32";"0";"2";"1";"1";"1";
"202000008940";"154 726 546";"B01";"2";"31";"0";"2";"1";"1";"1";
"202000008941";"154 726 545";"A01";"1";"33";"0";"1";"1";"1";"1";
"202000008942";"154 726 543";"B01";"3";"7";"0";"2";"3";"1";"1";
"202000008942";"154 726 544";"A01";"3";"7";"0";"2";"3";"1";"1";
"202000008943";"154 726 542";"A01";"1";"7";"0";"1";"2";"2";"0";
"202000008944";"154 726 541";"Z01";"2";"7";"0";"1";"1";"1";"1";
"202000008945";"154 726 539";"B01";"1";"30";"0";"2";"1";"3";"1";
"202000008945";"154 726 540";"A01";"2";"7";"0";"2";"8";"15";"1";
"202000008946";"154 726 537";"B01";"0";"7";"0";"2";"1";"1";"1";
"202000008946";"154 726 538";"A01";"0";"7";"0";"2";"8";"15";"1";
"202000008947";"154 726 535";"B01";"2";"2";"0";"2";"1";"1";"1";
"202000008947";"154 726 536";"A01";"2";"7";"0";"2";"8";"9";"1";
"202000008948";"154 726 533";"B01";"1";"7";"0";"2";"1";"5";"0";
"202000008948";"154 726 534";"A01";"2";"10";"0";"2";"1";"1";"0";
"202000008949";"154 726 531";"A01";"1";"32";"0";"2";"7";"17";"1";
"202000008949";"154 726 532";"B01";"1";"7";"0";"2";"3";"15";"1";
"202000008950";"154 726 530";"Z01";"2";"10";"0";"1";"2";"2";"1";
"202000008951";"154 726 528";"A01";"1";"99";"0";"2";"7";"17";"1";
"202000008951";"154 726 529";"B01";"1";"7";"0";"2";"3";"2";"1";
"202000008952";"154 726 526";"A01";"1";"10";"6";"2";"1";"15";"1";
"202000008952";"154 726 527";"B01";"2";"10";"0";"2";"1";"1";"1";
"202000008953";"154 726 524";"B01";"0";"7";"0";"2";"6";"1";"1";
"202000008953";"154 726 525";"A01";"0";"7";"0";"2";"1";"13";"1";
"202000008954";"154 726 522";"A01";"1";"7";"0";"2";"6";"1";"1";
"202000008954";"154 726 523";"B01";"1";"7";"0";"2";"2";"2";"1";
"202000008955";"154 726 520";"B01";"1";"7";"0";"2";"8";"1";"1";
"202000008955";"154 726 521";"A01";"1";"14";"0";"2";"8";"1";"1";
"202000008956";"154 726 518";"B01";"2";"2";"0";"2";"1";"13";"1";
"202000008956";"154 726 519";"A01";"1";"7";"0";"2";"3";"1";"1";
"202000008957";"154 726 516";"A01";"3";"7";"0";"2";"0";"0";"0";
"202000008957";"154 726 517";"B01";"2";"2";"0";"2";"1";"1";"0";
"202000008958";"154 726 514";"B01";"3";"1";"0";"2";"1";"1";"0";
"202000008958";"154 726 515";"A01";"3";"10";"0";"9";"1";"15";"1";
"202000008959";"154 726 512";"B01";"1";"7";"14";"0";"4";"26";"1";
"202000008959";"154 726 513";"A01";"1";"7";"0";"2";"1";"2";"1";
"202000008960";"154 726 511";"A01";"2";"33";"0";"1";"1";"1";"1";
"202000008961";"154 726 509";"B01";"1";"7";"0";"2";"3";"0";"0";
"202000008961";"154 726 510";"A01";"1";"30";"0";"2";"2";"17";"0";
"202000008962";"154 726 507";"A01";"1";"34";"8";"2";"2";"17";"1";
"202000008962";"154 726 508";"B01";"1";"7";"0";"2";"3";"15";"1";
"202000008963";"154 726 503";"A01";"0";"7";"0";"2";" -1";"0";" -1";
"202000008963";"154 726 504";"B01";" -1";"2";" -1";"2";" -1";" -1";" -1";
"202000008964";"154 726 502";"A01";"3";"10";"0";"1";"1";"26";"1";
"202000008965";"154 726 500";"B01";"2";"7";"0";"2";"8";"1";"3";
"202000008965";"154 726 501";"A01";"1";"7";"0";"2";"7";"1";"1";
"202000008966";"154 726 498";"B01";"2";"7";"0";"2";"4";"15";"1";
"202000008966";"154 726 499";"A01";"2";"7";"0";"2";"1";"1";"1";
"202000008967";"154 726 496";"B01";"1";"1";"0";"2";"5";"1";"5";
"202000008967";"154 726 497";"A01";"2";"7";"0";"2";"2";"15";"1";
"202000008968";"154 726 494";"A01";"1";"7";"0";"2";"7";"2";"1";
"202000008968";"154 726 495";"B01";"1";"31";"3";"2";"8";"2";"1";
"202000008969";"154 726 492";"A01";"1";"31";"0";"2";"1";"1";"1";
"202000008969";"154 726 493";"B01";"1";"7";"0";"0";"4";"15";"1";
"202000008970";"154 726 490";"A01";"2";"7";"0";"2";"3";"12";"1";
"202000008970";"154 726 491";"B01";"2";"10";"0";"2";"5";"1";"1";
"202000008971";"154 726 488";"B01";"2";"7";"0";"2";"4";"2";"1";
"202000008971";"154 726 489";"A01";"2";"7";"0";"2";"1";"2";"1";
"202000008972";"154 726 485";"B01";"1";"7";"0";"2";"4";"23";"1";
"202000008972";"154 726 486";"C01";"1";"10";"0";"2";"4";"23";"1";
"202000008972";"154 726 487";"A01";"1";"7";"0";"2";"1";"2";"1";
"202000008973";"154 726 483";"A01";"1";"7";"0";"2";"1";"2";"1";
"202000008973";"154 726 484";"B01";"1";"7";"0";"2";"4";"2";"1";
"202000008974";"154 726 479";"A01";"1";"7";"0";"2";"7";"12";"1";
"202000008974";"154 726 480";"D01";"1";"43";"0";"2";"1";"3";"1";
"202000008974";"154 726 481";"C01";"1";"7";"0";"2";"8";"1";"1";
"202000008974";"154 726 482";"B01";"1";"31";"0";"2";"4";"3";"1";
"202000008975";"154 726 477";"B01";"1";"33";"0";"2";"8";"11";"1";
"202000008975";"154 726 478";"A01";"1";"7";"0";"2";"7";"1";"1";
"202000008976";"154 726 474";"C01";"2";"7";"0";"2";"8";"1";"1";
"202000008976";"154 726 475";"B01";"2";"33";"0";"2";"3";"3";"1";
"202000008976";"154 726 476";"A01";"2";"10";"0";"2";"2";"12";"1";
"202000008977";"154 726 471";"B01";"2";"33";"0";"2";"4";"3";"1";
"202000008977";"154 726 472";"C01";"2";"7";"0";"2";"4";"1";"1";
"202000008977";"154 726 473";"A01";"2";"43";"0";"2";"1";"3";"1";
"202000008978";"154 726 470";"A01";"2";"32";"14";"0";"1";"3";"1";
"202000008979";"154 726 467";"A01";"2";"33";"0";"2";"1";"3";"1";
"202000008979";"154 726 468";"C01";"2";"7";"0";"2";"6";"1";"1";
"202000008979";"154 726 469";"B01";"2";"7";"0";"2";"7";"13";"1";
"202000008980";"154 726 466";"A01";"2";"33";"0";"0";"0";"1";"1";
"202000008981";"154 726 463";"B01";"1";"32";"0";"2";"7";"3";"1";
"202000008981";"154 726 464";"A01";"1";"7";"0";"2";"3";"11";"1";
"202000008981";"154 726 465";"C01";"1";"7";"0";"2";"4";"1";"1";
"202000008982";"154 726 460";"A01";"2";"33";"0";"2";"3";"2";"1";
"202000008982";"154 726 461";"B01";"2";"7";"0";"2";"5";"2";"1";
"202000008982";"154 726 462";"C01";"2";"10";"0";"2";"3";"1";"1";
"202000008983";"154 726 458";"A01";"1";"32";"0";"2";"1";"2";"1";
"202000008983";"154 726 459";"B01";"1";"7";"0";"2";"6";"2";"1";
"202000008984";"154 726 456";"A01";"2";"7";"0";"2";"1";"1";"1";
"202000008984";"154 726 457";"B01";"1";"7";"0";"2";"4";"1";"1";
"202000008985";"154 726 455";"A01";"1";"37";"0";"1";"1";"1";"1";"1"