"Num_Acc";"id_vehicule";"num_veh";"senc";"catv";"obs";"obsm";"choc";"manv";"motor";"occutc"
"202000009184";"154 726 094";"A01";"1";"7";"0";"2";"3";"15";"1";
"202000009185";"154 726 092";"A01";"3";"7";"0";"1";"2";"1";"1";
"202000009186";"154 726 090";"B01";"0";"99";"0";"2";"8";"26";"3";
"202000009186";"154 726 091";"A01";"1";"7";"0";"2";"1";"1";"1";
"202000009187";"154 726 087";"C01";"2";"7";"0";"2";"8";"1";"1";
"202000009187";"154 726 088";"B01";"1";"33";"0";"2";"7";"1";"1";
"202000009187";"154 726 089";"A01";"1";"10";"0";"2";"3";"11";"1";
"202000009188";"154 726 085";"B01";"1";"1";"0";"2";"4";"2";"5";
"202000009188";"154 726 086";"A01";"1";"32";"9";"2";"1";"2";"1";
"202000009189";"154 726 083";"B01";"2";"7";"0";"2";"4";"26";"1";
"202000009189";"154 726 084";"A01";"2";"50";"0";"2";"1";"1";"3";
"202000009190";"154 726 082";"A01";"2";"7";"0";"1";"2";"16";"1";
"202000009191";"154 726 080";"B01";"1";"33";"0";"2";"0";"0";"1";
"202000009191";"154 726 081";"A01";"1";"7";"0";"2";"0";"0";"1";
"202000009192";"154 726 078";"A01";"2";"1";"0";"2";"1";"26";"5";
"202000009192";"154 726 079";"B01";"1";"7";"0";"9";"1";"9";"1";
"202000009193";"154 726 076";"A01";"1";"7";"0";"2";"3";"9";"1";
"202000009193";"154 726 077";"B01";"1";"2";"0";"2";"0";"0";"1";
"202000009194";"154 726 074";"A01";"0";"30";"0";"2";"1";"25";"0";
"202000009194";"154 726 075";"B01";"1";"7";"0";"2";"2";"2";"0";
"202000009195";"154 726 072";"B01";"1";"33";"0";"2";"4";"1";"1";
"202000009195";"154 726 073";"A01";"1";"7";"0";"2";"2";"1";"6";
"202000009196";"154 726 070";"B01";"2";"7";"0";"2";"1";"2";"1";
"202000009196";"154 726 071";"A01";"1";"7";"0";"2";"7";"15";"1";
"202000009197";"154 726 068";"A01";"1";"10";"0";"2";"1";"1";"1";
"202000009197";"154 726 069";"B01";"0";"1";"0";"2";"1";"19";"0";
"202000009198";"154 726 066";"B01";"3";"7";"0";"2";"3";"15";"1";
"202000009198";"154 726 067";"A01";"3";"33";"0";"2";"1";"17";"1";
"202000009199";"154 726 064";"B01";"3";"1";"0";"2";"1";"11";"5";
"202000009199";"154 726 065";"A01";"3";"10";"0";"2";"2";"1";"1";
"202000009200";"154 726 063";"A01";"1";"7";"0";"1";"1";"1";"1";
"202000009201";"154 726 062";"A01";"1";"7";"0";"1";"1";"26";"0";
"202000009202";"154 726 060";"A01";"1";"7";"0";"2";"1";"26";"1";
"202000009202";"154 726 061";"B01";"1";"33";"0";"0";"4";"0";"1";
"202000009203";"154 726 058";"A01";"3";"30";"0";"2";"7";"10";"1";
"202000009203";"154 726 059";"B01";"3";"32";"0";"2";"1";"1";"1";
"202000009204";"154 726 056";"A01";"2";"15";"0";"2";"1";"2";"1";
"202000009204";"154 726 057";"B01";"2";"2";"0";"2";"4";"23";"1";
"202000009205";"154 726 054";"A01";"3";"31";"0";"2";"1";"19";"1";
"202000009205";"154 726 055";"B01";"3";"7";"0";"2";"8";"2";"1";
"202000009206";"154 726 052";"A01";"1";"7";"0";"2";"2";"13";"1";
"202000009206";"154 726 053";"B01";"2";"7";"0";"2";"1";"1";"1";
"202000009207";"154 726 050";"A01";"2";"7";"0";"2";"2";"1";"1";
"202000009207";"154 726 051";"B01";"1";"2";"0";"2";"1";"15";"1";
"202000009208";"154 726 047";"C01";"2";"7";"0";"2";"1";"1";"1";
"202000009208";"154 726 048";"A01";"0";"7";"0";"2";"3";"19";"1";
"202000009208";"154 726 049";"B01";"1";"7";"0";"2";"1";"1";"1";
"202000009209";"154 726 045";"A01";"1";"7";"0";"2";"4";"12";"0";
"202000009209";"154 726 046";"B01";"1";"1";"0";"2";"1";"1";"6";
"202000009210";"154 726 043";"A01";"2";"7";"0";"2";"3";"13";"0";
"202000009210";"154 726 044";"B01";"1";"7";"0";"2";"3";"1";"0";
"202000009211";"154 726 041";"B01";"2";"33";"0";"2";"1";"21";"1";
"202000009211";"154 726 042";"A01";"1";"7";"0";"2";"3";"15";"0";
"202000009212";"154 726 039";"A01";"1";"7";"0";"2";"8";"19";"1";
"202000009212";"154 726 040";"B01";"1";"14";"0";"2";"2";"1";"1";
"202000009213";"154 726 037";"B01";"0";"31";"0";"2";"1";"1";"1";
"202000009213";"154 726 038";"A01";"3";"7";"0";"0";"5";"23";"1";
"202000009214";"154 726 036";"A01";"1";"7";"0";"0";"0";"1";"1";
"202000009215";"154 726 034";"A01";"1";"7";"0";"2";"3";"16";"1";
"202000009215";"154 726 035";"B01";"1";"15";"0";"2";"3";"1";"1";
"202000009216";"154 726 033";"A01";"2";"7";"3";"0";"3";"1";"1";
"202000009217";"154 726 032";"A01";"1";"13";"7";"0";"2";"2";"0";
"202000009218";"154 726 030";"B01";"1";"33";"0";"2";"1";"0";"1";
"202000009218";"154 726 031";"A01";"2";"7";"0";"2";"3";"0";"1";
"202000009219";"154 726 029";"A01";"1";"7";"0";"1";"3";"1";"1";
"202000009220";"154 726 027";"B01";"2";"33";"0";"2";"1";"1";"1";
"202000009220";"154 726 028";"A01";"1";"7";"0";"2";"3";"15";"1";
"202000009221";"154 726 025";"B01";"2";"33";"0";"2";"1";"1";"0";
"202000009221";"154 726 026";"A01";"1";"7";"0";"2";"2";"15";"0";
"202000009222";"154 726 023";"A01";"0";"7";"0";"2";"1";"19";"1";
"202000009222";"154 726 024";"B01";"0";"7";"0";"2";"3";"1";"1";
"202000009223";"154 726 021";"A01";"1";"7";"0";"2";"2";"17";"1";
"202000009223";"154 726 022";"B01";"2";"7";"0";"2";"2";"1";"1";
"202000009224";"154 726 018";"A01";"2";"33";"0";"2";"4";"26";"1";
"202000009224";"154 726 019";"B01";"1";"7";"0";"2";"8";"1";"1";
"202000009224";"154 726 020";"C01";"2";"33";"0";"2";"1";"1";"1";
"202000009225";"154 726 017";"A01";"3";"1";"0";"0";"7";"1";"5";
"202000009226";"154 726 015";"A01";"2";"7";"0";"2";"3";"5";"1";
"202000009226";"154 726 016";"B01";"1";"7";"0";"2";"1";"1";"1";
"202000009227";"154 726 013";"A01";"2";"2";"0";"2";"1";"2";"1";
"202000009227";"154 726 014";"B01";"2";"7";"0";"0";"4";"15";"1";
"202000009228";"154 726 012";"A01";"2";"7";"15";"0";"1";"1";"1";
"202000009229";"154 726 011";"A01";"2";"7";"0";"0";"0";"1";"1";
"202000009230";"154 726 009";"B01";"1";"10";"0";"0";"8";"15";"2";
"202000009230";"154 726 010";"A01";"1";"10";"7";"2";"2";"2";"1";
"202000009231";"154 726 008";"A01";"2";"10";"16";"0";"1";"1";"1";
"202000009232";"154 726 005";"A01";"1";"7";"0";"2";"1";"1";"1";
"202000009232";"154 726 006";"B01";"3";"2";"0";"2";"7";"1";"1";
"202000009232";"154 726 007";"C01";"3";"2";"0";"2";"1";"1";"1";
"202000009233";"154 726 003";"A01";"2";"7";"0";"2";"3";"1";"1";
"202000009233";"154 726 004";"B01";"1";"10";"0";"2";"2";"1";"1";
"202000009234";"154 726 001";"A01";"1";"33";"0";"0";"0";"1";"1";
"202000009235";"154 725 999";"B01";"2";"15";"0";"0";"0";"17";"1";
"202000009235";"154 726 000";"A01";"2";"1";"0";"0";"0";"2";"5";
"202000009236";"154 725 998";"A01";"2";"21";"6";"0";"3";"1";"1";
"202000009237";"154 725 997";"A01";"2";"7";"2";"0";"2";"1";"1";
"202000009238";"154 725 996";"A01";"1";"7";"0";"0";"9";"21";"1";
"202000009239";"154 725 995";"A01";"1";"7";"0";"1";"1";"1";"1";
"202000009240";"154 725 993";"A01";"3";"32";"0";"2";"4";"1";"1";
"202000009240";"154 725 994";"B01";"3";"10";"0";"2";"3";"9";"1";
"202000009241";"154 725 991";"B01";"1";"7";"3";"0";"6";"24";"1";
"202000009241";"154 725 992";"A01";"1";"14";"1";"0";"2";"14";"1";
"202000009242";"154 725 990";"A01";"1";"7";"17";"0";"0";"14";"1";
"202000009243";"154 725 988";"A01";"3";"7";"1";"9";"1";"1";"6";
"202000009243";"154 725 989";"B01";"3";"2";"0";"2";"8";"0";"6";
"202000009244";"154 725 986";"A01";"0";"7";"0";"2";"3";"5";"1";
"202000009244";"154 725 987";"B01";"0";"33";"0";"2";"1";"5";"1";
"202000009245";"154 725 984";"A01";"2";"33";"0";"2";"1";"5";"1";
"202000009245";"154 725 985";"B01";"1";"10";"0";"2";"1";"1";"1";
"202000009246";"154 725 983";"A01";"3";"7";"0";"1";"3";"1";"1";
"202000009247";"154 725 981";"A01";"2";"7";"0";"0";"4";"23";"1";
"202000009247";"154 725 982";"B01";"2";"10";"0";"2";"1";"2";"1";
"202000009248";"154 725 979";"A01";"0";"7";"0";"0";"4";"26";"0";
"202000009248";"154 725 980";"B01";"1";"7";"0";"2";"1";"26";"0";
"202000009249";"154 725 978";"A01";"3";"7";"0";"1";"3";"1";"1";
"202000009250";"154 725 976";"A01";"1";"7";"0";"2";"3";"15";"1";
"202000009250";"154 725 977";"B01";"1";"31";"0";"2";"1";"1";"1";
"202000009251";"154 725 975";"A01";"2";"7";"0";"1";"1";"1";"1";
"202000009252";"154 725 973";"B01";"0";"7";"0";"2";"3";"23";"1";
"202000009252";"154 725 974";"A01";"0";"7";"0";"1";"2";"1";"1";
"202000009253";"154 725 972";"A01";"1";"1";"0";"2";"5";"1";"6";
"202000009254";"154 725 971";"A01";"1";"10";"0";"1";"1";"26";"1";
"202000009255";"154 725 969";"B01";"2";"7";"0";"2";"3";"1";"1";
"202000009255";"154 725 970";"A01";"1";"7";"0";"2";"3";"13";"1";
"202000009256";"154 725 968";"A01";"0";"7";"0";"1";"3";"1";"1";
"202000009257";"154 725 966";"A01";"3";"7";"0";"2";"8";"15";"1";
"202000009257";"154 725 967";"B01";"3";"31";"0";"2";"8";"1";"1";
"202000009258";"154 725 965";"A01";"3";"7";"0";"1";"1";"1";"1";
"202000009259";"154 725 963";"B01";"1";"7";"0";"2";"4";"0";"1";
"202000009259";"154 725 964";"A01";"1";"7";"0";"2";"1";"1";"1";
"202000009260";"154 725 962";"A01";"2";"10";"13";"0";"0";"1";"1";
"202000009261";"154 725 960";"A01";"1";"31";"0";"2";"1";"26";"1";
"202000009261";"154 725 961";"B01";"2";"7";"0";"2";"5";"15";"1";
"202000009262";"154 725 958";"A01";"2";"32";"0";"2";"2";"1";"1";
"202000009262";"154 725 959";"B01";"3";"7";"0";"2";"3";"1";"1";
"202000009263";"154 725 956";"A01";"2";"7";"0";"2";"2";"15";"1";
"202000009263";"154 725 957";"B01";"1";"7";"0";"2";"3";"1";"1";
"202000009264";"154 725 955";"A01";"2";"7";"0";"1";"1";"17";"1";
"202000009265";"154 725 954";"A01";"2";"7";"0";"1";"2";"16";"1";
"202000009266";"154 725 950";"A01";"1";"7";"0";"2";"3";"2";"0";
"202000009266";"154 725 951";"B01";"1";"7";"0";"2";"4";"2";"1";
"202000009267";"154 725 949";"A01";"1";"7";"0";"1";"1";"1";"2";
"202000009268";"154 725 947";"A01";"2";"34";"0";"2";"1";"1";"1";
"202000009268";"154 725 948";"B01";"2";"10";"0";"2";"7";"16";"1";
"202000009269";"154 725 946";"A01";"1";"14";"0";"1";"1";"9";"1";
"202000009270";"154 725 943";"A01";"1";"7";"0";"2";"1";"9";"0";
"202000009270";"154 725 944";"B01";"0";"7";"0";"2";"4";"9";"0";
"202000009270";"154 725 945";"C01";"0";"7";"0";"0";"4";"23";"1";
"202000009271";"154 725 941";"A01";"1";"7";"0";"2";"3";"10";"1";
"202000009271";"154 725 942";"B01";"1";"33";"0";"2";"1";"17";"1";
"202000009272";"154 725 939";"A01";"0";"7";"0";"2";"1";"1";"1";
"202000009272";"154 725 940";"B01";"0";"7";"0";"2";"4";"23";"1";
"202000009273";"154 725 938";"A01";"2";"7";"0";"1";"1";"1";"1";
"202000009274";"154 725 937";"A01";"2";"7";"0";"1";"3";"1";"1";
"202000009275";"154 725 936";"A01";"1";"7";"0";"1";"2";"1";"1";
"202000009276";"154 725 935";"B01";"3";"15";"0";"1";"1";"1";"1";
"202000009277";"154 725 933";"B01";"2";"7";"0";"2";"3";"19";"1";
"202000009277";"154 725 934";"A01";"3";"31";"0";"2";"2";"2";"1";
"202000009278";"154 725 932";"A01";"1";"7";"0";"1";"3";"26";"1";
"202000009279";"154 725 930";"B01";"2";"7";"0";"2";"4";"23";"1";
"202000009279";"154 725 931";"A01";"2";"14";"0";"2";"1";"2";"1";
"202000009280";"154 725 929";"A01";"1";"10";"1";"0";"1";"14";"3";
"202000009281";"154 725 927";"B01";"1";"31";"0";"2";"2";"2";"1";
"202000009281";"154 725 928";"A01";"1";"10";"0";"2";"3";"13";"1";
"202000009282";"154 725 925";"A01";"2";"32";"0";"2";"1";"1";"1";
"202000009282";"154 725 926";"B01";"1";"7";"0";"2";"3";"15";"1";
"202000009283";"154 725 923";"A01";"2";"7";"14";"2";"1";"1";"1";
"202000009283";"154 725 924";"B01";"1";"7";"0";"2";"1";"1";"0";
"202000009284";"154 725 921";"A01";"2";"2";"0";"2";"1";"1";"3";
"202000009284";"154 725 922";"B01";"2";"7";"0";"2";"7";"1";"1";
"202000009285";"154 725 920";"A01";"1";"1";"0";"1";"1";"1";"5";
"202000009286";"154 725 918";"B01";"0";"7";"1";"2";"3";"1";"1";
"202000009286";"154 725 919";"A01";"1";"7";"0";"2";"3";"9";"1";
"202000009287";"154 725 916";"B01";"2";"10";"0";"2";"4";"23";"1";
"202000009287";"154 725 917";"A01";"2";"7";"0";"2";"4";"2";"1";
"202000009288";"154 725 914";"A01";"1";"7";"0";"2";"5";"2";"1";
"202000009288";"154 725 915";"B01";"1";"1";"0";"2";"1";"2";"5";
"202000009289";"154 725 913";"A01";"2";"33";"0";"1";"1";"1";"1";
"202000009290";"154 725 912";"A01";"2";"1";"0";"0";"0";"1";"5";
"202000009291";"154 725 910";"B01";"1";"50";"0";"2";"1";"1";"3";
"202000009291";"154 725 911";"A01";"2";"7";"0";"2";"3";"16";"1";
"202000009292";"154 725 908";"B01";"1";"1";"0";"0";"3";"1";"5";
"202000009292";"154 725 909";"A01";"1";"10";"0";"2";"1";"0";"0";
"202000009293";"154 725 906";"B01";"0";"1";"0";"2";"1";"5";"0";
"202000009293";"154 725 907";"A01";"0";"10";"0";"2";"3";"2";"1";
"202000009294";"154 725 904";"B01";"2";"7";"0";"2";"4";"2";"0";
"202000009294";"154 725 905";"A01";"2";"17";"0";"2";"1";"1";"0";
"202000009295";"154 725 902";"A01";"2";"7";"1";"2";"8";"15";"1";
"202000009295";"154 725 903";"B01";"2";"7";"1";"2";"1";"1";"1";
"202000009296";"154 725 900";"B01";" -1";"50";"0";"2";"5";"15";"3";
"202000009296";"154 725 901";"A01";" -1";"7";"0";"9";"3";"9";"1";
"202000009297";"154 725 898";"A01";"2";"10";"0";"2";"3";"11";"0";
"202000009297";"154 725 899";"WB01";"2";"31";"0";"0";"2";"1";"0";
"202000009298";"154 725 897";"A01";"1";"10";"0";"1";"2";"1";"1";
"202000009299";"154 725 895";"A01";"1";"10";"0";"2";"5";"19";"1";
"202000009299";"154 725 896";"B01";"2";"10";"7";"2";"3";"2";"1";
"202000009300";"154 725 894";"A01";"3";"7";"9";"0";"1";"20";"1";
"202000009301";"154 725 892";"B01";" -1";"7";"0";"2";"4";"2";"1";
"202000009301";"154 725 893";"A01";" -1";"7";"0";"2";"1";"9";"1";
"202000009302";"154 725 891";"A01";"1";"7";"0";"1";"4";"26";"1";
"202000009303";"154 725 889";"B01";"1";"10";"7";"0";"4";"2";"1";
"202000009303";"154 725 890";"A01";"1";"10";"1";"2";"1";"21";"1";
"202000009304";"154 725 887";"A01";"3";"7";"0";"2";"1";"15";"0";
"202000009304";"154 725 888";"B01";"3";"2";"0";"2";"1";"2";"0";
"202000009305";"154 725 885";"B01";"3";"7";"0";"2";"3";"9";"0";
"202000009305";"154 725 886";"A01";"1";"7";"0";"2";"7";"1";"1";
"202000009306";"154 725 884";"A01";" -1";"99";"0";"1";"2";"26";"0";
"202000009307";"154 725 882";"A01";"0";"7";"0";"2";"2";"15";"1";
"202000009307";"154 725 883";"B01";"3";"2";"0";"2";"1";"26";"1";
"202000009308";"154 725 880";"A01";"3";"1";"1";"2";"5";"2";"0";
"202000009308";"154 725 881";"Y01";"3";"60";"0";"2";"2";"0";"5";
"202000009309";"154 725 879";"A01";"1";"3";"0";"1";"7";"14";"1";
"202000009310";"154 725 878";"A01";"2";"7";"0";"1";"1";"1";"1";
"202000009311";"154 725 877";"A01";"1";"30";"3";"0";"2";"15";"1";
"202000009312";"154 725 875";"B01";"2";"32";"0";"2";"1";"0";"1";
"202000009312";"154 725 876";"A01";"0";"7";"0";"2";"3";"15";"1";
"202000009313";"154 725 874";"A01";"1";"33";"0";"1";"2";"13";"1";
"202000009314";"154 725 872";"A01";"1";"7";"0";"2";"2";"1";"1";
"202000009314";"154 725 873";"B01";"3";"7";"0";"2";"3";"9";"1";
"202000009315";"154 725 870";"A01";"2";"15";"0";"2";"2";"1";"1";
"202000009315";"154 725 871";"B01";"1";"10";"0";"2";"8";"16";"1";
"202000009316";"154 725 868";"A01";"1";"7";"0";"2";"1";"1";"1";
"202000009316";"154 725 869";"B01";"1";"7";"0";"2";"1";"1";"1";
"202000009317";"154 725 867";"A01";"3";"7";"2";"0";"2";"1";"0";
"202000009318";"154 725 866";"A01";"1";"2";"13";"0";"1";"1";"1";
"202000009319";"154 725 864";"A01";"1";"7";"2";"0";"1";"1";"1";
"202000009320";"154 725 863";"A01";"2";"7";"13";"0";"1";"13";"1";
"202000009321";"154 725 860";"C01";"2";"7";"0";"2";"5";"21";"1";
"202000009321";"154 725 861";"B01";"1";"33";"0";"2";"4";"13";"1";
"202000009321";"154 725 862";"A01";"1";"7";"0";"2";"3";"2";"1";
"202000009322";"154 725 859";"A01";"2";"30";"0";"0";"0";"1";"1";
"202000009323";"154 725 858";"A01";"2";"10";"13";"0";"1";"1";"1";
"202000009324";"154 725 857";"A01";"2";"7";"15";"0";"1";"1";"1";
"202000009325";"154 725 855";"B01";"1";"15";"0";"2";"6";"1";"1";
"202000009325";"154 725 856";"A01";"2";"7";"13";"2";"3";"13";"1";
"202000009326";"154 725 854";"A01";"1";"21";"0";"1";"1";"1";"1";
"202000009327";"154 725 852";"A01";"0";"80";"0";"2";"5";"1";"3";
"202000009327";"154 725 853";"B01";"0";"7";"0";"2";"2";"1";"1";
"202000009328";"154 725 851";"A01";"3";"7";"2";"0";"1";"1";"1";
"202000009329";"154 725 849";"A01";"2";"7";"0";"2";"1";"13";"1";
"202000009329";"154 725 850";"B01";"1";"10";"0";"2";"8";"1";"1";
"202000009330";"154 725 847";"B01";"1";"7";"0";"0";"7";"26";"1";
"202000009330";"154 725 848";"A01";"1";"7";"0";"2";"3";"1";"1";
"202000009331";"154 725 845";"B01";"2";"7";"0";"2";"1";"1";"1";
"202000009331";"154 725 846";"A01";"1";"7";"0";"2";"1";"13";"1";
"202000009332";"154 725 844";"A01";"3";"33";"13";"0";"1";"1";"1";
"202000009333";"154 725 843";"A01";"1";"7";"13";"1";"3";"1";"1";
"202000009334";"154 725 842";"A01";"2";"2";"3";"0";"1";"13";"1";
"202000009335";"154 725 841";"A01";"2";"1";"16";"0";"1";"15";"5";
"202000009336";"154 725 840";"A01";"2";"7";"3";"0";"1";"1";"1";
"202000009337";"154 725 839";"A01";"1";"7";"15";"0";"1";"1";"1";
"202000009338";"154 725 837";"A01";"2";"17";"13";"0";"2";"6";"1";
"202000009339";"154 725 836";"A01";"1";"33";"8";"0";"7";"0";"1";
"202000009340";"154 725 835";"A01";"1";"10";"0";"1";"7";"0";"0";
"202000009341";"154 725 834";"A01";"2";"7";"12";"0";"1";"1";"1";
"202000009342";"154 725 833";"A01";"1";"7";"0";"0";"4";"13";"1";
"202000009343";"154 725 831";"B01";"1";"7";"0";"2";"1";"1";"1";
"202000009343";"154 725 832";"A01";"2";"7";"0";"2";"1";"13";"1";
"202000009344";"154 725 830";"A01";"3";"7";"0";"1";"2";"1";"1";
"202000009345";"154 725 828";"A01";"0";"7";"0";"9";"3";"5";"1";
"202000009345";"154 725 829";"B01";"2";"33";"0";"2";"8";"1";"1";
"202000009346";"154 725 826";"B01";"1";"10";"0";"2";"1";"1";"1";
"202000009346";"154 725 827";"A01";"1";"7";"8";"2";"2";"1";"1";
"202000009347";"154 725 824";"B01";"2";"2";"0";"2";"3";"1";"1";
"202000009347";"154 725 825";"A01";"2";"7";"0";"2";"2";"17";"1";
"202000009348";"154 725 822";"A01";"1";"7";"0";"2";"1";"19";"1";
"202000009348";"154 725 823";"B01";"1";"7";"0";"2";"8";"1";"1";
"202000009349";"154 725 821";"A01";"0";"2";"13";"0";"2";"1";"1";
"202000009350";"154 725 820";"A01";"3";"7";"13";"0";"8";"13";"1";
"202000009351";"154 725 815";"B01";"1";"7";"0";"0";"4";"1";"1";
"202000009351";"154 725 816";"A01";"1";"10";"0";"2";"1";"2";"1";
"202000009352";"154 725 814";"A01";"2";"7";"0";"0";"0";"2";"1";
"202000009353";"154 725 812";"A01";"1";"34";"0";"2";"7";"26";"1";
"202000009353";"154 725 813";"B01";"1";"7";"0";"2";"8";"26";"1";
"202000009354";"154 725 810";"A01";"2";"7";"0";"2";"1";"1";"1";
"202000009354";"154 725 811";"B01";"2";"7";"0";"2";"4";"1";"1";
"202000009355";"154 725 808";"B01";"2";"7";"0";"2";"4";"23";"1";
"202000009355";"154 725 809";"A01";"2";"7";"1";"0";"1";"2";"1";
"202000009356";"154 725 801";"E01";"1";"7";"0";"2";"4";"2";"6";
"202000009356";"154 725 802";"D01";"1";"17";"0";"2";"8";"21";"1";
"202000009356";"154 725 803";"A01";"1";"13";"1";"0";"1";"1";"1";
"202000009356";"154 725 804";"B01";"1";"10";"1";"2";"4";"23";"1";
"202000009356";"154 725 805";"C01";"1";"7";"0";"2";"4";"23";"1";
"202000009356";"154 725 806";"F01";"1";"10";"0";"2";"7";"2";"1";
"202000009356";"154 725 807";"G01";"1";"7";"0";"2";"1";"2";"1";
"202000009357";"154 725 799";"B01";"1";"7";"0";"2";"4";"0";"1";
"202000009357";"154 725 800";"A01";"1";"17";"0";"2";"1";"0";"1";
"202000009358";"154 725 797";"B01";"2";"33";"0";"2";"2";"3";"1";
"202000009358";"154 725 798";"A01";"2";"7";"0";"2";"6";"11";"1";
"202000009359";"154 725 794";"C01";"1";"7";"0";"2";"6";"1";"1";
"202000009359";"154 725 795";"B01";"1";"33";"0";"2";"8";"3";"1";
"202000009359";"154 725 796";"A01";"1";"10";"0";"2";"2";"12";"1";
"202000009360";"154 725 792";"A01";"1";"10";"0";"2";"8";"11";"1";
"202000009360";"154 725 793";"B01";"1";"7";"0";"2";"1";"1";"1";
"202000009361";"154 725 790";"B01";"1";"7";"0";"2";"4";"1";"1";
"202000009361";"154 725 791";"A01";"1";"7";"0";"2";"1";"1";"1";
"202000009362";"154 725 788";"B01";"2";"7";"0";"2";"3";"1";"1";
"202000009362";"154 725 789";"A01";"2";"7";"14";"2";"3";"17";"1";
"202000009363";"154 725 787";"A01";"2";"10";"0";"1";"1";"1";"1";
"202000009364";"154 725 785";"A01";"1";"7";"0";"2";"8";"15";"1";
"202000009364";"154 725 786";"B01";"2";"7";"0";"2";"3";"1";"1";
"202000009365";"154 725 783";"B01";"1";"30";"0";"2";"1";"1";"1";
"202000009365";"154 725 784";"A01";"2";"7";"0";"2";"7";"26";"1";
"202000009366";"154 725 782";"A01";"3";"7";"12";"0";"9";"0";"1";
"202000009367";"154 725 780";"B01";"1";"7";"0";"2";"1";"1";"0";
"202000009367";"154 725 781";"A01";"1";"7";"0";"2";"3";"1";"0";
"202000009368";"154 725 778";"B01";"1";"7";"0";"2";"1";"1";"1";
"202000009368";"154 725 779";"A01";"1";"7";"0";"2";"3";"1";"1";
"202000009369";"154 725 777";"A01";"2";"7";"0";"1";"1";"15";"0";
"202000009370";"154 725 775";"B01";"2";"7";"0";"2";"2";"26";"1";
"202000009370";"154 725 776";"A01";"2";"1";"0";"2";"1";"19";"5";
"202000009371";"154 725 773";"A01";"2";"7";"0";"2";"1";"1";"1";
"202000009371";"154 725 774";"B01";"2";"7";"0";"2";"6";"1";"1";
"202000009372";"154 725 772";"A01";"1";"7";"0";"1";"1";"1";"0";
"202000009373";"154 725 770";"A01";"1";"7";"0";"2";"1";"26";"1";
"202000009373";"154 725 771";"B01";"1";"7";"0";"2";"1";"1";"1";
"202000009374";"154 725 769";"A01";"0";"7";"0";"1";"2";"14";"0";
"202000009375";"154 725 767";"A01";"3";"7";"0";"2";"1";"9";"1";
"202000009375";"154 725 768";"B01";"3";"7";"0";"2";"4";"2";"0";
"202000009376";"154 725 766";"A01";"3";"7";"0";"1";"1";"1";"1";
"202000009377";"154 725 764";"B01";"1";"7";"0";"2";"1";"1";"2";
"202000009377";"154 725 765";"A01";"2";"7";"3";"2";"1";"1";"1";
"202000009378";"154 725 762";"B01";"2";"1";"0";"2";"1";"1";"5";
"202000009378";"154 725 763";"A01";"1";"31";"0";"1";"1";"17";"1";
"202000009379";"154 725 760";"A01";"2";"7";"0";"2";"3";"15";"1";
"202000009379";"154 725 761";"B01";"1";"30";"0";"2";"1";"1";"1";
"202000009380";"154 725 758";"B01";"0";"7";"0";"2";"1";"9";"1";
"202000009380";"154 725 759";"A01";"0";"7";"0";"2";"1";"15";"1";
"202000009381";"154 725 755";"A01";"2";"7";"0";"2";"7";"17";"0";
"202000009381";"154 725 756";"B01";"2";"1";"0";"2";"8";"13";"0";
"202000009382";"154 725 754";"A01";"0";"7";"0";"1";"1";"1";"1";
"202000009383";"154 725 753";"A01";"3";"7";"6";"0";"1";"1";"1";
"202000009384";"154 725 752";"A01";"0";"7";"0";"0";"0";"21";"1";
"202000009385";"154 725 751";"A01";"2";"7";"0";"1";"7";"17";"1";
"202000009386";"154 725 749";"A01";"1";"7";"0";"2";"0";"16";"1";
"202000009386";"154 725 750";"B01";"2";"1";"0";"2";"1";"16";"5";
"202000009387";"154 725 748";"A01";"1";"7";"0";"1";"2";"16";"2";
"202000009388";"154 725 747";"A01";"1";"30";"0";"0";"8";"26";"1";
"202000009389";"154 725 745";"Z01";"3";"7";"0";"2";"0";"0";"0";
"202000009389";"154 725 746";"B01";"0";"30";"0";"2";"9";"1";"0";
"202000009390";"154 725 744";"A01";"2";"7";"4";"0";"3";"9";"1";
"202000009391";"154 725 743";"A01";"1";"7";"0";"1";"1";"1";"1";
"202000009392";"154 725 741";"B01";"1";"7";"0";"2";"3";"1";"1";
"202000009392";"154 725 742";"A01";"2";"7";"0";"2";"2";"19";"1";
"202000009393";"154 725 739";"A01";"1";"7";"0";"2";"1";"1";"1";
"202000009393";"154 725 740";"B01";"1";"7";"0";"2";"7";"1";"1";
"202000009394";"154 725 737";"B01";"3";"7";"0";"2";"5";"15";"1";
"202000009394";"154 725 738";"A01";"1";"30";"0";"2";"1";"1";"1";
"202000009395";"154 725 736";"A01";"1";"7";"0";"1";"0";"0";"1";
"202000009396";"154 725 734";"A01";"3";"10";"0";"2";"1";"2";"1";
"202000009396";"154 725 735";"B01";"3";"7";"0";"2";"4";"2";"1";
"202000009397";"154 725 733";"A01";"2";"7";"0";"1";"1";"19";"1";
"202000009398";"154 725 731";"A01";"1";"7";"0";"2";"1";"1";"1";
"202000009398";"154 725 732";"B01";"1";"7";"0";"0";"4";"1";"1";
"202000009399";"154 725 728";"A01";"2";"7";"0";"2";"7";"1";"1";
"202000009399";"154 725 729";"C01";"2";"7";"0";"2";"3";"23";"1";