"Num_Acc";"id_vehicule";"num_veh";"senc";"catv";"obs";"obsm";"choc";"manv";"motor";"occutc"
"202000010018";"154 724 622";"C01";"1";"7";"0";"9";"0";"14";"1";
"202000010018";"154 724 623";"B01";"2";"33";"0";"2";"1";"1";"1";
"202000010018";"154 724 624";"A01";"1";"37";"0";"2";"5";"15";"0";"1"
"202000010019";"154 724 621";"A01";"1";"7";"13";"0";"9";"2";"1";
"202000010020";"154 724 620";"A01";"1";"33";"2";"0";"7";"1";"1";
"202000010021";"154 724 619";"A01";"2";"7";"13";"0";"1";"21";"1";
"202000010022";"154 724 617";"B01";"0";"1";"0";"2";"0";"25";"5";
"202000010022";"154 724 618";"A01";"0";"7";"0";"9";"1";"1";"1";
"202000010023";"154 724 615";"A01";"1";"7";"0";"2";"1";"1";"1";
"202000010023";"154 724 616";"B01";"2";"34";"0";"2";"1";"13";"1";
"202000010024";"154 724 613";"B01";"2";"7";"0";"2";"3";"1";"0";
"202000010024";"154 724 614";"A01";"1";"2";"0";"2";"1";"13";"1";
"202000010025";"154 724 612";"A01";"3";"10";"0";"1";"2";"1";"1";
"202000010026";"154 724 610";"B01";"3";"10";"7";"2";"3";"23";"1";
"202000010026";"154 724 611";"A01";"1";"7";"0";"2";"1";"14";"1";
"202000010027";"154 724 609";"A01";"1";"33";"8";"0";"1";"1";"1";
"202000010028";"154 724 607";"A01";"3";"7";"0";"2";"2";"1";"0";
"202000010028";"154 724 608";"B01";"0";"7";"0";"2";"3";"15";"0";
"202000010029";"154 724 605";"A01";"1";"7";"0";"2";"3";"26";"1";
"202000010029";"154 724 606";"B01";"2";"7";"0";"2";"1";"1";"1";
"202000010030";"154 724 604";"A01";"0";"7";"6";"0";"1";"1";"1";
"202000010031";"154 724 603";"A01";"1";"7";"0";"1";"2";"1";"1";
"202000010032";"154 724 602";"A01";"1";"7";"0";"1";"1";"1";"1";
"202000010033";"154 724 601";"A01";"1";"7";"2";"0";"1";"14";"1";
"202000010034";"154 724 600";"A01";"0";"32";"13";"0";"0";"1";"1";
"202000010035";"154 724 598";"B01";"1";"38";"0";"2";"3";"1";"1";"1"
"202000010035";"154 724 599";"A01";"2";"2";"0";"2";"1";"13";"1";
"202000010036";"154 724 593";"D01";"1";"7";"0";"2";"3";"1";"1";
"202000010036";"154 724 594";"E01";"1";"7";"0";"2";"6";"1";"2";
"202000010036";"154 724 595";"A01";"2";"33";"0";"2";"2";"17";"1";
"202000010036";"154 724 596";"B01";"2";"33";"0";"2";"6";"1";"1";
"202000010036";"154 724 597";"C01";"2";"7";"0";"2";"6";"1";"1";
"202000010037";"154 724 592";"A01";"1";"7";"0";"1";"2";"1";"6";
"202000010038";"154 724 590";"B01";"1";"7";"0";"0";"3";"1";"1";
"202000010038";"154 724 591";"A01";"2";"7";"0";"0";"1";"15";"1";
"202000010039";"154 724 588";"A01";"2";"1";"0";"2";"8";"13";"5";
"202000010039";"154 724 589";"B01";"2";"7";"0";"9";"7";"17";"1";
"202000010040";"154 724 586";"B01";"2";"7";"0";"9";"1";"16";"1";
"202000010040";"154 724 587";"A01";"2";"1";"0";"2";"8";"19";"2";
"202000010041";"154 724 584";"A01";"1";"7";"0";"2";"2";"6";"1";
"202000010041";"154 724 585";"B01";"1";"2";"0";"2";"6";"1";"1";
"202000010042";"154 724 583";"A01";"1";"7";"0";"1";"2";"2";"1";
"202000010043";"154 724 581";"B01";"3";"7";"0";"9";"2";"17";"1";
"202000010043";"154 724 582";"A01";"3";"1";"0";"2";"3";"15";"5";
"202000010044";"154 724 579";"A01";"1";"7";"0";"9";"8";"22";"1";
"202000010044";"154 724 580";"B01";"1";"80";"1";"0";"1";"1";"3";
"202000010045";"154 724 577";"A01";"2";"7";"0";"9";"3";"15";"1";
"202000010045";"154 724 578";"B01";"1";"80";"0";"2";"3";"13";"3";
"202000010046";"154 724 576";"A01";"1";"7";"0";"1";"1";"1";"1";
"202000010047";"154 724 575";"A01";"2";"7";"13";"0";"1";"1";"1";
"202000010048";"154 724 573";"B01";"1";"33";"0";"2";"1";"1";"0";
"202000010048";"154 724 574";"A01";"1";"7";"0";"2";"2";"19";"1";
"202000010049";"154 724 572";"A01";"1";"7";"13";"0";"1";"1";"1";
"202000010050";"154 724 570";"A01";"1";"21";"0";"9";"7";"17";"1";
"202000010050";"154 724 571";"B01";"1";"1";"0";"2";"8";"1";"5";
"202000010051";"154 724 568";"A01";"1";"7";"0";"2";"1";"1";"1";
"202000010051";"154 724 569";"B01";"2";"7";"0";"2";"3";"19";"1";
"202000010052";"154 724 567";"A01";"3";"7";"0";"1";"2";"1";"1";
"202000010053";"154 724 566";"A01";"1";"10";"2";"0";"3";"1";"1";
"202000010054";"154 724 565";"A01";"1";"7";"6";"0";"0";"1";"1";
"202000010055";"154 724 564";"A01";"2";"32";"13";"0";"7";"1";"1";
"202000010056";"154 724 559";"A01";"1";"10";"0";"2";"1";"2";"1";
"202000010056";"154 724 560";"B01";"1";"7";"0";"2";"4";"2";"1";
"202000010056";"154 724 561";"D01";"1";"7";"0";"2";"4";"2";"1";
"202000010056";"154 724 562";"C01";"1";"7";"0";"2";"4";"2";"1";
"202000010056";"154 724 563";"E01";"1";"7";"0";"2";"4";"2";"1";
"202000010057";"154 724 558";"A01";"0";"7";"13";"0";"1";"1";"1";
"202000010058";"154 724 556";"A01";"2";"7";"0";"2";"4";"26";"1";
"202000010058";"154 724 557";"B01";"1";"7";"0";"2";"1";"11";"1";
"202000010059";"154 724 555";"A01";"1";"30";"12";"0";"1";"1";"1";
"202000010060";"154 724 553";"B01";"1";"7";"0";"2";"4";"1";"1";
"202000010060";"154 724 554";"A01";"1";"7";"0";"2";"1";"2";"1";
"202000010061";"154 724 551";"B01";"1";"7";"0";"2";"4";"2";"1";
"202000010061";"154 724 552";"A01";"2";"32";"0";"2";"1";"2";"1";
"202000010062";"154 724 549";"Z01";"2";"7";"0";"2";"1";"1";"1";
"202000010062";"154 724 550";"B01";"2";"7";"0";"2";"4";"1";"1";
"202000010063";"154 724 547";"B01";"2";"13";"0";"2";"2";"0";"0";
"202000010063";"154 724 548";"A01";"2";"7";"0";"2";"6";"0";"1";
"202000010064";"154 724 546";"A01";"2";"33";"0";"2";"1";"18";"1";
"202000010065";"154 724 545";"A01";"1";"50";"0";"1";"1";"1";"3";
"202000010066";"154 724 542";"C01";"1";"7";"0";"2";"4";"0";"0";
"202000010066";"154 724 543";"B01";"1";"7";"0";"2";"4";"0";"3";
"202000010066";"154 724 544";"A01";"1";"7";"0";"2";"1";"1";"0";
"202000010067";"154 724 541";"A01";"1";"31";"0";"0";"3";"1";"1";
"202000010068";"154 724 539";"B01";"2";"60";"0";"2";"1";"1";"5";
"202000010068";"154 724 540";"A01";"1";"7";"0";"2";"3";"15";"0";
"202000010069";"154 724 538";"A01";"0";"1";"0";"0";"0";"0";"5";
"202000010070";"154 724 537";"A01";"1";"7";"16";"0";"3";"26";"1";
"202000010071";"154 724 535";"A01";"3";"1";"0";"2";"0";"8";"5";
"202000010071";"154 724 536";"B01";"1";"7";"0";"2";"3";"15";"1";
"202000010072";"154 724 533";"A01";"3";"7";"0";"2";"8";"26";"1";
"202000010072";"154 724 534";"B01";"3";"2";"0";"2";"1";"19";"1";
"202000010073";"154 724 531";"A01";"3";"37";"0";"2";"3";"9";"1";"1"
"202000010073";"154 724 532";"B01";"3";"30";"0";"2";"1";"26";"1";
"202000010074";"154 724 529";"B01";"0";"7";"0";"2";"1";"16";"1";
"202000010074";"154 724 530";"A01";"1";"7";"0";"2";"1";"16";"1";
"202000010075";"154 724 528";"A01";"2";"3";"2";"0";"1";"14";"1";
"202000010076";"154 724 526";"A01";"3";"38";"0";"2";"3";"15";"1";"1"
"202000010076";"154 724 527";"B01";"3";"2";"0";"2";"7";"1";"1";
"202000010077";"154 724 524";"A01";"2";"7";"0";"2";"8";"15";"1";
"202000010077";"154 724 525";"B01";"2";"33";"0";"2";"7";"17";"1";
"202000010078";"154 724 522";"Z01";"0";"7";"0";"2";"1";"1";"0";
"202000010078";"154 724 523";"B01";"3";"10";"0";"0";"0";"0";"0";
"202000010079";"154 724 520";"B01";"1";"33";"0";"2";"0";"0";"1";
"202000010079";"154 724 521";"A01";"1";"7";"0";"2";"8";"1";"1";
"202000010080";"154 724 518";"A01";"1";"7";"0";"2";"8";"24";"1";
"202000010080";"154 724 519";"B01";"1";"1";"1";"2";"1";"2";"6";
"202000010081";"154 724 516";"B01";"1";"7";"0";"2";"2";"1";"1";
"202000010081";"154 724 517";"A01";"1";"7";"0";"2";"4";"4";"1";
"202000010082";"154 724 514";"B01";"2";"2";"0";"2";"1";"1";"1";
"202000010082";"154 724 515";"A01";"1";"7";"0";"2";"7";"15";"1";
"202000010083";"154 724 512";"A01";"3";"2";"0";"2";"1";"13";"1";
"202000010083";"154 724 513";"B01";"2";"7";"0";"2";"3";"1";"1";
"202000010084";"154 724 510";"B01";"1";"1";"0";"2";"7";"3";"5";
"202000010084";"154 724 511";"A01";"1";"7";"0";"2";"3";"9";"1";
"202000010085";"154 724 509";"A01";"2";"30";"0";"0";"8";"1";"1";
"202000010086";"154 724 507";"A01";"2";"7";"0";"2";"3";"15";"1";
"202000010086";"154 724 508";"B01";"2";"32";"0";"2";"8";"17";"1";
"202000010087";"154 724 506";"A01";"3";"7";"14";"1";"1";"9";"1";
"202000010088";"154 724 504";"B01";"2";"7";"0";"2";"2";"1";"1";
"202000010088";"154 724 505";"A01";"2";"7";"0";"2";"8";"26";"1";
"202000010089";"154 724 503";"A01";"3";"10";"0";"1";"2";"1";"1";
"202000010090";"154 724 502";"A01";"3";"7";"2";"0";"1";"19";"1";
"202000010091";"154 724 500";"B01";"2";"10";"0";"2";"3";"26";"1";
"202000010091";"154 724 501";"A01";"2";"7";"1";"2";"1";"14";"1";
"202000010092";"154 724 498";"A01";"1";"1";"0";"2";"8";"11";"5";
"202000010092";"154 724 499";"B01";"1";"7";"0";"2";"2";"1";"1";
"202000010093";"154 724 497";"A01";"1";"1";"0";"0";"0";"1";"5";
"202000010094";"154 724 496";"A01";"1";"10";"0";"1";"7";"1";"1";
"202000010095";"154 724 493";"B01";"2";"7";"0";"2";"4";"23";"1";
"202000010095";"154 724 494";"A01";"2";"7";"0";"2";"4";"23";"1";
"202000010095";"154 724 495";"C01";"2";"7";"0";"2";"1";"2";"1";
"202000010096";"154 724 491";"B01";"1";"1";"0";"2";"8";"1";"5";
"202000010096";"154 724 492";"Z01";"1";"7";"0";"2";"0";"0";"1";
"202000010097";"154 724 489";"A01";"3";"7";"0";"2";"8";"9";"1";
"202000010097";"154 724 490";"B01";"3";"7";"0";"2";"1";"21";"1";
"202000010098";"154 724 487";"B01";"3";"7";"0";"2";"6";"1";"1";
"202000010098";"154 724 488";"A01";"3";"36";"8";"2";"1";"26";"1";
"202000010099";"154 724 485";"B01";"2";"7";"0";"2";"4";"1";"1";
"202000010099";"154 724 486";"A01";"1";"7";"0";"2";"1";"1";"1";
"202000010100";"154 724 483";"B01";"1";"7";"0";"2";"1";"1";"1";
"202000010100";"154 724 484";"A01";"0";"7";"0";"2";"3";"15";"1";
"202000010101";"154 724 481";"A01";"0";"34";"0";"2";"1";"0";"0";
"202000010101";"154 724 482";"B01";"0";"34";"0";"2";"0";"0";"0";
"202000010102";"154 724 479";"Z01";"2";"7";"0";"2";"7";"17";"0";
"202000010102";"154 724 480";"A01";"2";"2";"0";"2";"8";"1";"1";
"202000010103";"154 724 477";"B01";"2";"1";"0";"2";"8";"1";"5";
"202000010103";"154 724 478";"A01";"1";"30";"0";"2";"2";"10";"1";
"202000010104";"154 724 475";"B01";"0";"7";"0";"2";"5";"1";"1";
"202000010104";"154 724 476";"A01";"1";"7";"0";"2";"3";"1";"1";
"202000010105";"154 724 473";"B01";"2";"33";"0";"2";"5";"1";"1";
"202000010105";"154 724 474";"A01";"2";"7";"0";"2";"3";"9";"1";
"202000010106";"154 724 471";"A01";"3";"30";"0";"2";"1";"13";"1";
"202000010106";"154 724 472";"B01";"3";"30";"0";"2";"1";"1";"1";
"202000010107";"154 724 469";"A01";"1";"34";"0";"2";"7";"19";"1";
"202000010107";"154 724 470";"B01";"2";"37";"0";"2";"1";"1";"1";"1"
"202000010108";"154 724 467";"B01";"1";"33";"0";"2";"1";"1";"1";
"202000010108";"154 724 468";"A01";"1";"10";"0";"2";"5";"15";"1";
"202000010109";"154 724 466";"A01";"1";"30";"0";"0";"7";"1";"1";
"202000010110";"154 724 465";"A01";"2";"33";"0";"0";"0";"1";"1";
"202000010111";"154 724 464";"A01";"3";"33";"0";"0";"0";"1";"1";
"202000010112";"154 724 461";"C01";"1";"7";"0";"2";"4";"23";"1";
"202000010112";"154 724 462";"B01";"1";"7";"0";"2";"4";"23";"1";
"202000010112";"154 724 463";"A01";"2";"7";"0";"2";"1";"2";"1";
"202000010113";"154 724 460";"A01";"1";"7";"5";"0";"2";"1";"1";
"202000010114";"154 724 458";"A01";"2";"7";"0";"2";"1";"9";"1";
"202000010114";"154 724 459";"B01";"1";"7";"0";"2";"7";"1";"1";
"202000010115";"154 724 457";"A01";"2";"1";"0";"0";"0";"25";"5";
"202000010116";"154 724 455";"A01";"2";"7";"0";"2";"1";"1";"1";
"202000010116";"154 724 456";"B01";"2";"7";"0";"2";"4";"23";"1";
"202000010117";"154 724 454";"A01";"1";"33";"0";"0";"1";"1";"1";
"202000010118";"154 724 453";"A01";"2";"7";"0";"0";"1";"17";"1";
"202000010119";"154 724 451";"A01";"1";"7";"0";"2";"1";"15";"1";
"202000010119";"154 724 452";"B01";"1";"2";"0";"2";"1";"17";"1";
"202000010120";"154 724 449";"B01";"2";"7";"0";"2";"6";"1";"1";
"202000010120";"154 724 450";"A01";"2";"7";"0";"2";"1";"17";"1";
"202000010121";"154 724 448";"A01";"2";"7";"2";"0";"1";"14";"1";
"202000010122";"154 724 446";"B01";"3";"99";"0";"2";"3";"9";"1";
"202000010122";"154 724 447";"A01";"3";"7";"0";"2";"1";"0";"1";
"202000010123";"154 724 443";"B01";"2";"7";"0";"2";"3";"13";"1";
"202000010123";"154 724 444";"A01";"1";"30";"0";"2";"1";"21";"1";
"202000010123";"154 724 445";"C01";"1";"7";"0";"2";"8";"1";"3";
"202000010124";"154 724 439";"A01";"2";"1";"0";"2";"1";"16";"5";
"202000010124";"154 724 440";"D01";"1";"7";"0";"2";"3";"23";"1";
"202000010124";"154 724 441";"B01";"1";"34";"0";"2";"1";"1";"1";
"202000010124";"154 724 442";"C01";"1";"7";"0";"2";"6";"23";"2";
"202000010125";"154 724 437";"A01";"2";"10";"0";"2";"2";"21";"1";
"202000010125";"154 724 438";"B01";"2";"1";"0";"2";"6";"1";"5";
"202000010126";"154 724 435";"B01";"1";"50";"0";"2";"3";"1";"3";
"202000010126";"154 724 436";"A01";"1";"7";"0";"2";"2";"16";"1";
"202000010127";"154 724 434";"A01";"1";"1";"0";"0";"0";"25";"5";
"202000010128";"154 724 432";"B01";"1";"10";"0";"2";"3";"1";"1";
"202000010128";"154 724 433";"A01";"1";"1";"0";"2";"2";"19";"5";
"202000010129";"154 724 430";"A01";"1";"1";"0";"2";"1";"1";"5";
"202000010129";"154 724 431";"B01";"1";"7";"0";"2";"8";"1";"1";
"202000010130";"154 724 429";"A01";"2";"60";"0";"0";"0";"25";"5";
"202000010131";"154 724 428";"A01";"1";"32";"0";"1";"1";"1";"1";
"202000010132";"154 724 426";"A01";"2";"30";"0";"2";"1";"17";"1";
"202000010132";"154 724 427";"B01";"2";"7";"0";"2";"3";"15";"1";
"202000010133";"154 724 424";"B01";"2";"1";"0";"2";"8";"1";"5";
"202000010133";"154 724 425";"A01";"1";"7";"0";"2";"2";"1";"2";
"202000010134";"154 724 423";"A01";"2";"60";"7";"1";"1";"25";"5";
"202000010135";"154 724 421";"A01";"1";"7";"0";"2";"2";"16";"1";
"202000010135";"154 724 422";"B01";"2";"1";"0";"2";"1";"1";"5";
"202000010136";"154 724 418";"A01";"3";"10";"0";"2";"1";"1";"0";
"202000010136";"154 724 419";"B01";"3";"7";"0";"2";"5";"1";"0";
"202000010136";"154 724 420";"C01";"3";"7";"0";"2";"4";"1";"0";
"202000010137";"154 724 416";"B01";"1";"33";"0";"2";"3";"1";"1";
"202000010137";"154 724 417";"A01";"2";"10";"0";"2";"3";"15";"1";
"202000010138";"154 724 414";"A01";"3";"7";"0";"2";"2";"16";"1";
"202000010138";"154 724 415";"B01";"3";"2";"0";"2";"3";"18";"1";
"202000010139";"154 724 413";"A01";"1";"7";"0";"1";"1";"9";"0";
"202000010140";"154 724 411";"A01";"2";"10";"0";"2";"2";"15";"1";
"202000010140";"154 724 412";"B01";"1";"33";"0";"2";"8";"1";"1";
"202000010141";"154 724 409";"B01";"2";"2";"0";"2";"1";"17";"1";
"202000010141";"154 724 410";"A01";"2";"7";"0";"2";"3";"13";"1";
"202000010142";"154 724 407";"B01";"3";"7";"0";"2";"3";"1";"1";
"202000010142";"154 724 408";"A01";"3";"2";"0";"2";"1";"1";"1";
"202000010143";"154 724 405";"B01";"1";"7";"0";"2";"6";"23";"1";
"202000010143";"154 724 406";"A01";"1";"32";"0";"2";"2";"17";"1";
"202000010144";"154 724 403";"B01";"2";"7";"0";"2";"4";"23";"1";
"202000010144";"154 724 404";"A01";"2";"7";"0";"2";"4";"9";"1";
"202000010145";"154 724 401";"A01";"0";"33";"0";"2";"8";"23";"1";
"202000010145";"154 724 402";"B01";"0";"7";"0";"2";"2";"2";"1";
"202000010146";"154 724 400";"A01";"3";"34";"1";"1";"3";"26";"1";
"202000010147";"154 724 398";"A01";"2";"7";"0";"2";"4";"2";"1";
"202000010147";"154 724 399";"B01";"2";"7";"0";"2";"1";"2";"1";
"202000010148";"154 724 396";"A01";"2";"17";"0";"2";"2";"12";"1";
"202000010148";"154 724 397";"B01";"2";"7";"0";"2";"6";"1";"1";
"202000010149";"154 724 394";"A01";"1";"7";"0";"2";"6";"1";"1";
"202000010149";"154 724 395";"B01";"1";"10";"0";"2";"2";"12";"1";
"202000010150";"154 724 391";"C01";"2";"7";"0";"2";"4";"1";"1";
"202000010150";"154 724 392";"B01";"2";"7";"0";"2";"5";"1";"1";
"202000010150";"154 724 393";"A01";"2";"7";"0";"2";"3";"18";"1";
"202000010151";"154 724 388";"A01";"1";"7";"0";"2";"1";"17";"1";
"202000010151";"154 724 389";"Z01";"1";"7";"0";"2";"1";"17";"1";
"202000010151";"154 724 390";"B01";"1";"7";"0";"2";"4";"17";"1";
"202000010152";"154 724 387";"A01";"1";"7";"4";"0";"1";"26";"1";
"202000010153";"154 724 385";"B01";"1";"10";"0";"2";"4";"2";"1";
"202000010153";"154 724 386";"A01";"1";"7";"0";"2";"1";"2";"1";
"202000010154";"154 724 383";"B01";"2";"7";"0";"2";"4";"1";"1";
"202000010154";"154 724 384";"A01";"2";"33";"0";"2";"2";"1";"1";
"202000010155";"154 724 380";"B01";"1";"7";"0";"2";"1";"1";"1";
"202000010155";"154 724 381";"C01";"2";"7";"0";"0";"0";"1";"1";
"202000010155";"154 724 382";"A01";"1";"7";"0";"0";"0";"1";"1";
"202000010156";"154 724 378";"A01";"2";"33";"0";"2";"1";"26";"1";
"202000010156";"154 724 379";"B01";"2";"7";"0";"2";"4";"0";"1";
"202000010157";"154 724 372";"F01";"1";"10";"0";"2";"1";"2";"1";
"202000010157";"154 724 373";"E01";"1";"10";"0";"2";"4";"2";"1";
"202000010157";"154 724 374";"D01";"1";"7";"0";"2";"4";"2";"1";
"202000010157";"154 724 375";"C01";"1";"7";"0";"2";"4";"2";"1";
"202000010157";"154 724 376";"B01";"1";"7";"0";"2";"4";"2";"1";
"202000010157";"154 724 377";"A01";"1";"10";"0";"2";"4";"2";"1";
"202000010158";"154 724 370";"B01";"2";"10";"0";"2";"6";"23";"1";
"202000010158";"154 724 371";"A01";"2";"34";"1";"0";"1";"9";"1";
"202000010159";"154 724 367";"C01";"1";"7";"0";"2";"1";"2";"1";
"202000010159";"154 724 368";"B01";"1";"10";"0";"2";"1";"2";"1";
"202000010159";"154 724 369";"A01";"1";"7";"0";"2";"2";"2";"1";
"202000010160";"154 724 366";"A01";"2";"7";"4";"0";"1";"12";"1";
"202000010161";"154 724 363";"A01";"1";"7";"0";"2";"1";"1";"1";
"202000010161";"154 724 364";"C01";"1";"7";"0";"2";"4";"2";"1";
"202000010161";"154 724 365";"B01";"1";"7";"0";"2";"4";"2";"1";
"202000010162";"154 724 362";"A01";"1";"7";"4";"0";"1";"14";"1";
"202000010163";"154 724 361";"A01";"1";"7";"0";"2";"4";"2";"1";
"202000010164";"154 724 359";"A01";"2";"7";"0";"2";"1";"2";"1";
"202000010164";"154 724 360";"B01";"2";"7";"0";"2";"4";"2";"1";
"202000010165";"154 724 356";"A01";"2";"7";"0";"2";"7";"1";"1";
"202000010165";"154 724 357";"B01";"0";"7";"0";"2";"1";"1";"1";
"202000010166";"154 724 354";"B01";"2";"7";"0";"2";"9";"1";"1";
"202000010166";"154 724 355";"A01";"1";"7";"0";"2";"1";"1";"1";
"202000010167";"154 724 352";"A01";"3";"32";"0";"2";"2";"17";"1";
"202000010167";"154 724 353";"B01";"3";"7";"0";"2";"3";"15";"1";
"202000010168";"154 724 350";"B01";"3";"1";"0";"2";"0";"0";"0";
"202000010168";"154 724 351";"A01";"0";"10";"0";"2";"0";"16";"1";
"202000010169";"154 724 348";"B01";"0";"33";"0";"2";"2";"1";"0";
"202000010169";"154 724 349";"A01";"0";"7";"0";"2";"1";"9";"0";
"202000010170";"154 724 346";"B01";" -1";"7";" -1";" -1";" -1";" -1";" -1";
"202000010170";"154 724 347";"A01";"1";"7";" -1";"9";" -1";" -1";" -1";
"202000010171";"154 724 345";"A01";"3";"30";"0";"0";"2";"26";"0";
"202000010172";"154 724 343";"A01";"2";"10";"0";"2";"5";"1";"1";
"202000010172";"154 724 344";"B01";"1";"2";"0";"2";"1";"19";"1";
"202000010173";"154 724 341";"B01";"2";"33";"0";"2";"1";"1";"1";
"202000010173";"154 724 342";"A01";"1";"1";"0";"2";"1";"15";"5";
"202000010174";"154 724 339";"A01";"2";"7";"0";"2";"4";"2";"1";
"202000010174";"154 724 340";"B01";"2";"7";"0";"2";"1";"2";"1";
"202000010175";"154 724 338";"A01";"3";"14";"0";"1";"1";"15";"1";
"202000010176";"154 724 336";"B01";"3";"7";"0";"2";"3";"26";"1";
"202000010176";"154 724 337";"A01";"3";"7";"0";"2";"3";"9";"1";
"202000010177";"154 724 335";"A01";"1";"7";"3";"0";"1";"14";"1";
"202000010178";"154 724 334";"A01";"1";"7";"6";"0";"1";"1";"1";
"202000010179";"154 724 333";"A01";"1";"7";"15";"0";"6";"21";"1";
"202000010180";"154 724 331";"Z01";"1";"7";"0";"2";"4";"14";"1";
"202000010180";"154 724 332";"A01";"1";"1";"0";"2";"1";"1";"5";
"202000010181";"154 724 329";"C01";" -1";"7";"0";"2";"5";"19";" -1";
"202000010181";"154 724 330";"B01";"1";"7";"0";"2";"3";"1";"1";
"202000010182";"154 724 328";"A01";"2";"7";"0";"1";"1";"1";"1";
"202000010183";"154 724 326";"B01";"1";"7";"0";"2";"1";"1";"1";
"202000010183";"154 724 327";"A01";"2";"7";"0";"2";"1";"15";"1";
"202000010184";"154 724 324";"A01";"1";"1";"0";"2";"8";"1";"5";
"202000010184";"154 724 325";"B01";"1";"10";"0";"2";"1";"1";"1";
"202000010185";"154 724 322";"B01";"1";"32";"0";"2";"7";"2";"1";
"202000010185";"154 724 323";"A01";"1";"7";"0";"2";"8";"15";"1";
"202000010186";"154 724 320";"B01";"2";"30";"0";"2";"1";"26";"1";
"202000010186";"154 724 321";"A01";"1";"80";"0";"2";"1";"19";"3";
"202000010187";"154 724 319";"A01";"1";"10";"13";"0";"1";"0";"1";
"202000010188";"154 724 317";"A01";"2";"7";"0";"1";"1";"1";"1";
"202000010189";"154 724 315";"A01";"1";"33";"8";"0";"7";"1";"1";
"202000010190";"154 724 313";"B01";"1";"34";"0";"2";"1";"1";"1";
"202000010190";"154 724 314";"A01";"2";"14";"0";"2";"5";"15";"1";
"202000010191";"154 724 312";"A01";"2";"30";"0";"0";"8";"1";"1";
"202000010192";"154 724 311";"A01";"0";"7";"0";"1";"1";"9";"1";
"202000010193";"154 724 309";"A01";"1";"31";"0";"2";"1";"5";"1";
"202000010193";"154 724 310";"B01";"2";"7";"0";"2";"3";"1";"1";
"202000010194";"154 724 307";"B01";"1";"7";"0";"2";"3";"15";"1";
"202000010194";"154 724 308";"A01";"1";"2";"0";"2";"1";"17";"1";
"202000010195";"154 724 305";"A01";"1";"7";"0";"2";"1";"2";"1";
"202000010195";"154 724 306";"B01";"1";"7";"0";"2";"4";"2";"1";
"202000010196";"154 724 303";"B01";"1";"7";"0";"2";"4";"15";"1";
"202000010196";"154 724 304";"A01";"1";"7";"0";"2";"1";"1";"1";
"202000010197";"154 724 302";"A01";"3";"7";"1";"0";"1";"26";"1";
"202000010198";"154 724 300";"B01";"1";"7";"0";"2";"3";"15";"1";
"202000010198";"154 724 301";"A01";"2";"33";"0";"2";"7";"17";"1";
"202000010199";"154 724 299";"A01";"1";"7";"9";"0";"1";"26";"1";
"202000010200";"154 724 297";"A01";"1";"7";"0";"2";"2";"1";"1";
"202000010200";"154 724 298";"B01";"1";"7";"0";"2";"3";"1";"1";
"202000010201";"154 724 294";"B01";"2";"7";"0";"2";"6";"15";"1";
"202000010201";"154 724 295";"A01";"2";"30";"0";"2";"1";"1";"1";
"202000010202";"154 724 292";"B01";"1";"17";"0";"0";"6";"24";"6";
"202000010202";"154 724 293";"A01";"2";"7";"1";"0";"8";"14";"1";
"202000010203";"154 724 291";"A01";"1";"30";"8";"0";"1";"26";"6";
"202000010204";"154 724 290";"A01";"1";"30";"16";"0";"0";"0";"1";
"202000010205";"154 724 288";"B01";"2";"7";"0";"2";"1";"1";"1";
"202000010205";"154 724 289";"A01";"1";"7";"0";"2";"1";"15";"1";
"202000010206";"154 724 286";"A01";"1";"7";"0";"2";"5";"15";"1";
"202000010206";"154 724 287";"B01";"2";"7";"0";"2";"1";"1";"1";
"202000010207";"154 724 284";"A01";"0";"7";"0";"2";"3";"1";"1";
"202000010207";"154 724 285";"B01";"0";"7";"0";"0";"0";"0";"1";
"202000010208";"154 724 283";"A01";"1";"30";"0";"0";"7";"1";"1";
"202000010209";"154 724 282";"A01";"1";"7";"4";"0";"1";"1";"1";
"202000010210";"154 724 281";"A01";"1";"7";"6";"0";"5";"10";"1";
"202000010211";"154 724 280";"A01";"1";"7";"13";"0";"1";"1";"1";
"202000010212";"154 724 277";"C01";"1";"31";"0";"2";"1";"1";"1";
"202000010212";"154 724 278";"B01";"1";"7";"0";"2";"3";"1";"1";
"202000010212";"154 724 279";"A01";"2";"7";"0";"2";"3";"1";"1";
"202000010213";"154 724 276";"A01";"0";"7";"6";"0";"1";"13";"1";
"202000010214";"154 724 274";"B01";"0";"50";"0";"2";"1";"1";"3";
"202000010214";"154 724 275";"Z01";"1";"7";"0";"0";"0";"0";"0";
"202000010215";"154 724 273";"A01";"3";"7";"12";"0";"1";"1";"1";
"202000010216";"154 724 271";"A01";"1";"33";"0";"0";"3";"0";"1";
"202000010216";"154 724 272";"B01";"1";"7";"0";"2";"5";"1";"1";
"202000010217";"154 724 269";"B01";"1";"2";"0";"0";"4";"26";"1";
"202000010217";"154 724 270";"A01";"1";"2";"0";"2";"1";"2";"1";
"202000010218";"154 724 267";"A01";"2";"7";"0";"2";"1";"13";"1";
"202000010218";"154 724 268";"B01";"1";"7";"0";"2";"3";"1";"1";
"202000010219";"154 724 265";"B01";"2";"31";"0";"2";"7";"1";"1";