"Num_Acc";"id_vehicule";"num_veh";"senc";"catv";"obs";"obsm";"choc";"manv";"motor";"occutc"
"202000010219";"154 724 266";"A01";"1";"7";"0";"2";"1";"9";"1";
"202000010220";"154 724 264";"A01";"1";"15";"0";"0";"7";"16";"1";
"202000010221";"154 724 262";"A01";"1";"7";"0";"2";"1";"0";"1";
"202000010221";"154 724 263";"B01";"1";"16";"0";"0";"6";"1";"1";
"202000010222";"154 724 261";"A01";"1";"7";"4";"0";"9";"1";"1";
"202000010223";"154 724 258";"B01";"1";"7";"0";"2";"6";"1";"1";
"202000010223";"154 724 259";"Z01";"1";"7";"0";"2";"1";"1";"1";
"202000010223";"154 724 260";"A01";"1";"7";"6";"0";"4";"1";"1";
"202000010224";"154 724 257";"A01";"1";"7";"4";"0";"1";"13";"1";
"202000010225";"154 724 256";"A01";"3";"7";"4";"0";"1";"14";"1";
"202000010226";"154 724 254";"A01";"2";"7";"0";"2";"1";"26";"0";
"202000010226";"154 724 255";"B01";"2";"7";"0";"2";"4";"0";"1";
"202000010227";"154 724 253";"A01";"1";"7";"4";"0";"1";"26";"1";
"202000010228";"154 724 252";"A01";"2";"7";"1";"1";"3";"2";"1";
"202000010229";"154 724 250";"A01";"1";"7";"4";"2";"1";"0";"1";
"202000010229";"154 724 251";"B01";"1";"7";"0";"2";"5";"0";"1";
"202000010230";"154 724 249";"A01";"2";"7";"3";"0";"0";"2";"1";
"202000010231";"154 724 248";"A01";"2";"10";"4";"0";"9";"14";"1";
"202000010232";"154 724 247";"A01";"1";"7";"4";"0";"1";"1";"1";
"202000010233";"154 724 246";"A01";"2";"7";"4";"0";"2";"14";"1";
"202000010234";"154 724 245";"A01";"0";"7";"6";"0";"1";"1";"1";
"202000010235";"154 724 243";"A01";"1";"10";"0";"2";"1";"2";"1";
"202000010235";"154 724 244";"B01";"1";"7";"0";"2";"4";"23";"1";
"202000010236";"154 724 241";"A01";"1";"7";"0";"2";"1";"1";"1";
"202000010236";"154 724 242";"B01";"2";"7";"0";"2";"7";"9";"1";
"202000010237";"154 724 240";"A01";"1";"2";"0";"1";"0";"0";"1";
"202000010238";"154 724 238";"B01";"1";"34";"0";"2";"1";"0";"0";
"202000010238";"154 724 239";"A01";"2";"7";"0";"2";"1";"15";"1";
"202000010239";"154 724 236";"A01";"3";"7";"1";"0";"3";"5";"1";
"202000010240";"154 724 234";"A01";"1";"7";"0";"2";"5";"15";"1";
"202000010240";"154 724 235";"B01";"2";"2";"0";"2";"1";"1";"1";
"202000010241";"154 724 231";"A01";"1";"7";"2";"0";"1";"1";"1";
"202000010242";"154 724 230";"A01";"2";"14";"6";"0";"1";"19";"1";
"202000010243";"154 724 228";"B01";"1";"7";"0";"2";"2";"19";"1";
"202000010243";"154 724 229";"A01";"2";"30";"0";"2";"2";"13";"1";
"202000010244";"154 724 227";"Z01";"2";"7";"0";"1";"0";"15";"0";
"202000010245";"154 724 225";"B01";"3";"7";"0";"2";"3";"15";"1";
"202000010245";"154 724 226";"A01";"3";"7";"0";"2";"3";"1";"1";
"202000010246";"154 724 224";"A01";"1";"3";"0";"0";"1";"1";"1";
"202000010247";"154 724 223";"A01";"2";"7";"0";"1";"1";"1";"1";
"202000010248";"154 724 221";"B01";"2";"7";"0";"2";"4";"2";"1";
"202000010248";"154 724 222";"A01";"2";"13";"0";"2";"1";"2";"1";
"202000010249";"154 724 219";"B01";"1";"2";"0";"2";"1";"0";"1";
"202000010249";"154 724 220";"A01";"1";"10";"0";"2";"3";"0";"1";
"202000010250";"154 724 217";"A01";"2";"7";"0";"2";"1";"26";"1";
"202000010250";"154 724 218";"B01";"2";"50";"0";"2";"1";"19";"3";
"202000010251";"154 724 216";"A01";"2";"7";"0";"1";"7";"1";"1";
"202000010252";"154 724 215";"A01";"1";"7";"0";"1";"1";"1";" -1";
"202000010253";"154 724 213";"B01";"1";"31";"0";"2";"7";"1";"0";
"202000010253";"154 724 214";"A01";"3";"7";"0";"2";"3";"9";"1";
"202000010254";"154 724 211";"B01";"1";"7";"0";"2";"1";"1";"0";
"202000010254";"154 724 212";"A01";"1";"1";"0";"2";"1";"1";"5";
"202000010255";"154 724 210";"A01";"2";"7";"0";"1";"3";"1";"1";
"202000010256";"154 724 208";"B01";"1";"7";"0";"2";"7";"1";"1";
"202000010256";"154 724 209";"A01";"1";"10";"0";"2";"1";"19";"1";
"202000010257";"154 724 206";"B01";"2";"30";"0";"2";"7";"26";"1";
"202000010257";"154 724 207";"A01";"2";"7";"0";"2";"7";"26";"1";
"202000010258";"154 724 204";"A01";"3";"7";"0";"2";"2";"15";"1";
"202000010258";"154 724 205";"B01";"3";"7";"0";"2";"1";"1";"1";
"202000010259";"154 724 202";"B01";"3";"7";"0";"2";"4";"26";"1";
"202000010259";"154 724 203";"A01";"3";"7";"0";"2";"1";"2";"1";
"202000010260";"154 724 201";"A01";"3";"7";"0";"0";"9";"16";"1";
"202000010261";"154 724 199";"A01";"2";"7";"0";"2";"3";"1";"1";
"202000010261";"154 724 200";"B01";"1";"7";"0";"2";"6";"1";"1";
"202000010262";"154 724 197";"B01";"1";"31";"0";"2";"2";"1";"1";
"202000010262";"154 724 198";"A01";"1";"7";"0";"2";"3";"9";"1";
"202000010263";"154 724 196";"A01";"2";"7";"0";"2";"7";"21";"1";
"202000010264";"154 724 194";"B01";"2";"1";"0";"2";"4";"1";"5";
"202000010264";"154 724 195";"A01";"2";"7";"0";"2";"1";"7";"1";
"202000010265";"154 724 193";"A01";"3";"37";"0";"1";"1";"1";"1";"1"
"202000010266";"154 724 192";"A01";"1";"3";"0";"1";"1";"1";"1";
"202000010267";"154 724 191";"A01";"2";"10";"0";"1";"5";"26";"1";
"202000010268";"154 724 189";"B01";"0";"7";"0";"2";"3";"1";"1";
"202000010268";"154 724 190";"A01";"0";"32";"0";"2";"1";"5";"1";
"202000010269";"154 724 185";"A01";"3";"7";"0";"9";"8";"9";"1";
"202000010269";"154 724 186";"B01";"3";"1";"0";"0";"0";"0";"5";
"202000010270";"154 724 183";"A01";"1";"7";"0";"2";"5";"12";"1";
"202000010270";"154 724 184";"B01";"1";"32";"0";"2";"3";"3";"1";
"202000010271";"154 724 181";"B01";"2";"7";"0";"2";"1";"15";"1";
"202000010271";"154 724 182";"A01";"1";"1";"0";"2";"1";"1";"5";
"202000010272";"154 724 180";"A01";"2";"7";"0";"1";"8";"1";"1";
"202000010273";"154 724 179";"A01";"2";"7";"11";"0";"1";"1";"1";
"202000010274";"154 724 178";"A01";"1";"1";"8";"0";"0";"13";"5";
"202000010275";"154 724 176";"B01";"1";"1";"0";"2";"3";"1";"5";
"202000010275";"154 724 177";"A01";"1";"7";"0";"9";"2";"17";"0";
"202000010276";"154 724 174";"A01";"0";"17";"0";"2";"1";"1";"1";
"202000010276";"154 724 175";"B01";"0";"32";"0";"2";"8";"1";"1";
"202000010277";"154 724 173";"A01";"1";"7";"0";"1";"1";"1";"1";
"202000010278";"154 724 171";"A01";"1";"2";"0";"2";"4";"4";"0";
"202000010278";"154 724 172";"B01";"1";"37";"0";"2";"7";"1";"0";"1"
"202000010279";"154 724 169";"A01";"1";"7";"0";"2";"1";"2";"1";
"202000010279";"154 724 170";"B01";"2";"7";"0";"2";"3";"15";"1";
"202000010280";"154 724 168";"A01";"3";"7";"0";"1";"3";"16";"0";
"202000010281";"154 724 166";"B01";"3";"1";"0";"2";"0";"0";"5";
"202000010281";"154 724 167";"A01";"1";"7";"0";"9";"0";"0";"1";
"202000010282";"154 724 165";"A01";"2";"10";"0";"1";"0";"15";"1";
"202000010283";"154 724 163";"B01";"1";"7";"0";"2";"1";"1";"0";
"202000010283";"154 724 164";"A01";" -1";"7";"0";"2";"4";"1";"0";
"202000010284";"154 724 162";"Z01";"1";"13";"0";"1";"1";"1";"1";
"202000010285";"154 724 159";"A01";"3";"7";"0";"2";"1";"5";"0";
"202000010285";"154 724 160";"B01";"3";"7";"0";"2";"7";"1";"0";
"202000010285";"154 724 161";"C01";"3";"7";"14";"0";"4";"24";"0";
"202000010286";"154 724 157";"A01";"2";"7";"0";"2";"2";"15";"1";
"202000010286";"154 724 158";"B01";"1";"32";"0";"2";"1";"1";"1";
"202000010287";"154 724 155";"A01";"2";"7";"0";"2";"1";"21";"1";
"202000010287";"154 724 156";"Z01";"1";"7";"0";"2";"4";"11";"0";
"202000010288";"154 724 154";"A01";"2";"7";"0";"1";"1";"1";"1";
"202000010289";"154 724 152";"B01";"1";"1";"0";"2";"1";"1";"6";
"202000010289";"154 724 153";"A01";"1";"7";"0";"9";"1";"1";"1";
"202000010290";"154 724 151";"A01";"1";"7";"0";"1";"7";"1";"1";
"202000010291";"154 724 150";"A01";"1";"33";"14";"0";"1";"1";"1";
"202000010292";"154 724 149";"A01";"3";"7";"0";"1";"7";"1";"1";
"202000010293";"154 724 147";"A01";"2";"7";"0";"2";"1";"0";"0";
"202000010293";"154 724 148";"B01";"2";"7";"0";"0";"4";"2";"0";
"202000010294";"154 724 145";"A01";"1";"2";"0";"2";"1";"13";"1";
"202000010294";"154 724 146";"B01";"2";"7";"0";"2";"2";"1";"1";
"202000010295";"154 724 144";"A01";"3";"21";"0";"0";"6";"1";"1";
"202000010296";"154 724 142";"A01";"1";"7";"0";"9";"8";"10";"1";
"202000010296";"154 724 143";"B01";"1";"1";"0";"2";"1";"1";"5";
"202000010297";"154 724 141";"A01";"1";"7";"0";"1";"2";"1";"0";
"202000010298";"154 724 139";"A01";"2";"15";"0";"2";"1";"1";"1";
"202000010298";"154 724 140";"B01";"1";"7";"0";"2";"1";"1";"1";
"202000010299";"154 724 138";"A01";"1";"7";"17";"0";"8";"1";"1";
"202000010300";"154 724 137";"A01";"3";"7";"0";"0";"9";"0";"0";
"202000010301";"154 724 135";"A01";"2";"7";"0";"2";"1";"1";"0";
"202000010301";"154 724 136";"B01";"3";"2";"0";"2";"8";"1";"0";
"202000010302";"154 724 133";"B01";"3";"7";"0";"2";"9";"1";"0";
"202000010302";"154 724 134";"A01";"3";"7";"0";"2";"1";"19";"0";
"202000010303";"154 724 127";"F01";"2";"7";"3";"0";"1";"1";"1";
"202000010303";"154 724 128";"E01";"2";"7";"0";"2";"8";"21";"1";
"202000010303";"154 724 129";"D01";"2";"17";"0";"2";"4";"20";"1";
"202000010303";"154 724 130";"C01";"2";"7";"3";"0";"1";"1";"1";
"202000010303";"154 724 131";"B01";"2";"7";"0";"2";"1";"1";"1";
"202000010303";"154 724 132";"A01";"2";"15";"0";"2";"5";"2";"1";
"202000010304";"154 724 126";"A01";"1";"1";"0";"0";"0";"1";"5";
"202000010305";"154 724 122";"A01";"1";"7";"0";"0";"4";"23";"1";
"202000010305";"154 724 123";"B01";"1";"7";"0";"2";"4";"23";"1";
"202000010305";"154 724 124";"C01";"1";"7";"0";"2";"4";"23";"1";
"202000010305";"154 724 125";"D01";"1";"7";"0";"2";"1";"2";"1";
"202000010306";"154 724 121";"A01";"2";"7";"2";"0";"8";"1";"1";
"202000010307";"154 724 119";"A01";"1";"1";"0";"9";"2";"17";"5";
"202000010307";"154 724 120";"B01";"1";"1";"0";"9";"3";"1";"5";
"202000010308";"154 724 118";"A01";"3";"21";"13";"0";"8";"16";"1";
"202000010309";"154 724 117";"A01";"1";"7";"0";"1";"2";"1";"1";
"202000010310";"154 724 116";"A01";"1";"10";"10";"0";"2";"1";"1";
"202000010311";"154 724 114";"A01";"1";"7";"0";"2";"1";"1";"1";
"202000010311";"154 724 115";"B01";"2";"7";"0";"2";"1";"1";"1";
"202000010312";"154 724 112";"B01";"1";"7";"0";"2";"1";"1";"1";
"202000010312";"154 724 113";"A01";"1";"7";"5";"0";"1";"1";"1";
"202000010313";"154 724 111";"A01";"1";"7";"16";"0";"2";"1";"0";
"202000010314";"154 724 110";"A01";"2";"7";"4";"0";"1";"1";"1";
"202000010315";"154 724 109";"A01";"2";"7";"5";"0";"1";"1";"1";
"202000010316";"154 724 107";"A01";"2";"17";"0";"2";"8";"1";"1";
"202000010316";"154 724 108";"B01";"2";"7";"0";"2";"7";"12";"1";
"202000010317";"154 724 105";"B01";"1";"10";"0";"2";"3";"0";"1";
"202000010317";"154 724 106";"A01";"1";"7";"3";"2";"9";"0";"1";
"202000010318";"154 724 102";"C01";"1";"7";"0";"2";"2";"1";"1";
"202000010318";"154 724 103";"B01";"1";"13";"0";"0";"6";"1";"0";
"202000010318";"154 724 104";"A01";"1";"7";"0";"2";"2";"17";"1";
"202000010319";"154 724 101";"A01";"1";"33";"0";"0";"7";"1";"1";
"202000010320";"154 724 100";"A01";"1";"7";"13";"0";"2";"1";"1";
"202000010321";"154 724 096";"A01";"0";"7";"0";"2";"1";"2";"0";
"202000010321";"154 724 097";"B01";"0";"7";"0";"2";"4";"2";"0";
"202000010321";"154 724 098";"C01";"0";"7";"0";"0";"4";"2";"0";
"202000010322";"154 724 095";"A01";"3";"7";"6";"0";"1";"1";"1";
"202000010323";"154 724 094";"A01";"1";"7";"13";"0";"9";"1";"1";
"202000010324";"154 724 093";"A01";"2";"7";"5";"0";"1";"0";"1";
"202000010325";"154 724 091";"A01";"2";"7";"0";"2";"0";"5";"1";
"202000010325";"154 724 092";"B01";"1";"7";"0";"2";"2";"2";"1";
"202000010326";"154 724 090";"A01";"2";"7";"4";"0";"2";"2";"1";
"202000010327";"154 724 089";"A01";"1";"7";"4";"0";"1";"2";"1";
"202000010328";"154 724 087";"A01";"1";"15";"0";"2";"4";"24";"1";
"202000010328";"154 724 088";"B01";"1";"7";"1";"0";"8";"9";"1";
"202000010329";"154 724 086";"A01";"2";"7";"3";"0";"2";"2";"1";
"202000010330";"154 724 084";"A01";"2";"10";"0";"2";"1";"1";"1";
"202000010330";"154 724 085";"B01";"2";"10";"0";"2";"4";"1";"1";
"202000010331";"154 724 083";"A01";"2";"7";"3";"0";"2";"26";"1";
"202000010332";"154 724 081";"B01";"2";"7";"0";"2";"8";"2";"1";
"202000010332";"154 724 082";"A01";"2";"7";"0";"2";"2";"12";"1";
"202000010333";"154 724 080";"A01";"1";"7";"4";"0";"1";"16";"1";
"202000010334";"154 724 078";"A01";"2";"7";"0";"2";"1";"1";"1";
"202000010334";"154 724 079";"B01";"2";"7";"0";"2";"5";"2";"1";
"202000010335";"154 724 077";"A01";"2";"10";"0";"2";"3";"1";"0";
"202000010336";"154 724 075";"B01";"2";"17";"0";"2";"5";"2";"1";
"202000010336";"154 724 076";"A01";"2";"7";"0";"2";"2";"13";"1";
"202000010337";"154 724 070";"C01";"1";"7";"0";"2";"8";"23";"1";
"202000010337";"154 724 071";"B01";"1";"10";"0";"2";"4";"9";"1";
"202000010337";"154 724 072";"A01";"1";"7";"0";"2";"1";"1";"1";
"202000010337";"154 724 073";"E01";"1";"7";"0";"2";"3";"23";"1";
"202000010337";"154 724 074";"D01";"1";"14";"0";"2";"3";"23";"1";
"202000010338";"154 724 069";"A01";"2";"10";"3";"0";"1";"0";"1";
"202000010339";"154 724 067";"A01";"2";"7";"0";"2";"4";"1";"1";
"202000010339";"154 724 068";"B01";"2";"13";"0";"2";"1";"0";"1";
"202000010340";"154 724 066";"A01";"1";"10";"3";"0";"2";"26";"1";
"202000010341";"154 724 062";"A01";"2";"7";"0";"2";"1";"1";"1";
"202000010341";"154 724 063";"D01";"2";"7";"0";"2";"4";"2";"1";
"202000010341";"154 724 064";"C01";"2";"7";"0";"2";"4";"2";"1";
"202000010341";"154 724 065";"B01";"2";"7";"0";"2";"4";"2";"1";
"202000010342";"154 724 061";"A01";"1";"10";"11";"0";"1";"1";" -1";
"202000010343";"154 724 060";"A01";"2";"7";"9";"0";"3";"1";" -1";
"202000010344";"154 724 059";"A01";"1";"7";"1";"0";"3";"13";"1";
"202000010345";"154 724 058";"A01";"3";"7";"1";"0";"1";"14";"1";
"202000010346";"154 724 056";"B01";"0";"33";"0";"2";"7";"17";"1";
"202000010346";"154 724 057";"A01";"1";"7";"0";"2";"8";"15";"1";
"202000010347";"154 724 054";"A01";"0";"7";"0";"2";"1";"9";"1";
"202000010347";"154 724 055";"B01";"0";"7";"0";"2";"8";"1";"1";
"202000010348";"154 724 052";"B01";"2";"7";"11";"2";"2";"1";"1";
"202000010348";"154 724 053";"A01";"1";"7";"11";"2";"1";"15";"2";
"202000010349";"154 724 050";"B01";"1";"7";"0";"2";"4";"2";"1";
"202000010349";"154 724 051";"A01";"1";"14";"0";"2";"2";"2";"1";
"202000010350";"154 724 046";"D01";"2";"2";"0";"2";"4";"23";"1";
"202000010350";"154 724 047";"A01";"2";"7";"0";"2";"1";"26";"1";
"202000010350";"154 724 048";"B01";"2";"2";"0";"2";"4";"1";"1";
"202000010350";"154 724 049";"C01";"2";"2";"0";"2";"4";"1";"1";
"202000010351";"154 724 044";"A01";"3";"7";"0";"2";"7";"1";"1";
"202000010351";"154 724 045";"B01";"3";"7";"0";"2";"3";"1";"1";
"202000010352";"154 724 042";"A01";"3";"1";"0";"2";"7";"19";"5";
"202000010352";"154 724 043";"B01";"3";"7";"0";"2";"1";"15";"1";
"202000010353";"154 724 041";"A01";"3";"7";"0";"1";"1";"1";"1";
"202000010354";"154 724 039";"B01";"1";"33";"0";"2";"1";"3";"1";
"202000010354";"154 724 040";"A01";"1";"10";"0";"2";"8";"15";"1";
"202000010355";"154 724 038";"A01";"3";"7";"9";"0";"1";"16";"1";
"202000010356";"154 724 037";"A01";"0";"7";"0";"1";"3";"16";"1";
"202000010357";"154 724 036";"A01";"1";"1";"0";"0";"0";"1";"5";
"202000010358";"154 724 034";"A01";"2";"1";"0";"2";"1";"1";"5";
"202000010358";"154 724 035";"B01";"1";"7";"0";"2";"2";"15";"1";
"202000010359";"154 724 033";"A01";"1";"7";"0";"1";"1";"1";"1";
"202000010360";"154 724 030";"A01";"1";"7";"3";"0";"0";"1";"1";
"202000010361";"154 724 024";"A01";"2";"7";"0";"2";"3";"26";"1";
"202000010361";"154 724 025";"B01";"1";"7";"0";"2";"3";"26";"1";
"202000010362";"154 724 023";"A01";"1";"7";"0";"1";"1";"15";"1";
"202000010363";"154 724 022";"A01";"1";"7";"0";"1";"0";"9";"1";
"202000010364";"154 724 021";"A01";"3";"10";"0";"1";"4";"4";"1";
"202000010365";"154 724 020";"A01";"2";"7";"0";"1";"1";"15";"1";
"202000010366";"154 724 019";"A01";"1";"7";"0";"1";"1";"1";"1";
"202000010367";"154 724 018";"A01";"2";"13";"0";"1";"5";"2";"0";
"202000010368";"154 724 017";"A01";"1";"7";"0";"1";"1";"14";"1";
"202000010369";"154 724 016";"A01";"2";"7";"0";"1";"1";"1";"1";
"202000010370";"154 724 015";"A01";"1";"10";"0";"1";"3";"1";"0";
"202000010371";"154 724 014";"A01";"1";"7";"0";"1";"2";"1";"1";
"202000010372";"154 724 012";"A01";"1";"7";"0";"2";"3";"9";"1";
"202000010372";"154 724 013";"B01";"1";"7";"0";"2";"1";"1";"1";
"202000010373";"154 724 010";"A01";"2";"10";"0";"2";"2";"1";"1";
"202000010373";"154 724 011";"B01";"2";"7";"0";"2";"6";"1";"1";
"202000010374";"154 724 008";"A01";"1";"7";"0";"2";"1";"2";"1";
"202000010374";"154 724 009";"B01";"1";"7";"0";"2";"4";"2";"1";
"202000010375";"154 724 006";"B01";"1";"7";"0";"2";"4";"1";"1";
"202000010375";"154 724 007";"A01";"1";"7";"0";"2";"1";"26";"3";
"202000010376";"154 724 004";"B01";"3";"7";"0";"2";"1";"1";"1";
"202000010376";"154 724 005";"A01";"2";"7";"6";"2";"1";"1";"1";
"202000010377";"154 724 001";"C01";"2";"10";"0";"2";"1";"1";"1";
"202000010377";"154 724 002";"B01";"2";"7";"0";"2";"0";"1";"1";
"202000010377";"154 724 003";"A01";"2";"7";"4";"0";"8";"1";"1";
"202000010378";"154 723 999";"B01";"1";"7";"0";"0";"1";"1";"0";
"202000010378";"154 724 000";"A01";"2";"50";"0";"2";"1";"19";"3";
"202000010379";"154 723 997";"A01";"1";"7";"0";"2";"1";"1";"1";
"202000010379";"154 723 998";"B01";"2";"7";"0";"2";"2";"1";"1";
"202000010380";"154 723 995";"A01";"1";"7";"0";"2";"2";"1";"1";
"202000010380";"154 723 996";"B01";"1";"7";"0";"2";"1";"15";"1";
"202000010381";"154 723 993";"B01";"1";"7";"0";"2";"4";"1";"1";
"202000010381";"154 723 994";"A01";"1";"31";"0";"2";"1";"1";"1";
"202000010382";"154 723 992";"A01";"3";"7";"0";"0";"5";"0";"1";
"202000010383";"154 723 990";"Z01";"1";"7";"0";"2";"1";"1";"1";
"202000010383";"154 723 991";"B01";"1";"7";"0";"2";"4";"1";"1";
"202000010384";"154 723 987";"A01";"1";"7";"0";"1";"1";"1";"1";
"202000010385";"154 723 986";"A01";"3";"7";"0";"1";"1";"9";"1";
"202000010386";"154 723 984";"A01";"3";"10";"0";"2";"1";"11";"1";
"202000010386";"154 723 985";"B01";"3";"2";"0";"2";"4";"1";"1";
"202000010387";"154 723 983";"A01";"3";"7";"0";"1";"1";"1";"1";
"202000010388";"154 723 982";"A01";"3";"10";"0";"1";"1";"26";"1";
"202000010389";"154 723 980";"A01";"3";"7";"0";"2";"1";"1";"1";
"202000010389";"154 723 981";"B01";"3";"7";"0";"2";"4";"1";"1";
"202000010390";"154 723 979";"A01";"3";"7";"2";"0";"8";"13";"1";
"202000010391";"154 723 977";"B01";"1";"2";"0";"2";"8";"1";"1";
"202000010391";"154 723 978";"A01";"2";"7";"0";"2";"3";"15";"1";
"202000010392";"154 723 975";"B01";"1";"7";"0";"2";"3";"9";"1";
"202000010392";"154 723 976";"A01";"1";"32";"0";"2";"1";"1";"1";
"202000010393";"154 723 974";"A01";"1";"14";"0";"1";"1";"1";"1";
"202000010394";"154 723 973";"A01";"3";"7";"0";"1";"1";"1";"0";
"202000010395";"154 723 971";"B01";"3";"14";"0";"2";"0";"1";"1";
"202000010395";"154 723 972";"A01";"3";"7";"0";"2";"1";"13";"1";
"202000010396";"154 723 970";"A01";"1";"1";"0";"0";"0";"1";"5";
"202000010397";"154 723 968";"B01";"1";"30";"0";"2";"7";"1";"1";
"202000010397";"154 723 969";"A01";"1";"7";"0";"2";"3";"9";"1";
"202000010398";"154 723 966";"B01";"2";"7";"0";"2";"4";"23";"1";
"202000010398";"154 723 967";"Z01";"2";"10";"0";"2";"1";"1";"0";
"202000010399";"154 723 965";"A01";"2";"1";"0";"0";"0";"21";"5";
"202000010400";"154 723 964";"A01";"2";"10";"0";"1";"1";"15";"1";
"202000010401";"154 723 963";"A01";"2";"7";"0";"1";"1";"15";"2";
"202000010402";"154 723 962";"A01";"1";"30";"11";"0";"2";"1";"3";
"202000010403";"154 723 961";"A01";"2";"7";"0";"1";"2";"1";"0";
"202000010404";"154 723 959";"B01";"2";"7";"0";"2";"4";"26";"1";
"202000010404";"154 723 960";"A01";"2";"7";"0";"2";"1";"0";"1";
"202000010405";"154 723 957";"B01";"1";"1";"1";"0";"0";"2";"5";
"202000010405";"154 723 958";"A01";"1";"10";"0";"2";"8";"22";"1";
"202000010406";"154 723 956";"A01";"1";"10";"0";"1";"4";"4";"1";
"202000010407";"154 723 954";"A01";"2";"2";"0";"0";"8";"13";"1";
"202000010407";"154 723 955";"B01";"2";"2";"0";"0";"7";"17";"1";
"202000010408";"154 723 952";"A01";"1";"33";"0";"2";"4";"23";"1";
"202000010408";"154 723 953";"B01";"1";"7";"0";"2";"1";"1";"0";
"202000010409";"154 723 951";"A01";"1";"7";"3";"0";"7";"1";"1";
"202000010410";"154 723 950";"A01";"3";"14";"0";"1";"4";"4";"0";
"202000010411";"154 723 949";"A01";"1";"7";"0";"1";"3";"1";"1";
"202000010412";"154 723 947";"B01";"3";"7";"0";"2";"3";"15";"0";
"202000010412";"154 723 948";"A01";"3";"1";"0";"2";"3";"1";"5";
"202000010413";"154 723 945";"B01";"0";"33";"0";"2";"1";"2";"1";
"202000010413";"154 723 946";"A01";"0";"7";"0";"2";"4";"4";"0";
"202000010414";"154 723 943";"A01";"3";"17";"0";"2";"2";"1";"1";
"202000010414";"154 723 944";"B01";"3";"2";"0";"2";"1";"0";"1";
"202000010415";"154 723 941";"B01";"1";"7";"0";"2";"1";"1";"1";
"202000010415";"154 723 942";"A01";"2";"7";"0";"2";"2";"1";"1";
"202000010416";"154 723 939";"B01";"2";"10";"0";"2";"3";"16";"1";
"202000010416";"154 723 940";"A01";"1";"32";"0";"2";"1";"1";"1";
"202000010417";"154 723 937";"B01";"2";"7";"0";"0";"1";"1";"1";
"202000010417";"154 723 938";"A01";"2";"10";"7";"2";"2";"15";"1";
"202000010418";"154 723 936";"A01";"2";"10";"0";"1";"7";"20";"1";
"202000010419";"154 723 934";"B01";"2";"34";"0";"2";"1";"17";"1";
"202000010419";"154 723 935";"A01";"2";"7";"0";"2";"6";"15";"1";
"202000010420";"154 723 933";"A01";"1";"17";"13";"0";"2";"0";"0";
"202000010421";"154 723 931";"B01";"2";"38";"0";"2";"1";"1";"1";"1"
"202000010421";"154 723 932";"A01";"1";"7";"0";"2";"1";"5";"1";
"202000010422";"154 723 930";"A01";"3";"10";"0";"1";"2";"9";"1";
"202000010423";"154 723 929";"A01";"0";"7";"0";"1";"4";"0";"0";
"202000010424";"154 723 928";"A01";"1";"7";"8";"0";"1";"0";"1";
"202000010425";"154 723 927";"A01";"1";"7";"0";"1";"2";"1";"1";
"202000010426";"154 723 926";"A01";"1";"7";"6";"0";"1";"1";"1";
"202000010427";"154 723 925";"A01";"3";"7";"0";"1";"2";"1";"1";
"202000010428";"154 723 923";"A01";"0";"7";"0";"2";"1";"1";"1";
"202000010428";"154 723 924";"B01";"0";"7";"0";"2";"6";"1";"1";
"202000010429";"154 723 921";"A01";"1";"7";"0";"2";"7";"17";"2";
"202000010429";"154 723 922";"B01";"1";"1";"0";"2";"3";"13";"5";
"202000010430";"154 723 920";"A01";"3";"7";"0";"1";"1";"9";"0";
"202000010431";"154 723 917";"A01";"1";"33";"16";"0";"9";"1";"1";
"202000010432";"154 723 915";"B01";"2";"7";"0";"2";"2";"1";"0";
"202000010432";"154 723 916";"A01";"3";"7";"0";"2";"2";"15";"0";
"202000010433";"154 723 913";"B01";"2";"7";"3";"0";"3";"1";"0";
"202000010433";"154 723 914";"A01";"1";"7";"0";"2";"0";"26";"0";
"202000010434";"154 723 912";"A01";"0";"7";"0";"1";"2";"16";"1";
"202000010435";"154 723 910";"B01";"1";"7";"0";"2";"6";"21";"0";
"202000010435";"154 723 911";"A01";"1";"7";"0";"2";"2";"21";"0";
"202000010436";"154 723 909";"A01";"1";"7";"0";"2";"9";"2";"1";
"202000010437";"154 723 908";"A01";"1";"7";"0";"1";"1";"2";"1";
"202000010438";"154 723 907";"A01";"1";"7";"3";"0";"1";"1";"1";
"202000010439";"154 723 901";"D01";"1";"7";"0";"2";"4";"2";"1";
"202000010439";"154 723 902";"E01";"1";"10";"0";"2";"4";"0";"1";
"202000010439";"154 723 903";"F01";"1";"7";"0";"2";"4";"2";"1";
"202000010439";"154 723 904";"A01";"1";"10";"0";"2";"1";"1";"1";
"202000010439";"154 723 905";"B01";"1";"10";"0";"2";"4";"2";"1";
"202000010439";"154 723 906";"C01";"1";"7";"0";"2";"4";"1";"1";
"202000010440";"154 723 899";"A01";"1";"7";"0";"2";"1";"1";"1";
"202000010440";"154 723 900";"B01";"2";"7";"0";"2";"4";"2";"0";
"202000010441";"154 723 897";"B01";"1";"33";"0";"2";"2";"17";"1";
"202000010441";"154 723 898";"A01";"1";"10";"0";"2";"3";"13";"1";
"202000010442";"154 723 896";"A01";"1";"7";"8";"0";"2";"16";"1";
"202000010443";"154 723 894";"A01";"1";"7";"0";"2";"8";"1";"1";
"202000010443";"154 723 895";"B01";"2";"7";"0";"2";"1";"1";"1";