"Num_Acc";"id_vehicule";"num_veh";"senc";"catv";"obs";"obsm";"choc";"manv";"motor";"occutc"
"202000010656";"154 723 522";"A01";"1";"7";"0";"2";"2";"1";"1";
"202000010657";"154 723 519";"A01";"1";"7";"0";"1";"3";"1";"1";
"202000010658";"154 723 517";"A01";"1";"14";"0";"0";"6";"0";"1";
"202000010658";"154 723 518";"B01";"1";"33";"13";"2";"2";"21";"1";
"202000010659";"154 723 515";"B01";"2";"7";"0";"2";"2";"15";"1";
"202000010659";"154 723 516";"A01";"1";"7";"0";"2";"1";"1";"1";
"202000010660";"154 723 514";"A01";"1";"33";"0";"0";"0";"1";"0";
"202000010661";"154 723 512";"B01";"1";"33";"0";"2";"1";"1";"1";
"202000010661";"154 723 513";"A01";"2";"21";"0";"2";"1";"15";"0";
"202000010662";"154 723 510";"B01";"2";"7";"0";"2";"1";"1";"1";
"202000010662";"154 723 511";"A01";"1";"7";"0";"2";"1";"1";"1";
"202000010663";"154 723 508";"B01";"1";"7";"0";"2";"1";"1";"0";
"202000010663";"154 723 509";"A01";"2";"7";"0";"2";"3";"16";"0";
"202000010664";"154 723 507";"A01";"2";"7";"6";"0";"3";"17";"1";
"202000010665";"154 723 506";"A01";"3";"1";"0";"0";"0";"1";"5";
"202000010666";"154 723 503";"A01";"3";"2";"0";"2";"1";"13";"1";
"202000010666";"154 723 504";"B01";"3";"7";"0";"2";"2";"1";"1";
"202000010667";"154 723 502";"A01";"0";"7";"0";"1";"2";"1";"1";
"202000010668";"154 723 501";"A01";"1";"7";"6";"0";"1";"0";"1";
"202000010669";"154 723 500";"A01";"2";"7";"2";"0";"9";"1";"1";
"202000010670";"154 723 498";"A01";"3";"7";"0";"0";"1";"19";"1";
"202000010670";"154 723 499";"B01";"0";"7";"0";"0";"1";"19";"1";
"202000010671";"154 723 496";"A01";"1";"1";"0";"2";"8";"19";"5";
"202000010671";"154 723 497";"B01";"2";"7";"0";"2";"1";"1";"1";
"202000010672";"154 723 494";"A01";"1";"7";"0";"2";"7";"1";"1";
"202000010672";"154 723 495";"B01";"2";"2";"0";"2";"1";"1";"1";
"202000010673";"154 723 492";"B01";"2";"7";"0";"2";"1";"21";"1";
"202000010673";"154 723 493";"A01";"1";"7";"0";"2";"2";"13";"1";
"202000010674";"154 723 491";"A01";"3";"7";"0";"1";"2";"1";"1";
"202000010675";"154 723 490";"A01";"3";"10";"2";"0";"1";"21";"1";
"202000010676";"154 723 488";"A01";"2";"7";"0";"0";"1";"1";"0";
"202000010676";"154 723 489";"B01";"1";"7";"0";"0";"2";"13";"0";
"202000010677";"154 723 487";"A01";"1";"7";"4";"0";"2";"0";"0";
"202000010678";"154 723 485";"A01";"2";"7";"0";"2";"3";"15";"1";
"202000010678";"154 723 486";"B01";"1";"33";"0";"2";"1";"1";"1";
"202000010679";"154 723 482";"C01";"2";"7";"0";"2";"8";"1";"1";
"202000010679";"154 723 483";"B01";"2";"10";"0";"2";"3";"1";"1";
"202000010679";"154 723 484";"A01";"1";"7";"0";"2";"1";"13";"1";
"202000010680";"154 723 480";"A01";"2";"7";"0";"2";"2";"16";"1";
"202000010680";"154 723 481";"B01";"2";"1";"0";"2";"1";"1";"5";
"202000010681";"154 723 478";"B01";"1";"7";"0";"0";"8";"15";"1";
"202000010681";"154 723 479";"A01";"1";"33";"0";"2";"1";"1";"1";
"202000010682";"154 723 476";"A01";"0";"7";"0";"2";"1";"9";"0";
"202000010682";"154 723 477";"B01";"1";"32";"1";"2";"9";"1";"1";
"202000010683";"154 723 474";"A01";"1";"7";"0";"2";"6";"15";"0";
"202000010683";"154 723 475";"B01";"2";"2";"0";"2";"1";"1";"0";
"202000010684";"154 723 472";"B01";"1";"33";"16";"0";"7";"1";"1";
"202000010684";"154 723 473";"A01";"1";"2";"16";"0";"0";"1";"1";
"202000010685";"154 723 470";"A01";"3";"33";"0";"2";"1";"2";"1";
"202000010685";"154 723 471";"B01";"3";"7";"0";"0";"4";"15";"1";
"202000010686";"154 723 466";"A01";"1";"10";"0";"2";"4";"1";"1";
"202000010686";"154 723 467";"B01";"1";"7";"0";"2";"6";"1";"1";
"202000010686";"154 723 468";"C01";"1";"7";"0";"2";"1";"17";"1";
"202000010686";"154 723 469";"D01";"1";"7";"0";"2";"1";"1";"1";
"202000010687";"154 723 465";"A01";"2";"7";"3";"0";"1";"1";"1";
"202000010688";"154 723 463";"B01";"1";"7";"0";"2";"4";"1";"1";
"202000010688";"154 723 464";"A01";"1";"7";"0";"2";"1";"26";"1";
"202000010689";"154 723 462";"A01";"3";"7";"0";"1";"4";"20";"0";
"202000010690";"154 723 460";"A01";"1";"7";"1";"2";"7";"15";"1";
"202000010690";"154 723 461";"B01";"2";"0";"1";"2";"1";"1";"0";
"202000010691";"154 723 459";"A01";"1";"7";"0";"2";"1";"14";"1";
"202000010692";"154 723 457";"B01";"2";"7";"0";"2";"4";"2";"1";
"202000010692";"154 723 458";"A01";"2";"7";"0";"2";"1";"2";"1";
"202000010693";"154 723 455";"B01";"1";"7";"0";"2";"6";"15";"1";
"202000010693";"154 723 456";"A01";"1";"32";"0";"2";"1";"1";"1";
"202000010694";"154 723 454";"A01";"2";"7";"7";"2";"1";"9";"1";
"202000010695";"154 723 452";"A01";"2";"7";"0";"2";"8";"22";"1";
"202000010695";"154 723 453";"B01";"2";"1";"0";"0";"0";"0";"0";
"202000010696";"154 723 451";"A01";"0";"7";"0";"1";"1";"1";"1";
"202000010697";"154 723 450";"A01";"2";"7";"8";"0";"1";"1";"1";
"202000010698";"154 723 449";"A01";"2";"80";"0";"0";"1";"1";"3";
"202000010699";"154 723 448";"A01";"1";"30";"0";"0";"0";"13";"1";
"202000010700";"154 723 446";"B01";"0";"1";"0";"2";"7";"9";"0";
"202000010700";"154 723 447";"A01";"0";"2";"0";"2";"1";"9";"1";
"202000010701";"154 723 445";"A01";"1";"7";"15";"0";"1";"14";"1";
"202000010702";"154 723 444";"A01";"2";"7";"1";"0";"3";"26";"1";
"202000010703";"154 723 441";"A01";"3";"7";"0";"1";"2";"20";"1";
"202000010704";"154 723 439";"A01";"0";"7";"0";"2";"8";"15";"1";
"202000010704";"154 723 440";"B01";"1";"7";"0";"2";"1";"1";"1";
"202000010705";"154 723 438";"A01";"1";"7";"0";"1";"2";"1";"1";
"202000010706";"154 723 437";"A01";"1";"7";"1";"0";"1";"14";"1";
"202000010707";"154 723 435";"B01";"2";"7";"0";"2";"3";"1";"1";
"202000010707";"154 723 436";"A01";"1";"30";"0";"2";"1";"15";"1";
"202000010708";"154 723 433";"A01";"1";"7";"0";"2";"1";"2";"1";
"202000010708";"154 723 434";"B01";"1";"10";"0";"2";"4";"23";"1";
"202000010709";"154 723 432";"A01";"2";"7";"8";"0";"1";"1";"1";
"202000010710";"154 723 430";"B01";"1";"30";"0";"2";"1";"17";"1";
"202000010710";"154 723 431";"A01";"1";"21";"0";"2";"3";"15";"1";
"202000010711";"154 723 428";"A01";"3";"7";"0";"2";"1";"26";"1";
"202000010711";"154 723 429";"B01";"3";"1";"0";"2";"3";"1";"0";
"202000010712";"154 723 427";"A01";"2";"30";"16";"0";"8";"14";"3";
"202000010713";"154 723 425";"A01";"2";"7";"1";"0";"3";"13";"1";
"202000010714";"154 723 423";"A01";"1";"7";"1";"0";"1";"20";"1";
"202000010714";"154 723 424";"B01";"1";"33";"0";"2";"4";"24";"1";
"202000010715";"154 723 422";"A01";"1";"1";"0";"0";"0";"0";"5";
"202000010716";"154 723 420";"A01";"1";"7";"0";"2";"3";"0";"1";
"202000010716";"154 723 421";"B01";"1";"2";"0";"2";"1";"0";"1";
"202000010717";"154 723 418";"B01";"2";"80";"0";"2";"2";"19";"3";
"202000010717";"154 723 419";"A01";"3";"7";"0";"2";"2";"1";"1";
"202000010718";"154 723 416";"B01";"0";"7";"0";"2";"4";"2";"1";
"202000010718";"154 723 417";"A01";"0";"7";"0";"2";"1";"2";"2";
"202000010719";"154 723 414";"A01";"3";"1";"0";"2";"7";"19";"5";
"202000010719";"154 723 415";"B01";"3";"10";"0";"2";"1";"16";"0";
"202000010720";"154 723 409";"B01";"3";"7";"0";"2";"3";"0";"2";
"202000010720";"154 723 410";"A01";"3";"7";"0";"2";"2";"15";"1";
"202000010721";"154 723 408";"A01";"1";"33";"0";"0";"1";"1";"1";
"202000010722";"154 723 406";"A01";"1";"7";"0";"2";"5";"15";"1";
"202000010722";"154 723 407";"B01";"2";"2";"0";"2";"1";"1";"1";
"202000010723";"154 723 405";"A01";"1";"7";"0";"1";"1";"0";"1";
"202000010724";"154 723 404";"A01";"1";"7";"0";"1";"1";"1";"1";
"202000010725";"154 723 402";"B01";"2";"7";"0";"2";"4";"1";"1";
"202000010725";"154 723 403";"A01";"2";"7";"0";"2";"1";"1";"1";
"202000010726";"154 723 401";"A01";"3";"7";"3";"0";"3";"13";"1";
"202000010727";"154 723 399";"B01";"1";"32";"0";"2";"1";"1";"1";
"202000010727";"154 723 400";"A01";"1";"1";"0";"2";"8";"15";"5";
"202000010728";"154 723 398";"A01";"2";"10";"1";"0";"3";"26";"1";
"202000010729";"154 723 397";"A01";"1";"7";"0";"1";"6";"4";"1";
"202000010730";"154 723 395";"B01";"2";"31";"0";"2";"1";"1";"1";
"202000010730";"154 723 396";"A01";"2";"30";"0";"2";"7";"16";"1";
"202000010731";"154 723 393";"A01";"2";"7";"0";"2";"3";"10";"1";
"202000010731";"154 723 394";"B01";"2";"1";"0";"2";"1";"1";"5";
"202000010732";"154 723 391";"A01";"1";"10";"0";"2";"3";"13";"1";
"202000010732";"154 723 392";"B01";"1";"30";"0";"2";"2";"17";"3";
"202000010733";"154 723 389";"A01";"2";"30";"0";"2";"1";"1";"0";
"202000010733";"154 723 390";"B01";"2";"7";"0";"2";"5";"23";"0";
"202000010734";"154 723 387";"B01";"1";"7";"1";"0";"3";"15";"0";
"202000010734";"154 723 388";"A01";"1";"7";"1";"0";"2";"17";"0";
"202000010735";"154 723 386";"A01";"2";"7";"0";"1";"3";"15";"0";
"202000010736";"154 723 384";"B01";"3";"1";"0";"2";"1";"1";"5";
"202000010736";"154 723 385";"A01";"3";"7";"14";"0";"2";"26";"0";
"202000010737";"154 723 382";"A01";" -1";"7";"0";"2";"3";"1";"1";
"202000010737";"154 723 383";"B01";"0";"7";"0";"2";"8";"1";"1";
"202000010738";"154 723 381";"A01";"3";"7";"0";"1";"1";"10";"1";
"202000010739";"154 723 379";"B01";"2";"7";"0";"2";"3";"15";"1";
"202000010739";"154 723 380";"A01";"2";"2";"0";"2";"2";"1";"1";
"202000010740";"154 723 377";"A01";"2";"7";"0";"2";"0";"0";"1";
"202000010740";"154 723 378";"B01";"2";"7";"0";"2";"0";"0";"1";
"202000010741";"154 723 375";"B01";"0";"7";"0";"0";"0";"18";"1";
"202000010741";"154 723 376";"A01";"3";"7";"4";"0";"0";"21";"1";
"202000010742";"154 723 372";"A01";"3";"33";"13";"0";"1";"1";"1";
"202000010743";"154 723 371";"A01";"2";"33";"13";"0";"8";"1";"1";
"202000010744";"154 723 370";"A01";"3";"7";"13";"0";"1";"9";"1";
"202000010745";"154 723 368";"A01";"2";"33";"0";"2";"1";"1";"1";
"202000010745";"154 723 369";"B01";"3";"7";"0";"2";"8";"15";"1";
"202000010746";"154 723 366";"A01";"1";"33";"0";"2";"1";"18";"1";
"202000010746";"154 723 367";"B01";"1";"21";"0";"0";"5";"16";"1";
"202000010747";"154 723 365";"A01";"1";"7";"13";"0";"1";"1";"1";
"202000010748";"154 723 363";"A01";"2";"7";"0";"2";"1";"0";"1";
"202000010748";"154 723 364";"B01";"1";"7";"0";"2";"4";"1";"1";
"202000010749";"154 723 362";"A01";"0";"7";"13";"0";"3";"13";"0";
"202000010750";"154 723 360";"A01";"2";"7";"0";"0";"1";"1";"1";
"202000010750";"154 723 361";"B01";"2";"1";"0";"2";"1";"9";"6";
"202000010751";"154 723 359";"A01";"2";"33";"0";"0";"9";"2";"1";
"202000010752";"154 723 357";"B01";"1";"17";"13";"2";"2";"21";"1";
"202000010752";"154 723 358";"A01";"2";"7";"13";"2";"2";"5";"1";
"202000010753";"154 723 355";"B01";"2";"7";"0";"2";"3";"1";"0";
"202000010753";"154 723 356";"A01";"1";"7";"0";"2";"3";"13";"0";
"202000010754";"154 723 354";"A01";"0";"36";"12";"0";"1";"19";"0";
"202000010755";"154 723 353";"A01";"0";"7";"13";"0";"0";"1";"1";
"202000010756";"154 723 352";"A01";"1";"7";"16";"0";"9";"1";"1";
"202000010757";"154 723 351";"A01";"1";"7";"4";"0";"1";"2";"1";
"202000010758";"154 723 349";"B01";"1";"7";"0";"2";"3";"14";"1";
"202000010758";"154 723 350";"A01";"2";"2";"0";"2";"1";"13";"1";
"202000010759";"154 723 348";"A01";"3";"36";"13";"0";"4";"4";"1";
"202000010760";"154 723 347";"A01";"1";"7";"8";"0";"3";"1";"1";
"202000010761";"154 723 344";"A01";"2";"7";"4";"2";"1";"5";"1";
"202000010761";"154 723 345";"B01";"1";"7";"0";"2";"1";"2";"1";
"202000010762";"154 723 342";"A01";"1";"7";"0";"1";"1";"1";"1";
"202000010763";"154 723 341";"A01";"1";"31";"13";"0";"6";"1";"6";
"202000010764";"154 723 339";"A01";"0";"7";"0";"2";"1";"13";"0";
"202000010764";"154 723 340";"B01";"0";"10";"0";"2";"1";"23";"0";
"202000010765";"154 723 338";"A01";"1";"32";"13";"0";"2";"1";"1";
"202000010766";"154 723 334";"B01";"3";"7";"0";"2";"3";"1";"0";
"202000010766";"154 723 335";"A01";"3";"2";"0";"2";"1";"13";"0";
"202000010767";"154 723 332";"B01";"0";"7";"0";"0";"3";"0";"1";
"202000010767";"154 723 333";"A01";"0";"30";"1";"0";"1";"0";"3";
"202000010768";"154 723 330";"B01";"1";"7";"0";"2";"8";"1";"1";
"202000010768";"154 723 331";"A01";"2";"7";"8";"2";"8";"1";"1";
"202000010769";"154 723 328";"B01";"2";"7";"0";"2";"3";"1";"1";
"202000010769";"154 723 329";"A01";"1";"7";"0";"2";"3";"13";"1";
"202000010770";"154 723 326";"A01";"1";"7";"0";"2";"1";"19";"1";
"202000010770";"154 723 327";"B01";"1";"33";"0";"2";"8";"1";"1";
"202000010771";"154 723 324";"A01";"1";"10";"0";"2";"2";"17";"1";
"202000010771";"154 723 325";"B01";"1";"10";"17";"2";"6";"1";"1";
"202000010772";"154 723 321";"B01";"1";"7";"0";"2";"1";"1";"1";
"202000010772";"154 723 322";"C01";"1";"10";"0";"2";"1";"1";"0";
"202000010772";"154 723 323";"A01";"1";"7";"0";"0";"4";"1";"1";
"202000010773";"154 723 320";"A01";"0";"7";"0";"1";"1";"1";"1";
"202000010774";"154 723 319";"A01";"1";"7";"0";"1";"7";"16";"1";
"202000010775";"154 723 316";"C01";"1";"7";"0";"2";"2";"26";"1";
"202000010775";"154 723 317";"A01";"3";"7";"0";"2";"2";"26";"1";
"202000010775";"154 723 318";"B01";"1";"7";"0";"2";"2";"1";"1";
"202000010776";"154 723 314";"B01";"1";"10";"3";"2";"2";"1";"1";
"202000010776";"154 723 315";"A01";"1";"10";"0";"2";"3";"11";"1";
"202000010777";"154 723 313";"A01";"1";"1";"12";"0";"1";"1";"5";
"202000010778";"154 723 311";"B01";"3";"7";"0";"2";"3";"1";"0";
"202000010778";"154 723 312";"A01";"3";"7";"0";"1";"3";"6";"1";
"202000010779";"154 723 309";"A01";"1";"1";"0";"2";"1";"14";"5";
"202000010779";"154 723 310";"B01";"2";"7";"0";"9";"7";"1";"1";
"202000010780";"154 723 307";"B01";"1";"7";"0";"2";"4";"2";"1";
"202000010780";"154 723 308";"A01";"1";"30";"0";"2";"1";"2";"1";
"202000010781";"154 723 305";"B01";"2";"50";"0";"2";"0";"0";"3";
"202000010781";"154 723 306";"A01";"1";"7";"0";"2";"2";"15";"1";
"202000010782";"154 723 303";"A01";"2";"7";"0";"2";"3";"1";"1";
"202000010782";"154 723 304";"Z01";"1";"7";"0";"2";"2";"1";"0";
"202000010783";"154 723 301";"B01";"2";"7";"0";"2";"1";"1";"1";
"202000010783";"154 723 302";"A01";"2";"34";"0";"2";"1";"1";"1";
"202000010784";"154 723 299";"A01";"2";"33";"15";"0";"1";"13";"1";
"202000010784";"154 723 300";"B01";"2";"37";"0";"2";"1";"1";"1";"1"
"202000010785";"154 723 297";"A01";"1";"7";"0";"2";"3";"15";"1";
"202000010785";"154 723 298";"B01";"1";"7";"0";"2";"2";"1";"1";
"202000010786";"154 723 295";"A01";"1";"7";"0";"2";"3";"1";"1";
"202000010786";"154 723 296";"B01";"2";"32";"0";"2";"7";"1";"1";
"202000010787";"154 723 294";"A01";"1";"7";"0";"1";"4";"4";"1";
"202000010788";"154 723 292";"B01";"1";"32";"0";"2";"2";"1";"1";
"202000010788";"154 723 293";"A01";"2";"30";"0";"2";"3";"15";"1";
"202000010789";"154 723 290";"A01";"1";"7";"0";"2";"7";"1";"1";
"202000010789";"154 723 291";"B01";"1";"7";"0";"2";"3";"1";"1";
"202000010790";"154 723 289";"A01";"1";"10";"0";"1";"1";"15";"1";
"202000010791";"154 723 286";"B01";"3";"7";"0";"2";"8";"1";"1";
"202000010791";"154 723 287";"A01";"3";"7";"0";"2";"1";"13";"2";
"202000010791";"154 723 288";"C01";"3";"32";"0";"2";"1";"1";"1";
"202000010792";"154 723 285";"A01";"1";"7";"0";"1";"1";"16";"0";
"202000010793";"154 723 283";"B01";"1";"33";"0";"2";"8";"2";"1";
"202000010793";"154 723 284";"A01";"1";"7";"0";"2";"7";"12";"2";
"202000010794";"154 723 282";"A01";"1";"7";"0";"1";"1";"15";"1";
"202000010795";"154 723 281";"Z01";"1";"7";"0";"1";"1";"2";"0";
"202000010796";"154 723 279";"B01";"1";"7";"0";"2";"5";"23";"1";
"202000010796";"154 723 280";"A01";"1";"32";"0";"2";"1";"3";"1";
"202000010797";"154 723 277";"B01";"2";"7";"0";"2";"5";"1";"2";
"202000010797";"154 723 278";"A01";"2";"7";"0";"2";"3";"18";"1";
"202000010798";"154 723 276";"A01";"2";"50";"0";"0";"1";"1";"3";
"202000010799";"154 723 274";"Z01";"2";"7";"0";"2";"1";"2";"0";
"202000010799";"154 723 275";"A01";"2";"7";"0";"2";"4";"23";"1";
"202000010800";"154 723 273";"A01";"1";"50";"12";"0";"1";"19";"3";
"202000010801";"154 723 272";"A01";"1";"50";"0";"0";"0";"1";"3";
"202000010802";"154 723 270";"B01";"1";"7";"0";"2";"3";"23";"1";
"202000010802";"154 723 271";"A01";"1";"34";"0";"2";"1";"17";"1";
"202000010803";"154 723 269";"A01";"1";"1";"0";"0";"0";"1";"5";
"202000010804";"154 723 267";"B01";"2";"10";"0";"2";"1";"1";"0";
"202000010804";"154 723 268";"A01";"1";"33";"0";"2";"1";"13";"1";
"202000010805";"154 723 266";"A01";"2";"7";"0";"1";"1";"1";"0";
"202000010806";"154 723 264";"A01";"2";"7";"0";"2";"8";"13";"1";
"202000010806";"154 723 265";"B01";"2";"30";"0";"2";"7";"2";"3";
"202000010807";"154 723 262";"B01";"2";"33";"0";"2";"4";"23";"1";
"202000010807";"154 723 263";"A01";"2";"7";"0";"2";"1";"2";"1";
"202000010808";"154 723 260";"Z01";"2";"10";"0";"2";"8";"11";"0";
"202000010808";"154 723 261";"B01";"2";"33";"0";"2";"7";"26";"0";
"202000010809";"154 723 259";"A01";"3";"34";"0";"0";"1";"26";"0";
"202000010810";"154 723 258";"A01";"2";"7";"9";"0";"1";"14";"1";
"202000010811";"154 723 256";"A01";"3";"7";"0";"2";"3";"11";"1";
"202000010811";"154 723 257";"B01";"3";"33";"0";"2";"7";"1";"1";
"202000010812";"154 723 254";"B01";"1";"7";"0";"2";"3";"15";"1";
"202000010812";"154 723 255";"A01";"1";"30";"0";"2";"1";"2";"1";
"202000010813";"154 723 252";"B01";"2";"7";"0";"2";"3";"15";"1";
"202000010813";"154 723 253";"A01";"2";"31";"0";"2";"2";"1";"1";
"202000010814";"154 723 251";"A01";"1";"30";"0";"0";"0";"1";"1";
"202000010815";"154 723 250";"A01";"1";"7";"12";"0";"1";"9";"1";
"202000010816";"154 723 249";"A01";"1";"30";"0";"0";"8";"21";"1";
"202000010817";"154 723 248";"A01";"3";"37";"0";"1";"1";"26";"6";"1"
"202000010818";"154 723 245";"C01";"1";"7";"0";"2";"1";"2";"0";
"202000010818";"154 723 246";"B01";"2";"7";"0";"2";"4";"2";"1";
"202000010818";"154 723 247";"A01";"2";"7";"0";"2";"4";"26";"0";
"202000010819";"154 723 244";"A01";"1";"7";"1";"0";"1";"1";"1";
"202000010820";"154 723 242";"B01";"2";"31";"0";"2";"2";"1";"1";
"202000010820";"154 723 243";"A01";"1";"7";"0";"2";"0";"0";"1";
"202000010821";"154 723 239";"C01";"1";"10";"0";"0";"1";"24";"1";
"202000010821";"154 723 240";"B01";"1";"7";"0";"2";"1";"9";"1";
"202000010821";"154 723 241";"A01";"2";"30";"1";"2";"1";"1";"1";
"202000010822";"154 723 237";"B01";"1";"32";"0";"2";"1";"1";"1";
"202000010822";"154 723 238";"A01";"2";"7";"0";"2";"3";"15";"1";
"202000010823";"154 723 236";"A01";"2";"10";"0";"1";"3";"16";"1";
"202000010824";"154 723 234";"A01";"1";"10";"0";"2";"3";"9";"1";
"202000010824";"154 723 235";"B01";"1";"50";"0";"2";"5";"0";"3";
"202000010825";"154 723 233";"A01";"1";"7";"4";"0";"2";"2";"1";
"202000010826";"154 723 231";"A01";"1";"13";"0";"2";"5";"9";"1";
"202000010826";"154 723 232";"B01";"1";"7";"0";"2";"1";"1";"0";
"202000010827";"154 723 230";"A01";"1";"7";"0";"1";"0";"1";"1";
"202000010828";"154 723 227";"C01";"2";"7";"0";"2";"7";"1";"1";
"202000010828";"154 723 228";"B01";"2";"43";"0";"2";"7";"12";"1";
"202000010828";"154 723 229";"A01";"2";"33";"0";"2";"1";"3";"1";
"202000010829";"154 723 225";"B01";"1";"7";"0";"2";"3";"26";"1";
"202000010829";"154 723 226";"A01";"1";"7";"0";"2";"2";"15";"1";
"202000010830";"154 723 223";"B01";"1";"1";"0";"2";"8";"1";"5";
"202000010830";"154 723 224";"A01";"2";"7";"0";"2";"1";"15";"1";
"202000010831";"154 723 221";"A01";"1";"14";"0";"2";"1";"2";"1";
"202000010831";"154 723 222";"B01";"1";"7";"15";"0";"4";"2";"1";
"202000010832";"154 723 219";"B01";"1";"2";"0";"2";"0";"0";"0";
"202000010832";"154 723 220";"A01";"1";"7";"0";"2";"4";"0";"1";
"202000010833";"154 723 218";"A01";"1";"7";"0";"1";"4";"4";"1";
"202000010834";"154 723 217";"A01";"3";"7";"0";"1";"2";"1";"1";
"202000010835";"154 723 216";"A01";"1";"37";"0";"1";"2";"21";"1";"1"
"202000010836";"154 723 214";"A01";"3";"10";"0";"2";"1";"19";"1";
"202000010836";"154 723 215";"B01";"3";"10";"0";"2";"4";"2";"1";
"202000010837";"154 723 212";"A01";"1";"7";"0";"2";"1";"2";"6";
"202000010837";"154 723 213";"B01";"1";"37";"12";"0";"4";"23";"0";"1"
"202000010838";"154 723 211";"A01";"1";"7";"0";"1";"3";"17";"0";
"202000010839";"154 723 208";"B01";"3";"7";"0";"2";"4";"2";"1";
"202000010839";"154 723 209";"C01";"3";"7";"0";"2";"4";"2";"1";
"202000010839";"154 723 210";"A01";"3";"7";"0";"2";"1";"2";"1";
"202000010840";"154 723 206";"B01";"3";"7";"0";"2";"3";"1";"1";
"202000010840";"154 723 207";"A01";"3";"7";"0";"2";"1";"5";"1";
"202000010841";"154 723 205";"A01";"0";"7";"0";"1";"1";"26";"0";
"202000010842";"154 723 204";"A01";"2";"7";"0";"1";"1";"2";"1";
"202000010843";"154 723 202";"Z01";"1";"7";"0";"0";"0";"0";"0";
"202000010843";"154 723 203";"B01";"1";"34";"0";"2";"8";"15";"1";
"202000010844";"154 723 200";"A01";"1";"1";"0";"2";"1";"5";"5";
"202000010844";"154 723 201";"B01";"1";"7";"0";"9";"3";"1";"1";
"202000010845";"154 723 198";"B01";"1";"31";"0";"2";"4";"1";"1";
"202000010845";"154 723 199";"A01";"1";"7";"0";"2";"2";"1";"1";
"202000010846";"154 723 197";"A01";"1";"7";"0";"1";"0";"2";"1";
"202000010847";"154 723 195";"A01";"1";"10";"0";"2";"1";"2";"1";
"202000010847";"154 723 196";"B01";"1";"10";"0";"2";"0";"0";"1";
"202000010848";"154 723 194";"Z01";"1";"31";"0";"1";"7";"1";"1";
"202000010849";"154 723 192";"A01";"2";"30";"0";"2";"1";"2";"1";
"202000010849";"154 723 193";"B01";"1";"7";"0";"2";"4";"2";"1";
"202000010850";"154 723 190";"A01";"1";"7";"0";"2";"1";"5";"1";
"202000010850";"154 723 191";"B01";"1";"7";"0";"2";"1";"1";"1";
"202000010851";"154 723 189";"A01";"2";"7";"0";"1";"2";"2";"1";
"202000010852";"154 723 186";"C01";"1";"7";"0";"2";"1";"2";"1";
"202000010852";"154 723 187";"B01";"1";"7";"0";"2";"1";"2";"1";
"202000010852";"154 723 188";"A01";"1";"7";"0";"2";"4";"26";"1";
"202000010853";"154 723 185";"A01";"0";"7";"2";"0";"2";"14";"1";
"202000010854";"154 723 183";"B01";"2";"99";"0";"2";"1";"1";"6";
"202000010854";"154 723 184";"A01";"3";"99";"0";"2";"2";"19";"6";
"202000010855";"154 723 181";"B01";"3";"33";"0";"2";"8";"1";"1";
"202000010855";"154 723 182";"A01";"3";"7";"0";"2";"7";"12";"1";
"202000010856";"154 723 178";"A01";"1";"7";"0";"2";"1";"1";"1";
"202000010856";"154 723 179";"B01";"1";"7";"0";"2";"4";"23";"1";
"202000010856";"154 723 180";"C01";"1";"7";"0";"2";"4";"0";"1";
"202000010857";"154 723 175";"A01";"1";"7";"7";"0";"4";"23";"1";
"202000010857";"154 723 176";"B01";"1";"7";"7";"0";"9";"2";"1";
"202000010857";"154 723 177";"MC01";"1";"7";"14";"2";"1";"1";"1";
"202000010858";"154 723 174";"A01";"0";"7";"0";"1";"3";"0";"1";
"202000010859";"154 723 173";"A01";"3";"7";"0";"1";"2";"1";"0";
"202000010860";"154 723 172";"A01";"1";"7";"0";"1";"1";"1";"1";
"202000010861";"154 723 171";"A01";"1";"30";"0";"1";"0";"19";"0";
"202000010862";"154 723 170";"A01";"2";"99";"0";"1";"3";"9";"1";
"202000010863";"154 723 168";"A01";"0";"3";"0";"2";"3";"1";"0";
"202000010863";"154 723 169";"B01";"0";"10";"0";"2";"7";"19";"0";
"202000010864";"154 723 167";"A01";"2";"7";"12";"0";"1";"1";"1";
"202000010865";"154 723 166";"A01";"1";"99";"0";"1";"1";"1";"6";
"202000010866";"154 723 165";"A01";"3";"7";"3";"0";"1";"9";"0";
"202000010867";"154 723 163";"B01";"1";"33";"0";"2";"1";"1";"1";
"202000010867";"154 723 164";"A01";"2";"7";"0";"2";"1";"15";"1";
"202000010868";"154 723 161";"A01";"1";"7";"0";"2";"7";"15";"1";
"202000010868";"154 723 162";"Y01";"1";"1";"0";"2";"1";"1";"5";
"202000010869";"154 723 159";"A01";" -1";"0";"0";"2";"6";"1";"0";
"202000010869";"154 723 160";"B01";"3";"7";"0";"2";"2";"15";"0";
"202000010870";"154 723 157";"A01";"1";"33";"0";"0";"0";"0";"1";
"202000010870";"154 723 158";"B01";"1";"7";"0";"0";"0";"0";"1";
"202000010871";"154 723 154";"C01";"0";"7";"0";"2";"8";"24";"0";
"202000010871";"154 723 155";"B01";"0";"7";"0";"2";"8";"24";"0";
"202000010871";"154 723 156";"A01";"0";"7";"1";"0";"2";"2";"0";
"202000010872";"154 723 151";"C01";"2";"10";"0";"2";"6";"23";"1";
"202000010872";"154 723 152";"B01";"2";"10";"0";"2";"4";"23";"1";