"Num_Acc";"id_vehicule";"num_veh";"senc";"catv";"obs";"obsm";"choc";"manv";"motor";"occutc"
"202000012768";"154 719 835";"A01";"3";"7";"8";"0";"1";"1";"1";
"202000012769";"154 719 834";"A01";"1";"7";"2";"0";"2";"1";"1";
"202000012770";"154 719 833";"A01";"1";"2";"0";"0";"0";"1";"1";
"202000012771";"154 719 831";"B01";"2";"7";"0";"2";"1";"1";"0";
"202000012771";"154 719 832";"A01";"1";"7";"0";"2";"1";"17";"0";
"202000012772";"154 719 829";"B01";"1";"7";"0";"2";"1";"17";"1";
"202000012772";"154 719 830";"A01";"2";"7";"0";"2";"1";"1";"1";
"202000012773";"154 719 828";"A01";"1";"7";"2";"0";"1";"13";"1";
"202000012774";"154 719 826";"B01";"1";"7";"0";"2";"1";"1";"1";
"202000012774";"154 719 827";"A01";"2";"7";"0";"2";"1";"13";"1";
"202000012775";"154 719 825";"A01";"2";"38";"15";"0";"2";"14";"1";"18"
"202000012776";"154 719 824";"A01";"0";"2";"0";"0";"0";"0";"1";
"202000012777";"154 719 822";"B01";"1";"7";"0";"2";"2";"21";"1";
"202000012777";"154 719 823";"A01";"2";"7";"0";"2";"3";"0";"1";
"202000012778";"154 719 820";"B01";"1";"7";"0";"2";"1";"0";"1";
"202000012778";"154 719 821";"A01";"1";"7";"0";"0";"4";"23";"1";
"202000012779";"154 719 819";"A01";"3";"7";"2";"0";"1";"1";"1";
"202000012780";"154 719 816";"A01";"2";"14";"0";"2";"3";"1";"1";
"202000012780";"154 719 817";"B01";"1";"7";"0";"2";"1";"1";"1";
"202000012781";"154 719 815";"A01";"3";"7";"8";"0";"1";"14";"1";
"202000012782";"154 719 811";"B01";"2";"7";"3";"0";"4";"2";"1";
"202000012782";"154 719 813";"A01";"2";"10";"0";"2";"2";"2";"1";
"202000012783";"154 719 810";"A01";"1";"10";"3";"0";"1";"1";"0";
"202000012784";"154 719 807";"A01";"1";"7";"0";"0";"3";"17";"1";
"202000012784";"154 719 808";"B01";"1";"3";"0";"0";"7";"15";"1";
"202000012785";"154 719 805";"A01";"1";"7";"3";"2";"3";"2";"1";
"202000012785";"154 719 806";"B01";"1";"7";"0";"0";"3";"1";"1";
"202000012786";"154 719 809";"A01";"0";"7";"0";"1";"2";"1";"1";
"202000012787";"154 719 801";"C01";"1";"7";"0";"0";"2";"1";"1";
"202000012787";"154 719 802";"B01";"1";"10";"0";"0";"5";"1";"1";
"202000012787";"154 719 804";"A01";"1";"7";"0";"2";"3";"1";"1";
"202000012788";"154 719 800";"A01";"1";"7";"0";"2";"7";"13";"1";
"202000012788";"154 719 803";"B01";"2";"7";"0";"2";"3";"1";"1";
"202000012789";"154 719 793";"B01";"2";"7";"3";"2";"1";"2";"1";
"202000012789";"154 719 794";"D01";"2";"7";"3";"2";"7";"2";"1";
"202000012789";"154 719 795";"C01";"2";"7";"3";"2";"8";"2";"1";
"202000012789";"154 719 797";"A01";"2";"7";"1";"2";"1";"2";"1";
"202000012789";"154 719 798";"E01";"2";"10";"0";"0";"3";"2";"1";
"202000012789";"154 719 799";"F01";"2";"10";"0";"1";"0";"2";"1";
"202000012790";"154 719 790";"A01";"2";"7";"0";"2";"7";"12";"1";
"202000012790";"154 719 791";"B01";"2";"7";"0";"2";"8";"18";"1";
"202000012791";"154 719 792";"B01";"1";"7";"13";"2";"8";"1";"1";
"202000012791";"154 719 796";"A01";"2";"7";"2";"2";"3";"13";"1";
"202000012792";"154 719 787";"A01";"3";"7";"5";"0";"1";"0";"6";
"202000012793";"154 719 788";"A01";"1";"7";"0";"2";"1";"5";"1";
"202000012793";"154 719 789";"B01";"1";"7";"0";"2";"1";"5";"1";
"202000012794";"154 719 786";"A01";"2";"7";"15";"0";"0";"1";"1";
"202000012795";"154 719 785";"A01";"1";"7";"0";"1";"1";"1";"1";
"202000012796";"154 719 782";"A01";"2";"7";"0";"1";"3";"1";"1";
"202000012797";"154 719 783";"A01";"1";"7";"0";"2";"7";"17";"1";
"202000012797";"154 719 784";"B01";"1";"1";"0";"2";"4";"1";"5";
"202000012798";"154 719 778";"B01";"1";"7";"0";"2";"1";"1";"1";
"202000012798";"154 719 780";"A01";"2";"7";"9";"2";"1";"1";"1";
"202000012799";"154 719 777";"A01";"2";"7";"0";"9";"8";"26";"6";
"202000012799";"154 719 779";"B01";"0";"1";"0";"2";"7";"26";"6";
"202000012800";"154 719 775";"A01";"1";"7";"2";"0";"1";"1";"1";
"202000012801";"154 719 771";"A01";"1";"7";"0";"2";"6";"15";"0";
"202000012801";"154 719 773";"B01";"1";"33";"0";"2";"1";"17";"0";
"202000012802";"154 719 769";"A01";"1";"7";"0";"0";"9";"17";"1";
"202000012803";"154 719 768";"A01";"2";"7";"0";"1";"2";"1";"1";
"202000012804";"154 719 765";"A01";"1";"7";"9";"2";"1";"15";"1";
"202000012804";"154 719 767";"B01";"2";"1";"0";"2";"8";"1";"5";
"202000012805";"154 719 763";"A01";"2";"7";"6";"0";"3";"1";"1";
"202000012806";"154 719 764";"A01";"1";"10";"0";"0";"1";"1";"1";
"202000012806";"154 719 766";"B01";"1";"15";"0";"0";"6";"1";"1";
"202000012807";"154 719 760";"B01";"1";"7";"0";"2";"1";"0";"1";
"202000012807";"154 719 761";"A01";"1";"7";"0";"2";"4";"1";"1";
"202000012808";"154 719 762";"A01";"1";"7";"0";"0";"9";"1";"1";
"202000012809";"154 719 757";"A01";"1";"7";"0";"2";"4";"23";"1";
"202000012809";"154 719 759";"B01";"1";"10";"0";"2";"1";"12";"1";
"202000012810";"154 719 756";"B01";"2";"7";"0";"0";"4";"23";"1";
"202000012810";"154 719 758";"A01";"2";"7";"0";"2";"1";"1";"1";
"202000012811";"154 719 754";"B01";"2";"7";"0";"2";"2";"1";"1";
"202000012811";"154 719 755";"A01";"1";"2";"0";"2";"3";"1";"1";
"202000012812";"154 719 753";"A01";"2";"7";"2";"0";"3";"16";"0";
"202000012813";"154 719 751";"B01";"1";"7";"0";"1";"1";"2";"1";
"202000012814";"154 719 750";"A01";"1";"7";"0";"2";"3";"1";"1";
"202000012814";"154 719 752";"B01";"2";"7";"0";"2";"3";"1";"1";
"202000012815";"154 719 748";"B01";"2";"7";"0";"2";"6";"11";"1";
"202000012815";"154 719 749";"A01";"2";"31";"0";"2";"1";"3";"1";
"202000012816";"154 719 746";"A01";"3";"7";"0";"9";"2";"13";"1";
"202000012816";"154 719 747";"B01";"3";"1";"0";"0";"1";"13";"5";
"202000012817";"154 719 744";"A01";"2";"7";"0";"2";"2";"1";"1";
"202000012817";"154 719 745";"B01";"2";"33";"0";"2";"8";"3";"1";
"202000012818";"154 719 741";"B01";"1";"7";"0";"0";"2";"1";"1";
"202000012818";"154 719 743";"A01";"2";"3";"0";"0";"2";"15";"1";
"202000012819";"154 719 740";"A01";"2";"7";"0";"2";"3";"11";"1";
"202000012819";"154 719 742";"B01";"2";"7";"0";"2";"5";"1";"1";
"202000012820";"154 719 738";"B01";"1";"7";"0";"2";"1";"1";"1";
"202000012820";"154 719 739";"A01";"2";"7";"0";"2";"1";"5";"1";
"202000012821";"154 719 736";"B01";"2";"10";"0";"2";"4";"2";"1";
"202000012821";"154 719 737";"A01";"2";"10";"0";"2";"1";"2";"1";
"202000012822";"154 719 733";"A01";"1";"7";"0";"2";"2";"12";"1";
"202000012822";"154 719 734";"B01";"1";"7";"0";"2";"6";"1";"1";
"202000012823";"154 719 732";"B01";"1";"7";"0";"2";"1";"1";"1";
"202000012823";"154 719 735";"A01";"2";"7";"0";"2";"7";"13";"1";
"202000012824";"154 719 728";"A01";"3";"3";"0";"2";"2";"16";"1";
"202000012824";"154 719 730";"B01";"1";"2";"0";"2";"0";"1";"1";
"202000012825";"154 719 729";"B01";"1";"7";"0";"2";"4";"2";"1";
"202000012825";"154 719 731";"A01";"1";"7";"0";"2";"1";"2";"1";
"202000012826";"154 719 727";"A01";"0";"2";"1";"0";"1";"1";"1";
"202000012827";"154 719 726";"A01";"1";"7";"3";"0";"1";"1";"1";
"202000012828";"154 719 724";"B01";"2";"7";"0";"2";"2";"1";"1";
"202000012828";"154 719 725";"A01";"3";"7";"0";"2";"1";"1";"1";
"202000012829";"154 719 722";"B01";"1";"7";"3";"2";"3";"2";"1";
"202000012829";"154 719 723";"A01";"1";"7";"0";"2";"8";"2";"1";
"202000012830";"154 719 721";"A01";"1";"7";"0";"1";"2";"14";"1";
"202000012831";"154 719 719";"B01";"1";"7";"0";"2";"1";"15";"1";
"202000012831";"154 719 720";"A01";"2";"7";"0";"2";"1";"1";"1";
"202000012832";"154 719 718";"B01";"1";"2";"0";"2";"1";"1";"1";
"202000012833";"154 719 715";"A01";"0";"7";"0";"1";"1";"1";"0";
"202000012834";"154 719 716";"B01";"2";"7";"0";"2";"4";"23";"1";
"202000012834";"154 719 717";"A01";"2";"7";"0";"2";"1";"2";"1";
"202000012835";"154 719 714";"A01";"2";"7";"16";"0";"1";"1";"1";
"202000012836";"154 719 712";"B01";"3";"10";"0";"2";"6";"15";"0";
"202000012836";"154 719 713";"A01";"0";"7";"0";"2";"3";"1";"4";
"202000012837";"154 719 710";"A01";"2";"7";"15";"0";"2";"2";"1";
"202000012838";"154 719 711";"A01";"1";"7";"2";"0";"1";"1";"1";
"202000012839";"154 719 709";"A01";"1";"7";"2";"0";"1";"1";"1";
"202000012840";"154 719 708";"A01";"2";"7";"8";"0";"1";"14";"1";
"202000012841";"154 719 707";"A01";"2";"7";"2";"0";"1";"13";"1";
"202000012842";"154 719 705";"A01";"1";"33";"13";"0";"0";"1";"1";
"202000012843";"154 719 704";"A01";"3";"7";"0";"2";"3";"15";"1";
"202000012843";"154 719 706";"B01";"1";"7";"0";"2";"2";"1";"1";
"202000012844";"154 719 703";"A01";"1";"7";"13";"0";"1";"6";"1";
"202000012845";"154 719 702";"A01";"1";"7";"6";"0";"2";"26";"1";
"202000012846";"154 719 699";"B01";"2";"7";"0";"2";"1";"1";"1";
"202000012846";"154 719 700";"A01";"3";"7";"8";"2";"7";"19";"1";
"202000012847";"154 719 698";"A01";"2";"33";"0";"2";"1";"1";"1";
"202000012848";"154 719 701";"A01";"1";"7";"13";"0";"1";"1";"1";
"202000012849";"154 719 696";"A01";"3";"10";"0";"9";"1";"15";"1";
"202000012849";"154 719 697";"B01";"3";"2";"0";"2";"1";"1";"1";
"202000012850";"154 719 695";"A01";"2";"33";"4";"0";"1";"17";"1";
"202000012851";"154 719 693";"B01";"2";"2";"0";"2";"1";"16";"1";
"202000012851";"154 719 694";"A01";"1";"7";"0";"2";"1";"13";"1";
"202000012852";"154 719 691";"A01";"1";"7";"2";"2";"1";"1";"1";
"202000012852";"154 719 692";"B01";"1";"7";"0";"2";"3";"1";"1";
"202000012853";"154 719 689";"B01";"2";"7";"0";"2";"1";"15";"1";
"202000012853";"154 719 690";"A01";"1";"7";"0";"2";"3";"1";"1";
"202000012854";"154 719 688";"A01";"1";"7";"0";"1";"2";"15";"1";
"202000012855";"154 719 686";"A01";"3";"7";"0";"2";"2";"1";"1";
"202000012855";"154 719 687";"B01";"3";"7";"0";"2";"3";"16";"1";
"202000012856";"154 719 682";"A01";"0";"7";"0";"2";"1";"2";"0";
"202000012856";"154 719 683";"B01";"3";"7";"0";"2";"4";"23";"0";
"202000012857";"154 719 681";"A01";"3";"7";"2";"0";"1";"14";"0";
"202000012858";"154 719 678";"A01";"1";"7";"9";"0";"9";"1";"1";
"202000012859";"154 719 679";"A01";"1";"7";"1";"0";"8";"1";"1";
"202000012859";"154 719 680";"B01";"1";"17";"0";"0";"4";"24";"1";
"202000012860";"154 719 676";"A01";"0";"7";"0";"1";"2";"15";"1";
"202000012861";"154 719 675";"B01";"1";"1";"0";"0";"8";"1";"5";
"202000012861";"154 719 677";"A01";"1";"3";"0";"2";"7";"17";"1";
"202000012862";"154 719 672";"A01";"3";"7";"0";"2";"1";"5";"1";
"202000012862";"154 719 673";"B01";"1";"7";"0";"2";"1";"1";"1";
"202000012863";"154 719 674";"A01";"2";"7";"0";"0";"9";"2";"1";
"202000012864";"154 719 669";"B01";"2";"7";"0";"0";"4";"2";"1";
"202000012864";"154 719 670";"A01";"2";"7";"0";"2";"1";"2";"1";
"202000012865";"154 719 668";"B01";"1";"7";"0";"2";"1";"1";"1";
"202000012865";"154 719 671";"A01";"2";"7";"0";"2";"1";"13";"1";
"202000012866";"154 719 666";"B01";"1";"1";"0";"2";"4";"1";"5";
"202000012866";"154 719 667";"A01";"1";"1";"0";"2";"1";"17";"5";
"202000012867";"154 719 665";"A01";"1";"7";"13";"0";"0";"1";"1";
"202000012868";"154 719 663";"A01";"2";"7";"2";"0";"1";"13";"1";
"202000012869";"154 719 661";"B01";"2";"7";"0";"2";"1";"15";"1";
"202000012869";"154 719 662";"A01";"1";"7";"0";"2";"1";"1";"1";
"202000012869";"154 719 664";"C01";"2";"7";"0";"2";"3";"23";"1";
"202000012870";"154 719 659";"A01";"2";"7";"3";"0";"3";"1";"1";
"202000012871";"154 719 658";"B01";"2";"99";"0";"2";"2";"1";"3";
"202000012871";"154 719 660";"A01";"2";"7";"0";"2";"3";"10";"1";
"202000012872";"154 719 657";"A01";"1";"7";"2";"0";"0";"1";"0";
"202000012873";"154 719 656";"A01";"1";"3";"0";"1";"0";"16";"0";
"202000012874";"154 719 654";"B01";"1";"7";"0";"2";"1";"15";"1";
"202000012874";"154 719 655";"A01";"3";"7";"1";"2";"1";"1";"1";
"202000012875";"154 719 652";"A01";"1";"7";"0";"9";"2";"15";"1";
"202000012875";"154 719 653";"B01";"1";"1";"0";"2";"1";"1";"5";
"202000012876";"154 719 651";"A01";"1";"7";"0";"0";"0";"1";"0";
"202000012877";"154 719 649";"A01";"1";"7";"0";"2";"6";"15";"0";
"202000012877";"154 719 650";"B01";"1";"7";"0";"2";"1";"1";"0";
"202000012878";"154 719 646";"B01";"0";"7";"0";"2";"2";"1";"1";
"202000012878";"154 719 648";"A01";"3";"7";"0";"2";"2";"1";"1";
"202000012879";"154 719 645";"B01";"1";"2";"0";"2";"1";"1";"0";
"202000012879";"154 719 647";"A01";"2";"7";"0";"2";"5";"15";"0";
"202000012880";"154 719 643";"B01";"1";"2";"0";"2";"1";"1";"0";
"202000012880";"154 719 644";"A01";"2";"7";"0";"2";"5";"15";"0";
"202000012881";"154 719 641";"A01";"1";"2";"0";"2";"5";"1";"1";
"202000012881";"154 719 642";"B01";"2";"7";"0";"2";"3";"1";"1";
"202000012882";"154 719 639";"B01";"1";"7";"0";"2";"6";"1";"1";
"202000012882";"154 719 640";"A01";"2";"7";"0";"2";"1";"1";"1";
"202000012883";"154 719 638";"A01";"0";"7";"4";"0";"0";"26";"1";
"202000012884";"154 719 635";"B01";"2";"7";"0";"2";"1";"1";"0";
"202000012884";"154 719 636";"A01";"1";"7";"0";"1";"1";"1";"0";
"202000012885";"154 719 634";"A01";"3";"7";"0";"2";"1";"0";"0";
"202000012885";"154 719 637";"B01";"3";"7";"8";"0";"4";"0";"0";
"202000012886";"154 719 630";"A01";"1";"10";"0";"2";"7";"15";"0";
"202000012886";"154 719 632";"B01";"2";"33";"0";"2";"1";"2";"0";
"202000012887";"154 719 629";"A01";"1";"7";"15";"0";"1";"1";"1";
"202000012888";"154 719 627";"A01";"1";"7";"9";"0";"2";"1";"1";
"202000012889";"154 719 625";"A01";"2";"2";"1";"0";"1";"2";"1";
"202000012890";"154 719 623";"A01";"2";"7";"0";"2";"1";"2";"1";
"202000012890";"154 719 626";"B01";"2";"7";"0";"2";"4";"2";"1";
"202000012891";"154 719 622";"B01";"1";"7";"0";"2";"3";"23";"1";
"202000012891";"154 719 624";"A01";"2";"7";"0";"2";"3";"13";"1";
"202000012892";"154 719 621";"A01";"1";"31";"12";"0";"1";"14";"1";
"202000012893";"154 719 618";"Z01";"2";"7";"0";"1";"3";"1";"1";
"202000012894";"154 719 619";"A01";"3";"7";"0";"0";"4";"1";"1";
"202000012894";"154 719 620";"B01";"3";"7";"0";"2";"1";"2";"1";
"202000012895";"154 719 617";"A01";"1";"7";"1";"9";"8";"1";"1";
"202000012896";"154 719 615";"B01";"1";"30";"0";"2";"7";"17";"1";
"202000012896";"154 719 616";"A01";"1";"7";"0";"2";"8";"1";"1";
"202000012897";"154 719 613";"A01";"2";"7";"0";"2";"1";"13";"1";
"202000012897";"154 719 614";"B01";"1";"7";"0";"2";"3";"1";"4";
"202000012898";"154 719 611";"A01";"1";"7";"10";"0";"9";"1";"1";
"202000012899";"154 719 610";"A01";"2";"7";"0";"2";"3";"9";"1";
"202000012899";"154 719 612";"B01";"2";"7";"0";"2";"2";"1";"2";
"202000012900";"154 719 608";"B01";"3";"7";"0";"0";"4";"1";"1";
"202000012900";"154 719 609";"A01";"3";"10";"0";"2";"1";"1";"1";
"202000012901";"154 719 607";"A01";"2";"7";"0";"1";"1";"15";"1";
"202000012902";"154 719 606";"A01";"2";"7";"6";"0";"2";"1";"1";
"202000012903";"154 719 604";"B01";"2";"15";"0";"2";"2";"15";"1";
"202000012903";"154 719 605";"A01";"1";"7";"0";"2";"1";"16";"1";
"202000012904";"154 719 599";"B01";"3";"7";"0";"2";"3";"1";"1";
"202000012904";"154 719 600";"A01";"3";"7";"0";"2";"1";"6";"1";
"202000012905";"154 719 601";"C01";"2";"10";"0";"2";"3";"1";"1";
"202000012905";"154 719 602";"B01";"1";"7";"0";"2";"1";"2";"1";
"202000012905";"154 719 603";"A01";"1";"34";"0";"2";"4";"17";"1";
"202000012906";"154 719 597";"B01";"1";"2";"7";"2";"8";"14";"1";
"202000012906";"154 719 598";"A01";"1";"7";"0";"0";"7";"9";"1";
"202000012907";"154 719 596";"A01";"1";"30";"0";"1";"2";"18";"1";
"202000012908";"154 719 594";"B01";"2";"7";"0";"9";"1";"1";"1";
"202000012908";"154 719 595";"A01";"2";"1";"0";"0";"8";"15";"5";
"202000012909";"154 719 592";"A01";"0";"36";"6";"0";"1";"1";"1";
"202000012910";"154 719 593";"A01";"3";"30";"0";"0";"1";"15";"1";
"202000012911";"154 719 591";"A01";"0";"7";"17";"0";"1";"1";"1";
"202000012912";"154 719 590";"A01";"1";"31";"0";"0";"7";"1";"1";
"202000012913";"154 719 588";"B01";"1";"7";"0";"2";"1";"5";"1";
"202000012913";"154 719 589";"A01";"1";"7";"0";"2";"1";"1";"1";
"202000012914";"154 719 587";"A01";"3";"1";"12";"0";"0";"1";"5";
"202000012915";"154 719 586";"A01";"0";"33";"8";"0";"1";"0";"1";
"202000012916";"154 719 583";"B01";"1";"30";"0";"2";"8";"1";"1";
"202000012916";"154 719 584";"C01";"1";"7";"0";"2";"3";"1";"1";
"202000012916";"154 719 585";"A01";"1";"7";"0";"2";"8";"22";"1";
"202000012917";"154 719 582";"A01";"3";"7";"13";"0";"2";"1";"1";
"202000012918";"154 719 581";"A01";"3";"50";"0";"0";"0";"1";"3";
"202000012919";"154 719 576";"B01";"2";"30";"0";"2";"8";"1";"1";
"202000012919";"154 719 577";"A01";"1";"7";"0";"2";"3";"15";"1";
"202000012920";"154 719 578";"B01";"3";"15";"0";"2";"1";"2";"1";
"202000012920";"154 719 579";"A01";"3";"7";"0";"0";"4";"2";"1";
"202000012921";"154 719 573";"A01";"0";"7";"0";"2";"3";"1";"0";
"202000012921";"154 719 575";"B01";" -1";"7";"0";"2";"1";"1";"0";
"202000012922";"154 719 572";"B01";"1";"7";"0";"0";"4";"16";"1";
"202000012922";"154 719 574";"A01";"1";"7";"0";"2";"1";"2";"1";
"202000012923";"154 719 571";"A01";"0";"7";"0";"1";"2";"1";"1";
"202000012924";"154 719 570";"A01";"2";"99";"0";"1";"5";"10";"1";
"202000012925";"154 719 568";"A01";"2";"7";"6";"0";"5";"1";"1";
"202000012926";"154 719 569";"A01";"1";"33";"0";"1";"3";"21";"1";
"202000012927";"154 719 565";"A01";"1";"7";"15";"0";"3";"1";"1";
"202000012928";"154 719 566";"A01";"2";"7";"0";"2";"1";"2";"1";
"202000012928";"154 719 567";"B01";"2";"7";"0";"5";"4";"1";"1";
"202000012929";"154 719 561";"B01";"1";"50";"0";"2";"5";"1";"3";
"202000012929";"154 719 563";"A01";"1";"7";"0";"9";"1";"18";"1";
"202000012930";"154 719 560";"A01";"1";"7";"0";"2";"2";"10";"1";
"202000012930";"154 719 562";"C01";"1";"7";"0";"1";"8";"26";"1";
"202000012930";"154 719 564";"B01";"1";"7";"1";"0";"8";"26";"1";
"202000012931";"154 719 558";"A01";"3";"7";"0";"1";"2";"15";"1";
"202000012932";"154 719 557";"B01";"1";"7";"0";"2";"3";"26";"1";
"202000012932";"154 719 559";"A01";"1";"2";"0";"2";"1";"17";"1";
"202000012933";"154 719 556";"A01";"0";"31";"15";"0";"1";"1";"1";
"202000012934";"154 719 554";"B01";"2";"14";"0";"0";"1";"1";"1";
"202000012934";"154 719 555";"A01";"2";"7";"0";"2";"8";"19";"1";
"202000012935";"154 719 553";"A01";"3";"7";"0";"1";"1";"16";"1";
"202000012936";"154 719 552";"A01";"1";"7";"2";"0";"1";"2";"1";
"202000012937";"154 719 551";"A01";"1";"33";"0";"0";"8";"15";"1";
"202000012938";"154 719 548";"A01";"2";"7";"0";"2";"1";"19";"1";
"202000012938";"154 719 549";"B01";"1";"7";"0";"2";"7";"1";"1";
"202000012939";"154 719 550";"A01";"1";"7";"2";"0";"2";"1";"1";
"202000012940";"154 719 545";"B01";"2";"7";"0";"2";"4";"15";"1";
"202000012940";"154 719 547";"A01";"2";"2";"0";"2";"1";"2";"1";
"202000012941";"154 719 544";"B01";"1";"2";"0";"0";"6";"1";"1";
"202000012941";"154 719 546";"A01";"2";"7";"0";"2";"3";"15";"1";
"202000012942";"154 719 543";"A01";"1";"7";"8";"0";"1";"14";"1";
"202000012943";"154 719 540";"A01";"2";"7";"4";"2";"3";"5";"1";
"202000012943";"154 719 542";"B01";"1";"7";"0";"2";"1";"1";"1";
"202000012944";"154 719 539";"B01";"2";"7";"0";"2";"1";"1";"1";
"202000012944";"154 719 541";"A01";"1";"7";"0";"2";"1";"15";"1";
"202000012945";"154 719 538";"A01";"1";"7";"15";"0";"3";"1";"1";
"202000012946";"154 719 537";"A01";"3";"31";"15";"0";"2";"15";"1";
"202000012947";"154 719 534";"B01";"2";"7";"0";"2";"3";"15";"1";
"202000012947";"154 719 536";"A01";"1";"7";"0";"2";"1";"1";"1";
"202000012948";"154 719 533";"A01";"1";"7";"3";"0";"3";"13";"1";
"202000012949";"154 719 532";"A01";"1";"7";"2";"0";"7";"1";"1";
"202000012950";"154 719 526";"B01";"1";"7";"0";"0";"8";"1";"1";
"202000012950";"154 719 528";"A01";"1";"7";"0";"2";"1";"26";"1";
"202000012951";"154 719 524";"A01";"2";"7";"0";"2";"1";"17";"1";
"202000012951";"154 719 525";"B01";"1";"7";"0";"2";"1";"1";"1";
"202000012952";"154 719 523";"A01";"1";"2";"3";"0";"0";"1";"0";
"202000012953";"154 719 522";"A01";"1";"2";"6";"0";"1";"1";"1";
"202000012954";"154 719 520";"A01";"1";"7";"8";"0";"7";"13";"1";
"202000012955";"154 719 521";"A01";"1";"2";"3";"0";"8";"5";"1";
"202000012956";"154 719 517";"A01";"1";"2";"13";"0";"7";"1";"1";
"202000012957";"154 719 516";"A01";"1";"7";"0";"2";"3";"15";"1";
"202000012957";"154 719 518";"B01";"3";"7";"0";"2";"3";"15";"1";
"202000012958";"154 719 513";"A01";"2";"7";"15";"0";"3";"1";"1";
"202000012959";"154 719 511";"A01";"0";"7";"0";"2";"1";"2";"1";
"202000012959";"154 719 512";"B01";"0";"7";"0";"0";"4";"2";"1";
"202000012960";"154 719 510";"A01";"3";"14";"13";"0";"0";"1";"1";
"202000012961";"154 719 508";"B01";"2";"7";"0";"2";"1";"1";"1";
"202000012961";"154 719 509";"A01";"1";"7";"0";"2";"1";"13";"1";
"202000012962";"154 719 507";"A01";"3";"7";"0";"1";"1";"1";"1";
"202000012963";"154 719 502";"D01";"2";"7";"0";"2";"3";"1";"1";
"202000012963";"154 719 503";"B01";"2";"7";"0";"2";"1";"1";"1";
"202000012963";"154 719 505";"C01";"2";"7";"0";"2";"3";"1";"1";
"202000012963";"154 719 506";"A01";"1";"7";"0";"2";"1";"1";"1";
"202000012964";"154 719 501";"A01";"0";"7";"8";"0";"1";"2";"1";
"202000012965";"154 719 498";"A01";"1";"10";"0";"2";"1";"15";"1";
"202000012965";"154 719 499";"B01";"2";"15";"8";"2";"1";"1";"1";
"202000012965";"154 719 500";"C01";"1";"7";"0";"2";"1";"1";"1";
"202000012966";"154 719 495";"A01";"2";"1";"0";"2";"1";"25";"5";
"202000012966";"154 719 496";"B01";"1";"7";"0";"2";"1";"1";"1";
"202000012967";"154 719 497";"A01";"3";"7";"6";"0";"4";"10";"1";
"202000012968";"154 719 491";"A01";"2";"7";"0";"2";"1";"5";"1";
"202000012968";"154 719 493";"B01";"1";"7";"0";"2";"1";"1";"1";
"202000012969";"154 719 490";"A01";"2";"7";"0";"0";"7";"5";"1";
"202000012969";"154 719 492";"C01";"1";"7";"13";"0";"1";"1";"1";
"202000012969";"154 719 494";"B01";"1";"7";"0";"0";"1";"1";"1";
"202000012970";"154 719 487";"A01";"2";"7";"0";"1";"2";"1";"1";
"202000012971";"154 719 488";"B01";"0";"33";"0";"2";"3";"1";"1";
"202000012971";"154 719 489";"A01";"0";"7";"0";"2";"2";"1";"1";
"202000012972";"154 719 485";"A01";"1";"7";"0";"0";"9";"1";"1";
"202000012973";"154 719 484";"B01";"1";"7";"0";"0";"4";"15";"1";
"202000012973";"154 719 486";"A01";"3";"7";"0";"0";"1";"2";"1";
"202000012974";"154 719 483";"A01";"1";"7";"2";"0";"1";"14";"1";
"202000012975";"154 719 480";"A01";"1";"7";"0";"2";"3";"19";"0";
"202000012975";"154 719 482";"B01";"2";"7";"0";"2";"2";"1";"0";
"202000012976";"154 719 479";"A01";"2";"7";"0";"2";"2";"19";"1";
"202000012976";"154 719 481";"B01";"1";"7";"0";"2";"3";"1";"1";
"202000012977";"154 719 477";"B01";"1";"7";"0";"2";"1";"11";"1";
"202000012977";"154 719 478";"A01";"1";"7";"4";"0";"1";"1";"1";
"202000012978";"154 719 476";"A01";"2";"7";"0";"0";"2";"1";"1";
"202000012979";"154 719 472";"B01";"1";"7";"0";"2";"1";"26";"1";
"202000012979";"154 719 473";"A01";"1";"7";"0";"2";"1";"26";"1";
"202000012980";"154 719 468";"B01";"2";"7";"0";"0";"8";"15";"1";
"202000012980";"154 719 470";"A01";"2";"2";"0";"2";"8";"17";"1";
"202000012981";"154 719 464";"A01";"2";"7";"0";"2";"1";"1";"1";
"202000012981";"154 719 465";"B01";"1";"7";"0";"2";"1";"1";"1";
"202000012982";"154 719 463";"A01";"3";"2";"0";"0";"0";"1";"1";
"202000012983";"154 719 459";"B01";"2";"7";"0";"2";"3";"1";"0";
"202000012983";"154 719 460";"A01";"1";"7";"0";"2";"3";"1";"0";
"202000012984";"154 719 457";"B01";"1";"7";"0";"9";"3";"1";"1";
"202000012984";"154 719 458";"A01";"2";"1";"0";"2";"3";"16";"5";
"202000012985";"154 719 455";"A01";"3";"10";"0";"2";"3";"1";"1";
"202000012985";"154 719 456";"B01";"3";"7";"0";"2";"3";"1";"1";
"202000012986";"154 719 454";"A01";"1";"7";"2";"0";"1";"1";"1";
"202000012987";"154 719 453";"A01";"1";"7";"15";"0";"1";"1";"1";
"202000012988";"154 719 451";"A01";"1";"10";"0";"2";"2";"1";"1";
"202000012988";"154 719 452";"B01";"1";"1";"0";"2";"4";"1";"5";
"202000012989";"154 719 450";"A01";"3";"31";"13";"0";"1";"1";"1";
"202000012990";"154 719 448";"A01";"0";"2";"0";"0";"2";"0";"1";
"202000012991";"154 719 447";"A01";"3";"7";"0";"2";"1";"20";"1";