"Num_Acc";"id_vehicule";"num_veh";"senc";"catv";"obs";"obsm";"choc";"manv";"motor";"occutc"
"202000012991";"154 719 449";"B01";"0";"1";"0";"2";"6";"20";"5";
"202000012992";"154 719 445";"A01";"2";"7";"0";"2";"1";"15";"1";
"202000012992";"154 719 446";"B01";"1";"7";"0";"2";"1";"1";"1";
"202000012993";"154 719 442";"B01";"2";"34";"0";"2";"3";"1";"1";
"202000012993";"154 719 443";"A01";"1";"7";"0";"2";"7";"15";"1";
"202000012994";"154 719 440";"B01";"1";"7";"0";"2";"1";"1";"1";
"202000012994";"154 719 441";"A01";"2";"7";"7";"2";"1";"13";"1";
"202000012994";"154 719 444";"C01";"1";"7";"0";"2";"1";"1";"1";
"202000012995";"154 719 437";"B01";"1";"7";"0";"2";"3";"15";"1";
"202000012995";"154 719 439";"A01";"1";"2";"0";"2";"2";"1";"1";
"202000012996";"154 719 438";"A01";"0";"31";"0";"1";"1";"1";"1";
"202000012997";"154 719 435";"B01";"1";"34";"0";"2";"2";"1";"1";
"202000012997";"154 719 436";"A01";"2";"7";"0";"2";"1";"15";"1";
"202000012998";"154 719 432";"B01";"3";"33";"0";"2";"1";"21";"1";
"202000012998";"154 719 433";"A01";"3";"7";"0";"2";"3";"15";"1";
"202000012999";"154 719 431";"A01";"1";"7";"0";"0";"8";"19";"1";
"202000012999";"154 719 434";"B01";"2";"7";"0";"2";"1";"1";"1";
"202000013000";"154 719 428";"B01";"2";"7";"5";"0";"4";"1";"1";
"202000013000";"154 719 430";"A01";"2";"7";"0";"2";"1";"1";"1";
"202000013001";"154 719 425";"B01";"2";"7";"0";"2";"1";"1";"3";
"202000013001";"154 719 426";"A01";"1";"7";"0";"2";"1";"1";"0";
"202000013002";"154 719 427";"A01";"1";"7";"0";"2";"8";"0";"1";
"202000013002";"154 719 429";"B01";"1";"7";"0";"2";"2";"0";"1";
"202000013003";"154 719 421";"A01";"2";"7";"0";"2";"1";"1";"1";
"202000013003";"154 719 422";"B01";"2";"7";"5";"0";"4";"1";"1";
"202000013004";"154 719 420";"A01";"3";"20";"0";"1";"4";"4";"1";
"202000013005";"154 719 418";"A01";"2";"7";"13";"0";"1";"2";"1";
"202000013006";"154 719 419";"A01";"1";"7";"2";"0";"1";"1";"1";
"202000013007";"154 719 415";"A01";"1";"7";"4";"2";"7";"12";"1";
"202000013007";"154 719 416";"B01";"1";"10";"0";"2";"2";"11";"1";
"202000013007";"154 719 417";"C01";"1";"7";"4";"2";"8";"1";"1";
"202000013008";"154 719 413";"A01";"1";"7";"0";"2";"1";"17";"1";
"202000013008";"154 719 414";"B01";"2";"32";"0";"2";"1";"0";"1";
"202000013009";"154 719 411";"A01";"1";"7";"0";"2";"4";"2";"1";
"202000013009";"154 719 412";"B01";"1";"7";"0";"2";"4";"2";"1";
"202000013010";"154 719 410";"A01";"2";"7";"4";"0";"0";"1";"1";
"202000013011";"154 719 408";"B01";"2";"2";"0";"2";"1";"1";"1";
"202000013011";"154 719 409";"A01";"1";"7";"0";"2";"3";"9";"0";
"202000013012";"154 719 407";"A01";"1";"7";"13";"0";"1";"17";"1";
"202000013013";"154 719 406";"A01";"1";"2";"0";"0";"1";"1";"1";
"202000013014";"154 719 403";"C01";"1";"17";"0";"2";"8";"1";"1";
"202000013014";"154 719 404";"B01";"1";"7";"0";"2";"1";"1";"1";
"202000013014";"154 719 405";"A01";"1";"3";"0";"2";"1";"13";"1";
"202000013015";"154 719 401";"A01";"1";"7";"17";"0";"7";"1";"1";
"202000013016";"154 719 400";"A01";"2";"7";"0";"2";"5";"2";"1";
"202000013016";"154 719 402";"B01";"2";"7";"0";"2";"3";"2";"1";
"202000013017";"154 719 398";"A01";"2";"7";"0";"2";"3";"0";"1";
"202000013017";"154 719 399";"B01";"1";"7";"0";"2";"3";"13";"1";
"202000013018";"154 719 397";"A01";"2";"7";"6";"0";"2";"1";"1";
"202000013019";"154 719 394";"A01";"1";"7";"4";"0";"1";"0";"1";
"202000013020";"154 719 395";"A01";"1";"7";"0";"2";"3";"5";"1";
"202000013020";"154 719 396";"B01";"2";"7";"0";"2";"3";"17";"1";
"202000013021";"154 719 393";"A01";"1";"32";"6";"0";"8";"17";"1";
"202000013022";"154 719 392";"A01";"2";"7";"0";"1";"1";"26";"1";
"202000013023";"154 719 391";"A01";"2";"7";"0";"0";"2";"1";"1";
"202000013024";"154 719 390";"A01";"1";"7";"10";"0";"7";"1";"1";
"202000013025";"154 719 389";"A01";"2";"7";"2";"0";"1";"13";"1";
"202000013026";"154 719 388";"A01";"2";"7";"0";"1";"1";"17";"1";
"202000013027";"154 719 386";"A01";"3";"7";"2";"0";"3";"14";"1";
"202000013028";"154 719 385";"A01";"1";"7";"0";"2";"1";"13";"0";
"202000013028";"154 719 387";"B01";"2";"7";"0";"2";"3";"1";"6";
"202000013029";"154 719 383";"A01";"3";"7";"0";"2";"3";"13";"1";
"202000013029";"154 719 384";"B01";"0";"7";"0";"2";"3";"1";"1";
"202000013030";"154 719 381";"A01";"3";"7";"0";"0";"3";"19";"1";
"202000013030";"154 719 382";"B01";"3";"32";"0";"2";"1";"21";"1";
"202000013031";"154 719 379";"A01";"0";"7";"0";"2";"5";"15";"1";
"202000013031";"154 719 380";"B01";"3";"1";"0";"2";"7";"1";"0";
"202000013032";"154 719 377";"A01";"2";"10";"0";"0";"9";"14";"1";
"202000013033";"154 719 378";"A01";"0";"32";"13";"0";"7";"1";"1";
"202000013034";"154 719 374";"A01";"3";"2";"0";"1";"1";"0";"1";
"202000013035";"154 719 371";"C01";"2";"7";"0";"2";"4";"1";"1";
"202000013035";"154 719 372";"B01";"2";"7";"0";"2";"4";"1";"1";
"202000013035";"154 719 373";"A01";"2";"10";"0";"2";"1";"1";"0";
"202000013036";"154 719 375";"B01";"2";"33";"0";"2";"1";"17";"1";
"202000013036";"154 719 376";"A01";"1";"7";"0";"2";"7";"15";"1";
"202000013037";"154 719 369";"A01";"3";"2";"6";"0";"1";"13";"1";
"202000013038";"154 719 367";"A01";"1";"10";"2";"0";"1";"0";"1";
"202000013039";"154 719 365";"A01";"2";"33";"0";"0";"0";"11";"0";
"202000013039";"154 719 366";"B01";"2";"7";"4";"0";"1";"1";"1";
"202000013040";"154 719 363";"A01";"2";"7";"0";"2";"2";"1";"1";
"202000013040";"154 719 368";"B01";"1";"7";"0";"2";"2";"13";"1";
"202000013041";"154 719 361";"B01";"1";"7";"0";"2";"1";"11";"1";
"202000013041";"154 719 362";"A01";"1";"33";"0";"2";"4";"1";"1";
"202000013042";"154 719 359";"A01";"1";"10";"0";"2";"3";"15";"1";
"202000013042";"154 719 360";"B01";"2";"32";"0";"2";"1";"1";"1";
"202000013043";"154 719 358";"A01";"1";"30";"6";"0";"1";"0";"1";
"202000013044";"154 719 357";"B01";"1";"7";"0";"2";"6";"9";"1";
"202000013044";"154 719 364";"A01";"2";"15";"0";"2";"3";"1";"1";
"202000013045";"154 719 356";"A01";"2";"7";"0";"1";"3";"1";"1";
"202000013046";"154 719 355";"A01";"1";"7";"2";"0";"7";"1";"1";
"202000013047";"154 719 353";"A01";"2";"7";"0";"1";"1";"15";"1";
"202000013048";"154 719 351";"A01";"1";"7";"6";"2";"3";"5";"1";
"202000013048";"154 719 354";"B01";"2";"7";"0";"2";"2";"1";"1";
"202000013049";"154 719 350";"B01";"2";"33";"0";"2";"2";"17";"1";
"202000013049";"154 719 352";"A01";"2";"7";"0";"0";"8";"15";"1";
"202000013050";"154 719 346";"A01";"1";"7";"0";"2";"7";"1";"1";
"202000013050";"154 719 347";"B01";"1";"33";"0";"2";"8";"9";"1";
"202000013051";"154 719 345";"A01";"1";"10";"4";"0";"1";"26";"1";
"202000013052";"154 719 349";"A01";"2";"7";"2";"0";"1";"13";"1";
"202000013053";"154 719 344";"A01";"1";"7";"3";"0";"3";"13";"1";
"202000013054";"154 719 343";"A01";"2";"10";"3";"0";"8";"13";"1";
"202000013055";"154 719 342";"A01";"1";"7";"4";"0";"1";"14";"1";
"202000013056";"154 719 339";"A01";"1";"10";"7";"0";"1";"6";"1";
"202000013057";"154 719 337";"A01";"2";"7";"0";"2";"1";"5";"1";
"202000013057";"154 719 338";"B01";"1";"10";"0";"2";"1";"1";"1";
"202000013058";"154 719 336";"A01";"1";"7";"16";"0";"1";"1";"1";
"202000013059";"154 719 335";"A01";"0";"10";"0";"9";"2";"2";"1";
"202000013060";"154 719 333";"A01";"0";"7";"0";"2";"3";"9";"1";
"202000013060";"154 719 334";"B01";"0";"7";"0";"2";"2";"1";"1";
"202000013061";"154 719 331";"B01";"1";"7";"0";"2";"1";"1";"1";
"202000013061";"154 719 332";"A01";"1";"10";"11";"0";"3";"1";"1";
"202000013062";"154 719 330";"A01";"1";"2";"13";"0";"0";"1";"1";
"202000013063";"154 719 327";"B01";"1";"7";"0";"2";"3";"1";"1";
"202000013063";"154 719 328";"A01";"1";"7";"0";"2";"3";"13";"1";
"202000013064";"154 719 340";"B01";"1";"7";"0";"2";"4";"1";"1";
"202000013064";"154 719 341";"A01";"1";"7";"0";"2";"1";"2";"1";
"202000013065";"154 719 325";"A01";"1";"10";"4";"0";"2";"9";"1";
"202000013066";"154 719 326";"A01";"1";"7";"0";"1";"1";"1";"6";
"202000013067";"154 719 322";"A01";"1";"7";"0";"1";"2";"1";"6";
"202000013068";"154 719 323";"B01";"1";"7";"0";"2";"4";"1";"1";
"202000013068";"154 719 324";"A01";"1";"33";"0";"2";"1";"1";"1";
"202000013069";"154 719 319";"A01";"1";"7";"4";"0";"1";"13";"1";
"202000013070";"154 719 316";"A01";"2";"7";"0";"2";"8";"13";"1";
"202000013070";"154 719 317";"B01";"1";"7";"0";"2";"8";"1";"1";
"202000013071";"154 719 315";"B01";"2";"7";"0";"2";"1";"2";"1";
"202000013071";"154 719 318";"A01";"2";"7";"0";"2";"4";"11";"1";
"202000013072";"154 719 313";"B01";"1";"1";"0";"2";"4";"1";"5";
"202000013072";"154 719 314";"A01";"1";"7";"0";"9";"4";"1";"1";
"202000013073";"154 719 311";"B01";"1";"7";"0";"2";"3";"13";"1";
"202000013073";"154 719 312";"A01";"2";"7";"0";"2";"2";"16";"1";
"202000013074";"154 719 309";"B01";"3";"7";"0";"0";"4";"1";"1";
"202000013074";"154 719 310";"A01";"3";"7";"0";"2";"1";"2";"1";
"202000013075";"154 719 307";"B01";"1";"7";"0";"2";"3";"1";"1";
"202000013075";"154 719 308";"A01";"2";"7";"0";"2";"3";"1";"1";
"202000013076";"154 719 305";"B01";"2";"7";"0";"2";"5";"1";"1";
"202000013076";"154 719 306";"A01";"2";"33";"0";"2";"1";"2";"1";
"202000013077";"154 719 303";"B01";"1";"34";"0";"2";"3";"1";"0";
"202000013077";"154 719 304";"A01";"2";"7";"0";"2";"3";"15";"1";
"202000013078";"154 719 300";"B01";"1";"31";"0";"2";"4";"1";"0";
"202000013078";"154 719 302";"A01";"1";"7";"0";"2";"1";"1";"0";
"202000013079";"154 719 299";"A01";"1";"7";"0";"1";"1";"15";"1";
"202000013080";"154 719 297";"A01";"3";"99";"0";"2";"1";"2";"1";
"202000013080";"154 719 298";"B01";"3";"10";"0";"2";"4";"15";"1";
"202000013081";"154 719 295";"B01";"2";"7";"0";"2";"4";"2";"1";
"202000013081";"154 719 296";"A01";"2";"7";"0";"2";"1";"2";"1";
"202000013082";"154 719 293";"A01";"1";"10";"0";"2";"1";"9";"0";
"202000013082";"154 719 294";"B01";"1";"1";"0";"2";"8";"2";"0";
"202000013083";"154 719 292";"Z01";"1";"7";"0";"1";"0";"1";"0";
"202000013084";"154 719 291";"A01";"1";"7";"4";"0";"3";"13";"1";
"202000013085";"154 719 301";"A01";"3";"7";"0";"1";"3";"20";"1";
"202000013086";"154 719 289";"B01";"3";"3";"0";"2";"4";"0";"1";
"202000013086";"154 719 290";"A01";"3";"7";"0";"2";"1";"2";"1";
"202000013087";"154 719 288";"A01";"2";"7";"0";"1";"1";"1";"1";
"202000013088";"154 719 287";"A01";"1";"7";"0";"1";"1";"15";"1";
"202000013089";"154 719 286";"A01";"1";"7";"0";"1";"1";"1";"0";
"202000013090";"154 719 283";"C01";"2";"10";"0";"2";"4";"2";"1";
"202000013090";"154 719 284";"B01";"2";"7";"0";"2";"4";"2";"1";
"202000013090";"154 719 285";"A01";"2";"7";"0";"2";"1";"1";"1";
"202000013091";"154 719 282";"A01";"1";"7";"8";"0";"2";"14";"1";
"202000013092";"154 719 278";"C01";"2";"14";"0";"2";"1";"2";"1";
"202000013092";"154 719 279";"B01";"1";"14";"0";"2";"1";"2";"1";
"202000013092";"154 719 280";"A01";"1";"10";"0";"2";"1";"1";"1";
"202000013092";"154 719 281";"D01";"2";"33";"0";"2";"3";"1";"1";
"202000013093";"154 719 276";"B01";"1";"7";"1";"0";"2";"1";"1";
"202000013093";"154 719 277";"A01";"1";"7";"0";"2";"6";"23";"1";
"202000013094";"154 719 272";"B01";" -1";"3";"0";"2";"2";"1";"0";
"202000013094";"154 719 273";"A01";" -1";"34";"0";"2";"6";"2";"0";
"202000013095";"154 719 270";"B01";"3";"7";"0";"2";"6";"15";"1";
"202000013095";"154 719 271";"A01";"3";"31";"0";"2";"1";"13";"1";
"202000013096";"154 719 268";"A01";"3";"14";"0";"2";"7";"14";"1";
"202000013096";"154 719 269";"B01";"3";"1";"0";"2";"8";"26";"5";
"202000013097";"154 719 267";"A01";"1";"7";"0";"1";"3";"25";"1";
"202000013098";"154 719 265";"B01";"1";"7";"0";"2";"3";"9";"0";
"202000013098";"154 719 266";"A01";"2";"7";"0";"2";"1";"1";"0";
"202000013099";"154 719 264";"A01";"1";"7";"0";"1";"1";"15";"1";
"202000013100";"154 719 262";"B01";"1";"7";"0";"2";"2";"1";"0";
"202000013100";"154 719 263";"A01";"1";"7";"0";"2";"6";"13";"0";
"202000013101";"154 719 260";"B01";"3";"7";"0";"2";"7";"1";"1";
"202000013101";"154 719 261";"A01";"3";"7";"0";"2";"8";"11";"1";
"202000013102";"154 719 258";"B01";"1";"7";"0";"2";"1";"1";"0";
"202000013102";"154 719 259";"A01";"2";"14";"0";"2";"2";"15";"0";
"202000013103";"154 719 256";"A01";"2";"10";"0";"2";"6";"1";"1";
"202000013103";"154 719 257";"B01";"2";"33";"0";"2";"0";"17";"1";
"202000013104";"154 719 252";"B01";"3";"7";"0";"2";"2";"1";"1";
"202000013104";"154 719 253";"A01";"3";"7";"0";"2";"3";"15";"1";
"202000013105";"154 719 250";"A01";"0";"7";"0";"2";"1";"15";"1";
"202000013105";"154 719 251";"B01";"0";"33";"0";"2";"1";"1";"1";
"202000013106";"154 719 248";"B01";"0";"7";"0";"2";"4";"1";"1";
"202000013106";"154 719 249";"A01";"0";"7";"0";"2";"1";"1";"1";
"202000013107";"154 719 246";"B01";"0";"7";"0";"2";"4";"15";"1";
"202000013107";"154 719 247";"A01";"0";"7";"0";"2";"1";"1";"1";
"202000013108";"154 719 244";"A01";"0";"7";"0";"2";"3";"15";"1";
"202000013108";"154 719 245";"B01";"0";"1";"0";"2";"1";"1";"5";
"202000013109";"154 719 242";"B01";"1";"7";"0";"2";"2";"1";"1";
"202000013109";"154 719 243";"A01";"2";"32";"0";"2";"1";"1";"1";
"202000013110";"154 719 241";"A01";"3";"14";"0";"1";"4";"26";"1";
"202000013111";"154 719 240";"A01";"2";"34";"0";"0";"0";"1";"1";
"202000013112";"154 719 237";"B01";"2";"7";"0";"2";"6";"15";"1";
"202000013112";"154 719 238";"A01";"2";"7";"0";"2";"1";"26";"1";
"202000013112";"154 719 239";"C01";"2";"7";"0";"2";"5";"15";"1";
"202000013113";"154 719 234";"C01";"1";"7";"0";"2";"1";"2";"1";
"202000013113";"154 719 235";"A01";"1";"7";"0";"2";"4";"2";"1";
"202000013113";"154 719 236";"B01";"1";"7";"0";"2";"4";"2";"1";
"202000013114";"154 719 231";"A01";"1";"7";"0";"2";"2";"15";"1";
"202000013114";"154 719 232";"B01";"2";"7";"0";"2";"1";"1";"1";
"202000013114";"154 719 233";"C01";"2";"7";"0";"2";"4";"23";"1";
"202000013115";"154 719 229";"B01";"2";"30";"0";"2";"2";"1";"1";
"202000013115";"154 719 230";"A01";"2";"7";"0";"2";"6";"4";"1";
"202000013116";"154 719 227";"A01";"1";"32";"0";"2";"1";"2";"1";
"202000013116";"154 719 228";"B01";"1";"7";"0";"2";"4";"23";"1";
"202000013117";"154 719 224";"C01";"2";"7";"0";"2";"0";"0";"1";
"202000013117";"154 719 225";"B01";"2";"7";"0";"0";"0";"0";"1";
"202000013117";"154 719 226";"A01";"2";"7";"0";"2";"4";"26";"1";
"202000013118";"154 719 223";"A01";"1";"7";"13";"0";"9";"9";"1";
"202000013119";"154 719 219";"D01";"1";"7";"0";"2";"3";"1";"1";
"202000013119";"154 719 220";"C01";"1";"10";"0";"2";"8";"1";"1";
"202000013119";"154 719 221";"B01";"1";"15";"0";"2";"6";"1";"1";
"202000013119";"154 719 222";"A01";"2";"7";"0";"2";"8";"13";"1";
"202000013120";"154 719 217";"B01";"3";"7";"0";"2";"4";"23";"1";
"202000013120";"154 719 218";"A01";"3";"10";"0";"2";"1";"2";"1";
"202000013121";"154 719 216";"Z01";"0";"7";"0";"1";"0";"17";"0";
"202000013122";"154 719 215";"A01";"1";"1";"0";"1";"1";"1";"5";
"202000013123";"154 719 214";"A01";"3";"7";"0";"1";"4";"26";"1";
"202000013124";"154 719 213";"A01";"1";"7";"9";"0";"1";"14";"1";
"202000013125";"154 719 210";"C01";"1";"7";"0";"2";"4";"1";"1";
"202000013125";"154 719 211";"B01";"1";"7";"0";"2";"4";"1";"1";
"202000013125";"154 719 212";"A01";"1";"7";"0";"2";"1";"1";"1";
"202000013126";"154 719 207";"B01";"2";"7";"0";"2";"4";"2";"1";
"202000013126";"154 719 208";"A01";"2";"7";"0";"2";"1";"2";"1";
"202000013126";"154 719 209";"C01";"2";"7";"0";"2";"4";"2";"1";
"202000013127";"154 719 206";"A01";"1";"7";"13";"0";"9";"13";"1";
"202000013128";"154 719 204";"B01";"1";"33";"0";"2";"1";"1";"1";
"202000013128";"154 719 205";"A01";"2";"7";"0";"2";"2";"15";"1";
"202000013129";"154 719 203";"Z01";"2";"30";"0";"1";"1";"1";"1";
"202000013130";"154 719 202";"A01";"0";"7";"9";"0";"1";"1";"1";
"202000013131";"154 719 199";"B01";"0";"10";"0";"2";"4";"0";"1";
"202000013131";"154 719 200";"C01";"0";"7";"0";"2";"4";"0";"1";
"202000013131";"154 719 201";"A01";"0";"10";"0";"2";"1";"26";"1";
"202000013132";"154 719 197";"A01";"2";"7";"0";"2";"3";"13";"1";
"202000013132";"154 719 198";"B01";"1";"7";"0";"2";"8";"1";"1";
"202000013133";"154 719 196";"A01";"0";"7";"0";"1";"5";"26";"1";
"202000013134";"154 719 194";"A01";"2";"7";"0";"2";"4";"1";"1";
"202000013134";"154 719 195";"Z01";"2";"7";"0";"2";"1";"0";"1";
"202000013135";"154 719 192";"A01";"3";"30";"0";"2";"1";"1";"1";
"202000013135";"154 719 193";"B01";"3";"7";"0";"2";"2";"15";"1";
"202000013136";"154 719 191";"A01";"3";"7";"0";"1";"3";"26";"1";
"202000013137";"154 719 188";"C01";"1";"7";"0";"0";"4";"23";"1";
"202000013137";"154 719 189";"A01";"1";"7";"0";"2";"1";"26";"1";
"202000013137";"154 719 190";"B01";"1";"7";"0";"2";"4";"23";"1";
"202000013138";"154 719 187";"A01";"1";"7";"9";"0";"3";"15";"1";
"202000013139";"154 719 186";"A01";"2";"7";"0";"1";"5";"4";"1";
"202000013140";"154 719 185";"A01";"1";"33";"15";"0";"1";"26";"0";
"202000013141";"154 719 183";"A01";"1";"7";"0";"2";"2";"9";"1";
"202000013141";"154 719 184";"B01";"1";"30";"0";"2";"7";"1";"1";
"202000013142";"154 719 182";"A01";"1";"7";"6";"0";"1";"0";"0";
"202000013143";"154 719 180";"A01";"3";"7";"0";"2";"2";"9";"0";
"202000013143";"154 719 181";"B01";"1";"32";"0";"2";"3";"1";"1";
"202000013144";"154 719 179";"A01";"1";"33";"0";"1";"2";"1";"1";
"202000013145";"154 719 177";"A01";"1";"3";"9";"2";"7";"1";"1";
"202000013145";"154 719 178";"B01";"0";"10";"0";"2";"1";"19";"0";
"202000013146";"154 719 176";"B01";"1";"10";"0";"1";"8";"23";"1";
"202000013147";"154 719 175";"A01";"1";"20";"0";"1";"2";"26";"1";
"202000013148";"154 719 173";"B01";"2";"2";"0";"2";"1";"1";"1";
"202000013148";"154 719 174";"A01";"2";"7";"0";"2";"8";"15";"1";
"202000013149";"154 719 171";"B01";"2";"32";"0";"2";"1";"1";"1";
"202000013149";"154 719 172";"A01";"1";"7";"0";"2";"2";"15";"1";
"202000013150";"154 719 169";"B01";"1";"10";"0";"2";"6";"23";"1";
"202000013150";"154 719 170";"A01";"1";"33";"0";"2";"1";"2";"1";
"202000013151";"154 719 167";"B01";"0";"7";"0";"2";"5";"16";"1";
"202000013151";"154 719 168";"A01";"1";"31";"0";"2";"1";"18";"1";
"202000013152";"154 719 165";"A01";"1";"7";"0";"2";"1";"15";"2";
"202000013152";"154 719 166";"B01";"2";"33";"0";"2";"6";"1";"1";
"202000013153";"154 719 163";"B01";"2";"1";"0";"2";"1";"1";"5";
"202000013153";"154 719 164";"A01";"2";"7";"0";"2";"7";"16";"1";
"202000013154";"154 719 162";"A01";"0";"38";"0";"0";"0";"1";"4";"2"
"202000013155";"154 719 161";"A01";"2";"10";"0";"1";"3";"1";"3";
"202000013156";"154 719 160";"A01";"1";"1";"0";"1";"1";"1";"5";
"202000013157";"154 719 158";"A01";"2";"30";"0";"2";"1";"2";"1";
"202000013157";"154 719 159";"B01";"2";"7";"0";"2";"5";"2";"1";
"202000013158";"154 719 157";"A01";"2";"32";"14";"0";"1";"17";"1";
"202000013159";"154 719 156";"A01";"2";"80";"0";"0";"0";"7";"3";
"202000013160";"154 719 154";"A01";"2";"7";"0";"9";"1";"2";"1";
"202000013160";"154 719 155";"B01";"3";"1";"0";"2";"3";"1";"5";
"202000013161";"154 719 152";"B01";"2";"1";"12";"2";"0";"12";"5";
"202000013161";"154 719 153";"A01";"2";"7";"0";"9";"7";"16";"0";
"202000013162";"154 719 150";"B01";"1";"34";"0";"2";"4";"23";"1";
"202000013162";"154 719 151";"A01";"1";"7";"0";"2";"1";"1";"1";
"202000013163";"154 719 148";"B01";"1";"0";"0";"2";"8";"9";"0";
"202000013163";"154 719 149";"A01";"1";"10";"0";"2";"7";"1";"1";
"202000013164";"154 719 145";"B01";"1";"7";"0";"0";"6";"23";"1";
"202000013164";"154 719 146";"A01";"1";"7";"0";"0";"2";"26";"1";
"202000013164";"154 719 147";"C01";"2";"7";"0";"0";"4";"23";"0";
"202000013165";"154 719 143";"A01";"2";"33";"14";"0";"1";"1";"1";
"202000013165";"154 719 144";"B01";"1";"7";"0";"2";"2";"1";"1";
"202000013166";"154 719 141";"B01";"3";"7";"0";"2";"7";"15";"1";
"202000013166";"154 719 142";"A01";"3";"30";"0";"2";"3";"21";"1";
"202000013167";"154 719 139";"A01";" -1";"7";"0";"2";"2";"15";"0";
"202000013167";"154 719 140";"B01";" -1";"7";"0";"2";"1";"1";"0";
"202000013168";"154 719 137";"B01";"2";"31";"0";"2";"0";"1";"1";
"202000013168";"154 719 138";"A01";"1";"7";"0";"2";"1";"9";"1";
"202000013169";"154 719 136";"A01";"1";"50";"0";"0";"8";"2";"3";
"202000013170";"154 719 134";"B01";" -1";"7";"0";"2";"1";"1";"1";
"202000013170";"154 719 135";"A01";" -1";"7";"0";"2";"5";"16";"1";
"202000013171";"154 719 132";"A01";"1";"7";"0";"2";"1";"16";"1";
"202000013171";"154 719 133";"B01";"1";"3";"0";"2";"4";"16";"1";
"202000013172";"154 719 130";"B01";"1";"32";"0";"2";"1";"1";"1";
"202000013172";"154 719 131";"A01";"2";"7";"0";"2";"3";"1";"1";
"202000013173";"154 719 128";"A01";"1";"7";"0";"2";"2";"26";"1";
"202000013173";"154 719 129";"B01";"1";"43";"0";"2";"1";"1";"1";
"202000013174";"154 719 124";"C01";"1";"10";"0";"2";"8";"26";"0";
"202000013174";"154 719 125";"A01";"2";"10";"0";"2";"4";"2";"0";
"202000013174";"154 719 126";"B01";"1";"10";"0";"2";"0";"0";"0";
"202000013174";"154 719 127";"D01";"1";"10";"0";"2";"1";"23";"0";
"202000013175";"154 719 122";"B01";"2";"7";"0";"2";"3";"23";"0";
"202000013175";"154 719 123";"A01";"1";"7";"0";"2";"3";"13";"1";
"202000013176";"154 719 121";"A01";"3";"7";"0";"1";"3";"1";"1";
"202000013177";"154 719 118";"B01";"3";"33";"0";"2";"3";"1";"1";
"202000013177";"154 719 119";"A01";"3";"7";"0";"2";"8";"10";"1";
"202000013178";"154 719 116";"B01";"2";"7";"0";"2";"4";"2";"1";
"202000013178";"154 719 117";"A01";"2";"7";"0";"2";"1";"17";"1";
"202000013179";"154 719 115";"A01";"2";"7";"0";"1";"2";"1";"1";
"202000013180";"154 719 113";"A01";"1";"7";"0";"2";"1";"2";"0";
"202000013180";"154 719 114";"B01";"1";"7";"0";"2";"4";"2";"0";
"202000013181";"154 719 112";"A01";"1";"17";"3";"0";"3";"1";"1";
"202000013182";"154 719 109";"C01";"2";"7";"0";"0";"4";"2";"1";
"202000013182";"154 719 110";"D01";"2";"7";"0";"0";"5";"2";"1";
"202000013182";"154 719 111";"A01";"2";"17";"0";"2";"1";"2";"1";
"202000013183";"154 719 107";"B01";"1";"7";"0";"0";"6";"23";"1";
"202000013183";"154 719 108";"A01";"1";"2";"14";"2";"1";"2";"1";
"202000013184";"154 719 105";"A01";"1";"7";"0";"2";"1";"1";"1";
"202000013184";"154 719 106";"B01";"2";"7";"0";"2";"1";"1";"1";
"202000013185";"154 719 103";"B01";"1";"7";"0";"2";"1";"1";"1";
"202000013185";"154 719 104";"A01";"3";"7";"0";"2";"2";"1";"1";
"202000013186";"154 719 102";"A01";"3";"15";"0";"1";"7";"17";"1";
"202000013187";"154 719 100";"B01";"3";"31";"0";"2";"3";"1";"1";
"202000013187";"154 719 101";"A01";"3";"7";"0";"2";"2";"1";"1";
"202000013188";"154 719 098";"B01";"1";"2";"0";"2";"1";"1";"1";
"202000013188";"154 719 099";"A01";"3";"7";"0";"0";"5";"19";"1";
"202000013189";"154 719 097";"A01";"1";"33";"17";"0";"1";"0";"1";
"202000013190";"154 719 095";"A01";"1";"7";"0";"1";"3";"1";"1";
"202000013190";"154 719 096";"B01";"1";"7";"0";"1";"3";"1";"1";
"202000013191";"154 719 092";"C01";"2";"7";"0";"2";"1";"1";"1";
"202000013191";"154 719 093";"B01";"1";"7";"0";"2";"4";"15";"1";
"202000013191";"154 719 094";"A01";"1";"7";"0";"2";"1";"2";"1";
"202000013192";"154 719 091";"A01";"2";"7";"15";"0";"0";"13";"1";
"202000013193";"154 719 090";"A01";"2";"7";"13";"0";"1";"1";"1";
"202000013194";"154 719 089";"A01";"1";"31";"6";"0";"1";"1";"0";
"202000013195";"154 719 087";"A01";"1";"7";"0";"2";"2";"15";"1";
"202000013195";"154 719 088";"B01";"2";"1";"0";"2";"1";"1";"5";
"202000013196";"154 719 086";"A01";"1";"7";"2";"0";"1";"1";"1";
"202000013197";"154 719 084";"A01";"3";"7";"0";"2";"0";"1";"1";
"202000013197";"154 719 085";"B01";"3";"1";"0";"2";"6";"9";"5";
"202000013198";"154 719 083";"A01";"1";"7";"13";"0";"1";"14";"1";
"202000013199";"154 719 081";"B01";"1";"7";"0";"2";"2";"1";"1";
"202000013199";"154 719 082";"A01";"3";"7";"0";"2";"2";"15";"1";