"Num_Acc";"id_vehicule";"num_veh";"senc";"catv";"obs";"obsm";"choc";"manv";"motor";"occutc"
"202000013200";"154 719 080";"A01";"3";"1";"6";"0";"3";"1";"5";
"202000013201";"154 719 079";"A01";"1";"33";"0";"0";"0";"15";"0";
"202000013202";"154 719 078";"A01";"2";"33";"0";"5";"1";"1";"1";
"202000013203";"154 719 076";"B01";"2";"1";"0";"2";"1";"15";"5";
"202000013203";"154 719 077";"A01";"1";"7";"0";"2";"7";"19";"0";
"202000013204";"154 719 075";"A01";"1";"32";"0";"0";"0";"0";"1";
"202000013205";"154 719 074";"A01";"1";"33";"0";"0";"8";"1";"1";
"202000013206";"154 719 073";"A01";"1";"33";"0";"6";"1";"19";"1";
"202000013207";"154 719 072";"A01";"1";"7";"13";"0";"3";"1";"1";
"202000013208";"154 719 071";"A01";"3";"2";"1";"0";"1";"0";"1";
"202000013209";"154 719 069";"A01";"2";"3";"0";"1";"2";"1";"1";
"202000013210";"154 719 067";"A01";"3";"7";"0";"2";"1";"15";"1";
"202000013210";"154 719 068";"B01";"3";"33";"0";"2";"1";"1";"1";
"202000013211";"154 719 065";"B01";"1";"7";"0";"0";"5";"15";"1";
"202000013211";"154 719 066";"A01";"1";"33";"0";"2";"1";"1";"1";
"202000013212";"154 719 063";"A01";"1";"7";"0";"9";"2";"2";"1";
"202000013212";"154 719 064";"B01";"1";"1";"0";"0";"4";"2";"5";
"202000013213";"154 719 061";"A01";"1";"7";"0";"2";"3";"13";"1";
"202000013213";"154 719 062";"B01";"2";"21";"0";"2";"3";"1";"1";
"202000013214";"154 719 059";"B01";"2";"10";"0";"0";"8";"1";"1";
"202000013214";"154 719 060";"A01";"1";"36";"0";"2";"1";"13";"1";
"202000013215";"154 719 058";"A01";"1";"7";"6";"0";"1";"14";"1";
"202000013216";"154 719 056";"B01";"1";"7";"0";"2";"1";"1";"1";
"202000013216";"154 719 057";"A01";"1";"7";"0";"2";"8";"19";"1";
"202000013217";"154 719 054";"B01";"2";"33";"0";"2";"3";"1";"1";
"202000013217";"154 719 055";"A01";"1";"33";"0";"2";"3";"1";"1";
"202000013218";"154 719 052";"A01";"1";"7";"1";"2";"1";"2";"0";
"202000013218";"154 719 053";"B01";"1";"7";"0";"0";"4";"0";"0";
"202000013219";"154 719 049";"C01";"2";"7";"0";"0";"4";"2";"0";
"202000013219";"154 719 050";"B01";"1";"7";"0";"2";"4";"2";"0";
"202000013219";"154 719 051";"A01";"2";"10";"0";"2";"2";"2";"0";
"202000013220";"154 719 047";"A01";"3";"99";"0";"2";"1";"1";"3";
"202000013220";"154 719 048";"B01";"3";"7";"0";"2";"4";"4";"1";
"202000013221";"154 719 046";"A01";"2";"7";"16";"0";"3";"1";"0";
"202000013222";"154 719 045";"A01";"1";"7";"13";"0";"1";"1";"1";
"202000013223";"154 719 042";"B01";"1";"7";"0";"2";"3";"1";"1";
"202000013223";"154 719 044";"A01";"2";"7";"0";"2";"3";"13";"1";
"202000013224";"154 719 041";"A01";"3";"7";"0";"2";"3";"1";"1";
"202000013224";"154 719 043";"B01";"3";"10";"0";"2";"3";"1";"1";
"202000013225";"154 719 037";"B01";"2";"15";"0";"2";"1";"15";"0";
"202000013225";"154 719 039";"A01";"1";"31";"0";"2";"8";"1";"0";
"202000013226";"154 719 036";"B01";"2";"31";"0";"2";"1";"0";"1";
"202000013226";"154 719 038";"C01";"2";"7";"0";"0";"8";"1";"1";
"202000013226";"154 719 040";"A01";"1";"7";"0";"2";"3";"13";"1";
"202000013227";"154 719 034";"A01";"3";"7";"0";"1";"1";"1";"1";
"202000013228";"154 719 033";"B01";"2";"33";"0";"2";"1";"1";"1";
"202000013228";"154 719 035";"A01";"2";"7";"0";"2";"4";"15";"1";
"202000013229";"154 719 029";"A01";"2";"7";"0";"0";"2";"1";"1";
"202000013229";"154 719 031";"B01";"2";"1";"0";"0";"4";"1";"5";
"202000013230";"154 719 028";"C01";"2";"7";"0";"2";"8";"1";"1";
"202000013230";"154 719 030";"A01";"1";"33";"0";"2";"3";"17";"1";
"202000013230";"154 719 032";"B01";"1";"7";"0";"2";"6";"1";"1";
"202000013231";"154 719 027";"A01";"2";"1";"0";"0";"0";"26";"5";
"202000013232";"154 719 025";"A01";"2";"1";"0";"0";"9";"1";"5";
"202000013233";"154 719 023";"B01";"3";"2";"0";"2";"1";"2";"1";
"202000013233";"154 719 026";"A01";"3";"2";"0";"2";"4";"2";"1";
"202000013234";"154 719 022";"A01";"0";"1";"0";"2";"0";"1";"5";
"202000013234";"154 719 024";"B01";"0";"7";"0";"9";"2";"2";"0";
"202000013235";"154 719 021";"A01";"2";"33";"0";"6";"1";"19";"1";
"202000013236";"154 719 020";"A01";"0";"7";"0";"0";"0";"1";"1";
"202000013237";"154 719 018";"A01";"3";"2";"13";"0";"1";"1";"1";
"202000013238";"154 719 017";"A01";"2";"15";"0";"2";"1";"2";"1";
"202000013238";"154 719 019";"B01";"2";"7";"0";"0";"4";"2";"1";
"202000013239";"154 719 015";"B01";"2";"7";"0";"2";"3";"19";"1";
"202000013239";"154 719 016";"A01";"1";"1";"0";"2";"1";"1";"5";
"202000013240";"154 719 012";"A01";"1";"3";"0";"1";"1";"1";"0";
"202000013241";"154 719 007";"B01";"1";"7";"0";"2";"7";"2";"1";
"202000013241";"154 719 008";"C01";"1";"7";"0";"2";"8";"2";"1";
"202000013241";"154 719 009";"A01";"1";"15";"0";"2";"8";"2";"1";
"202000013242";"154 719 010";"B01";"1";"1";"0";"0";"4";"1";"5";
"202000013242";"154 719 011";"A01";"1";"7";"0";"0";"2";"1";"1";
"202000013243";"154 719 005";"B01";"1";"17";"0";"2";"4";"2";"1";
"202000013243";"154 719 006";"A01";"1";"33";"0";"2";"1";"2";"1";
"202000013244";"154 719 001";"B01";"1";"7";"0";"2";"1";"1";"1";
"202000013244";"154 719 003";"A01";"1";"7";"0";"2";"4";"23";"1";
"202000013245";"154 719 000";"C01";"2";"7";"0";"2";"4";"2";"1";
"202000013245";"154 719 002";"B01";"2";"7";"0";"2";"4";"0";"1";
"202000013245";"154 719 004";"A01";"2";"10";"0";"2";"1";"1";"1";
"202000013246";"154 718 995";"A01";"2";"7";"0";"2";"3";"11";"1";
"202000013246";"154 718 996";"B01";"2";"33";"0";"2";"2";"3";"1";
"202000013246";"154 718 997";"C01";"2";"10";"0";"2";"4";"1";"1";
"202000013247";"154 718 998";"A01";"1";"2";"0";"2";"7";"15";"1";
"202000013247";"154 718 999";"B01";"2";"33";"0";"2";"1";"1";"1";
"202000013248";"154 718 993";"B01";"1";"33";"0";"2";"8";"3";"1";
"202000013248";"154 718 994";"A01";"1";"7";"0";"2";"7";"21";"1";
"202000013249";"154 718 991";"A01";"2";"33";"0";"2";"1";"17";"1";
"202000013249";"154 718 992";"B01";"2";"20";"0";"2";"3";"15";"1";
"202000013250";"154 718 989";"B01";"1";"7";"0";"2";"6";"1";"1";
"202000013250";"154 718 990";"A01";"1";"33";"0";"2";"2";"3";"1";
"202000013251";"154 718 986";"A01";"2";"7";"0";"0";"0";"1";"1";
"202000013252";"154 718 987";"A01";"3";"7";"0";"2";"8";"19";"1";
"202000013252";"154 718 988";"B01";"3";"33";"0";"2";"1";"1";"1";
"202000013253";"154 718 984";"A01";"2";"7";"0";"2";"1";"2";"1";
"202000013253";"154 718 985";"B01";"2";"7";"0";"2";"4";"2";"1";
"202000013254";"154 718 981";"B01";"2";"1";"0";"2";"4";"2";"5";
"202000013254";"154 718 983";"A01";"2";"7";"0";"2";"2";"2";"1";
"202000013255";"154 718 980";"A01";"1";"7";"1";"0";"1";"14";"0";
"202000013256";"154 718 978";"A01";"1";"7";"0";"2";"4";"1";"1";
"202000013256";"154 718 979";"B01";"1";"7";"0";"2";"1";"1";"1";
"202000013257";"154 718 976";"B01";"2";"7";"0";"2";"1";"21";"1";
"202000013257";"154 718 977";"A01";"2";"7";"0";"2";"7";"1";"1";
"202000013258";"154 718 974";"A01";"1";"7";"0";"2";"6";"1";"1";
"202000013258";"154 718 975";"B01";"1";"10";"0";"2";"2";"12";"1";
"202000013259";"154 718 971";"B01";"1";"7";"0";"2";"4";"2";"1";
"202000013259";"154 718 972";"C01";"1";"7";"0";"2";"4";"1";"2";
"202000013259";"154 718 982";"Z01";"1";"7";"0";"2";"1";"1";"0";
"202000013260";"154 718 969";"Z01";"0";"7";"0";"0";"0";"0";"0";
"202000013260";"154 718 973";"A01";"2";"7";"0";"2";"4";"2";"1";
"202000013261";"154 718 968";"B01";"1";"10";"0";"2";"1";"1";"1";
"202000013261";"154 718 970";"A01";"2";"7";"12";"2";"2";"1";"1";
"202000013262";"154 718 965";"B01";"1";"7";"0";"2";"1";"1";"1";
"202000013262";"154 718 967";"A01";"1";"10";"0";"2";"4";"1";"1";
"202000013263";"154 718 964";"B01";"1";"33";"0";"2";"1";"1";"1";
"202000013263";"154 718 966";"A01";"2";"7";"0";"2";"5";"15";"1";
"202000013264";"154 718 961";"B01";"0";"2";"1";"2";"8";"24";"1";
"202000013264";"154 718 963";"A01";"2";"15";"1";"0";"9";"1";"1";
"202000013265";"154 718 957";"B01";"2";"2";"0";"2";"1";"1";"1";
"202000013265";"154 718 958";"A01";"2";"7";"0";"2";"5";"15";"1";
"202000013266";"154 718 955";"A01";"1";"7";"0";"2";"8";"24";"1";
"202000013266";"154 718 956";"B01";"1";"1";"1";"0";"1";"1";"0";
"202000013267";"154 718 959";"B01";"2";"7";"0";"1";"1";"2";"1";
"202000013267";"154 718 960";"C01";"2";"7";"0";"2";"1";"2";"1";
"202000013268";"154 718 953";"A01";"1";"33";"0";"0";"9";"2";"1";
"202000013269";"154 718 952";"A01";"2";"32";"0";"2";"7";"2";"1";
"202000013269";"154 718 954";"B01";"2";"7";"0";"2";"0";"10";"0";
"202000013270";"154 718 949";"A01";"1";"7";"0";"2";"4";"2";"1";
"202000013270";"154 718 950";"B01";"1";"33";"0";"2";"4";"2";"1";
"202000013271";"154 718 948";"B01";"2";"7";"0";"2";"3";"24";"1";
"202000013271";"154 718 951";"A01";"2";"7";"1";"0";"2";"14";"1";
"202000013272";"154 718 943";"A01";"2";"7";"0";"2";"1";"19";"2";
"202000013272";"154 718 944";"B01";"1";"7";"0";"2";"5";"1";"1";
"202000013273";"154 718 941";"B01";"1";"7";"0";"2";"1";"1";"1";
"202000013273";"154 718 942";"A01";"1";"7";"0";"2";"6";"19";"1";
"202000013274";"154 718 945";"Z01";"2";"0";"0";"2";"0";"1";"0";
"202000013274";"154 718 946";"C01";"2";"7";"0";"2";"7";"1";"1";
"202000013274";"154 718 947";"B01";"2";"10";"0";"2";"4";"1";"1";
"202000013275";"154 718 939";"A01";"1";"7";"0";"0";"1";"13";"0";
"202000013276";"154 718 938";"B01";"2";"7";"0";"0";"0";"0";"1";
"202000013276";"154 718 940";"A01";"1";"42";"0";"0";"0";"26";"1";
"202000013277";"154 718 935";"B01";"1";"7";"0";"2";"7";"12";"1";
"202000013277";"154 718 937";"A01";"1";"32";"0";"2";"8";"3";"1";
"202000013278";"154 718 934";"B01";"3";"7";"0";"2";"6";"15";"1";
"202000013278";"154 718 936";"A01";"3";"2";"0";"2";"1";"2";"1";
"202000013279";"154 718 933";"A01";"1";"31";"0";"0";"9";"1";"1";
"202000013280";"154 718 931";"A01";"1";"7";"0";"1";"0";"1";"1";
"202000013281";"154 718 932";"A01";"1";"14";"0";"2";"1";"13";"1";
"202000013282";"154 718 929";"A01";"3";"30";"0";"2";"1";"26";"1";
"202000013282";"154 718 930";"B01";"1";"7";"0";"2";"6";"1";"1";
"202000013283";"154 718 926";"B01";"1";"7";"1";"0";"2";"1";"1";
"202000013283";"154 718 928";"A01";"2";"7";"0";"2";"6";"23";"1";
"202000013284";"154 718 925";"A01";"1";"7";"0";"2";"6";"15";"1";
"202000013284";"154 718 927";"B01";"1";"33";"0";"0";"7";"1";"1";
"202000013285";"154 718 923";"A01";"1";"33";"0";"2";"1";"18";"1";
"202000013285";"154 718 924";"B01";"1";"10";"0";"2";"6";"23";"1";
"202000013286";"154 718 921";"Z01";"3";"7";"0";"2";"0";"16";"0";
"202000013286";"154 718 922";"A01";"2";"30";"0";"2";"4";"11";"1";
"202000013287";"154 718 919";"A01";"2";"7";"6";"0";"1";"2";"1";
"202000013288";"154 718 915";"B01";"2";"33";"0";"2";"7";"1";"1";
"202000013288";"154 718 916";"A01";"2";"7";"0";"2";"8";"11";"1";
"202000013288";"154 718 917";"C01";"2";"7";"0";"2";"4";"2";"1";
"202000013289";"154 718 914";"A01";"1";"7";"0";"1";"1";"1";"1";
"202000013290";"154 718 912";"A01";"1";"7";"0";"0";"0";"2";"1";
"202000013290";"154 718 913";"B01";"2";"1";"0";"0";"0";"0";"5";
"202000013291";"154 718 910";"A01";"2";"7";"0";"2";"8";"10";"1";
"202000013291";"154 718 911";"B01";"2";"2";"0";"2";"1";"17";"1";
"202000013292";"154 718 909";"A01";"3";"7";"6";"0";"1";"26";"1";
"202000013293";"154 718 908";"A01";"2";"7";"0";"1";"3";"1";"1";
"202000013294";"154 718 904";"A01";"1";"7";"0";"2";"3";"15";"1";
"202000013294";"154 718 905";"B01";"1";"34";"0";"2";"1";"11";"1";
"202000013295";"154 718 906";"A01";"0";"7";"0";"2";"1";"9";"1";
"202000013295";"154 718 907";"B01";"0";"7";"1";"2";"9";"1";"1";
"202000013296";"154 718 901";"B01";"1";"7";"0";"2";"1";"15";"1";
"202000013296";"154 718 903";"A01";"2";"30";"0";"2";"1";"1";"1";
"202000013297";"154 718 900";"B01";"2";"7";"0";"2";"5";"1";"1";
"202000013297";"154 718 902";"A01";"2";"2";"0";"2";"3";"18";"1";
"202000013298";"154 718 898";"A01";"2";"30";"0";"2";"3";"13";"6";
"202000013298";"154 718 899";"B01";"2";"7";"0";"2";"3";"1";"0";
"202000013299";"154 718 897";"A01";"1";"34";"0";"0";"0";"0";"1";
"202000013300";"154 718 893";"B01";"1";"7";"0";"2";"1";"2";"0";
"202000013300";"154 718 895";"A01";"1";"1";"0";"2";"4";"1";"5";
"202000013301";"154 718 892";"A01";"2";"7";"0";"2";"1";"1";"1";
"202000013301";"154 718 894";"B01";"2";"7";"0";"2";"4";"1";"1";
"202000013301";"154 718 896";"C01";"2";"7";"0";"2";"4";"1";"3";
"202000013302";"154 718 890";"A01";"2";"7";"0";"2";"1";"2";"1";
"202000013302";"154 718 891";"B01";"2";"7";"0";"2";"4";"2";"1";
"202000013303";"154 718 888";"A01";"3";"10";"0";"2";"8";"15";"1";
"202000013303";"154 718 889";"B01";"3";"34";"0";"2";"1";"2";"1";
"202000013304";"154 718 885";"B01";"0";"7";"0";"2";"7";"1";"0";
"202000013304";"154 718 887";"A01";"2";"30";"0";"2";"1";"1";"1";
"202000013305";"154 718 884";"B01";"2";"1";"0";"2";"4";"1";"5";
"202000013305";"154 718 886";"Z01";"2";"7";"0";"9";"2";"7";"0";
"202000013306";"154 718 882";"A01";"2";"7";"8";"0";"1";"1";"1";
"202000013307";"154 718 881";"A01";"2";"7";"0";"2";"3";"15";"1";
"202000013307";"154 718 883";"B01";"2";"2";"0";"2";"1";"1";"1";
"202000013308";"154 718 880";"A01";"3";"2";"0";"0";"8";"13";"1";
"202000013309";"154 718 878";"A01";"2";"33";"13";"0";"0";"1";"1";
"202000013310";"154 718 877";"B01";"2";"33";"0";"2";"1";"13";"1";
"202000013310";"154 718 879";"A01";"2";"7";"0";"2";"8";"10";"1";
"202000013311";"154 718 876";"A01";"2";"7";"0";"0";"2";"1";"1";
"202000013312";"154 718 874";"B01";"3";"30";"0";"0";"0";"0";"1";
"202000013312";"154 718 875";"A01";"3";"7";"0";"2";"8";"26";"1";
"202000013313";"154 718 873";"A01";"1";"1";"12";"0";"1";"21";"5";
"202000013314";"154 718 871";"B01";"3";"32";"0";"2";"0";"0";"1";
"202000013314";"154 718 872";"A01";"3";"7";"0";"2";"1";"9";"1";
"202000013315";"154 718 867";"A01";"1";"7";"0";"2";"8";"1";"1";
"202000013315";"154 718 869";"B01";"1";"7";"0";"2";"1";"1";"1";
"202000013316";"154 718 868";"B01";"3";"1";"0";"0";"4";"2";"5";
"202000013316";"154 718 870";"A01";"2";"7";"0";"2";"2";"2";"2";
"202000013317";"154 718 864";"A01";"3";"7";"0";"2";"1";"9";"1";
"202000013317";"154 718 866";"B01";"3";"7";"0";"2";"7";"1";"1";
"202000013318";"154 718 865";"A01";"3";"30";"0";"0";"0";"1";"3";
"202000013319";"154 718 861";"A01";"2";"10";"0";"2";"3";"15";"1";
"202000013319";"154 718 863";"B01";"2";"1";"0";"2";"1";"1";"6";
"202000013320";"154 718 862";"A01";"2";"31";"0";"0";"1";"1";"1";
"202000013321";"154 718 860";"A01";"1";"33";"0";"1";"1";"25";"1";
"202000013322";"154 718 858";"B01";"1";"31";"0";"2";"7";"1";"1";
"202000013322";"154 718 859";"A01";"2";"7";"0";"2";"1";"1";"1";
"202000013323";"154 718 857";"A01";"2";"99";"0";"1";"8";"25";"5";
"202000013324";"154 718 856";"A01";"1";"34";"0";"1";"1";"17";"0";
"202000013325";"154 718 854";"A01";"1";"7";"0";"2";"6";"1";"1";
"202000013325";"154 718 855";"B01";"2";"33";"0";"2";"1";"2";"1";
"202000013326";"154 718 851";"A01";"1";"33";"0";"2";"2";"21";"1";
"202000013326";"154 718 852";"B01";"1";"7";"0";"2";"5";"1";"1";
"202000013327";"154 718 850";"A01";"3";"33";"8";"2";"1";"17";"1";
"202000013327";"154 718 853";"B01";"3";"7";"0";"2";"8";"15";"1";
"202000013328";"154 718 846";"B01";"1";"33";"13";"2";"8";"2";"1";
"202000013328";"154 718 848";"A01";"1";"7";"0";"2";"7";"17";"1";
"202000013329";"154 718 847";"A01";"2";"10";"8";"2";"8";"1";"1";
"202000013329";"154 718 849";"B01";"2";"10";"0";"2";"1";"1";"0";
"202000013330";"154 718 845";"A01";"3";"33";"12";"0";"1";"26";"1";
"202000013331";"154 718 842";"A01";"2";"7";"0";"2";"3";"15";"1";
"202000013331";"154 718 843";"B01";"1";"33";"0";"2";"1";"17";"1";
"202000013332";"154 718 841";"A01";"1";"7";"0";"2";"7";"1";"1";
"202000013332";"154 718 844";"B01";"1";"7";"0";"2";"1";"1";"1";
"202000013333";"154 718 839";"B01";"1";"33";"0";"2";"1";"1";"1";
"202000013333";"154 718 840";"A01";"2";"7";"0";"2";"2";"15";"1";
"202000013334";"154 718 838";"A01";"1";"7";"0";"1";"1";"1";"1";
"202000013335";"154 718 835";"A01";"2";"7";"0";"2";"1";"1";"1";
"202000013335";"154 718 836";"B01";"2";"7";"0";"2";"4";"1";"1";
"202000013336";"154 718 833";"A01";"1";"7";"0";"1";"1";"1";"1";
"202000013337";"154 718 834";"A01";"3";"34";"1";"0";"1";"1";"1";
"202000013338";"154 718 831";"A01";"2";"7";"14";"0";"1";"1";"1";
"202000013339";"154 718 830";"B01";"3";"2";"0";"2";"7";"9";"1";
"202000013339";"154 718 832";"A01";"3";"14";"0";"2";"1";"9";"1";
"202000013340";"154 718 827";"A01";"1";"7";"0";"2";"3";"5";"1";
"202000013340";"154 718 828";"B01";"2";"43";"0";"2";"3";"1";"3";
"202000013341";"154 718 826";"B01";"2";"7";"9";"2";"7";"1";"1";
"202000013341";"154 718 829";"A01";"1";"7";"0";"2";"1";"1";"1";
"202000013342";"154 718 823";"B01";"2";"34";"0";"2";"1";"1";"1";
"202000013342";"154 718 825";"A01";"2";"7";"0";"2";"3";"9";"1";
"202000013343";"154 718 822";"A01";"3";"1";"0";"2";"0";"0";"5";
"202000013343";"154 718 824";"B01";"3";"7";"0";"2";"3";"26";"1";
"202000013344";"154 718 820";"A01";"2";"7";"0";"2";"1";"15";"1";
"202000013344";"154 718 821";"B01";"1";"33";"0";"2";"1";"1";"1";
"202000013345";"154 718 818";"B01";"1";"7";"0";"2";"7";"16";"1";
"202000013345";"154 718 819";"A01";"2";"30";"0";"2";"1";"15";"1";
"202000013346";"154 718 817";"A01";"1";"1";"0";"1";"1";"1";"5";
"202000013347";"154 718 816";"A01";"1";"7";"0";"1";"1";"1";"1";
"202000013348";"154 718 814";"A01";"1";"7";"0";"2";"6";"2";"1";
"202000013348";"154 718 815";"B01";"1";"1";"0";"2";"1";"2";"5";
"202000013349";"154 718 813";"A01";"3";"1";"0";"1";"1";"1";"5";
"202000013350";"154 718 811";"B01";"1";"1";"0";"2";"0";"11";"5";
"202000013350";"154 718 812";"A01";"1";"7";"0";"2";"5";"1";"1";
"202000013351";"154 718 809";"A01";"1";"7";"0";"2";"3";"15";"1";
"202000013351";"154 718 810";"B01";"1";"30";"0";"2";"1";"1";"3";
"202000013352";"154 718 807";"B01";"1";"1";"0";"2";"1";"18";"5";
"202000013352";"154 718 808";"A01";"1";"1";"0";"2";"4";"14";"5";
"202000013353";"154 718 805";"A01";"2";"7";"0";"2";"1";"22";"1";
"202000013353";"154 718 806";"B01";"1";"1";"0";"2";"2";"25";"5";
"202000013354";"154 718 804";"A01";"2";"7";"1";"0";"2";"13";"1";
"202000013355";"154 718 803";"A01";"2";"50";"0";"0";"0";"1";"3";
"202000013356";"154 718 801";"B01";"1";"1";"0";"2";"1";"1";"5";
"202000013356";"154 718 802";"A01";"1";"7";"0";"2";"3";"15";"1";
"202000013357";"154 718 800";"A01";"3";"80";"0";"0";"1";"1";"3";
"202000013358";"154 718 798";"A01";"2";"37";"0";"2";"3";"16";"2";"1"
"202000013358";"154 718 799";"B01";"1";"1";"0";"2";"1";"1";"5";
"202000013359";"154 718 796";"A01";"1";"7";"0";"2";"4";"13";"0";
"202000013359";"154 718 797";"B01";"1";"34";"0";"2";"1";"1";"0";
"202000013360";"154 718 794";"B01";"1";"7";"0";"2";"3";"15";"1";
"202000013360";"154 718 795";"A01";"1";"33";"0";"2";"1";"2";"1";
"202000013361";"154 718 792";"A01";"3";"7";"0";"2";"1";"1";"1";
"202000013361";"154 718 793";"B01";" -1";"1";"0";"2";"1";" -1";" -1";
"202000013362";"154 718 790";"A01";"2";"7";"1";"2";"2";"16";"0";
"202000013362";"154 718 791";"B01";"2";"7";"1";"2";"1";"1";"0";
"202000013363";"154 718 788";"B01";"2";"30";"0";"2";"1";"23";"1";
"202000013363";"154 718 789";"Z01";"1";"7";"0";"2";"1";"16";"1";
"202000013364";"154 718 787";"A01";" -1";"7";"9";"0";"1";"9";"0";
"202000013365";"154 718 785";"B01";"2";"7";"0";"2";"4";"1";"1";
"202000013365";"154 718 786";"A01";"2";"7";"0";"2";"1";"2";"1";
"202000013366";"154 718 784";"A01";"3";"30";"12";"0";"2";"16";"1";
"202000013367";"154 718 783";"A01";"2";"7";"0";"1";"3";"1";"1";
"202000013368";"154 718 781";"A01";"1";"7";"0";"0";"4";"1";"0";
"202000013368";"154 718 782";"B01";"1";"2";"0";"2";"1";"1";"0";
"202000013369";"154 718 780";"Z01";"2";"7";"0";"1";"0";"0";"1";
"202000013370";"154 718 778";"A01";"2";"33";"0";"2";"1";"1";"1";
"202000013370";"154 718 779";"B01";"0";"7";"0";"2";"3";"15";"1";
"202000013371";"154 718 777";"A01";"1";"7";"8";"0";"1";"14";"1";
"202000013372";"154 718 775";"A01";"1";"33";"0";"0";"3";"1";"1";
"202000013372";"154 718 776";"B01";"2";"7";"0";"0";"0";"15";"1";
"202000013373";"154 718 774";"A01";"1";"33";"6";"0";"3";"1";"1";
"202000013374";"154 718 772";"A01";"2";"7";"0";"2";"2";"1";"1";
"202000013374";"154 718 773";"B01";"1";"7";"0";"2";"2";"1";"1";
"202000013375";"154 718 770";"B01";"0";"7";"0";"2";"1";"1";"0";
"202000013375";"154 718 771";"A01";"0";"7";"0";"2";"3";"5";"0";
"202000013376";"154 718 769";"A01";"0";"33";"16";"0";"0";"0";"0";
"202000013377";"154 718 768";"A01";"2";"7";"13";"0";"2";"17";"1";
"202000013378";"154 718 766";"A01";"3";"2";"8";"0";"1";"1";"1";
"202000013378";"154 718 767";"B01";"1";"7";"0";"2";"4";"2";" -1";
"202000013379";"154 718 764";"B01";"2";"1";"0";"0";"6";"1";"5";
"202000013379";"154 718 765";"A01";"2";"10";"0";"2";"2";"1";"1";
"202000013380";"154 718 762";"A01";"3";"7";"0";"2";"1";"1";"1";
"202000013380";"154 718 763";"B01";"3";"7";"0";"2";"1";"1";"1";
"202000013381";"154 718 760";"B01";"1";"7";"0";"2";"5";"17";"1";
"202000013381";"154 718 761";"A01";"1";"2";"0";"2";"8";"13";"0";
"202000013382";"154 718 758";"B01";"1";"7";"0";"2";"1";"2";"0";
"202000013382";"154 718 759";"A01";"1";"31";"0";"0";"4";"1";"1";
"202000013383";"154 718 756";"A01";"1";"32";"0";"2";"7";"17";"1";
"202000013383";"154 718 757";"B01";"1";"13";"0";"2";"8";"16";"1";
"202000013384";"154 718 754";"A01";"2";"7";"0";"0";"6";"26";"6";
"202000013384";"154 718 755";"B01";"1";"33";"0";"2";"1";"1";"0";
"202000013385";"154 718 753";"A01";"3";"33";"0";"0";"0";"1";"1";
"202000013386";"154 718 751";"A01";"3";"7";"0";"2";"5";"16";"1";
"202000013386";"154 718 752";"B01";"3";"1";"0";"2";"3";"1";"5";
"202000013387";"154 718 750";"A01";"2";"7";"14";"0";"2";"2";"1";
"202000013388";"154 718 749";"A01";"2";"21";"17";"0";"2";"1";"1";
"202000013389";"154 718 747";"B01";"1";"7";"0";"2";"8";"9";"1";
"202000013389";"154 718 748";"A01";"1";"32";"0";"0";"7";"1";"1";
"202000013390";"154 718 746";"A01";"2";"21";"0";"0";"0";"15";"1";
"202000013391";"154 718 745";"A01";"3";"30";"16";"0";"0";"14";"1";
"202000013392";"154 718 743";"A01";"1";"33";"0";"0";"0";"2";"1";
"202000013393";"154 718 741";"B01";"2";"60";"0";"2";"1";"1";"5";
"202000013393";"154 718 742";"A01";"1";"7";"0";"2";"3";"15";"1";
"202000013394";"154 718 740";"A01";"1";"80";"0";"0";"1";"1";"3";
"202000013395";"154 718 739";"A01";"2";"7";"0";"1";"0";"0";"0";
"202000013396";"154 718 737";"B01";"1";"33";"0";"2";"1";"1";"0";
"202000013396";"154 718 738";"A01";"2";"7";"0";"2";"2";"15";"0";
"202000013397";"154 718 733";"A01";"0";"10";"0";"0";"0";"0";"0";
"202000013398";"154 718 730";"C01";"1";"7";"0";"2";"2";"23";"1";
"202000013398";"154 718 731";"B01";"2";"7";"0";"2";"3";"1";"1";
"202000013398";"154 718 732";"A01";"1";"7";"0";"2";"3";"15";"1";
"202000013399";"154 718 729";"A01";"1";"7";"2";"0";"8";"26";"1";
"202000013400";"154 718 727";"A01";"1";"7";"2";"0";"1";"14";"1";
"202000013401";"154 718 725";"A01";"1";"7";"0";"2";"5";"26";"1";
"202000013401";"154 718 726";"B01";"2";"7";"0";"2";"1";"26";"1";
"202000013402";"154 718 723";"B01";"1";"33";"0";"2";"1";"3";"1";
"202000013402";"154 718 724";"A01";"2";"7";"0";"2";"3";"1";"1";
"202000013403";"154 718 722";"A01";"0";"33";"16";"0";"1";"14";"1";
"202000013404";"154 718 720";"B01";"2";"7";"0";"2";"3";"1";"1";
"202000013404";"154 718 721";"A01";"1";"7";"0";"2";"3";"13";"1";
"202000013405";"154 718 719";"A01";"1";"7";"6";"0";"2";"1";"1";
"202000013406";"154 718 718";"A01";"2";"33";"1";"0";"1";"1";"1";
"202000013407";"154 718 717";"A01";"1";"33";"0";"0";"0";"1";"1";
"202000013408";"154 718 716";"A01";"2";"7";"13";"0";"1";"13";"1";
"202000013409";"154 718 714";"A01";"2";"7";"0";"2";"2";"17";"1";
"202000013409";"154 718 715";"B01";"2";"1";"0";"2";"4";"2";"5";
"202000013410";"154 718 713";"A01";"2";"7";"0";"1";"1";"1";"1";