"Num_Acc";"id_vehicule";"num_veh";"senc";"catv";"obs";"obsm";"choc";"manv";"motor";"occutc"
"202000013411";"154 718 711";"A01";"1";"7";"0";"2";"2";"1";"1";
"202000013411";"154 718 712";"B01";"1";"7";"0";"2";"1";"1";"1";
"202000013412";"154 718 710";"A01";"2";"7";"2";"0";"9";"1";"1";
"202000013413";"154 718 708";"A01";"1";"7";"0";"2";"1";"15";"1";
"202000013413";"154 718 709";"B01";"2";"1";"0";"2";"8";"1";"5";
"202000013414";"154 718 707";"A01";"1";"7";"5";"0";"0";"1";"1";
"202000013415";"154 718 705";"B01";"1";"7";"0";"2";"7";"1";"1";
"202000013415";"154 718 706";"A01";"1";"1";"0";"2";"1";"1";"5";
"202000013416";"154 718 703";"B01";"2";"1";"0";"2";"1";"1";"5";
"202000013416";"154 718 704";"A01";"1";"7";"0";"2";"6";"15";"1";
"202000013417";"154 718 702";"A01";"1";"7";"0";"0";"9";"1";"1";
"202000013418";"154 718 701";"A01";"2";"7";"13";"0";"1";"2";"1";
"202000013419";"154 718 700";"A01";"3";"7";"16";"9";"0";"26";"1";
"202000013420";"154 718 699";"A01";"3";"2";"0";"0";"0";"2";"0";
"202000013421";"154 718 698";"A01";"2";"33";"17";"0";"1";"1";"1";
"202000013422";"154 718 697";"A01";"1";"7";"2";"0";"1";"2";"1";
"202000013423";"154 718 696";"A01";"1";"7";"0";"1";"0";"1";"1";
"202000013424";"154 718 694";"A01";"2";"32";"0";"2";"1";"17";"1";
"202000013424";"154 718 695";"B01";"2";"33";"0";"2";"1";"1";"1";
"202000013425";"154 718 692";"B01";"2";"7";"0";"2";"1";"0";"1";
"202000013425";"154 718 693";"A01";"2";"1";"0";"2";"4";"1";"5";
"202000013426";"154 718 690";"A01";"3";"7";"0";"2";"1";"16";"1";
"202000013426";"154 718 691";"B01";"3";"7";"0";"2";"3";"23";"1";
"202000013427";"154 718 689";"A01";"2";"33";"13";"0";"9";"1";"1";
"202000013428";"154 718 687";"B01";"2";"33";"0";"2";"1";"1";"1";
"202000013428";"154 718 688";"A01";"3";"31";"0";"2";"3";"19";"1";
"202000013429";"154 718 684";"B01";"3";"7";"13";"0";"1";"17";"1";
"202000013429";"154 718 685";"A01";"3";"7";"0";"0";"1";"1";"1";
"202000013430";"154 718 683";"A01";"1";"99";"13";"0";"1";"26";"5";
"202000013431";"154 718 681";"A01";"1";"7";"0";"2";"3";"13";"1";
"202000013431";"154 718 682";"B01";"2";"7";"0";"2";"3";"1";"1";
"202000013432";"154 718 680";"A01";"0";"7";"13";"0";"1";"0";"1";
"202000013433";"154 718 679";"A01";"2";"1";"14";"9";"1";"1";"5";
"202000013434";"154 718 677";"B01";"2";"7";"0";"2";"1";"1";"1";
"202000013434";"154 718 678";"A01";"1";"7";"0";"2";"1";"6";"1";
"202000013435";"154 718 675";"A01";"3";"7";"2";"0";"2";"0";"1";
"202000013436";"154 718 673";"B01";"3";"33";"0";"2";"8";"1";"1";
"202000013436";"154 718 674";"A01";"3";"7";"0";"2";"3";"15";"1";
"202000013437";"154 718 671";"A01";"1";"7";"0";"2";"7";"10";"1";
"202000013437";"154 718 672";"B01";"2";"33";"0";"2";"1";"1";"1";
"202000013438";"154 718 670";"A01";"2";"33";"8";"0";"1";"1";"1";
"202000013439";"154 718 668";"B01";"1";"15";"0";"0";"5";"2";"1";
"202000013439";"154 718 669";"A01";"1";"15";"0";"2";"3";"2";"1";
"202000013440";"154 718 666";"B01";"1";"16";"0";"0";"0";"2";"1";
"202000013440";"154 718 667";"A01";"1";"7";"4";"2";"2";"2";"1";
"202000013441";"154 718 664";"A01";"1";"33";"0";"2";"7";"1";"1";
"202000013441";"154 718 665";"B01";"1";"7";"0";"2";"8";"11";"1";
"202000013442";"154 718 662";"A01";"1";"7";"3";"2";"4";"2";"1";
"202000013442";"154 718 663";"B01";"1";"7";"3";"2";"1";"2";"1";
"202000013443";"154 718 660";"B01";"1";"38";"0";"2";"7";"12";"1";"1"
"202000013443";"154 718 661";"A01";"1";"7";"0";"2";"8";"1";"1";
"202000013444";"154 718 659";"A01";"1";"7";"4";"0";"2";"21";"1";
"202000013445";"154 718 657";"B01";"1";"7";"3";"2";"1";"2";"1";
"202000013445";"154 718 658";"A01";"1";"7";"3";"2";"4";"2";"1";
"202000013446";"154 718 654";"A01";"2";"7";"0";"2";"8";"11";"1";
"202000013446";"154 718 655";"B01";"2";"33";"0";"2";"7";"3";"1";
"202000013446";"154 718 656";"C01";"2";"7";"0";"2";"4";"1";"1";
"202000013447";"154 718 652";"A01";"2";"7";"0";"2";"1";"2";"1";
"202000013447";"154 718 653";"B01";"2";"7";"0";"2";"4";"2";"1";
"202000013448";"154 718 650";"B01";"1";"7";"0";"0";"4";"1";"1";
"202000013448";"154 718 651";"A01";"1";"7";"0";"2";"1";"1";"1";
"202000013449";"154 718 649";"A01";"2";"7";"4";"0";"1";"21";"1";
"202000013450";"154 718 647";"B01";"1";"7";"0";"2";"1";"1";"1";
"202000013450";"154 718 648";"A01";"1";"7";"0";"2";"4";"9";"1";
"202000013451";"154 718 645";"Z01";"2";"0";"0";"2";"0";"0";"0";
"202000013451";"154 718 646";"A01";"2";"32";"0";"2";"2";"1";"1";
"202000013452";"154 718 643";"A01";"1";"33";"0";"2";"1";"3";"1";
"202000013452";"154 718 644";"B01";"2";"7";"0";"2";"5";"1";"1";
"202000013453";"154 718 640";"A01";"1";"7";"0";"2";"1";"2";"6";
"202000013453";"154 718 641";"B01";"1";"7";"0";"2";"4";"2";"1";
"202000013453";"154 718 642";"C01";"1";"7";"0";"2";"4";"2";"0";
"202000013454";"154 718 638";"A01";"2";"33";"0";"2";"1";"2";"1";
"202000013454";"154 718 639";"B01";"2";"7";"0";"2";"4";"2";"1";
"202000013455";"154 718 637";"A01";"1";"7";"4";"0";"1";"14";"1";
"202000013456";"154 718 635";"A01";"2";"7";"0";"2";"2";"14";"1";
"202000013456";"154 718 636";"B01";"2";"7";"4";"2";"4";"1";"1";
"202000013457";"154 718 632";"A01";"1";"10";"0";"0";"6";"21";"1";
"202000013457";"154 718 633";"B01";"1";"33";"0";"2";"2";"3";"1";
"202000013457";"154 718 634";"C01";"1";"7";"0";"2";"2";"1";"1";
"202000013458";"154 718 631";"A01";"1";"33";"4";"0";"1";"15";"1";
"202000013459";"154 718 629";"A01";"1";"7";"0";"2";"4";"12";"2";
"202000013459";"154 718 630";"B01";"1";"32";"0";"2";"1";"1";"1";
"202000013460";"154 718 627";"A01";"2";"7";"0";"2";"4";"23";"0";
"202000013460";"154 718 628";"B01";"2";"7";"0";"2";"1";"0";"0";
"202000013461";"154 718 625";"A01";"2";"7";"0";"2";"6";"12";"1";
"202000013461";"154 718 626";"B01";"2";"33";"0";"2";"1";"3";"1";
"202000013462";"154 718 622";"C01";"1";"7";"0";"2";"4";"1";"1";
"202000013462";"154 718 623";"A01";"1";"33";"0";"2";"7";"3";"1";
"202000013462";"154 718 624";"B01";"1";"7";"0";"2";"8";"11";"1";
"202000013463";"154 718 621";"A01";"3";"0";"0";"1";"0";"26";"0";
"202000013464";"154 718 619";"A01";"2";"30";"0";"2";"1";"26";"1";
"202000013464";"154 718 620";"B01";"2";"7";"0";"2";"4";"1";"1";
"202000013465";"154 718 618";"A01";"2";"33";"9";"0";"1";"2";"1";
"202000013466";"154 718 616";"B01";"1";"7";"0";"2";"7";"1";"1";
"202000013466";"154 718 617";"A01";"1";"2";"0";"2";"1";"10";"1";
"202000013467";"154 718 614";"B01";"3";"7";"0";"2";"8";"1";"1";
"202000013467";"154 718 615";"A01";"2";"7";"0";"2";"1";"1";"1";
"202000013468";"154 718 612";"A01";"1";"7";"0";"2";"1";"16";"1";
"202000013468";"154 718 613";"B01";"1";"1";"0";"2";"7";"1";"5";
"202000013469";"154 718 611";"A01";"1";"2";"0";"1";"1";"1";"1";
"202000013470";"154 718 609";"A01";"3";"7";"0";"2";"1";"9";"1";
"202000013470";"154 718 610";"B01";"0";"7";"0";"2";"7";"1";"1";
"202000013471";"154 718 608";"A01";"1";"33";"10";"0";"1";"1";"1";
"202000013472";"154 718 606";"A01";"1";"7";"0";"2";"2";"1";"0";
"202000013472";"154 718 607";"B01";"1";"1";"0";"2";"8";"19";"5";
"202000013473";"154 718 605";"A01";"1";"7";"0";"1";"0";"16";"0";
"202000013474";"154 718 604";"A01";"1";"33";"0";"2";"0";"1";"1";
"202000013475";"154 718 602";"B01";"1";"33";"0";"2";"8";"1";"1";
"202000013475";"154 718 603";"A01";"2";"10";"0";"2";"7";"16";"1";
"202000013476";"154 718 601";"A01";"2";"7";"13";"0";"9";"14";"1";
"202000013477";"154 718 599";"B01";"2";"7";"0";"0";"6";"0";"1";
"202000013477";"154 718 600";"A01";"2";"10";"0";"2";"2";"1";"1";
"202000013478";"154 718 598";"A01";"1";"7";"3";"0";"1";"2";"1";
"202000013479";"154 718 595";"B01";"1";"34";"4";"2";"2";"17";"1";
"202000013479";"154 718 596";"A01";"1";"7";"0";"2";"6";"2";"1";
"202000013479";"154 718 597";"C01";"1";"7";"0";"2";"1";"1";"1";
"202000013480";"154 718 593";"A01";"2";"33";"1";"0";"1";"14";"0";
"202000013480";"154 718 594";"B01";"0";"15";"0";"0";"4";"24";"6";
"202000013481";"154 718 591";"B01";"2";"33";"0";"0";"4";"23";"6";
"202000013481";"154 718 592";"A01";"2";"33";"0";"2";"1";"21";"6";
"202000013482";"154 718 588";"C01";"1";"7";"0";"0";"0";"15";"1";
"202000013482";"154 718 589";"A01";"2";"7";"0";"2";"1";"14";"1";
"202000013482";"154 718 590";"B01";"3";"7";"0";"0";"8";"23";"1";
"202000013483";"154 718 586";"A01";"1";"1";"0";"2";"6";"10";"5";
"202000013483";"154 718 587";"B01";"1";"7";"0";"2";"2";"17";"1";
"202000013484";"154 718 584";"A01";"3";"7";"0";"2";"3";"9";"1";
"202000013484";"154 718 585";"B01";"3";"31";"0";"2";"7";"26";"1";
"202000013485";"154 718 581";"B01";"1";"7";"13";"2";"3";"1";"1";
"202000013485";"154 718 582";"A01";"2";"7";"3";"2";"3";"13";"1";
"202000013486";"154 718 576";"B01";"0";"7";"1";"2";"4";"1";"1";
"202000013486";"154 718 577";"A01";"0";"37";"0";"2";"2";"1";"1";"1"
"202000013487";"154 718 573";"B01";"1";"7";"0";"2";"4";"1";"1";
"202000013487";"154 718 574";"C01";"1";"7";"0";"2";"1";"1";"1";
"202000013487";"154 718 575";"A01";"2";"10";"0";"2";"4";"1";"1";
"202000013488";"154 718 570";"C01";"2";"7";"0";"2";"1";"2";"1";
"202000013488";"154 718 571";"B01";"2";"7";"0";"2";"1";"2";"1";
"202000013488";"154 718 572";"A01";"2";"10";"0";"2";"4";"1";"1";
"202000013489";"154 718 568";"B01";"2";"7";"0";"2";"6";"11";"1";
"202000013489";"154 718 569";"A01";"2";"7";"0";"2";"2";"1";"1";
"202000013490";"154 718 566";"B01";"2";"7";"0";"2";"6";"1";"1";
"202000013490";"154 718 567";"A01";"2";"15";"0";"2";"2";"12";"1";
"202000013491";"154 718 564";"B01";"2";"7";"0";"2";"6";"1";"1";
"202000013491";"154 718 565";"A01";"2";"17";"0";"2";"0";"14";"1";
"202000013492";"154 718 561";"A01";"1";"7";"0";"2";"6";"1";"1";
"202000013492";"154 718 562";"B01";"1";"7";"0";"2";"4";"1";"1";
"202000013492";"154 718 563";"C01";"1";"7";"0";"2";"1";"1";"1";
"202000013493";"154 718 559";"B01";"2";"7";"0";"2";"5";"2";"1";
"202000013493";"154 718 560";"A01";"2";"7";"3";"2";"3";"18";"1";
"202000013494";"154 718 558";"A01";"2";"34";"3";"0";"7";"1";"1";
"202000013495";"154 718 556";"B01";"1";"7";"0";"2";"4";"1";"1";
"202000013495";"154 718 557";"A01";"1";"7";"0";"2";"2";"2";"1";
"202000013496";"154 718 554";"A01";"2";"7";"4";"2";"1";"1";"1";
"202000013496";"154 718 555";"B01";"2";"7";"3";"2";"4";"2";"0";
"202000013497";"154 718 551";"A01";"2";"15";"0";"2";"1";"1";"1";
"202000013497";"154 718 552";"B01";"2";"15";"0";"2";"4";"1";"1";
"202000013497";"154 718 553";"C01";"2";"15";"0";"2";"1";"1";"1";
"202000013498";"154 718 549";"A01";"2";"32";"0";"2";"8";"9";"1";
"202000013498";"154 718 550";"B01";"2";"17";"0";"2";"7";"1";"1";
"202000013499";"154 718 545";"A01";"1";"10";"8";"2";"2";"16";"1";
"202000013499";"154 718 546";"B01";"1";"7";"0";"2";"5";"2";"1";
"202000013500";"154 718 544";"A01";"1";"7";"0";"1";"2";"1";"1";
"202000013501";"154 718 543";"A01";"2";"7";"0";"1";"2";"1";"1";
"202000013502";"154 718 541";"A01";"1";"7";"0";"2";"1";"26";"1";
"202000013502";"154 718 542";"B01";"1";"99";"0";"2";"4";"2";"1";
"202000013503";"154 718 539";"A01";"3";"7";"15";"2";"1";"1";"1";
"202000013503";"154 718 540";"B01";"3";"7";"0";"2";"7";"1";"1";
"202000013504";"154 718 536";"A01";"2";"7";"0";"2";"1";"15";"1";
"202000013504";"154 718 537";"B01";"1";"7";"0";"2";"3";"1";"1";
"202000013504";"154 718 538";"C01";"2";"2";"0";"2";"1";"1";"1";
"202000013505";"154 718 535";"A01";"1";"40";"0";"1";"1";"19";"0";
"202000013506";"154 718 534";"A01";"1";"7";"8";"0";"9";"1";"1";
"202000013507";"154 718 532";"B01";"3";"1";"0";"2";"1";"16";"5";
"202000013507";"154 718 533";"A01";"3";"7";"1";"2";"3";"1";"1";
"202000013508";"154 718 530";"A01";"2";"7";"0";"2";"7";"14";"1";
"202000013508";"154 718 531";"B01";"2";"2";"0";"2";"8";"1";"1";
"202000013509";"154 718 529";"A01";"1";"32";"0";"1";"1";"1";"1";
"202000013510";"154 718 527";"A01";"0";"3";"16";"2";"8";"26";"1";
"202000013510";"154 718 528";"B01";"0";"37";"0";"2";"1";"1";"1";"1"
"202000013511";"154 718 525";"A01";"1";"10";"0";"2";"3";"26";"1";
"202000013511";"154 718 526";"B01";"1";"7";"0";"2";"3";"1";"1";
"202000013512";"154 718 524";"A01";"3";"32";"14";"0";"2";"26";"1";
"202000013513";"154 718 522";"A01";"1";"7";"0";"2";"2";"9";"1";
"202000013513";"154 718 523";"B01";"2";"2";"0";"2";"1";"1";"1";
"202000013514";"154 718 520";"B01";"2";"30";"0";"2";"0";"0";"1";
"202000013514";"154 718 521";"A01";"2";"7";"0";"9";"8";"15";"1";
"202000013515";"154 718 518";"B01";"2";"7";"0";"2";"8";"1";"1";
"202000013515";"154 718 519";"A01";"1";"10";"0";"2";"3";"16";"1";
"202000013516";"154 718 516";"A01";"1";"7";"0";"2";"1";"13";"1";
"202000013516";"154 718 517";"B01";"2";"7";"0";"2";"1";"1";"1";
"202000013517";"154 718 514";"B01";"1";"30";"0";"2";"2";"1";"1";
"202000013517";"154 718 515";"A01";"1";"2";"0";"2";"3";"19";"1";
"202000013518";"154 718 512";"A01";"1";"7";"0";"2";"2";"14";"1";
"202000013518";"154 718 513";"B01";"1";"10";"0";"0";"6";"23";"1";
"202000013519";"154 718 511";"A01";"1";"33";"6";"0";"0";"26";"1";
"202000013520";"154 718 509";"A01";"3";"30";"0";"2";"1";"15";"1";
"202000013520";"154 718 510";"B01";"1";"7";"0";"2";"3";"2";"1";
"202000013521";"154 718 507";"B01";"0";"30";"0";"2";"1";"1";"1";
"202000013521";"154 718 508";"A01";"0";"7";"0";"2";"7";"15";"1";
"202000013522";"154 718 505";"B01";"2";"1";"1";"0";"2";"1";"5";
"202000013522";"154 718 506";"A01";"2";"7";"0";"2";"0";"23";"1";
"202000013523";"154 718 504";"A01";"1";"7";"5";"0";"1";"1";"1";
"202000013524";"154 718 501";"C01";"1";"7";"0";"2";"1";"1";"1";
"202000013524";"154 718 502";"B01";"1";"7";"0";"2";"4";"1";"1";
"202000013524";"154 718 503";"A01";"1";"7";"0";"2";"1";"1";"1";
"202000013525";"154 718 500";"A01";"3";"7";"0";"1";"3";"18";"1";
"202000013526";"154 718 498";"A01";"1";"7";"0";"9";"7";"1";"1";
"202000013526";"154 718 499";"B01";"1";"1";"0";"2";"1";"19";"5";
"202000013527";"154 718 496";"B01";"2";"1";"0";"2";"7";"15";"0";
"202000013527";"154 718 497";"A01";"1";"10";"0";"9";"2";"15";"1";
"202000013528";"154 718 494";"B01";"1";"1";"0";"2";"8";"13";"1";
"202000013528";"154 718 495";"A01";"1";"7";"0";"2";"1";"17";"1";
"202000013529";"154 718 492";"A01";"1";"7";"0";"2";"2";"15";"1";
"202000013529";"154 718 493";"B01";"2";"1";"0";"2";"1";"19";"5";
"202000013530";"154 718 490";"B01";"1";"7";"0";"2";"3";"1";"1";
"202000013530";"154 718 491";"A01";"1";"7";"0";"2";"1";"1";"1";
"202000013531";"154 718 488";"B01";"1";"7";"0";"2";"2";"1";"1";
"202000013531";"154 718 489";"A01";"2";"7";"0";"2";"2";"13";"1";
"202000013532";"154 718 486";"A01";"1";"1";"0";"2";"1";"1";"5";
"202000013532";"154 718 487";"B01";"1";"10";"0";"2";"1";"1";"0";
"202000013533";"154 718 485";"A01";"1";"7";"2";"0";"1";"1";"1";
"202000013534";"154 718 484";"A01";"3";"7";"1";"1";"3";"17";"1";
"202000013535";"154 718 483";"A01";"0";"7";"8";"1";"1";"0";"1";
"202000013536";"154 718 482";"A01";"2";"3";"8";"0";"1";"0";"1";
"202000013537";"154 718 480";"A01";"2";"7";"0";"2";"1";"13";"1";
"202000013537";"154 718 481";"B01";"1";"7";"0";"2";"1";"1";"1";
"202000013538";"154 718 478";"A01";"1";"50";"0";"2";"1";"25";"3";
"202000013538";"154 718 479";"B01";"1";"7";"0";"2";"0";"0";"1";
"202000013539";"154 718 476";"B01";"1";"7";"0";"2";"4";"17";"1";
"202000013539";"154 718 477";"A01";"1";"7";"0";"2";"4";"17";"1";
"202000013540";"154 718 474";"B01";"1";"1";"0";"2";"7";"0";"5";
"202000013540";"154 718 475";"A01";"1";"7";"0";"2";"3";"9";"1";
"202000013541";"154 718 470";"D01";"1";"7";"0";"2";"6";"0";"1";
"202000013541";"154 718 471";"B01";"1";"7";"0";"2";"6";"0";"1";
"202000013541";"154 718 472";"A01";"1";"36";"0";"2";"1";"2";"1";
"202000013541";"154 718 473";"C01";"1";"7";"0";"2";"6";"0";"1";
"202000013542";"154 718 468";"B01";"1";"33";"0";"0";"0";"0";"1";
"202000013542";"154 718 469";"A01";"2";"7";"0";"0";"0";"15";"1";
"202000013543";"154 718 467";"A01";"0";"7";"0";"1";"3";"1";"1";
"202000013544";"154 718 466";"A01";"2";"33";"2";"0";"0";"1";"1";
"202000013545";"154 718 464";"A01";"0";"7";"0";"2";"2";"15";"1";
"202000013545";"154 718 465";"B01";"0";"33";"0";"2";"1";"1";"1";
"202000013546";"154 718 462";"A01";"1";"99";"0";"2";"8";"15";"1";
"202000013546";"154 718 463";"B01";"1";"30";"0";"2";"1";"1";"1";
"202000013547";"154 718 460";"B01";"3";"31";"0";"2";"1";"1";"1";
"202000013547";"154 718 461";"A01";"3";"7";"0";"2";"1";"15";"1";
"202000013548";"154 718 457";"A01";"3";"7";"0";"2";"1";"1";"1";
"202000013548";"154 718 458";"B01";"3";"7";"0";"2";"4";"1";"1";
"202000013548";"154 718 459";"C01";"3";"7";"0";"2";"5";"1";"1";
"202000013549";"154 718 456";"A01";"3";"7";"12";"0";"1";"1";"1";
"202000013550";"154 718 454";"B01";"2";"7";"0";"2";"2";"2";"1";
"202000013550";"154 718 455";"A01";"2";"7";"0";"2";"6";"23";"1";
"202000013551";"154 718 452";"B01";"1";"7";"0";"2";"6";"2";"1";
"202000013551";"154 718 453";"A01";"1";"7";"0";"2";"1";"2";"1";
"202000013552";"154 718 449";"C01";"2";"7";"0";"2";"4";"1";"1";
"202000013552";"154 718 450";"A01";"2";"7";"0";"2";"1";"1";"1";
"202000013552";"154 718 451";"B01";"2";"7";"0";"2";"4";"1";"1";
"202000013553";"154 718 448";"A01";"2";"30";"12";"0";"1";"14";"1";
"202000013554";"154 718 447";"A01";"2";"7";"2";"0";"1";"14";"1";
"202000013555";"154 718 445";"A01";"2";"7";"0";"2";"2";"1";"1";
"202000013555";"154 718 446";"B01";"2";"1";"0";"2";"8";"19";"5";
"202000013556";"154 718 443";"B01";"0";"7";"0";"2";"3";"15";"1";
"202000013556";"154 718 444";"A01";"0";"2";"0";"2";"1";"1";"1";
"202000013557";"154 718 441";"A01";"3";"7";"1";"1";"2";"1";"1";
"202000013557";"154 718 442";"B01";"3";"7";"0";"0";"7";"24";"1";
"202000013558";"154 718 439";"B01";"1";"7";"0";"2";"1";"2";"0";
"202000013558";"154 718 440";"A01";"2";"10";"0";"2";"3";"13";"0";
"202000013559";"154 718 437";"B01";"1";"7";"0";"2";"0";"0";"1";
"202000013559";"154 718 438";"A01";"1";"7";"0";"2";"8";"15";"1";
"202000013560";"154 718 435";"B01";"1";"7";"1";"2";"7";"24";"0";
"202000013560";"154 718 436";"A01";"1";"7";"1";"0";"2";"19";"0";
"202000013561";"154 718 434";"A01";"1";"7";"0";"1";"2";"0";"0";
"202000013562";"154 718 432";"B01";"1";"7";"0";"2";"1";"1";"1";
"202000013562";"154 718 433";"A01";"1";"30";"0";"1";"0";"26";"1";
"202000013563";"154 718 430";"B01";"1";"7";"0";"2";"8";"15";"1";
"202000013563";"154 718 431";"A01";"1";"33";"0";"2";"2";"17";"1";
"202000013564";"154 718 429";"A01";"0";"7";"0";"1";"0";"17";"0";
"202000013565";"154 718 427";"A01";"1";"10";"0";"2";"2";"1";"0";
"202000013565";"154 718 428";"B01";"1";"32";"0";"0";"4";"1";"0";
"202000013566";"154 718 425";"A01";"3";"31";"0";"2";"1";"2";"1";
"202000013566";"154 718 426";"B01";"3";"10";"0";"2";"4";"15";"1";
"202000013567";"154 718 424";"A01";"0";"30";"0";"0";"7";"0";"1";
"202000013568";"154 718 423";"A01";"1";"7";"0";"1";"1";"1";"1";
"202000013569";"154 718 421";"A01";"3";"30";"0";"2";"1";"1";"1";
"202000013569";"154 718 422";"B01";"3";"7";"0";"2";"0";"15";"1";
"202000013570";"154 718 420";"A01";"1";"10";"0";"1";"2";"1";"1";
"202000013571";"154 718 418";"B01";"2";"1";"0";"2";"0";"18";"5";
"202000013571";"154 718 419";"A01";"2";"7";"0";"2";"2";"12";"1";
"202000013572";"154 718 416";"B01";"2";"7";"0";"2";"8";"11";"1";
"202000013572";"154 718 417";"A01";"2";"32";"0";"2";"2";"17";"1";
"202000013573";"154 718 415";"A01";"2";"32";"1";"0";"8";"15";"1";
"202000013574";"154 718 413";"B01";"2";"1";"0";"2";"1";"1";"5";
"202000013574";"154 718 414";"A01";"2";"7";"0";"2";"3";"22";"1";
"202000013575";"154 718 411";"B01";"1";"7";"0";"2";"6";"1";"1";
"202000013575";"154 718 412";"A01";"1";"33";"0";"2";"1";"3";"1";
"202000013576";"154 718 410";"A01";"1";"37";"0";"1";"2";"7";"3";"1"
"202000013577";"154 718 409";"A01";"1";"1";"14";"0";"0";"11";"5";
"202000013578";"154 718 408";"A01";"1";"50";"0";"0";"0";"1";"3";
"202000013579";"154 718 406";"B01";"1";"2";"0";"2";"1";"1";"1";
"202000013579";"154 718 407";"A01";"2";"7";"0";"2";"8";"1";"1";
"202000013580";"154 718 403";"C01";"2";"7";"0";"2";"6";"1";"1";
"202000013580";"154 718 404";"B01";"1";"7";"0";"2";"1";"1";"1";
"202000013580";"154 718 405";"A01";"2";"7";"0";"2";"1";"17";"1";
"202000013581";"154 718 401";"A01";"2";"7";"0";"2";"8";"1";"0";
"202000013581";"154 718 402";"B01";"1";"7";"0";"2";"3";"23";"0";
"202000013582";"154 718 400";"A01";"2";"7";"0";"1";"7";"1";"1";
"202000013583";"154 718 398";"A01";"1";"1";"0";"2";"7";"19";"5";
"202000013583";"154 718 399";"B01";"2";"31";"0";"2";"1";"1";"1";
"202000013584";"154 718 396";"B01";"1";"7";"0";"9";"1";"1";"1";
"202000013584";"154 718 397";"A01";"1";"31";"0";"9";"1";"26";"1";
"202000013585";"154 718 394";"B01";"1";"33";"0";"2";"2";"2";"1";
"202000013585";"154 718 395";"A01";"1";"7";"11";"2";"3";"15";"1";
"202000013586";"154 718 392";"A01";"3";"7";"0";"2";"1";"15";"1";
"202000013586";"154 718 393";"B01";"3";"10";"0";"2";"3";"1";"1";
"202000013587";"154 718 390";"A01";"1";"7";"0";"9";"1";"1";"1";
"202000013587";"154 718 391";"B01";"1";"34";"0";"2";"7";"1";"1";
"202000013588";"154 718 387";"C01";"1";"30";"0";"2";"3";"0";"1";
"202000013588";"154 718 388";"B01";"2";"7";"0";"2";"3";"1";"1";
"202000013588";"154 718 389";"A01";"1";"30";"0";"2";"1";"13";"1";
"202000013589";"154 718 385";"A01";"3";"7";"0";"2";"3";"10";"1";
"202000013589";"154 718 386";"B01";"3";"34";"0";"2";"2";"17";"1";
"202000013590";"154 718 384";"A01";"2";"7";"0";"1";"5";"20";"0";
"202000013591";"154 718 383";"A01";"1";"7";"0";"1";"3";"26";"1";
"202000013592";"154 718 382";"A01";"1";"7";"0";"1";"1";"2";"1";
"202000013593";"154 718 380";"B01";"1";"7";"0";"2";"1";"15";"1";
"202000013593";"154 718 381";"A01";"2";"7";"0";"2";"3";"23";"1";
"202000013594";"154 718 377";"C01";"1";"7";"0";"2";"4";"23";"0";
"202000013594";"154 718 378";"B01";"1";"7";"0";"2";"4";"2";"1";
"202000013594";"154 718 379";"A01";"1";"7";"0";"2";"1";"2";"1";
"202000013595";"154 718 375";"A01";"1";"7";"0";"2";"2";"9";"1";
"202000013595";"154 718 376";"B01";"1";"34";"0";"2";"1";"1";"1";
"202000013596";"154 718 373";"A01";"1";"10";"0";"2";"8";"10";"0";
"202000013596";"154 718 374";"B01";"1";"2";"0";"2";"1";"1";"0";
"202000013597";"154 718 372";"A01";"2";"30";"8";"0";"2";"14";"1";
"202000013598";"154 718 369";"B01";"1";"7";"0";"2";"3";"1";"1";
"202000013598";"154 718 370";"C01";"1";"34";"0";"2";"2";"1";"1";
"202000013598";"154 718 371";"A01";"1";"7";"0";"2";"6";"0";"0";
"202000013599";"154 718 367";"A01";"2";"7";"4";"0";"8";"1";"1";
"202000013600";"154 718 364";"A01";"2";"7";"2";"0";"1";"17";"1";
"202000013601";"154 718 361";"B01";"2";"7";"0";"2";"5";"17";"1";
"202000013601";"154 718 362";"A01";"2";"1";"0";"2";"3";"13";"5";
"202000013602";"154 718 357";"D01";"1";"7";"0";"2";"4";"23";"1";
"202000013602";"154 718 358";"C01";"1";"7";"0";"2";"4";"23";"1";
"202000013602";"154 718 359";"B01";"1";"7";"0";"2";"4";"23";"1";
"202000013602";"154 718 360";"A01";"1";"7";"0";"2";"1";"1";"1";
"202000013603";"154 718 355";"A01";"2";"2";"0";"2";"1";"5";"1";
"202000013603";"154 718 356";"B01";"1";"7";"0";"2";"3";"1";"1";
"202000013604";"154 718 354";"A01";"2";"33";"0";"0";"3";"26";"1";
"202000013605";"154 718 351";"A01";"1";"80";"0";"2";"0";"5";"3";
"202000013605";"154 718 352";"B01";"2";"7";"0";"2";"0";"1";"1";
"202000013606";"154 718 350";"A01";"0";"7";"13";"0";"1";"1";"1";
"202000013607";"154 718 349";"A01";"2";"33";"6";"6";"1";"1";"1";
"202000013608";"154 718 347";"B01";"1";"14";"0";"2";"3";"1";"1";
"202000013608";"154 718 348";"A01";"2";"7";"0";"2";"3";"13";"1";
"202000013609";"154 718 346";"A01";"0";"32";"12";"0";"7";"1";"1";
"202000013610";"154 718 345";"A01";"2";"7";"2";"0";"3";"14";"1";