"Num_Acc";"id_vehicule";"num_veh";"senc";"catv";"obs";"obsm";"choc";"manv";"motor";"occutc"
"202000013816";"154 717 976";"C01";"1";"7";"0";"9";"4";"2";"1";
"202000013817";"154 717 972";"B01";"2";"7";"0";"2";"1";"1";"2";
"202000013817";"154 717 973";"A01";"1";"7";"16";"2";"5";"5";"0";
"202000013818";"154 717 971";"A01";"1";"31";"12";"0";"1";"1";"1";
"202000013819";"154 717 970";"A01";"1";"7";"0";"1";"1";"1";"0";
"202000013820";"154 717 969";"A01";"1";"10";"13";"0";"1";"1";"1";
"202000013821";"154 717 968";"A01";"1";"2";"6";"0";"3";"13";"0";
"202000013822";"154 717 967";"A01";"1";"10";"2";"0";"1";"19";"0";
"202000013823";"154 717 965";"A01";"1";"7";"0";"2";"2";"2";"0";
"202000013823";"154 717 966";"B01";"1";"30";"0";"0";"4";"2";"0";
"202000013824";"154 717 964";"A01";"1";"7";"3";"0";"3";"1";"1";
"202000013825";"154 717 962";"B01";"1";"33";"0";"2";"8";"1";"1";
"202000013825";"154 717 963";"A01";"2";"7";"0";"2";"1";"17";"0";
"202000013826";"154 717 960";"A01";"2";"7";"0";"2";"3";"1";"1";
"202000013826";"154 717 961";"B01";"1";"7";"0";"2";"3";"1";"1";
"202000013827";"154 717 959";"A01";"1";"33";"13";"0";"1";"1";"1";
"202000013828";"154 717 957";"A01";"1";"7";"6";"0";"2";"1";"1";
"202000013829";"154 717 956";"A01";"3";"3";"0";"0";"0";"1";"1";
"202000013830";"154 717 954";"A01";"1";"7";"0";"2";"8";"26";"1";
"202000013830";"154 717 955";"B01";"1";"33";"0";"2";"8";"1";"1";
"202000013831";"154 717 953";"A01";"3";"1";"0";"0";"9";"1";"5";
"202000013832";"154 717 951";"B01";"2";"7";"0";"2";"3";"1";"1";
"202000013832";"154 717 952";"A01";"1";"7";"0";"2";"3";"13";"1";
"202000013833";"154 717 950";"A01";"1";"7";"6";"0";"3";"1";"1";
"202000013834";"154 717 948";"B01";"2";"7";"0";"2";"1";"0";"1";
"202000013834";"154 717 949";"A01";"1";"7";"0";"2";"1";"0";"1";
"202000013835";"154 717 946";"A01";"2";"33";"0";"2";"7";"1";"1";
"202000013835";"154 717 947";"B01";"2";"7";"0";"2";"3";"9";"1";
"202000013836";"154 717 944";"B01";"2";"2";"0";"2";"6";"15";"1";
"202000013836";"154 717 945";"A01";"2";"10";"0";"2";"2";"2";"1";
"202000013837";"154 717 943";"A01";"1";"7";"6";"0";"1";"6";"1";
"202000013838";"154 717 941";"B01";"2";"7";"0";"2";"8";"1";"1";
"202000013838";"154 717 942";"A01";"1";"7";"0";"2";"1";"19";"1";
"202000013839";"154 717 940";"A01";"1";"1";"12";"0";"0";"1";"5";
"202000013840";"154 717 938";"A01";"1";"7";"0";"2";"8";"15";"1";
"202000013840";"154 717 939";"B01";"1";"30";"0";"2";"1";"13";"1";
"202000013841";"154 717 937";"A01";"1";"31";"2";"0";"1";"0";"1";
"202000013842";"154 717 936";"A01";"1";"33";"7";"0";"1";"0";"1";
"202000013843";"154 717 935";"A01";"2";"7";"13";"0";"1";"1";"1";
"202000013844";"154 717 933";"B01";"1";"33";"0";"2";"1";"9";"1";
"202000013844";"154 717 934";"A01";"2";"7";"0";"2";"6";"1";"1";
"202000013845";"154 717 931";"A01";"2";"2";"0";"2";"1";"1";"1";
"202000013845";"154 717 932";"B01";"1";"7";"0";"2";"7";"1";"1";
"202000013846";"154 717 930";"A01";"1";"7";"5";"0";"1";"14";"1";
"202000013847";"154 717 929";"A01";"1";"33";"2";"0";"0";"1";"1";
"202000013848";"154 717 928";"A01";"2";"7";"15";"0";"2";"1";"1";
"202000013849";"154 717 927";"A01";"1";"2";"1";"0";"1";"1";"1";
"202000013850";"154 717 925";"B01";"2";"10";"0";"2";"3";"1";"1";
"202000013850";"154 717 926";"A01";"1";"17";"0";"2";"6";"1";"0";
"202000013851";"154 717 924";"A01";"1";"7";"13";"0";"0";"0";"1";
"202000013852";"154 717 922";"A01";"0";"7";"0";"2";"1";"1";"1";
"202000013852";"154 717 923";"B01";"0";"1";"0";"0";"4";"1";"5";
"202000013853";"154 717 920";"A01";"1";"7";"0";"2";"2";"2";"1";
"202000013853";"154 717 921";"B01";"1";"7";"0";"0";"6";"2";"1";
"202000013854";"154 717 918";"B01";"1";"43";"0";"2";"1";"1";"1";
"202000013854";"154 717 919";"A01";"2";"1";"0";"2";"8";"9";"5";
"202000013855";"154 717 916";"A01";"2";"32";"0";"2";"2";"17";"1";
"202000013855";"154 717 917";"B01";"2";"7";"0";"0";"8";"15";"1";
"202000013856";"154 717 915";"A01";"3";"7";"2";"1";"2";"20";"1";
"202000013857";"154 717 914";"A01";"1";"33";"13";"0";"1";"1";"1";
"202000013858";"154 717 913";"A01";"2";"33";"0";"0";"0";"1";"1";
"202000013859";"154 717 912";"A01";"2";"7";"13";"0";"1";"13";"1";
"202000013860";"154 717 910";"B01";"1";"7";"0";"2";"1";"15";"1";
"202000013860";"154 717 911";"A01";"1";"1";"0";"2";"1";"1";"5";
"202000013861";"154 717 909";"A01";"1";"7";"1";"0";"2";"14";"1";
"202000013862";"154 717 907";"B01";"3";"7";"0";"2";"8";"23";"1";
"202000013862";"154 717 908";"A01";"3";"30";"0";"2";"0";"14";"1";
"202000013863";"154 717 904";"A01";"1";"33";"12";"2";"3";"14";"1";
"202000013863";"154 717 905";"C01";"2";"1";"0";"2";"2";"1";"5";
"202000013863";"154 717 906";"B01";"1";"1";"0";"2";"3";"1";"5";
"202000013864";"154 717 902";"A01";"1";"32";"0";"2";"1";"1";"1";
"202000013864";"154 717 903";"Z01";"1";"7";"0";"2";"1";"9";"1";
"202000013865";"154 717 900";"B01";"1";"7";"0";"2";"3";"1";"1";
"202000013865";"154 717 901";"A01";"1";"1";"0";"2";"1";"1";"5";
"202000013866";"154 717 898";"A01";"1";"7";"0";"2";"3";"15";"1";
"202000013866";"154 717 899";"B01";"1";"43";"0";"2";"1";"1";"1";
"202000013867";"154 717 897";"A01";"2";"7";"0";"1";"1";"1";"1";
"202000013868";"154 717 896";"A01";"1";"30";"1";"0";"5";"14";"3";
"202000013869";"154 717 894";"B01";"1";"33";"0";"2";"1";"17";"1";
"202000013869";"154 717 895";"A01";"1";"7";"0";"2";"6";"13";"1";
"202000013870";"154 717 893";"A01";"2";"1";"0";"0";"1";"7";"5";
"202000013871";"154 717 892";"A01";"1";"30";"12";"0";"1";"14";"1";
"202000013872";"154 717 890";"A01";"2";"7";"0";"2";"3";"10";"1";
"202000013872";"154 717 891";"B01";"2";"80";"0";"2";"3";"15";"3";
"202000013873";"154 717 888";"B01";"0";"7";"0";"2";"1";"2";"1";
"202000013873";"154 717 889";"A01";"0";"7";"0";"2";"1";"11";"1";
"202000013874";"154 717 887";"A01";"3";"7";"0";"1";"1";"1";"1";
"202000013875";"154 717 885";"B01";"2";"7";"0";"2";"2";"2";"1";
"202000013875";"154 717 886";"A01";"2";"7";"0";"2";"8";"20";"1";
"202000013876";"154 717 883";"B01";"2";"1";"0";"9";"2";"25";"5";
"202000013876";"154 717 884";"A01";"1";"50";"0";"9";"1";"25";"3";
"202000013877";"154 717 882";"A01";"1";"10";"0";"1";"2";"1";"1";
"202000013878";"154 717 880";"A01";"1";"7";"0";"1";"3";"15";"1";
"202000013878";"154 717 881";"B01";"2";"31";"0";"0";"0";"0";"1";
"202000013879";"154 717 879";"A01";"2";"10";"0";"1";"5";"26";"1";
"202000013880";"154 717 878";"A01";" -1";"20";"7";"0";"5";"4";"1";
"202000013881";"154 717 877";"A01";"1";"10";"0";"1";"2";"1";"1";
"202000013882";"154 717 876";"A01";"0";"30";"14";"9";"1";"1";"1";
"202000013883";"154 717 870";"F01";"2";"7";"1";"0";"8";"3";"1";
"202000013883";"154 717 871";"E01";"2";"7";"3";"0";"7";"21";"1";
"202000013883";"154 717 872";"D01";"2";"7";"1";"0";"3";"2";"1";
"202000013883";"154 717 873";"C01";"2";"7";"1";"0";"3";"2";"1";
"202000013883";"154 717 874";"B01";"2";"7";"1";"0";"2";"2";"1";
"202000013883";"154 717 875";"A01";"2";"7";"3";"6";"3";"21";"1";
"202000013884";"154 717 868";"B01";"1";"7";"0";"2";"1";"1";"1";
"202000013884";"154 717 869";"A01";"2";"7";"0";"2";"1";"5";"1";
"202000013885";"154 717 866";"B01";"1";"10";"0";"2";"6";"15";"1";
"202000013885";"154 717 867";"A01";"2";"32";"0";"2";"1";"1";"1";
"202000013886";"154 717 864";"B01";"2";"15";"0";"2";"8";"1";"1";
"202000013886";"154 717 865";"A01";"2";"7";"0";"2";"5";"15";"1";
"202000013887";"154 717 862";"B01";"0";"39";"0";"2";"2";"1";"3";
"202000013887";"154 717 863";"A01";"3";"7";"0";"4";"5";"26";"1";
"202000013888";"154 717 860";"B01";"1";"7";"0";"2";"8";"1";"1";
"202000013888";"154 717 861";"A01";"2";"7";"0";"2";"8";"13";"1";
"202000013889";"154 717 859";"A01";"0";"7";"0";"1";"1";"15";"1";
"202000013890";"154 717 858";"A01";"1";"7";"0";"0";"1";"1";"1";
"202000013891";"154 717 856";"A01";"2";"2";"0";"6";"3";"0";"1";
"202000013892";"154 717 854";"A01";"2";"33";"0";"2";"2";"1";"1";
"202000013892";"154 717 855";"B01";"2";"7";"0";"2";"8";"26";"1";
"202000013893";"154 717 853";"A01";"1";"7";"0";"1";"1";"0";"1";
"202000013894";"154 717 851";"A01";"1";"7";"0";"2";"3";"15";"1";
"202000013894";"154 717 852";"B01";"2";"33";"0";"2";"1";"1";"1";
"202000013895";"154 717 850";"A01";"1";"7";"13";"0";"1";"19";"1";
"202000013896";"154 717 849";"A01";"1";"33";"16";"0";"0";"1";"1";
"202000013897";"154 717 848";"A01";"2";"33";"0";"0";"1";"1";"1";
"202000013898";"154 717 846";"B01";"1";"7";"0";"2";"3";"1";"1";
"202000013898";"154 717 847";"A01";"2";"7";"0";"2";"3";"13";"1";
"202000013899";"154 717 845";"A01";"3";"7";"13";"0";"7";"1";"1";
"202000013900";"154 717 844";"A01";"1";"2";"0";"0";"7";"15";"1";
"202000013901";"154 717 842";"B01";"1";"33";"0";"2";"1";"1";"1";
"202000013901";"154 717 843";"A01";"1";"10";"0";"2";"8";"9";"1";
"202000013902";"154 717 841";"A01";"3";"7";"0";"1";"2";"2";"1";
"202000013903";"154 717 838";"C01";"1";"7";"0";"0";"4";"2";"1";
"202000013903";"154 717 839";"B01";"1";"7";"0";"0";"4";"2";"1";
"202000013903";"154 717 840";"A01";"1";"7";"0";"2";"1";"2";"1";
"202000013904";"154 717 836";"B01";"1";"15";"0";"0";"4";"2";"0";
"202000013904";"154 717 837";"A01";"1";"7";"0";"2";"1";"2";"0";
"202000013905";"154 717 833";"A01";"3";"7";"0";"2";"3";"13";"1";
"202000013905";"154 717 834";"B01";"0";"7";"0";"2";"3";"1";"1";
"202000013906";"154 717 832";"A01";"2";"7";"0";"0";"9";"0";"1";
"202000013907";"154 717 830";"A01";"1";"17";"0";"2";"5";"19";"1";
"202000013907";"154 717 831";"B01";"1";"10";"0";"2";"1";"1";"1";
"202000013908";"154 717 829";"A01";"2";"33";"16";"0";"1";"17";"0";
"202000013909";"154 717 827";"B01";"1";"33";"0";"2";"1";"17";"1";
"202000013909";"154 717 828";"A01";"2";"7";"0";"2";"3";"15";"1";
"202000013910";"154 717 826";"A01";"1";"33";"0";"0";"1";"0";"1";
"202000013911";"154 717 824";"B01";"2";"7";"0";"2";"3";"13";"1";
"202000013911";"154 717 825";"A01";"1";"7";"0";"2";"3";"1";"0";
"202000013912";"154 717 823";"A01";"1";"7";"2";"0";"1";"13";"1";
"202000013913";"154 717 821";"B01";"1";"7";"6";"0";"8";"1";"1";
"202000013913";"154 717 822";"A01";"3";"7";"0";"2";"2";"9";"1";
"202000013914";"154 717 819";"A01";"0";"7";"0";"2";"3";"13";"0";
"202000013914";"154 717 820";"B01";"0";"7";"0";"2";"3";"1";"0";
"202000013915";"154 717 817";"B01";"2";"33";"0";"2";"1";"1";"1";
"202000013915";"154 717 818";"A01";"1";"7";"0";"2";"2";"15";"1";
"202000013916";"154 717 816";"A01";"2";"7";"8";"0";"1";"13";"1";
"202000013917";"154 717 815";"A01";"2";"7";"14";"0";"1";"1";"1";
"202000013918";"154 717 814";"A01";"1";"7";"2";"0";"3";"13";"1";
"202000013919";"154 717 812";"B01";"1";"7";"0";"2";"1";"1";"1";
"202000013919";"154 717 813";"A01";"1";"7";"0";"2";"1";"17";"1";
"202000013920";"154 717 810";"B01";"1";"17";"0";"2";"1";"2";"1";
"202000013920";"154 717 811";"A01";"1";"7";"0";"2";"4";"1";"1";
"202000013921";"154 717 808";"A01";"1";"7";"0";"2";"6";"1";"1";
"202000013921";"154 717 809";"B01";"2";"7";"0";"2";"2";"14";"1";
"202000013922";"154 717 804";"D01";"1";"7";"0";"2";"1";"2";"1";
"202000013922";"154 717 805";"C01";"1";"7";"0";"2";"4";"2";"1";
"202000013922";"154 717 806";"B01";"1";"7";"0";"2";"4";"2";"1";
"202000013922";"154 717 807";"A01";"1";"7";"0";"2";"4";"2";"1";
"202000013923";"154 717 803";"A01";"1";"7";"4";"0";"1";"1";"1";
"202000013924";"154 717 802";"A01";"1";"7";"4";"0";"1";"1";"1";
"202000013925";"154 717 801";"A01";"1";"7";"3";"2";"3";"2";"1";
"202000013926";"154 717 800";"A01";"2";"7";"4";"0";"1";"26";"1";
"202000013927";"154 717 798";"A01";"1";"7";"0";"2";"7";"9";"1";
"202000013927";"154 717 799";"B01";"1";"33";"4";"2";"5";"2";"1";
"202000013928";"154 717 797";"A01";"1";"7";"4";"0";"1";"1";"1";
"202000013929";"154 717 794";"C01";"2";"7";"0";"2";"1";"2";"1";
"202000013929";"154 717 795";"B01";"2";"7";"0";"2";"4";"2";"1";
"202000013929";"154 717 796";"A01";"2";"7";"0";"2";"4";"1";"1";
"202000013930";"154 717 793";"A01";"1";"33";"0";"0";"7";"1";"1";
"202000013931";"154 717 792";"A01";"1";"7";"4";"0";"0";"0";"1";
"202000013932";"154 717 790";"A01";"1";"7";"0";"2";"2";"2";"1";
"202000013932";"154 717 791";"B01";"1";"7";"0";"2";"4";"2";"1";
"202000013933";"154 717 789";"A01";"2";"33";"3";"0";"9";"17";"1";
"202000013934";"154 717 787";"B01";"3";"10";"0";"2";"3";"1";"1";
"202000013934";"154 717 788";"A01";"3";"30";"0";"2";"1";"2";"1";
"202000013935";"154 717 786";"A01";"1";"7";"0";"1";"2";"1";"6";
"202000013936";"154 717 784";"A01";"0";"7";"0";"0";"8";"15";"1";
"202000013936";"154 717 785";"B01";"0";"2";"0";"0";"1";"3";"1";
"202000013937";"154 717 783";"A01";" -1";"7";"0";"1";"2";"1";"1";
"202000013938";"154 717 782";"A01";"0";"10";"0";"1";"4";"4";" -1";
"202000013939";"154 717 780";"A01";"2";"7";"0";"2";"2";"19";"1";
"202000013939";"154 717 781";"B01";"1";"7";"0";"2";"7";"15";"1";
"202000013940";"154 717 778";"A01";"1";"7";"0";"0";"4";"1";"1";
"202000013940";"154 717 779";"B01";"1";"7";"0";"2";"1";"2";"1";
"202000013941";"154 717 776";"A01";"1";"7";"0";"2";"1";"9";"1";
"202000013941";"154 717 777";"B01";"1";"2";"0";"2";"2";"1";"1";
"202000013942";"154 717 774";"B01";"1";"10";"0";"2";"1";"1";"1";
"202000013942";"154 717 775";"A01";"1";"7";"0";"2";"1";"15";"1";
"202000013943";"154 717 773";"A01";"2";"7";"10";"0";"9";"2";"1";
"202000013944";"154 717 772";"A01";"1";"7";"0";"0";"0";"26";"0";
"202000013945";"154 717 770";"A01";"1";"30";"0";"2";"1";"1";"1";
"202000013945";"154 717 771";"B01";"1";"7";"0";"2";"7";"1";"1";
"202000013946";"154 717 768";"B01";"3";"1";"0";"2";"1";"0";"5";
"202000013946";"154 717 769";"A01";"3";"7";"0";"2";"2";"13";"1";
"202000013947";"154 717 766";"B01";"2";"1";"0";"2";"0";"0";"0";
"202000013947";"154 717 767";"A01";"3";"7";"0";"2";"7";"12";"0";
"202000013948";"154 717 764";"A01";"1";"7";"0";"2";"8";"1";"1";
"202000013948";"154 717 765";"B01";"1";"7";"0";"2";"1";"1";"1";
"202000013949";"154 717 763";"A01";"2";"31";"12";"0";"1";"1";"6";
"202000013950";"154 717 762";"A01";"1";"7";"0";"1";"1";"26";"6";
"202000013951";"154 717 760";"A01";"0";"2";"0";"2";"1";"1";"1";
"202000013951";"154 717 761";"B01";"0";"7";"0";"2";"2";"15";"1";
"202000013952";"154 717 758";"B01";"1";"33";"0";"2";"1";"1";"1";
"202000013952";"154 717 759";"A01";"1";"7";"0";"2";"8";"19";"1";
"202000013953";"154 717 757";"A01";"1";"7";"0";"1";"2";"17";"0";
"202000013954";"154 717 756";"A01";"1";"31";"1";"0";"0";"14";"1";
"202000013955";"154 717 754";"B01";"1";"7";"0";"2";"1";"16";"1";
"202000013955";"154 717 755";"A01";"2";"7";"0";"2";"1";"15";"1";
"202000013956";"154 717 752";"B01";"1";"7";"0";"2";"2";"15";"1";
"202000013956";"154 717 753";"A01";"1";"7";"0";"2";"3";"13";"1";
"202000013957";"154 717 750";"A01";"3";"1";"0";"2";"8";"2";"5";
"202000013957";"154 717 751";"B01";"3";"7";"0";"2";"7";"17";"1";
"202000013958";"154 717 748";"A01";"1";"33";"0";"2";"1";"2";"1";
"202000013958";"154 717 749";"B01";"1";"7";"0";"2";"4";"2";"1";
"202000013959";"154 717 746";"A01";"3";"7";"0";"2";"1";"16";"1";
"202000013959";"154 717 747";"B01";"2";"7";"0";"2";"1";"1";"1";
"202000013960";"154 717 744";"B01";"3";"7";"0";"2";"4";"1";"1";
"202000013960";"154 717 745";"A01";"3";"33";"0";"2";"1";"1";"1";
"202000013961";"154 717 743";"A01";"3";"7";"12";"0";"1";"2";"0";
"202000013962";"154 717 741";"B01";"1";"37";"0";"2";"2";"1";"0";"1"
"202000013962";"154 717 742";"A01";"1";"7";"0";"2";"1";"19";"0";
"202000013963";"154 717 740";"A01";"2";"7";"14";"0";"1";"13";"1";
"202000013964";"154 717 738";"B01";"1";"2";"0";"2";"3";"2";"1";
"202000013964";"154 717 739";"A01";"1";"7";"0";"2";"5";"17";"1";
"202000013965";"154 717 735";"A01";"2";"7";"0";"1";"3";"15";"1";
"202000013966";"154 717 733";"A01";"0";"7";"0";"2";"1";"1";"1";
"202000013966";"154 717 734";"B01";"3";"7";"0";"2";"4";"1";"1";
"202000013967";"154 717 731";"B01";"1";"7";"0";"0";"0";"0";"0";
"202000013967";"154 717 732";"A01";"1";"33";"3";"2";"2";"9";"1";
"202000013968";"154 717 729";"A01";"3";"30";"0";"2";"1";"1";"1";
"202000013968";"154 717 730";"B01";"3";"7";"0";"9";"1";"1";"1";
"202000013969";"154 717 726";"A01";"2";"7";"0";"2";"4";"2";"1";
"202000013969";"154 717 727";"B01";"2";"3";"0";"2";"1";"1";"1";
"202000013969";"154 717 728";"C01";"1";"7";"0";"2";"1";"1";"1";
"202000013970";"154 717 724";"A01";"1";"7";"0";"2";"2";"2";"1";
"202000013970";"154 717 725";"B01";"1";"7";"0";"2";"4";"2";"1";
"202000013971";"154 717 721";"C01";"1";"7";"0";"2";"4";"1";"1";
"202000013971";"154 717 722";"B01";"1";"7";"0";"2";"1";"2";"1";
"202000013971";"154 717 723";"A01";"1";"7";"0";"2";"1";"2";"1";
"202000013972";"154 717 718";"A01";"1";"43";"8";"0";"2";"0";"1";
"202000013973";"154 717 716";"B01";"2";"20";"0";"2";"1";"1";"1";
"202000013973";"154 717 717";"A01";"1";"7";"0";"2";"3";"19";"1";
"202000013974";"154 717 714";"A01";"1";"7";"0";"2";"3";"0";"0";
"202000013974";"154 717 715";"B01";"1";"7";"0";"2";"4";"0";"0";
"202000013975";"154 717 712";"B01";"3";"32";"0";"2";"7";"2";"1";
"202000013975";"154 717 713";"A01";"3";"7";"0";"2";"8";"17";"1";
"202000013976";"154 717 711";"A01";"1";"7";"0";"1";"0";"26";"0";
"202000013977";"154 717 709";"B01";"1";"7";"0";"2";"2";"1";"1";
"202000013977";"154 717 710";"A01";"2";"30";"0";"2";"1";"15";"3";
"202000013978";"154 717 706";"A01";"2";"7";"0";"2";"1";"2";"1";
"202000013978";"154 717 707";"B01";"2";"7";"0";"2";"4";"2";"1";
"202000013978";"154 717 708";"C01";"2";"7";"0";"2";"4";"2";"1";
"202000013979";"154 717 704";"B01";"3";"1";"0";"0";"0";"0";"5";
"202000013979";"154 717 705";"A01";"3";"7";"0";"0";"0";"0";"1";
"202000013980";"154 717 701";"Z01";"1";"10";"0";"2";"5";"1";"0";
"202000013980";"154 717 702";"A01";"1";"33";"0";"2";"3";"13";"1";
"202000013980";"154 717 703";"B01";"1";"7";"0";"2";"3";"1";"1";
"202000013981";"154 717 699";"B01";"2";"10";"0";"2";"5";"1";"1";
"202000013981";"154 717 700";"A01";"2";"31";"0";"2";"3";"12";"1";
"202000013982";"154 717 697";"B01";"1";"7";"0";"2";"4";"1";"1";
"202000013982";"154 717 698";"A01";"1";"7";"0";"2";"1";"1";"1";
"202000013983";"154 717 695";"B01";"1";"7";"0";"2";"5";"12";"1";
"202000013983";"154 717 696";"A01";"1";"43";"0";"2";"1";"3";"1";
"202000013984";"154 717 693";"A01";"1";"30";"0";"2";"3";"18";"1";
"202000013984";"154 717 694";"B01";"1";"7";"0";"2";"5";"22";"1";
"202000013985";"154 717 691";"A01";"2";"30";"0";"2";"3";"17";"1";
"202000013985";"154 717 692";"B01";"2";"1";"0";"2";"0";"15";"5";
"202000013986";"154 717 689";"Z01";"1";"7";"0";"2";"1";"5";"1";
"202000013986";"154 717 690";"A01";"2";"1";"0";"2";"1";"1";"5";
"202000013987";"154 717 687";"B01";"1";"33";"0";"2";"1";"1";"1";
"202000013987";"154 717 688";"A01";"1";"7";"0";"2";"8";"1";"1";
"202000013988";"154 717 686";"A01";"3";"32";"0";"0";"2";"16";"1";
"202000013989";"154 717 684";"A01";"1";"30";"0";"2";"8";"18";"1";
"202000013989";"154 717 685";"B01";"1";"7";"0";"2";"2";"1";"1";
"202000013990";"154 717 682";"A01";"1";"7";"0";"2";"8";"22";"1";
"202000013990";"154 717 683";"B01";"1";"1";"0";"2";"1";"1";"5";
"202000013991";"154 717 680";"A01";"2";"30";"0";"2";"2";"1";"1";
"202000013991";"154 717 681";"B01";"2";"7";"0";"2";"6";"9";"1";
"202000013992";"154 717 679";"A01";"1";"32";"1";"0";"1";"14";"1";
"202000013993";"154 717 677";"A01";"1";"7";"7";"2";"0";"1";"1";
"202000013993";"154 717 678";"Z01";"3";"30";"0";"2";"0";"1";"0";
"202000013994";"154 717 675";"A01";"1";"7";"0";"2";"2";"15";"1";
"202000013994";"154 717 676";"B01";"2";"1";"0";"2";"1";"1";"5";
"202000013995";"154 717 672";"A01";"2";"10";"0";"2";"1";"15";"1";
"202000013995";"154 717 673";"B01";"1";"7";"0";"2";"1";"1";"1";
"202000013995";"154 717 674";"C01";"2";"7";"0";"2";"3";"15";"1";
"202000013996";"154 717 670";"B01";"2";"30";"0";"2";"1";"1";"1";
"202000013996";"154 717 671";"A01";"2";"7";"0";"2";"3";"9";"1";
"202000013997";"154 717 669";"A01";"2";"32";"1";"0";"1";"1";"1";
"202000013998";"154 717 667";"A01";"1";"7";"0";"2";"0";"16";"1";
"202000013998";"154 717 668";"B01";"2";"1";"0";"2";"0";"1";"5";
"202000013999";"154 717 666";"A01";"1";"1";"14";"0";"1";"13";"5";
"202000014000";"154 717 663";"A01";"1";"7";"0";"2";"4";"1";"1";
"202000014000";"154 717 664";"B01";"1";"7";"0";"2";"1";"1";"1";
"202000014000";"154 717 665";"C01";"1";"7";"0";"2";"1";"1";"1";
"202000014001";"154 717 661";"B01";"1";"7";"0";"2";"7";"16";"1";
"202000014001";"154 717 662";"A01";"1";"31";"0";"2";"1";"18";"1";
"202000014002";"154 717 659";"A01";"1";"7";"0";"2";"0";"0";"0";
"202000014002";"154 717 660";"B01";"1";"10";"0";"2";"0";"0";"0";
"202000014003";"154 717 658";"A01";"1";"34";"0";"1";"1";"1";"1";
"202000014004";"154 717 656";"B01";" -1";"33";"0";"2";"1";"1";"1";
"202000014004";"154 717 657";"A01";" -1";"7";"0";"2";"8";"10";"1";
"202000014005";"154 717 654";"A01";"1";"10";"0";"2";"2";"17";"6";
"202000014005";"154 717 655";"B01";"1";"37";"0";"2";"3";"15";"0";"1"
"202000014006";"154 717 652";"A01";"1";"7";"0";"2";"2";"1";"0";
"202000014006";"154 717 653";"B01";"3";"7";"0";"2";"1";"15";"0";
"202000014007";"154 717 650";"A01";"1";"7";"0";"0";"4";"23";"1";
"202000014007";"154 717 651";"B01";"1";"7";"0";"2";"1";"2";"1";
"202000014008";"154 717 648";"B01";"1";"7";"0";"2";"2";"1";"1";
"202000014008";"154 717 649";"A01";"3";"7";"0";"2";"3";"9";"1";
"202000014009";"154 717 645";"A01";"1";"7";"0";"2";"1";"26";"1";
"202000014009";"154 717 646";"B01";"1";"7";"1";"0";"4";"2";"1";
"202000014009";"154 717 647";"C01";"1";"7";"0";"2";"4";"23";"1";
"202000014010";"154 717 644";"A01";"2";"7";"4";"0";"9";"12";"0";
"202000014011";"154 717 642";"A01";"1";"7";"0";"2";"1";"26";"1";
"202000014011";"154 717 643";"B01";"1";"7";"0";"2";"8";"1";"1";
"202000014012";"154 717 640";"A01";"1";"7";"0";"2";"2";"24";"1";
"202000014012";"154 717 641";"B01";"1";"2";"0";"2";"8";"18";"1";
"202000014013";"154 717 639";"A01";"1";"7";"0";"1";"2";"1";"1";
"202000014014";"154 717 638";"A01";"2";"7";"17";"0";"1";"0";"1";
"202000014015";"154 717 636";"B01";"2";"7";"0";"0";"8";"15";"0";
"202000014015";"154 717 637";"A01";"2";"7";"0";"2";"1";"17";"1";
"202000014016";"154 717 635";"A01";"2";"99";"0";"1";"3";"1";"3";
"202000014017";"154 717 634";"A01";"0";"7";"17";"0";"1";"1";"1";
"202000014018";"154 717 633";"A01";"1";"31";"7";"9";"3";"13";"1";
"202000014019";"154 717 632";"A01";"1";"2";"12";"0";"1";"26";"1";
"202000014020";"154 717 630";"A01";"2";"7";"3";"0";"0";"0";"1";
"202000014020";"154 717 631";"B01";"2";"7";"3";"1";"0";"0";"1";
"202000014021";"154 717 629";"A01";"2";"17";"3";"0";"7";"1";"1";
"202000014022";"154 717 628";"A01";"3";"2";"12";"0";"9";"1";"1";
"202000014023";"154 717 626";"B01";"1";"2";"0";"2";"1";"13";"1";
"202000014023";"154 717 627";"A01";"2";"7";"0";"2";"2";"1";"1";
"202000014024";"154 717 625";"A01";"2";"7";"13";"0";"2";"0";"1";
"202000014025";"154 717 624";"A01";"2";"7";"7";"0";"1";"1";"1";
"202000014026";"154 717 621";"B01";"1";"7";"0";"0";"1";"2";"1";
"202000014026";"154 717 622";"A01";"1";"7";"0";"2";"2";"2";"1";
"202000014026";"154 717 623";"C01";"1";"7";"0";"0";"6";"2";"1";
"202000014027";"154 717 620";"A01";"3";"7";"13";"0";"3";"1";"1";
"202000014028";"154 717 618";"A01";"1";"33";"0";"2";"7";"1";"1";
"202000014028";"154 717 619";"B01";"1";"7";"0";"2";"3";"13";"1";
"202000014029";"154 717 617";"A01";"1";"7";"15";"0";"2";"14";"1";
"202000014030";"154 717 615";"B01";"1";"7";"0";"2";"7";"17";"1";
"202000014030";"154 717 616";"A01";"1";"31";"0";"2";"8";"1";"1";
"202000014031";"154 717 613";"B01";"1";"7";"0";"2";"3";"13";"1";
"202000014031";"154 717 614";"A01";"2";"7";"0";"2";"3";"13";"1";