"Num_Acc";"id_vehicule";"num_veh";"senc";"catv";"obs";"obsm";"choc";"manv";"motor";"occutc"
"202000014255";"154 717 245";"A01";"1";"7";"0";"2";"4";"26";"1";
"202000014255";"154 717 246";"B01";"1";"7";"0";"2";"1";"2";"1";
"202000014256";"154 717 241";"B01";"3";"1";"0";"2";"8";"19";"5";
"202000014256";"154 717 242";"A01";"3";"2";"0";"2";"1";"2";"0";
"202000014257";"154 717 240";"A01";"1";"7";"4";"0";"2";"1";"1";
"202000014258";"154 717 239";"A01";"1";"7";"1";"1";"1";"1";"3";
"202000014259";"154 717 238";"A01";"0";"7";"0";"1";"1";"15";"1";
"202000014260";"154 717 237";"A01";"1";"7";"0";"1";"3";"1";"1";
"202000014261";"154 717 235";"A01";"3";"7";"0";"2";"1";"2";"1";
"202000014261";"154 717 236";"B01";"1";"1";"0";"2";"4";"2";"5";
"202000014262";"154 717 233";"B01";"1";"30";"0";"2";"1";"13";"1";
"202000014262";"154 717 234";"A01";"2";"7";"0";"2";"1";"1";"1";
"202000014263";"154 717 231";"A01";"1";"33";"0";"2";"7";"15";"1";
"202000014263";"154 717 232";"B01";"1";"30";"0";"2";"3";"1";"1";
"202000014264";"154 717 230";"A01";"3";"7";"0";"1";"4";"20";"1";
"202000014265";"154 717 228";"A01";"2";"7";"0";"2";"3";"15";"1";
"202000014265";"154 717 229";"B01";"1";"32";"0";"2";"9";"1";"1";
"202000014266";"154 717 226";"A01";"3";"7";"0";"2";"8";"1";"1";
"202000014266";"154 717 227";"Z01";"3";"14";"0";"2";"2";"12";"1";
"202000014267";"154 717 224";"A01";"1";"7";"0";"2";"8";"13";"1";
"202000014267";"154 717 225";"B01";"1";"31";"0";"2";"5";"1";"1";
"202000014268";"154 717 223";"A01";"1";"10";"0";"1";"7";"1";"1";
"202000014269";"154 717 221";"A01";"1";"33";"0";"2";"1";"15";"1";
"202000014269";"154 717 222";"B01";"1";"30";"0";"2";"8";"1";"1";
"202000014270";"154 717 220";"A01";"1";"30";"0";"0";"8";"11";"1";
"202000014271";"154 717 218";"Z01";"3";"7";"0";"2";"0";"1";"0";
"202000014271";"154 717 219";"A01";"3";"1";"0";"2";"6";"15";"5";
"202000014272";"154 717 216";"B01";"2";"7";"0";"2";"3";"1";"1";
"202000014272";"154 717 217";"A01";"1";"50";"0";"2";"1";"15";"3";
"202000014273";"154 717 214";"A01";"3";"33";"0";"2";"7";"15";"1";
"202000014273";"154 717 215";"B01";"3";"7";"0";"2";"2";"1";"1";
"202000014274";"154 717 212";"A01";"2";"7";"0";"2";"2";"8";"1";
"202000014274";"154 717 213";"B01";"1";"1";"0";"2";"1";"8";"1";
"202000014275";"154 717 210";"A01";"2";"7";"0";"2";"7";"17";"1";
"202000014275";"154 717 211";"B01";"2";"32";"0";"2";"8";"1";"1";
"202000014276";"154 717 208";"B01";"2";"13";"0";"2";"1";"1";"1";
"202000014276";"154 717 209";"A01";"1";"7";"0";"2";"7";"1";"1";
"202000014277";"154 717 206";"A01";"1";"10";"0";"2";"0";"16";"1";
"202000014277";"154 717 207";"B01";"1";"1";"0";"2";"6";"1";"5";
"202000014278";"154 717 204";"B01";"2";"50";"0";"2";"2";"15";"3";
"202000014278";"154 717 205";"A01";"2";"10";"0";"2";"1";"1";"3";
"202000014279";"154 717 203";"A01";"1";"13";"0";"1";"3";"1";"1";
"202000014280";"154 717 202";"A01";"1";"1";"0";"1";"1";"1";"0";
"202000014281";"154 717 200";"B01";"1";"33";"0";"2";"4";"1";"1";
"202000014281";"154 717 201";"Z01";"2";"7";"0";"2";"1";"1";"0";
"202000014282";"154 717 198";"A01";"3";"7";"12";"0";"8";"1";"0";
"202000014282";"154 717 199";"B01";"3";"32";"12";"0";"7";"1";"0";
"202000014283";"154 717 196";"A01";"3";"14";"0";"2";"2";"15";"1";
"202000014283";"154 717 197";"B01";"1";"7";"0";"2";"8";"1";"1";
"202000014284";"154 717 194";"B01";"2";"13";"0";"2";"4";"1";"1";
"202000014284";"154 717 195";"A01";"2";"37";"0";"2";"1";"1";"1";"2"
"202000014285";"154 717 193";"A01";"3";"7";"0";"1";"1";"1";"1";
"202000014286";"154 717 192";"A01";"3";"10";"13";"0";"0";"14";"1";
"202000014287";"154 717 189";"A01";"0";"33";"0";"2";"7";"17";"0";
"202000014287";"154 717 190";"B01";"1";"10";"0";"2";"3";"15";"0";
"202000014287";"154 717 191";"T01";"0";"37";"0";"2";"1";"0";"0";"0"
"202000014288";"154 717 188";"A01";" -1";"7";"0";"1";"1";"15";"1";
"202000014289";"154 717 187";"A01";"1";"20";"8";"5";"2";"26";"1";
"202000014290";"154 717 186";"A01";"3";"7";"0";"1";"2";"1";"1";
"202000014291";"154 717 185";"A01";"1";"30";"8";"0";"1";"13";"3";
"202000014292";"154 717 183";"B01";"2";"7";"0";"2";"6";"23";"1";
"202000014292";"154 717 184";"A01";"2";"30";"0";"2";"1";"2";"1";
"202000014293";"154 717 182";"A01";"2";"7";"0";"1";"1";"1";"1";
"202000014294";"154 717 181";"A01";"2";"2";"0";"0";"0";"1";"0";
"202000014295";"154 717 179";"B01";"2";"2";"0";"2";"7";"1";"1";
"202000014295";"154 717 180";"A01";"1";"10";"0";"2";"3";"15";"1";
"202000014296";"154 717 177";"B01";"1";"2";"0";"2";"2";"17";"1";
"202000014296";"154 717 178";"A01";"1";"7";"0";"2";"3";"15";"1";
"202000014297";"154 717 176";"A01";"3";"1";"0";"1";"1";"1";"5";
"202000014298";"154 717 175";"A01";"1";"7";"0";"1";"1";"15";"1";
"202000014299";"154 717 172";"B01";"2";"2";"0";"2";"0";"2";"1";
"202000014299";"154 717 173";"Z01";"2";"7";"0";"2";"0";"13";"0";
"202000014299";"154 717 174";"T01";"2";"7";"0";"2";"4";"23";"1";
"202000014300";"154 717 171";"Z01";"1";"30";"0";"1";"1";"17";"0";
"202000014301";"154 717 168";"A01";"1";"33";"0";"2";"8";"13";"1";
"202000014301";"154 717 169";"B01";"2";"37";"0";"2";"3";"1";"1";"1"
"202000014301";"154 717 170";"C01";"2";"7";"0";"2";"3";"1";"1";
"202000014302";"154 717 166";"A01";"1";"7";"0";"0";"5";"15";"1";
"202000014302";"154 717 167";"B01";"2";"33";"0";"2";"1";"1";"1";
"202000014303";"154 717 164";"B01";"2";"7";"0";"2";"3";"1";"1";
"202000014303";"154 717 165";"A01";"1";"10";"0";"2";"1";"13";"1";
"202000014304";"154 717 163";"A01";"2";"15";"13";"0";"1";"1";"1";
"202000014305";"154 717 162";"A01";"0";"7";"0";"0";"9";"1";"1";
"202000014306";"154 717 161";"A01";"1";"7";"0";"1";"1";"1";"1";
"202000014307";"154 717 159";"A01";"1";"10";"0";"2";"1";"21";"1";
"202000014307";"154 717 160";"B01";"1";"2";"0";"2";"4";"1";"1";
"202000014308";"154 717 157";"A01";"1";"7";"0";"2";"1";"2";"1";
"202000014308";"154 717 158";"B01";"1";"15";"0";"0";"4";"2";"1";
"202000014309";"154 717 154";"A01";"2";"30";"0";"2";"1";"1";"1";
"202000014309";"154 717 155";"B01";"2";"7";"0";"0";"4";"15";"1";
"202000014309";"154 717 156";"C01";"2";"2";"16";"0";"0";"1";"1";
"202000014310";"154 717 153";"A01";"2";"7";"2";"0";"3";"14";"1";
"202000014311";"154 717 152";"A01";"2";"10";"0";"0";"1";"2";"1";
"202000014312";"154 717 150";"B01";"1";"7";"0";"0";"1";"1";"0";
"202000014312";"154 717 151";"A01";"1";"7";"15";"0";"7";"19";"0";
"202000014313";"154 717 148";"B01";"1";"2";"0";"2";"1";"1";"1";
"202000014313";"154 717 149";"A01";"2";"7";"0";"2";"3";"15";"1";
"202000014314";"154 717 147";"A01";"3";"10";"0";"1";"3";"1";"1";
"202000014315";"154 717 146";"A01";"3";"2";"0";"0";"0";"26";"1";
"202000014316";"154 717 144";"B01";"2";"30";"0";"2";"3";"1";"1";
"202000014316";"154 717 145";"A01";"0";"7";"0";"2";"3";"19";"1";
"202000014317";"154 717 143";"A01";"1";"7";"6";"0";"1";"2";"1";
"202000014318";"154 717 141";"B01";"1";"7";"0";"2";"1";"13";"1";
"202000014318";"154 717 142";"A01";"2";"7";"0";"2";"1";"1";"1";
"202000014319";"154 717 140";"A01";"1";"7";"0";"1";"3";"0";"1";
"202000014320";"154 717 138";"A01";"2";"7";"0";"2";"7";"1";"1";
"202000014320";"154 717 139";"B01";"1";"60";"0";"2";"0";"5";"5";
"202000014321";"154 717 137";"A01";"2";"7";"0";"1";"8";"1";"1";
"202000014322";"154 717 136";"A01";"1";"2";"15";"0";"7";"1";"1";
"202000014323";"154 717 135";"A01";"2";"7";"13";"0";"3";"2";"1";
"202000014324";"154 717 134";"A01";"1";"7";"6";"0";"1";"1";"1";
"202000014325";"154 717 132";"B01";"1";"7";"0";"0";"4";"2";"0";
"202000014325";"154 717 133";"A01";"1";"2";"0";"0";"1";"2";"0";
"202000014326";"154 717 131";"A01";"1";"10";"0";"1";"1";"15";"3";
"202000014327";"154 717 130";"A01";"3";"7";"0";"1";"2";"26";"1";
"202000014328";"154 717 129";"A01";"3";"50";"0";"0";"0";"0";"3";
"202000014329";"154 717 127";"B01";"2";"7";"0";"2";"1";"1";"1";
"202000014329";"154 717 128";"A01";"1";"7";"0";"2";"1";"13";"1";
"202000014330";"154 717 125";"A01";"1";"7";"0";"2";"1";"2";"1";
"202000014330";"154 717 126";"B01";"1";"7";"0";"0";"4";"1";"1";
"202000014331";"154 717 123";"B01";"1";"7";"0";"2";"1";"5";"1";
"202000014331";"154 717 124";"A01";"2";"17";"3";"2";"1";"1";"1";
"202000014332";"154 717 121";"A01";"1";"7";"0";"2";"3";"17";"1";
"202000014332";"154 717 122";"B01";"0";"1";"0";"2";"4";"19";"5";
"202000014333";"154 717 120";"A01";"3";"7";"0";"1";"2";"1";"1";
"202000014334";"154 717 119";"A01";"2";"2";"0";"0";"7";"11";"1";
"202000014335";"154 717 118";"A01";"1";"7";"7";"0";"1";"1";"1";
"202000014336";"154 717 117";"A01";"0";"7";"0";"1";"2";"16";"0";
"202000014337";"154 717 115";"A01";"2";"2";"0";"2";"1";"17";"1";
"202000014337";"154 717 116";"B01";"2";"7";"0";"2";"3";"15";"1";
"202000014338";"154 717 114";"A01";"3";"7";"0";"1";"2";"1";"1";
"202000014339";"154 717 111";"A01";"1";"7";"0";"2";"1";"0";"1";
"202000014339";"154 717 112";"B01";"2";"7";"0";"2";"1";"0";"1";
"202000014339";"154 717 113";"C01";"2";"7";"0";"2";"3";"0";"1";
"202000014340";"154 717 109";"A01";"1";"33";"0";"2";"7";"0";"1";
"202000014340";"154 717 110";"B01";"2";"7";"0";"2";"3";"9";"1";
"202000014341";"154 717 108";"A01";"1";"33";"0";"0";"0";"1";"1";
"202000014342";"154 717 107";"A01";"1";"7";"15";"0";"3";"1";"0";
"202000014343";"154 717 106";"A01";"1";"7";"6";"0";"1";"1";"1";
"202000014344";"154 717 103";"C01";"1";"10";"0";"2";"1";"14";"1";
"202000014344";"154 717 104";"B01";"1";"10";"0";"2";"4";"1";"0";
"202000014344";"154 717 105";"A01";"1";"10";"0";"2";"1";"2";"1";
"202000014345";"154 717 101";"B01";"1";"7";"0";"2";"6";"2";"1";
"202000014345";"154 717 102";"A01";"1";"15";"0";"2";"1";"12";"1";
"202000014346";"154 717 099";"A01";"1";"7";"0";"2";"1";"2";"1";
"202000014346";"154 717 100";"B01";"1";"7";"0";"2";"6";"23";"1";
"202000014347";"154 717 096";"B01";"2";"17";"0";"9";"1";"1";"1";
"202000014347";"154 717 097";"Z01";"2";"7";"0";"2";"1";"0";"0";
"202000014347";"154 717 098";"A01";"2";"7";"0";"2";"4";"1";"1";
"202000014348";"154 717 093";"C01";"1";"7";"0";"2";"1";"1";"1";
"202000014348";"154 717 094";"B01";"1";"7";"0";"2";"8";"1";"0";
"202000014348";"154 717 095";"A01";"1";"17";"0";"2";"2";"12";"1";
"202000014349";"154 717 090";"C01";"1";"10";"0";"2";"4";"2";"1";
"202000014349";"154 717 091";"B01";"1";"10";"0";"2";"1";"2";"0";
"202000014349";"154 717 092";"A01";"1";"10";"0";"2";"1";"2";"1";
"202000014350";"154 717 087";"C01";"1";"14";"0";"2";"2";"12";"1";
"202000014350";"154 717 088";"B01";"1";"7";"0";"2";"6";"11";"1";
"202000014350";"154 717 089";"A01";"1";"15";"0";"2";"2";"1";"1";
"202000014351";"154 717 085";"A01";"2";"33";"0";"2";"1";"3";"1";
"202000014351";"154 717 086";"B01";"2";"10";"0";"2";"7";"12";"1";
"202000014352";"154 717 084";"A01";"1";"33";"0";"2";"1";"2";"1";
"202000014353";"154 717 081";"A01";"1";"15";"0";"2";"3";"2";"1";
"202000014353";"154 717 082";"B01";"1";"7";"0";"2";"4";"2";"1";
"202000014353";"154 717 083";"C01";"1";"7";"0";"2";"3";"14";"1";
"202000014354";"154 717 079";"A01";"3";"7";"0";"2";"1";"9";"1";
"202000014354";"154 717 080";"B01";"3";"7";"0";"2";"2";"0";"1";
"202000014355";"154 717 077";"B01";"2";"7";"0";"2";"1";"1";"1";
"202000014355";"154 717 078";"A01";"1";"7";"0";"2";"2";"15";"1";
"202000014356";"154 717 076";"A01";"1";"33";"4";"0";"8";"2";"1";
"202000014357";"154 717 075";"A01";"0";"7";"0";"1";"2";"1";"3";
"202000014358";"154 717 073";"B01";"1";"2";"0";"2";"8";"1";"1";
"202000014358";"154 717 074";"A01";"1";"7";"0";"2";"7";"1";"1";
"202000014359";"154 717 071";"A01";"2";"34";"0";"2";"6";"10";"1";
"202000014359";"154 717 072";"B01";"1";"30";"0";"2";"1";"1";"1";
"202000014360";"154 717 070";"A01";"1";"7";"0";"1";"7";"16";"6";
"202000014361";"154 717 068";"B01";"1";"2";"0";"2";"8";"2";"1";
"202000014361";"154 717 069";"A01";"1";"17";"0";"2";"7";"9";"1";
"202000014362";"154 717 065";"A01";"3";"7";"0";"2";"1";"13";"1";
"202000014362";"154 717 066";"C01";"3";"7";"0";"2";"3";"1";"1";
"202000014362";"154 717 067";"B01";"3";"7";"0";"2";"3";"1";"1";
"202000014363";"154 717 063";"A01";"1";"10";"0";"2";"1";"16";"1";
"202000014363";"154 717 064";"B01";"1";"50";"0";"2";"1";"1";"3";
"202000014364";"154 717 062";"A01";"3";"7";"1";"1";"3";"16";"1";
"202000014365";"154 717 060";"B01";"1";"32";"0";"2";"1";"1";"1";
"202000014365";"154 717 061";"A01";"2";"7";"0";"2";"3";"15";"1";
"202000014366";"154 717 059";"A01";"3";"32";"13";"0";"9";"26";"1";
"202000014367";"154 717 056";"A01";"3";"10";"0";"2";"1";"10";"0";
"202000014367";"154 717 057";"B01";"0";"10";"0";"2";"5";"13";"0";
"202000014367";"154 717 058";"C01";"3";"37";"0";"2";"4";"24";"0";"1"
"202000014368";"154 717 052";"B01";"3";"7";"0";"2";"3";"18";"1";
"202000014368";"154 717 053";"A01";"3";"33";"0";"2";"7";"12";"1";
"202000014369";"154 717 048";"B01";"2";"7";"0";"2";"4";"1";"1";
"202000014369";"154 717 049";"A01";"2";"15";"0";"2";"1";"1";"1";
"202000014370";"154 717 045";"A01";"1";"7";"0";"2";"2";"15";"1";
"202000014370";"154 717 046";"B01";"0";"31";"0";"2";"1";"1";"1";
"202000014370";"154 717 047";"C01";"0";"7";"0";"2";"1";"1";"1";
"202000014371";"154 717 043";"B01";"1";"10";"0";"2";"2";"1";"1";
"202000014371";"154 717 044";"A01";"2";"10";"0";"2";"3";"15";"1";
"202000014372";"154 717 042";"A01";"2";"38";"0";"1";"2";"11";"1";"1"
"202000014373";"154 717 041";"A01";"2";"30";"0";"0";"2";"1";"1";
"202000014374";"154 717 039";"A01";"1";"7";"14";"0";"1";"1";"1";
"202000014374";"154 717 040";"B01";"1";"32";"0";"2";"0";"0";"1";
"202000014375";"154 717 038";"A01";"1";"7";"0";"1";"2";"15";"1";
"202000014376";"154 717 037";"A01";"2";"10";"8";"0";"4";"26";"1";
"202000014377";"154 717 035";"A01";"1";"1";"0";"2";"3";"1";"5";
"202000014377";"154 717 036";"Z01";"3";"7";"0";"2";"1";"15";"0";
"202000014378";"154 717 033";"B01";"1";"7";"0";"2";"2";"1";"1";
"202000014378";"154 717 034";"A01";"1";"1";"0";"2";"3";"15";"5";
"202000014379";"154 717 031";"B01";"1";"60";"0";"2";"8";"19";"5";
"202000014379";"154 717 032";"Z01";"3";"3";"0";"9";"1";"11";"1";
"202000014380";"154 717 029";"B01";"2";"33";"0";"2";"8";"1";"1";
"202000014380";"154 717 030";"A01";"1";"7";"0";"2";"1";"16";"1";
"202000014381";"154 717 028";"A01";"2";"7";"0";"1";"1";"1";"1";
"202000014382";"154 717 026";"A01";"2";"2";"0";"2";"1";"18";"1";
"202000014382";"154 717 027";"B01";"2";"7";"0";"2";"7";"16";"1";
"202000014383";"154 717 024";"A01";"3";"33";"0";"2";"1";"1";"1";
"202000014383";"154 717 025";"B01";"3";"7";"0";"2";"3";"1";"1";
"202000014384";"154 717 023";"A01";"0";"7";"8";"1";"1";"1";"1";
"202000014385";"154 717 021";"B01";"0";"7";"0";"2";"3";"1";"1";
"202000014385";"154 717 022";"A01";"0";"7";"0";"2";"3";"13";"1";
"202000014386";"154 717 020";"A01";"3";"7";"0";"1";"1";"9";"1";
"202000014387";"154 717 018";"A01";"2";"7";"0";"2";"7";"1";"1";
"202000014387";"154 717 019";"B01";"3";"7";"0";"2";"1";"15";"1";
"202000014388";"154 717 017";"A01";"2";"7";"15";"0";"2";"1";"1";
"202000014389";"154 717 016";"A01";"1";"10";"0";"1";"3";"16";"1";
"202000014390";"154 717 015";"A01";"1";"7";"0";"1";"2";"1";"1";
"202000014391";"154 717 013";"A01";"3";"7";"0";"2";"8";"1";"1";
"202000014391";"154 717 014";"B01";"2";"7";"0";"2";"1";"1";"1";
"202000014392";"154 717 012";"A01";"3";"7";"0";"1";"2";"1";"1";
"202000014393";"154 717 011";"A01";"3";"1";"0";"0";"0";"26";"5";
"202000014394";"154 717 010";"V01";"2";"7";"0";"5";"1";"26";"1";
"202000014395";"154 717 009";"A01";"1";"7";"0";"1";"1";"16";"1";
"202000014396";"154 717 008";"A01";"3";"10";"0";"1";"2";"1";"1";
"202000014397";"154 717 006";"B01";"2";"14";"0";"2";"6";"1";"1";
"202000014397";"154 717 007";"A01";"1";"7";"8";"2";"3";"13";"1";
"202000014398";"154 717 003";"A01";"2";"7";"0";"2";"1";"0";"3";
"202000014398";"154 717 004";"B01";"1";"2";"0";"2";"1";"0";"1";
"202000014398";"154 717 005";"Z01";"2";"7";"0";"2";"0";"0";"0";
"202000014399";"154 717 001";"A01";"1";"7";"0";"2";"7";"15";"1";
"202000014399";"154 717 002";"B01";"1";"33";"0";"2";"3";"1";"0";
"202000014400";"154 716 998";"B01";"1";"14";"0";"2";"6";"24";"1";
"202000014400";"154 716 999";"C01";"2";"7";"0";"2";"1";"1";"1";
"202000014400";"154 717 000";"A01";"1";"7";"1";"1";"1";"17";"2";
"202000014401";"154 716 996";"A01";"0";"33";"0";"2";"1";"1";"0";
"202000014401";"154 716 997";"Z01";"0";"7";"0";"2";"1";"17";"0";
"202000014402";"154 716 994";"B01";"1";"7";"0";"2";"3";"16";"1";
"202000014402";"154 716 995";"A01";"1";"34";"0";"2";"2";"1";"1";
"202000014403";"154 716 992";"A01";"2";"7";"0";"0";"3";"10";"0";
"202000014403";"154 716 993";"B01";"2";"33";"0";"2";"1";"3";"1";
"202000014404";"154 716 990";"A01";"1";"7";"0";"2";"1";"1";"1";
"202000014404";"154 716 991";"B01";"1";"10";"0";"2";"5";"1";"1";
"202000014405";"154 716 987";"A01";"1";"7";"0";"1";"3";"1";"1";
"202000014406";"154 716 985";"A01";"1";"7";"0";"2";"3";"9";"1";
"202000014406";"154 716 986";"B01";"2";"34";"0";"2";"2";"1";"1";
"202000014407";"154 716 983";"B01";"2";"7";"0";"2";"1";"21";"1";
"202000014407";"154 716 984";"A01";"1";"7";"0";"2";"1";"5";"1";
"202000014408";"154 716 982";"A01";"1";"1";"0";"1";"1";"1";"5";
"202000014409";"154 716 981";"Z01";"2";"7";"0";"1";"1";"1";"0";
"202000014410";"154 716 979";"B01";"3";"32";"0";"2";"2";"15";"1";
"202000014410";"154 716 980";"A01";"3";"7";"0";"2";"3";"13";"1";
"202000014411";"154 716 977";"A01";"2";"7";"0";"2";"5";"23";"2";
"202000014411";"154 716 978";"B01";"2";"7";"0";"2";"3";"2";"1";
"202000014412";"154 716 975";"A01";"1";"1";"0";"2";"1";"2";"5";
"202000014412";"154 716 976";"Z01";"1";"7";"0";"2";"4";"23";"0";
"202000014413";"154 716 973";"B01";"2";"1";"0";"2";"1";"2";"5";
"202000014413";"154 716 974";"A01";"2";"7";"0";"2";"8";"22";"1";
"202000014414";"154 716 971";"B01";"1";"33";"0";"2";"1";"1";"1";
"202000014414";"154 716 972";"A01";"1";"7";"0";"2";"3";"4";"1";
"202000014415";"154 716 969";"B01";"1";"30";"0";"2";"2";"15";"1";
"202000014415";"154 716 970";"A01";"2";"32";"0";"2";"1";"1";"1";
"202000014416";"154 716 967";"Z01";"2";"7";"0";"2";"7";"17";"2";
"202000014416";"154 716 968";"A01";"2";"1";"0";"2";"8";"15";"5";
"202000014417";"154 716 966";"A01";"2";"10";"0";"1";"4";"4";"1";
"202000014418";"154 716 965";"A01";"2";"7";"0";"1";"5";"4";"0";
"202000014419";"154 716 964";"A01";"1";"7";"0";"1";"0";"1";"0";
"202000014420";"154 716 963";"A01";"3";"30";"0";"1";"1";"1";"1";
"202000014421";"154 716 961";"B01";"1";"2";"0";"2";"1";"17";"1";
"202000014421";"154 716 962";"A01";"1";"7";"0";"2";"3";"15";"1";
"202000014422";"154 716 958";"B01";" -1";"7";"0";"2";"8";"22";"1";
"202000014422";"154 716 959";"C01";" -1";"10";"14";"0";"3";"1";"1";
"202000014422";"154 716 960";"A01";" -1";"33";"14";"0";"1";"2";"1";
"202000014423";"154 716 956";"B01";"1";"99";"0";"2";"2";"15";"1";
"202000014423";"154 716 957";"A01";"1";"33";"0";"2";"1";"9";"1";
"202000014424";"154 716 955";"A01";"1";"33";"0";"1";"1";"9";"1";
"202000014425";"154 716 953";"B01";"1";"10";"0";"2";"3";"15";"0";
"202000014425";"154 716 954";"A01";"0";"10";"0";"2";"1";"1";"0";
"202000014426";"154 716 951";"A01";"2";"7";"0";"2";"1";"18";"0";
"202000014426";"154 716 952";"B01";"2";"7";"0";"0";"0";"0";"0";
"202000014427";"154 716 950";"A01";"3";"7";"0";"1";"3";"15";"0";
"202000014428";"154 716 949";"A01";"3";"33";"0";"1";"0";"21";"1";
"202000014429";"154 716 947";"A01";"3";"7";"0";"2";"3";"10";"1";
"202000014429";"154 716 948";"B01";"3";"33";"0";"2";"0";"1";"1";
"202000014430";"154 716 945";"A01";"3";"15";"0";"2";"2";"1";"1";
"202000014430";"154 716 946";"B01";"3";"33";"0";"2";"8";"15";"1";
"202000014431";"154 716 943";"B01";"1";"7";"0";"2";"8";"1";"1";
"202000014431";"154 716 944";"A01";"1";"0";"0";"2";"1";"1";"0";
"202000014432";"154 716 941";"B01";"1";"7";"0";"2";"5";"2";"3";
"202000014432";"154 716 942";"A01";"1";"30";"0";"2";"1";"2";"1";
"202000014433";"154 716 939";"A01";"3";"7";"0";"2";"3";"15";"1";
"202000014433";"154 716 940";"B01";"3";"31";"0";"2";"2";"1";"1";
"202000014434";"154 716 937";"A01";"2";"15";"0";"2";"2";"1";"1";
"202000014434";"154 716 938";"B01";"1";"2";"0";"2";"1";"13";"1";
"202000014435";"154 716 931";"D01";"2";"33";"0";"2";"1";"11";"0";
"202000014435";"154 716 932";"F01";"1";"10";"0";"2";"5";"1";"0";
"202000014435";"154 716 933";"E01";"2";"7";"0";"2";"8";"1";"0";
"202000014435";"154 716 934";"C01";"2";"33";"0";"2";"1";"5";"0";
"202000014435";"154 716 935";"B01";"1";"15";"9";"2";"2";"11";"0";
"202000014435";"154 716 936";"A01";"2";"7";"3";"2";"2";"5";"0";
"202000014436";"154 716 929";"A01";"1";"7";"0";"2";"1";"5";"1";
"202000014436";"154 716 930";"B01";"2";"7";"0";"2";"1";"0";"1";
"202000014437";"154 716 925";"A01";"1";"2";"0";"2";"8";"15";"1";
"202000014437";"154 716 926";"B01";"1";"7";"0";"2";"3";"1";"1";
"202000014438";"154 716 923";"B01";"1";"17";"6";"2";"3";"21";"1";
"202000014438";"154 716 924";"A01";"2";"20";"0";"2";"3";"13";"1";
"202000014439";"154 716 922";"A01";"1";"7";"0";"0";"9";"1";"1";
"202000014440";"154 716 920";"A01";"2";"7";"0";"2";"3";"13";"1";
"202000014440";"154 716 921";"B01";"1";"7";"0";"2";"3";"1";"1";
"202000014441";"154 716 919";"A01";"2";"7";"3";"0";"9";"1";"0";
"202000014442";"154 716 916";"C01";"1";"15";"0";"2";"1";"1";"1";
"202000014442";"154 716 917";"B01";"2";"7";"0";"0";"6";"23";"1";
"202000014442";"154 716 918";"A01";"2";"7";"0";"2";"2";"2";"1";
"202000014443";"154 716 914";"B01";"1";"7";"0";"2";"1";"1";"1";
"202000014443";"154 716 915";"A01";"1";"17";"0";"2";"2";"15";"1";
"202000014444";"154 716 912";"A01";"2";"7";"0";"2";"1";"13";"0";
"202000014444";"154 716 913";"B01";"1";"7";"0";"2";"3";"1";"0";
"202000014445";"154 716 911";"A01";"2";"7";"3";"0";"3";"17";"1";
"202000014446";"154 716 910";"A01";"2";"7";"3";"0";"2";"1";"1";
"202000014447";"154 716 909";"A01";"1";"7";"3";"0";"1";"13";"1";
"202000014448";"154 716 907";"B01";"2";"7";"9";"2";"8";"1";"1";
"202000014448";"154 716 908";"A01";"1";"7";"0";"2";"1";"1";"1";
"202000014449";"154 716 905";"B01";"2";"7";"0";"2";"1";"1";"1";
"202000014449";"154 716 906";"A01";"1";"7";"0";"2";"8";"15";"1";
"202000014450";"154 716 904";"A01";"0";"7";"0";"1";"2";"26";"1";
"202000014451";"154 716 902";"B01";"3";"99";"0";"0";"4";"2";"6";
"202000014451";"154 716 903";"A01";"0";"33";"0";"2";"1";"2";"6";
"202000014452";"154 716 901";"A01";"1";"33";"15";"0";"1";"0";"1";
"202000014453";"154 716 899";"A01";"2";"7";"0";"2";"1";"17";"1";
"202000014453";"154 716 900";"B01";"2";"17";"0";"0";"8";"1";"1";
"202000014454";"154 716 897";"A01";"2";"1";"0";"2";"1";"15";"5";
"202000014454";"154 716 898";"B01";"1";"7";"0";"2";"2";"1";"1";
"202000014455";"154 716 896";"A01";"1";"7";"15";"0";"1";"1";"1";
"202000014456";"154 716 895";"A01";"1";"7";"0";"1";"2";"1";"0";
"202000014457";"154 716 893";"A01";"0";"7";"0";"9";"3";"16";"0";
"202000014457";"154 716 894";"B01";"0";"1";"0";"2";"7";"12";"5";
"202000014458";"154 716 891";"B01";"2";"7";"7";"2";"1";"1";"1";
"202000014458";"154 716 892";"A01";"1";"7";"0";"2";"7";"13";"1";
"202000014459";"154 716 890";"A01";"1";"7";"4";"0";"2";"1";"1";
"202000014460";"154 716 888";"B01";"1";"10";"0";"0";"6";"0";"1";
"202000014460";"154 716 889";"A01";"1";"7";"0";"2";"2";"0";"1";
"202000014461";"154 716 885";"A01";"2";"7";"0";"2";"1";"1";"1";
"202000014461";"154 716 886";"B01";"2";"7";"0";"0";"4";"1";"1";
"202000014461";"154 716 887";"C01";"2";"7";"0";"2";"4";"1";"1";
"202000014462";"154 716 884";"A01";"1";"33";"0";"0";"0";"1";"1";
"202000014463";"154 716 883";"A01";"1";"7";"0";"1";"1";"1";"0";
"202000014464";"154 716 882";"A01";"2";"7";"0";"1";"7";"1";"1";