"Num_Acc";"id_vehicule";"num_veh";"senc";"catv";"obs";"obsm";"choc";"manv";"motor";"occutc"
"202000015700";"154 714 670";"A01";"2";"33";"9";"0";"1";"1";"1";
"202000015701";"154 714 669";"A01";"1";"7";"8";"0";"1";"14";"1";
"202000015702";"154 714 668";"A01";"1";"7";"0";"1";"2";"1";"0";
"202000015703";"154 714 667";"A01";"2";"33";"0";"0";"0";"1";"1";
"202000015704";"154 714 665";"A01";"0";"7";"0";"2";"2";"26";"1";
"202000015704";"154 714 666";"B01";"3";"7";"0";"2";"3";"21";"1";
"202000015705";"154 714 663";"B01";"0";"7";"0";"0";"0";"20";"0";
"202000015705";"154 714 664";"A01";"0";"2";"0";"0";"0";"21";"1";
"202000015706";"154 714 662";"A01";"0";"31";"0";"0";"5";"1";"1";
"202000015707";"154 714 661";"A01";"2";"33";"16";"0";"7";"1";"1";
"202000015708";"154 714 660";"A01";"2";"7";"13";"0";"1";"1";"1";
"202000015709";"154 714 658";"A01";"1";"7";"0";"2";"2";"1";"1";
"202000015709";"154 714 659";"B01";"1";"7";"0";"2";"4";"15";"1";
"202000015710";"154 714 655";"C01";"2";"7";"3";"2";"4";"1";"1";
"202000015710";"154 714 656";"A01";"2";"7";"1";"2";"1";"1";"1";
"202000015710";"154 714 657";"B01";"3";"7";"0";"2";"3";"23";"1";
"202000015711";"154 714 653";"A01";"0";"33";"0";"9";"0";"0";"0";
"202000015711";"154 714 654";"B01";"0";"1";"0";"9";"0";"0";"5";
"202000015712";"154 714 651";"A01";"1";"7";"0";"2";"2";"15";"1";
"202000015712";"154 714 652";"B01";"2";"33";"0";"2";"1";"1";"1";
"202000015713";"154 714 649";"B01";"1";"33";"0";"2";"1";"1";"1";
"202000015713";"154 714 650";"A01";"1";"7";"0";"0";"5";"1";"1";
"202000015714";"154 714 647";"B01";"1";"7";"0";"2";"2";"1";"1";
"202000015714";"154 714 648";"A01";"2";"7";"0";"2";"1";"1";"1";
"202000015715";"154 714 645";"A01";"2";"33";"0";"0";"0";"1";"1";
"202000015715";"154 714 646";"B01";"1";"7";"0";"0";"3";"1";"1";
"202000015716";"154 714 644";"A01";"1";"14";"0";"1";"3";"1";"1";
"202000015717";"154 714 642";"B01";"0";"2";"0";"2";"1";"1";"1";
"202000015717";"154 714 643";"A01";"3";"10";"0";"2";"3";"5";"1";
"202000015718";"154 714 641";"B01";"1";"1";"0";"0";"9";"1";"5";
"202000015719";"154 714 639";"A01";"3";"7";"0";"2";"2";"1";"1";
"202000015719";"154 714 640";"B01";"3";"31";"0";"2";"3";"1";"1";
"202000015720";"154 714 636";"C01";"2";"7";"0";"0";"3";"1";"1";
"202000015720";"154 714 637";"B01";"2";"7";"0";"0";"6";"1";"1";
"202000015720";"154 714 638";"A01";"1";"7";"0";"2";"3";"13";"1";
"202000015721";"154 714 635";"A01";"1";"1";"0";"0";"2";"1";"5";
"202000015722";"154 714 634";"A01";"1";"33";"0";"0";"8";"1";"1";
"202000015723";"154 714 632";"B01";"1";"33";"0";"2";"1";"0";"1";
"202000015723";"154 714 633";"A01";"2";"7";"0";"9";"7";"15";"1";
"202000015724";"154 714 631";"A01";"1";"33";"0";"0";"0";"1";"1";
"202000015725";"154 714 630";"A01";"1";"7";"16";"0";"3";"1";"1";
"202000015726";"154 714 628";"A01";"1";"7";"0";"2";"3";"1";"1";
"202000015726";"154 714 629";"B01";"2";"7";"0";"2";"1";"13";"1";
"202000015727";"154 714 627";"A01";"2";"7";"2";"1";"9";"14";"1";
"202000015728";"154 714 626";"A01";"3";"2";"1";"0";"3";"1";"1";
"202000015729";"154 714 624";"B01";"2";"7";"13";"0";"6";"1";"6";
"202000015729";"154 714 625";"A01";"2";"7";"9";"2";"1";"26";"6";
"202000015730";"154 714 622";"A01";"0";"21";"0";"0";"0";"9";"1";
"202000015730";"154 714 623";"B01";"2";"33";"0";"0";"7";"1";"1";
"202000015731";"154 714 620";"B01";"2";"99";"0";"2";"1";"1";"0";
"202000015731";"154 714 621";"A01";"1";"7";"0";"2";"3";"1";"0";
"202000015732";"154 714 619";"A01";"3";"7";"0";"0";"0";"14";"1";
"202000015733";"154 714 617";"A01";"1";"7";"0";"2";"3";"0";"1";
"202000015733";"154 714 618";"B01";"1";"2";"0";"2";"1";"0";"1";
"202000015734";"154 714 616";"A01";"1";"2";"0";"0";"0";"1";"1";
"202000015735";"154 714 613";"A01";"1";"14";"0";"2";"3";"5";"1";
"202000015735";"154 714 614";"B01";"2";"7";"0";"2";"1";"2";"1";
"202000015735";"154 714 615";"C01";"0";"7";"0";"2";"7";"23";"1";
"202000015736";"154 714 609";"B01";"2";"7";"0";"2";"4";"2";"1";
"202000015736";"154 714 610";"A01";"2";"7";"0";"2";"1";"2";"1";
"202000015737";"154 714 607";"A01";"1";"10";"0";"2";"1";"13";"1";
"202000015737";"154 714 608";"B01";"2";"15";"0";"2";"2";"21";"1";
"202000015738";"154 714 602";"B01";"1";"15";"0";"0";"6";"0";"1";
"202000015738";"154 714 603";"A01";"1";"7";"0";"2";"2";"1";"1";
"202000015739";"154 714 600";"A01";"1";"7";"0";"2";"1";"13";"1";
"202000015739";"154 714 601";"B01";"2";"7";"0";"2";"1";"1";"1";
"202000015740";"154 714 598";"B01";"1";"7";"13";"2";"3";"1";"1";
"202000015740";"154 714 599";"A01";"2";"7";"0";"2";"3";"1";"1";
"202000015741";"154 714 596";"A01";"1";"7";"0";"9";"3";"1";"1";
"202000015741";"154 714 597";"B01";"2";"1";"0";"2";"1";"0";"0";
"202000015742";"154 714 594";"B01";"3";"37";"0";"2";"6";"17";"1";"1"
"202000015742";"154 714 595";"A01";"3";"33";"6";"2";"7";"17";"1";
"202000015743";"154 714 591";"A01";"1";"17";"0";"0";"4";"2";"1";
"202000015743";"154 714 592";"C01";"1";"7";"0";"2";"1";"2";"1";
"202000015743";"154 714 593";"B01";"1";"7";"1";"0";"1";"2";"1";
"202000015744";"154 714 589";"B01";"2";"7";"0";"0";"3";"1";"1";
"202000015744";"154 714 590";"A01";"2";"7";"0";"2";"8";"15";"1";
"202000015745";"154 714 587";"A01";"1";"7";"0";"2";"2";"26";"1";
"202000015745";"154 714 588";"B01";"0";"7";"0";"2";"3";"0";"1";
"202000015746";"154 714 585";"A01";"1";"7";"0";"2";"3";"15";"1";
"202000015746";"154 714 586";"B01";"2";"2";"0";"2";"1";"1";"1";
"202000015747";"154 714 584";"A01";"1";"7";"15";"0";"3";"1";"1";
"202000015748";"154 714 583";"A01";"2";"7";"6";"0";"2";"17";"1";
"202000015749";"154 714 582";"A01";"2";"34";"1";"0";"1";"13";"1";
"202000015750";"154 714 580";"B01";"2";"7";"0";"2";"7";"16";"1";
"202000015750";"154 714 581";"A01";"2";"33";"0";"2";"1";"18";"1";
"202000015751";"154 714 579";"A01";"2";"7";"0";"1";"3";"1";"1";
"202000015752";"154 714 577";"B01";"2";"7";"0";"0";"4";"23";"1";
"202000015752";"154 714 578";"A01";"2";"7";"0";"2";"1";"1";"1";
"202000015753";"154 714 576";"A01";"2";"7";"8";"0";"1";"1";"1";
"202000015754";"154 714 574";"B01";"1";"1";"0";"2";"1";"1";"5";
"202000015754";"154 714 575";"A01";"2";"7";"0";"9";"3";"15";"1";
"202000015755";"154 714 570";"A01";"1";"10";"0";"2";"2";"0";"1";
"202000015755";"154 714 571";"D01";"1";"7";"0";"2";"4";"26";"1";
"202000015755";"154 714 572";"C01";"1";"7";"0";"2";"4";"26";"1";
"202000015755";"154 714 573";"B01";"1";"7";"0";"2";"4";"26";"1";
"202000015756";"154 714 568";"A01";"1";"7";"0";"2";"1";"2";"1";
"202000015756";"154 714 569";"B01";"1";"10";"0";"2";"4";"2";"1";
"202000015757";"154 714 566";"B01";"1";"7";"0";"2";"4";"2";"1";
"202000015757";"154 714 567";"A01";"1";"7";"0";"2";"9";"2";"1";
"202000015758";"154 714 565";"A01";"1";"7";"4";"0";"1";"21";"1";
"202000015759";"154 714 563";"A01";"1";"32";"0";"2";"1";"3";"1";
"202000015759";"154 714 564";"Z01";"1";"10";"0";"2";"5";"11";"0";
"202000015760";"154 714 562";"A01";"1";"7";"6";"0";"1";"14";"1";
"202000015761";"154 714 561";"A01";"2";"7";"4";"0";"7";"14";"1";
"202000015762";"154 714 560";"A01";"2";"13";"4";"0";"1";"14";"1";
"202000015763";"154 714 558";"B01";"2";"7";"0";"2";"4";"2";"1";
"202000015763";"154 714 559";"A01";"2";"7";"0";"2";"1";"2";"1";
"202000015764";"154 714 555";"A01";"2";"10";"0";"2";"1";"1";"1";
"202000015764";"154 714 556";"B01";"2";"10";"0";"2";"4";"23";"1";
"202000015764";"154 714 557";"C01";"2";"7";"0";"2";"4";"23";"1";
"202000015765";"154 714 552";"B01";"1";"2";"0";"0";"0";"1";"1";
"202000015765";"154 714 553";"A01";"1";"7";"0";"0";"0";"17";"1";
"202000015766";"154 714 551";"A01";"0";"99";"8";"0";"1";"16";"6";
"202000015767";"154 714 549";"A01";"2";"7";"0";"2";"8";"1";"1";
"202000015767";"154 714 550";"B01";"1";"31";"0";"2";"0";"3";"1";
"202000015768";"154 714 548";"A01";"1";"10";"4";"0";"3";"13";"1";
"202000015769";"154 714 546";"B01";"2";"7";"0";"2";"4";"2";"1";
"202000015769";"154 714 547";"A01";"2";"1";"0";"2";"1";"2";"5";
"202000015770";"154 714 544";"B01";"1";"33";"0";"2";"1";"0";"1";
"202000015770";"154 714 545";"A01";"2";"7";"0";"2";"0";"0";"1";
"202000015771";"154 714 543";"A01";"1";"7";"0";"1";"1";"17";"1";
"202000015772";"154 714 541";"B01";"1";"32";"0";"2";"1";"9";"1";
"202000015772";"154 714 542";"A01";"2";"3";"0";"2";"3";"11";"1";
"202000015773";"154 714 539";"A01";"3";"7";"0";"2";"8";"9";"1";
"202000015773";"154 714 540";"B01";"1";"33";"0";"2";"1";"9";"1";
"202000015774";"154 714 537";"A01";"3";"7";"0";"2";"1";"2";"1";
"202000015774";"154 714 538";"B01";"3";"7";"0";"2";"4";"2";"1";
"202000015775";"154 714 536";"A01";"2";"34";"14";"0";"0";"26";"1";
"202000015776";"154 714 535";"A01";"3";"7";"0";"1";"3";"15";"1";
"202000015777";"154 714 533";"A01";"3";"7";"4";"2";"1";"2";"1";
"202000015777";"154 714 534";"B01";"3";"7";"0";"2";"4";"2";"1";
"202000015778";"154 714 530";"B01";"2";"7";"0";"2";"8";"19";"1";
"202000015778";"154 714 531";"A01";"1";"7";"0";"2";"1";"19";"1";
"202000015779";"154 714 528";"B01";"1";"7";"0";"0";"0";"0";"1";
"202000015779";"154 714 529";"A01";"1";"7";"0";"2";"1";"1";"1";
"202000015780";"154 714 526";"A01";"1";"7";"0";"2";"1";"1";"1";
"202000015780";"154 714 527";"B01";"1";"32";"0";"2";"8";"1";"1";
"202000015781";"154 714 524";"A01";"1";"2";"0";"2";"1";"25";"1";
"202000015781";"154 714 525";"B01";"2";"7";"0";"2";"3";"1";"1";
"202000015782";"154 714 522";"B01";"2";"50";"0";"2";"1";"19";"3";
"202000015782";"154 714 523";"A01";"1";"7";"0";"2";"2";"1";"2";
"202000015783";"154 714 520";"B01";"1";"7";"0";"2";"7";"23";"1";
"202000015783";"154 714 521";"A01";"1";"30";"0";"2";"8";"18";"1";
"202000015784";"154 714 519";"A01";"1";"30";"4";"0";"1";"13";"1";
"202000015785";"154 714 516";"B01";"1";"7";"0";"2";"3";"21";"0";
"202000015785";"154 714 517";"C01";"2";"7";"0";"2";"3";"1";"0";
"202000015785";"154 714 518";"A01";"1";"10";"5";"0";"1";"14";"0";
"202000015786";"154 714 513";"A01";"2";"7";"0";"0";"9";"1";"1";
"202000015787";"154 714 510";"C01";"0";"7";"0";"2";"2";"1";"1";
"202000015787";"154 714 511";"B01";"0";"7";"0";"2";"3";"1";"1";
"202000015787";"154 714 512";"A01";"0";"33";"0";"2";"1";"17";"1";
"202000015788";"154 714 508";"B01";"2";"36";"0";"2";"1";"1";"1";
"202000015788";"154 714 509";"A01";"1";"7";"0";"2";"2";"15";"0";
"202000015789";"154 714 507";"A01";"1";"7";"0";"1";"1";"1";"6";
"202000015790";"154 714 504";"A01";"0";"2";"0";"2";"3";"19";"0";
"202000015790";"154 714 505";"B01";"3";"7";"0";"2";"2";"1";"0";
"202000015791";"154 714 503";"A01";"0";"80";"12";"0";"2";"16";"3";
"202000015792";"154 714 501";"B01";"1";"7";"0";"2";"2";"13";"1";
"202000015792";"154 714 502";"A01";"2";"33";"0";"2";"1";"14";"1";
"202000015793";"154 714 499";"A01";"1";"7";"7";"2";"7";"19";"1";
"202000015793";"154 714 500";"B01";"1";"7";"7";"2";"1";"1";"1";
"202000015794";"154 714 497";"B01";"1";"7";"0";"2";"1";"0";"1";
"202000015794";"154 714 498";"A01";"1";"7";"0";"2";"4";"1";"1";
"202000015795";"154 714 495";"B01";"2";"7";"0";"2";"8";"1";"1";
"202000015795";"154 714 496";"A01";"2";"14";"0";"2";"7";"12";"1";
"202000015796";"154 714 491";"A01";"1";"7";"0";"2";"4";"2";"1";
"202000015796";"154 714 492";"C01";"1";"7";"0";"2";"6";"2";"1";
"202000015796";"154 714 493";"B01";"1";"7";"0";"2";"4";"0";"1";
"202000015796";"154 714 494";"D01";"1";"7";"0";"2";"1";"2";"1";
"202000015797";"154 714 489";"B01";"2";"7";"0";"2";"6";"12";"1";
"202000015797";"154 714 490";"A01";"2";"7";"0";"2";"2";"17";"1";
"202000015798";"154 714 487";"B01";"2";"34";"0";"2";"4";"2";"1";
"202000015798";"154 714 488";"Z01";"2";"7";"0";"2";"1";"2";"0";
"202000015799";"154 714 485";"A01";"2";"7";"0";"2";"1";"2";"1";
"202000015799";"154 714 486";"B01";"2";"7";"0";"2";"4";"2";"1";
"202000015800";"154 714 483";"Z01";"2";"0";"0";"2";"0";"0";"1";
"202000015800";"154 714 484";"B01";"2";"7";"0";"2";"6";"1";"1";
"202000015801";"154 714 482";"A01";"1";"7";"0";"2";"1";"1";"1";
"202000015802";"154 714 480";"B01";"1";"33";"0";"2";"1";"3";"1";
"202000015802";"154 714 481";"A01";"1";"10";"0";"2";"2";"12";"1";
"202000015803";"154 714 477";"A01";"2";"7";"0";"2";"8";"13";"2";
"202000015803";"154 714 478";"B01";"2";"7";"4";"0";"7";"17";"1";
"202000015803";"154 714 479";"C01";"2";"7";"0";"2";"1";"21";"1";
"202000015804";"154 714 475";"A01";"2";"7";"0";"2";"1";"2";"1";
"202000015804";"154 714 476";"B01";"2";"7";"0";"2";"4";"2";"1";
"202000015805";"154 714 473";"B01";"1";"10";"4";"0";"4";"1";"1";
"202000015805";"154 714 474";"A01";"1";"10";"0";"2";"1";"12";"1";
"202000015806";"154 714 469";"A01";"1";"7";"0";"2";"1";"2";"1";
"202000015806";"154 714 470";"B01";"1";"7";"0";"2";"4";"2";"1";
"202000015806";"154 714 471";"C01";"1";"7";"0";"2";"4";"2";"1";
"202000015806";"154 714 472";"D01";"1";"7";"0";"2";"4";"2";"1";
"202000015807";"154 714 467";"A01";"2";"33";"0";"2";"8";"3";"1";
"202000015807";"154 714 468";"B01";"2";"13";"0";"2";"7";"2";"1";
"202000015808";"154 714 466";"A01";"2";"7";"0";"0";"3";"1";"1";
"202000015809";"154 714 464";"B01";"1";"7";"0";"2";"5";"12";"6";
"202000015809";"154 714 465";"A01";"1";"33";"0";"2";"3";"3";"6";
"202000015810";"154 714 463";"A01";"2";"7";"14";"0";"3";"13";"1";
"202000015811";"154 714 462";"A01";"3";"7";"0";"1";"1";"1";"1";
"202000015812";"154 714 460";"B01";"2";"7";"0";"0";"0";"15";"1";
"202000015812";"154 714 461";"A01";"1";"33";"0";"0";"9";"21";"1";
"202000015813";"154 714 458";"B01";"2";"30";"0";"2";"1";"1";"1";
"202000015813";"154 714 459";"A01";"2";"7";"0";"2";"3";"10";"1";
"202000015814";"154 714 456";"B01";"3";"7";"15";"0";"3";"15";"0";
"202000015814";"154 714 457";"A01";"2";"33";"15";"2";"1";"17";"0";
"202000015815";"154 714 454";"A01";"2";"7";"0";"2";"1";"9";"1";
"202000015815";"154 714 455";"B01";"1";"2";"0";"2";"7";"1";"1";
"202000015816";"154 714 452";"A01";"0";"32";"0";"2";"1";"1";"0";
"202000015816";"154 714 453";"B01";"0";"1";"0";"2";"1";"5";"0";
"202000015817";"154 714 451";"A01";"2";"7";"0";"1";"1";"1";"0";
"202000015818";"154 714 449";"A01";"2";"7";"0";"2";"2";"16";"1";
"202000015818";"154 714 450";"B01";"2";"60";"0";"0";"6";"1";"5";
"202000015819";"154 714 447";"A01";"1";"7";"0";"2";"1";"9";"0";
"202000015819";"154 714 448";"B01";"1";"7";"0";"2";"4";"1";"0";
"202000015820";"154 714 446";"A01";"3";"99";"0";"1";"0";"26";"0";
"202000015821";"154 714 444";"B01";"2";"7";"0";"2";"3";"15";"6";
"202000015821";"154 714 445";"A01";"2";"34";"0";"2";"6";"9";"6";
"202000015822";"154 714 443";"A01";"3";"7";"0";"0";"0";"26";"0";
"202000015823";"154 714 442";"A01";"3";"7";"0";"1";"1";"1";"1";
"202000015824";"154 714 441";"A01";"3";"7";"0";"1";"1";"1";"1";
"202000015825";"154 714 440";"A01";"2";"7";"14";"1";"3";"1";"1";
"202000015826";"154 714 439";"A01";"1";"7";"0";"1";"2";"1";"1";
"202000015827";"154 714 436";"B01";"1";"7";"0";"2";"0";"26";"1";
"202000015827";"154 714 437";"C01";"2";"7";"0";"2";"0";"26";"1";
"202000015827";"154 714 438";"A01";"1";"7";"0";"2";"0";"26";"1";
"202000015828";"154 714 434";"A01";"2";"33";"0";"2";"1";"2";"1";
"202000015828";"154 714 435";"B01";"2";"7";"0";"2";"4";"23";"1";
"202000015829";"154 714 432";"A01";"3";"7";"0";"2";"0";"1";"0";
"202000015829";"154 714 433";"B01";"3";"1";"0";"2";"0";"1";"5";
"202000015830";"154 714 431";"A01";"1";"30";"0";"0";"2";"9";"1";
"202000015831";"154 714 430";"A01";"1";"7";"6";"0";"1";"1";"1";
"202000015832";"154 714 426";"B01";"1";"7";"0";"2";"8";"15";"1";
"202000015832";"154 714 427";"A01";"1";"7";"0";"2";"1";"1";"1";
"202000015833";"154 714 424";"A01";"0";"3";"0";"2";"2";"1";"1";
"202000015833";"154 714 425";"B01";"0";"7";"0";"2";"3";"1";"1";
"202000015834";"154 714 422";"B01";"2";"50";"0";"2";"7";"14";"3";
"202000015834";"154 714 423";"A01";"2";"7";"0";"9";"1";"9";"1";
"202000015835";"154 714 420";"B01";"1";"7";"0";"2";"1";"2";"1";
"202000015835";"154 714 421";"A01";"1";"7";"0";"2";"4";"23";"1";
"202000015836";"154 714 415";"C01";"2";"7";"0";"2";"4";"0";"0";
"202000015836";"154 714 416";"B01";"2";"7";"0";"2";"4";"1";"0";
"202000015836";"154 714 417";"A01";"2";"7";"0";"2";"1";"1";"0";
"202000015837";"154 714 411";"A01";"1";"7";"0";"2";"1";"2";"1";
"202000015837";"154 714 412";"B01";"1";"7";"0";"2";"4";"2";"1";
"202000015837";"154 714 413";"C01";"1";"7";"0";"2";"4";"2";"1";
"202000015837";"154 714 414";"D01";"1";"7";"0";"2";"4";"2";"1";
"202000015838";"154 714 408";"C01";"2";"7";"0";"2";"3";"1";"1";
"202000015838";"154 714 409";"B01";"2";"7";"0";"2";"3";"1";"1";
"202000015838";"154 714 410";"A01";"1";"7";"0";"2";"1";"15";"1";
"202000015839";"154 714 405";"C01";"2";"50";"0";"2";"1";"1";"3";
"202000015839";"154 714 406";"B01";"2";"7";"0";"2";"8";"1";"1";
"202000015839";"154 714 407";"A01";"1";"7";"7";"2";"1";"1";"1";
"202000015840";"154 714 402";"C01";"0";"7";"0";"2";"4";"1";"0";
"202000015840";"154 714 403";"B01";"1";"7";"0";"2";"4";"1";"0";
"202000015840";"154 714 404";"A01";"1";"7";"0";"2";"1";"1";"0";
"202000015841";"154 714 400";"B01";"2";"1";"0";"2";"1";"2";"5";
"202000015841";"154 714 401";"A01";"1";"7";"0";"2";"2";"16";"1";
"202000015842";"154 714 399";"A01";"1";"7";"0";"1";"2";"1";"1";
"202000015843";"154 714 397";"B01";"2";"1";"0";"2";"4";"2";"5";
"202000015843";"154 714 398";"A01";"2";"30";"0";"2";"1";"18";"1";
"202000015844";"154 714 395";"B01";"2";"7";"0";"2";"3";"1";"0";
"202000015844";"154 714 396";"A01";"1";"2";"0";"2";"3";"13";"1";
"202000015845";"154 714 393";"B01";"2";"2";"0";"2";"7";"17";"1";
"202000015845";"154 714 394";"Z01";"1";"7";"0";"2";"3";"15";"0";
"202000015846";"154 714 391";"B01";"2";"31";"0";"2";"1";"1";"1";
"202000015846";"154 714 392";"Z01";"3";"7";"0";"2";"3";"9";"0";
"202000015847";"154 714 389";"A01";"3";"2";"0";"2";"1";"17";"1";
"202000015847";"154 714 390";"B01";"3";"7";"0";"2";"3";"15";"1";
"202000015848";"154 714 387";"A01";"1";"7";"0";"2";"7";"20";"1";
"202000015848";"154 714 388";"B01";"2";"2";"0";"2";"8";"7";"1";
"202000015849";"154 714 386";"A01";"2";"7";"0";"1";"1";"1";"0";
"202000015850";"154 714 385";"A01";"1";"7";"7";"0";"1";"14";"1";
"202000015851";"154 714 383";"A01";"2";"7";"0";"2";"2";"15";"1";
"202000015851";"154 714 384";"B01";"1";"50";"0";"2";"8";"1";"3";
"202000015852";"154 714 381";"Z01";"3";"13";"0";"2";"1";"14";"1";
"202000015852";"154 714 382";"B01";"3";"7";"0";"2";"4";"16";"1";
"202000015853";"154 714 379";"A01";"2";"7";"0";"2";"0";"15";"1";
"202000015853";"154 714 380";"B01";"2";"33";"0";"2";"1";"1";"1";
"202000015854";"154 714 377";"B01";"2";"1";"0";"2";"8";"2";"5";
"202000015854";"154 714 378";"A01";"2";"38";"0";"2";"5";"16";"1";"1"
"202000015855";"154 714 376";"A01";"1";"10";"0";"0";"1";"1";"1";
"202000015856";"154 714 374";"A01";"1";"7";"0";"2";"2";"15";"1";
"202000015856";"154 714 375";"B01";"2";"2";"0";"2";"3";"0";"1";
"202000015857";"154 714 373";"A01";"2";"2";"0";"1";"1";"1";"1";
"202000015858";"154 714 372";"A01";" -1";"7";"4";"0";"1";"26";"1";
"202000015859";"154 714 371";"A01";"1";"7";"0";"1";"2";"9";"1";
"202000015860";"154 714 370";"A01";"2";"7";"0";"1";"2";"1";"1";
"202000015861";"154 714 368";"B01";"3";"7";"0";"2";"1";"1";"1";
"202000015861";"154 714 369";"A01";"3";"7";"0";"2";"1";"15";"1";
"202000015862";"154 714 366";"B01";"2";"33";"0";"2";"2";"1";"1";
"202000015862";"154 714 367";"A01";"2";"7";"0";"2";"8";"11";"1";
"202000015863";"154 714 365";"A01";"1";"7";"0";"1";"7";"1";"1";
"202000015864";"154 714 363";"B01";"3";"2";"0";"2";"7";"1";"6";
"202000015864";"154 714 364";"A01";"0";"7";"0";"2";"5";"15";"6";
"202000015865";"154 714 361";"A01";"3";"50";"0";"2";"7";"1";"3";
"202000015865";"154 714 362";"B01";"3";"7";"0";"9";"3";"1";"1";
"202000015866";"154 714 357";"C01";"2";"7";"0";"2";"4";"1";"1";
"202000015866";"154 714 358";"B01";"2";"7";"0";"2";"1";"1";"1";
"202000015866";"154 714 359";"A01";"2";"7";"0";"2";"1";"1";"1";
"202000015867";"154 714 356";"A01";"3";"33";"0";"0";"0";"1";"1";
"202000015868";"154 714 354";"B01";"2";"30";"0";"2";"1";"1";"1";
"202000015868";"154 714 355";"A01";"1";"7";"0";"2";"1";"15";"1";
"202000015869";"154 714 352";"A01";"2";"7";"0";"2";"1";"1";"1";
"202000015869";"154 714 353";"B01";"1";"7";"0";"2";"2";"15";"1";
"202000015870";"154 714 351";"A01";"0";"10";"9";"0";"3";"1";"1";
"202000015871";"154 714 349";"B01";"1";"7";"0";"2";"2";"26";"1";
"202000015871";"154 714 350";"A01";"1";"10";"0";"2";"6";"23";"1";
"202000015872";"154 714 348";"A01";"0";"7";"5";"0";"1";"1";"1";
"202000015873";"154 714 347";"A01";"0";"7";"0";"1";"3";"15";"1";
"202000015874";"154 714 346";"A01";"1";"7";"0";"1";"0";"26";"1";
"202000015875";"154 714 344";"A01";"2";"7";"0";"1";"3";"16";"0";
"202000015875";"154 714 345";"B01";"2";"7";"0";"0";"0";"1";"1";
"202000015876";"154 714 342";"A01";"1";"7";"0";"2";"2";"16";"1";
"202000015876";"154 714 343";"B01";"1";"1";"0";"2";"8";"19";"0";
"202000015877";"154 714 337";"A01";"0";"32";"0";"2";"1";"1";"1";
"202000015877";"154 714 338";"B01";"0";"7";"0";"0";"4";"1";"1";
"202000015878";"154 714 335";"B01";"3";"7";"0";"2";"2";"17";"1";
"202000015878";"154 714 336";"A01";"3";"7";"0";"2";"2";"9";"1";
"202000015879";"154 714 333";"A01";"2";"7";"0";"5";"7";"21";"1";
"202000015879";"154 714 334";"B01";"1";"7";"0";"5";"8";"1";"1";
"202000015880";"154 714 330";"A01";"1";"7";"12";"0";"3";"26";"1";
"202000015881";"154 714 328";"B01";"1";"7";"0";"2";"8";"19";"1";
"202000015881";"154 714 329";"A01";"2";"1";"0";"2";"1";"19";"5";
"202000015882";"154 714 326";"B01";"2";"1";"0";"2";"8";"1";"5";
"202000015882";"154 714 327";"A01";"1";"7";"0";"2";"1";"15";"3";
"202000015883";"154 714 324";"B01";"2";"30";"0";"2";"1";"1";"1";
"202000015883";"154 714 325";"A01";"1";"7";"0";"2";"5";"15";"1";
"202000015884";"154 714 322";"A01";"0";"7";"0";"2";"2";"9";"1";
"202000015884";"154 714 323";"B01";"1";"33";"0";"2";"3";"17";"1";
"202000015885";"154 714 319";"C01";"2";"7";"0";"2";"0";"1";"0";
"202000015885";"154 714 320";"A01";"1";"7";"0";"2";"3";"13";"1";
"202000015885";"154 714 321";"B01";"2";"7";"0";"2";"6";"1";"1";
"202000015886";"154 714 317";"A01";"1";"34";"0";"2";"8";"9";"6";
"202000015886";"154 714 318";"B01";"1";"15";"0";"0";"4";"26";"6";
"202000015887";"154 714 315";"B01";"1";"7";"0";"2";"2";"15";"1";
"202000015887";"154 714 316";"A01";"2";"34";"0";"2";"1";"1";"1";
"202000015888";"154 714 313";"A01";"2";"33";"0";"2";"8";"18";"1";
"202000015888";"154 714 314";"B01";"2";"10";"0";"2";"2";"2";"1";
"202000015889";"154 714 311";"B01";"1";"7";"0";"2";"8";"1";"1";
"202000015889";"154 714 312";"A01";"1";"7";"0";"2";"1";"1";"0";
"202000015890";"154 714 310";"A01";"2";"30";"12";"0";"1";"1";"1";
"202000015891";"154 714 308";"B01";"1";"10";"0";"2";"5";"2";"1";
"202000015891";"154 714 309";"A01";"1";"7";"0";"2";"0";"2";"1";
"202000015892";"154 714 307";"A01";" -1";"7";"13";"0";"7";"0";"1";
"202000015893";"154 714 306";"A01";"1";"30";"0";"1";"1";"26";"1";
"202000015894";"154 714 304";"B01";"0";"32";"0";"2";"7";"1";"1";
"202000015894";"154 714 305";"A01";"0";"10";"0";"2";"8";"11";"1";
"202000015895";"154 714 303";"A01";"3";"33";"0";"0";"1";"1";"1";
"202000015896";"154 714 302";"A01";"3";"7";"6";"0";"1";"15";"1";
"202000015897";"154 714 301";"A01";"2";"7";"0";"1";"2";"1";"1";
"202000015898";"154 714 298";"A01";"1";"7";"0";"2";"3";"13";"1";
"202000015898";"154 714 299";"C01";"1";"10";"0";"2";"7";"0";"1";
"202000015898";"154 714 300";"B01";"2";"7";"0";"2";"3";"0";"1";
"202000015899";"154 714 296";"A01";"1";"7";"8";"4";"5";"13";"1";
"202000015899";"154 714 297";"B01";"2";"39";"0";"2";"1";"1";"3";
"202000015900";"154 714 294";"B01";"1";"33";"0";"2";"1";"1";"1";