"Num_Acc";"id_vehicule";"num_veh";"senc";"catv";"obs";"obsm";"choc";"manv";"motor";"occutc"
"202000016525";"154 713 190";"A01";"3";"7";"3";"0";"1";"1";"1";
"202000016526";"154 713 189";"A01";"1";"7";"7";"0";"0";"1";"0";
"202000016527";"154 713 186";"C01";"3";"7";"0";"0";"8";"23";"6";
"202000016527";"154 713 187";"B01";"1";"7";"0";"2";"8";"1";"1";
"202000016527";"154 713 188";"A01";"2";"7";"0";"2";"1";"15";"1";
"202000016528";"154 713 185";"A01";"1";"1";"13";"0";"0";"0";"6";
"202000016529";"154 713 183";"B01";"3";"33";"0";"2";"0";"1";"1";
"202000016529";"154 713 184";"A01";"0";"7";"0";"2";"2";"11";"1";
"202000016530";"154 713 182";"A01";"2";"7";"10";"0";"2";"0";"1";
"202000016531";"154 713 181";"A01";"2";"33";"0";"0";"1";"1";"1";
"202000016532";"154 713 180";"A01";"1";"2";"0";"0";"9";"1";"1";
"202000016533";"154 713 179";"A01";"3";"7";"0";"1";"1";"15";"1";
"202000016534";"154 713 178";"A01";"0";"32";"0";"0";"7";"1";"1";
"202000016535";"154 713 177";"Z01";"0";"7";"0";"1";"0";"0";"0";
"202000016536";"154 713 175";"Z01";"3";"17";"0";"2";"0";"0";"1";
"202000016536";"154 713 176";"A01";"3";"10";"0";"2";"1";"19";"1";
"202000016537";"154 713 174";"A01";"3";"7";"0";"0";"0";"14";"1";
"202000016538";"154 713 173";"A01";"2";"3";"0";"1";"1";"1";"1";
"202000016539";"154 713 171";"Z01";"1";"7";"0";"2";"1";"2";"0";
"202000016539";"154 713 172";"B01";"1";"31";"0";"2";"4";"1";"1";
"202000016540";"154 713 168";"C01";"3";"7";"1";"0";"7";"24";"1";
"202000016540";"154 713 169";"B01";"1";"32";"0";"2";"3";"0";"1";
"202000016540";"154 713 170";"A01";"2";"7";"0";"2";"0";"0";"1";
"202000016541";"154 713 166";"A01";"1";"7";"0";"2";"7";"15";"1";
"202000016541";"154 713 167";"B01";"2";"2";"0";"2";"1";"1";"1";
"202000016542";"154 713 164";"A01";"1";"30";"0";"2";"1";"26";"0";
"202000016542";"154 713 165";"B01";"2";"7";"0";"2";"2";"0";"1";
"202000016543";"154 713 163";"A01";"2";"10";"0";"1";"1";"26";"1";
"202000016544";"154 713 162";"A01";"1";"33";"0";"0";"8";"1";"1";
"202000016545";"154 713 160";"A01";"2";"7";"0";"2";"1";"26";"0";
"202000016545";"154 713 161";"B01";"1";"7";"0";"0";"0";"0";"0";
"202000016546";"154 713 158";"B01";"3";"2";"0";"2";"8";"19";"1";
"202000016546";"154 713 159";"A01";"3";"7";"0";"2";"1";"1";"1";
"202000016547";"154 713 156";"A01";"1";"34";"0";"2";"1";"13";"0";
"202000016547";"154 713 157";"B01";"2";"7";"0";"2";"1";"1";"0";
"202000016548";"154 713 154";"B01";"1";"7";"0";"2";"7";"15";"1";
"202000016548";"154 713 155";"A01";"2";"7";"0";"2";"1";"1";"1";
"202000016549";"154 713 153";"A01";"1";"7";"0";"1";"6";"1";"1";
"202000016550";"154 713 151";"A01";"3";"2";"0";"2";"1";"1";"1";
"202000016550";"154 713 152";"B01";"3";"10";"0";"2";"1";"1";"1";
"202000016551";"154 713 149";"A01";"1";"10";"0";"2";"1";"2";"1";
"202000016551";"154 713 150";"B01";"1";"15";"0";"0";"6";"2";"1";
"202000016552";"154 713 147";"B01";"1";"17";"0";"0";"6";"1";"0";
"202000016552";"154 713 148";"A01";"1";"10";"0";"2";"2";"2";"6";
"202000016553";"154 713 146";"A01";"2";"33";"7";"0";"1";"1";"0";
"202000016554";"154 713 144";"A01";"1";"7";"0";"2";"3";"1";"1";
"202000016554";"154 713 145";"B01";"2";"1";"0";"2";"1";"1";"5";
"202000016555";"154 713 143";"A01";"1";"33";"0";"0";"7";"1";"1";
"202000016556";"154 713 142";"A01";"2";"7";"2";"0";"7";"13";"1";
"202000016557";"154 713 140";"A01";"1";"3";"0";"2";"3";"15";"1";
"202000016557";"154 713 141";"B01";"1";"7";"0";"2";"1";"1";"1";
"202000016558";"154 713 138";"Y01";"2";"60";"0";"2";"1";"25";"5";
"202000016558";"154 713 139";"A01";"1";"7";"0";"2";"1";"25";"1";
"202000016559";"154 713 136";"B01";"1";"32";"0";"2";"1";"3";"1";
"202000016559";"154 713 137";"A01";"2";"7";"0";"2";"3";"15";"1";
"202000016560";"154 713 134";"B01";"3";"30";"0";"2";"3";"5";"1";
"202000016560";"154 713 135";"A01";"3";"7";"0";"2";"3";"15";"1";
"202000016561";"154 713 132";"B01";"2";"7";"0";"2";"5";"16";"1";
"202000016561";"154 713 133";"A01";"2";"7";"0";"2";"1";"9";"0";
"202000016562";"154 713 131";"A01";"2";"34";"12";"0";"2";"14";"1";
"202000016563";"154 713 130";"A01";"1";"7";"0";"1";"1";"0";"1";
"202000016564";"154 713 129";"A01";"3";"2";"0";"0";"7";"1";"1";
"202000016565";"154 713 127";"B01";"1";"7";"0";"2";"1";"1";"1";
"202000016565";"154 713 128";"A01";"2";"7";"0";"2";"1";"15";"1";
"202000016566";"154 713 126";"A01";"2";"7";"6";"0";"1";"0";"1";
"202000016567";"154 713 124";"A01";"2";"7";"0";"2";"1";"19";"1";
"202000016567";"154 713 125";"B01";"1";"30";"0";"2";"1";"17";"1";
"202000016568";"154 713 122";"A01";"1";"7";"13";"0";"3";"26";"1";
"202000016569";"154 713 120";"B01";"1";"10";"0";"2";"3";"2";"1";
"202000016569";"154 713 121";"A01";"1";"7";"0";"2";"3";"5";"1";
"202000016570";"154 713 118";"A01";"2";"7";"0";"2";"5";"9";"1";
"202000016570";"154 713 119";"B01";"2";"31";"0";"2";"1";"3";"1";
"202000016571";"154 713 117";"A01";"2";"7";"2";"0";"1";"1";"1";
"202000016572";"154 713 116";"A01";"1";"10";"13";"0";"1";"1";"1";
"202000016573";"154 713 114";"B01";"2";"7";"0";"2";"1";"1";"1";
"202000016573";"154 713 115";"A01";"1";"7";"0";"2";"1";"1";"1";
"202000016574";"154 713 112";"B01";"1";"7";"0";"2";"1";"1";"1";
"202000016574";"154 713 113";"A01";"2";"7";"0";"2";"3";"13";"1";
"202000016575";"154 713 111";"A01";"1";"7";"1";"0";"1";"1";"1";
"202000016576";"154 713 109";"B01";"1";"7";"0";"0";"4";"2";"1";
"202000016576";"154 713 110";"A01";"1";"10";"0";"2";"1";"2";"1";
"202000016577";"154 713 108";"A01";"3";"7";"2";"0";"1";"1";"1";
"202000016578";"154 713 105";"B01";"1";"7";"0";"2";"1";"1";"1";
"202000016578";"154 713 106";"A01";"2";"7";"0";"2";"1";"13";"1";
"202000016579";"154 713 102";"A01";"3";"7";"13";"0";"1";"1";"1";
"202000016580";"154 713 100";"B01";"2";"7";"0";"9";"2";"19";"0";
"202000016580";"154 713 101";"A01";"2";"1";"0";"2";"8";"1";"0";
"202000016581";"154 713 098";"B01";"2";"1";"0";"2";"2";"12";"5";
"202000016581";"154 713 099";"A01";"2";"7";"0";"2";"8";"1";"1";
"202000016582";"154 713 097";"A01";"1";"7";"13";"0";"2";"1";"1";
"202000016583";"154 713 096";"A01";"2";"33";"8";"0";"0";"1";"1";
"202000016584";"154 713 095";"A01";"1";"2";"0";"0";"7";"0";"1";
"202000016585";"154 713 094";"A01";"3";"31";"0";"0";"8";"21";"1";
"202000016586";"154 713 091";"A01";"2";"33";"3";"2";"7";"17";"1";
"202000016586";"154 713 092";"B01";"2";"7";"0";"2";"7";"1";"1";
"202000016587";"154 713 090";"A01";"1";"7";"15";"0";"1";"2";"1";
"202000016588";"154 713 089";"A01";"1";"7";"0";"1";"1";"1";"1";
"202000016589";"154 713 088";"A01";"2";"7";"13";"0";"3";"1";"1";
"202000016590";"154 713 086";"B01";"2";"33";"0";"2";"1";"2";"1";
"202000016590";"154 713 087";"A01";"2";"7";"0";"2";"4";"23";"1";
"202000016591";"154 713 084";"A01";"1";"7";"0";"2";"3";"13";"1";
"202000016591";"154 713 085";"B01";"2";"7";"0";"2";"8";"1";"1";
"202000016592";"154 713 083";"A01";"2";"32";"0";"5";"1";"1";"1";
"202000016593";"154 713 082";"A01";"1";"17";"0";"0";"9";"0";"1";
"202000016594";"154 713 078";"A01";"1";"10";"0";"2";"1";"1";"1";
"202000016594";"154 713 079";"B01";"2";"7";"0";"0";"4";"2";"1";
"202000016594";"154 713 080";"C01";"2";"10";"0";"2";"4";"2";"1";
"202000016594";"154 713 081";"D01";"2";"7";"0";"0";"4";"2";"1";
"202000016595";"154 713 074";"D01";"1";"7";"0";"2";"0";"0";"0";
"202000016595";"154 713 075";"B01";"1";"7";"0";"2";"4";"2";"1";
"202000016595";"154 713 076";"C01";"1";"7";"0";"2";"1";"2";"1";
"202000016595";"154 713 077";"A01";"1";"7";"0";"2";"3";"2";"1";
"202000016596";"154 713 072";"B01";"2";"2";"0";"0";"1";"1";"0";
"202000016596";"154 713 073";"A01";"1";"7";"0";"0";"1";"15";"0";
"202000016597";"154 713 071";"A01";"1";"10";"8";"0";"1";"1";"1";
"202000016598";"154 713 070";"A01";"1";"33";"0";"6";"1";"1";"1";
"202000016599";"154 713 068";"A01";"2";"7";"0";"2";"1";"15";"0";
"202000016599";"154 713 069";"B01";"1";"2";"0";"2";"8";"1";"1";
"202000016600";"154 713 066";"A01";"1";"7";"0";"2";"3";"0";"1";
"202000016600";"154 713 067";"B01";"2";"7";"0";"2";"1";"0";"0";
"202000016601";"154 713 065";"A01";"2";"7";"2";"0";"1";"1";"1";
"202000016602";"154 713 063";"A01";"1";"2";"0";"0";"4";"1";"3";
"202000016602";"154 713 064";"B01";"1";"7";"0";"2";"2";"1";"1";
"202000016603";"154 713 061";"A01";"1";"7";"0";"2";"1";"5";"1";
"202000016603";"154 713 062";"B01";"2";"7";"0";"2";"3";"1";"1";
"202000016604";"154 713 059";"A01";"1";"7";"0";"2";"0";"1";"1";
"202000016604";"154 713 060";"B01";"2";"7";"0";"2";"0";"1";"1";
"202000016605";"154 713 058";"A01";"1";"7";"2";"0";"1";"2";"1";
"202000016606";"154 713 056";"B01";"1";"7";"0";"0";"2";"1";"1";
"202000016606";"154 713 057";"A01";"2";"7";"0";"0";"5";"15";"1";
"202000016607";"154 713 055";"A01";"1";"7";"13";"0";"1";"1";"1";
"202000016608";"154 713 054";"A01";"1";"7";"0";"1";"2";"1";"6";
"202000016609";"154 713 045";"C01";"2";"0";"0";"2";"0";"1";"0";
"202000016609";"154 713 046";"A01";"2";"17";"0";"2";"5";"1";"1";
"202000016609";"154 713 047";"B01";"2";"33";"0";"2";"3";"3";"1";
"202000016610";"154 713 043";"B01";"2";"37";"0";"2";"4";"23";"1";"1"
"202000016610";"154 713 044";"A01";"2";"7";"0";"2";"1";"14";"1";
"202000016611";"154 713 040";"C01";"1";"7";"0";"2";"4";"23";"1";
"202000016611";"154 713 041";"B01";"1";"7";"0";"2";"4";"23";"1";
"202000016611";"154 713 042";"A01";"1";"7";"0";"2";"1";"2";"1";
"202000016612";"154 713 038";"B01";"1";"17";"0";"2";"4";"2";"1";
"202000016612";"154 713 039";"A01";"1";"17";"0";"2";"1";"2";"1";
"202000016613";"154 713 036";"B01";"2";"33";"0";"2";"8";"1";"1";
"202000016613";"154 713 037";"A01";"2";"7";"0";"2";"5";"12";"1";
"202000016614";"154 713 034";"B01";"1";"34";"0";"2";"3";"3";"0";
"202000016614";"154 713 035";"A01";"1";"7";"0";"2";"2";"12";"1";
"202000016615";"154 713 032";"B01";"2";"14";"0";"2";"6";"2";"2";
"202000016615";"154 713 033";"A01";"2";"7";"4";"2";"3";"13";"1";
"202000016616";"154 713 029";"C01";"1";"38";"0";"2";"6";"12";"1";"1"
"202000016616";"154 713 030";"B01";"1";"7";"0";"2";"1";"1";"1";
"202000016616";"154 713 031";"A01";"1";"7";"0";"2";"1";"23";"2";
"202000016617";"154 713 027";"A01";"2";"7";"0";"2";"2";"12";"1";
"202000016617";"154 713 028";"B01";"2";"33";"0";"2";"3";"3";"1";
"202000016618";"154 713 026";"A01";"2";"32";"0";"0";"9";"1";"1";
"202000016619";"154 713 024";"B01";"2";"7";"0";"2";"1";"1";"0";
"202000016619";"154 713 025";"A01";"1";"60";"0";"2";"8";"1";"5";
"202000016620";"154 713 022";"B01";"1";"7";"0";"2";"7";"16";"0";
"202000016620";"154 713 023";"A01";"1";"2";"0";"2";"1";"18";"1";
"202000016621";"154 713 021";"A01";"1";"2";"0";"1";"1";"1";"1";
"202000016622";"154 713 019";"A01";"1";"7";"0";"2";"4";"15";"1";
"202000016622";"154 713 020";"B01";"1";"7";"0";"2";"2";"15";"1";
"202000016623";"154 713 016";"C01";"3";"7";"0";"0";"4";"2";"1";
"202000016623";"154 713 017";"B01";"3";"7";"0";"2";"1";"2";"1";
"202000016623";"154 713 018";"A01";"3";"7";"0";"2";"1";"2";"1";
"202000016624";"154 713 014";"B01";"3";"1";"0";"2";"3";"2";"5";
"202000016624";"154 713 015";"A01";"0";"7";"0";"9";"2";"2";"1";
"202000016625";"154 713 011";"C01";"2";"7";"0";"2";"4";"23";"1";
"202000016625";"154 713 012";"A01";"2";"7";"0";"2";"1";"1";"1";
"202000016625";"154 713 013";"B01";"2";"7";"0";"2";"4";"23";"1";
"202000016626";"154 713 009";"B01";"1";"7";"0";"2";"1";"2";"1";
"202000016626";"154 713 010";"A01";"1";"1";"0";"2";"4";"15";"5";
"202000016627";"154 713 007";"A01";"1";"7";"0";"2";"2";"15";"1";
"202000016627";"154 713 008";"B01";"2";"7";"0";"2";"8";"1";"1";
"202000016628";"154 713 005";"B01";"0";"7";"0";"2";"1";"1";"1";
"202000016628";"154 713 006";"A01";"0";"7";"6";"2";"1";"11";"1";
"202000016629";"154 713 003";"A01";"1";"7";"0";"2";"1";"15";"1";
"202000016629";"154 713 004";"B01";"2";"7";"0";"2";"3";"1";"1";
"202000016630";"154 713 001";"B01";"3";"2";"0";"2";"1";"26";"1";
"202000016630";"154 713 002";"A01";"2";"7";"0";"2";"3";"26";"1";
"202000016631";"154 713 000";"A01";"1";"7";"2";"0";"1";"1";"1";
"202000016632";"154 712 998";"B01";"2";"2";"0";"2";"8";"1";"1";
"202000016632";"154 712 999";"A01";"2";"7";"0";"2";"5";"16";"1";
"202000016633";"154 712 994";"A01";"1";"7";"0";"2";"4";"23";"1";
"202000016633";"154 712 995";"B01";"1";"7";"1";"0";"1";"2";"1";
"202000016634";"154 712 993";"A01";"1";"20";"0";"1";"1";"9";"1";
"202000016635";"154 712 992";"A01";"1";"7";"2";"0";"1";"17";"1";
"202000016636";"154 712 990";"A01";"1";"7";"0";"2";"8";"1";"1";
"202000016636";"154 712 991";"B01";"2";"10";"0";"2";"2";"1";"1";
"202000016637";"154 712 988";"B01";"1";"3";"0";"2";"4";"2";"1";
"202000016637";"154 712 989";"A01";"1";"7";"0";"2";"1";"2";"1";
"202000016638";"154 712 985";"C01";"1";"7";"0";"2";"4";"1";"0";
"202000016638";"154 712 986";"B01";"1";"7";"0";"2";"4";"1";"1";
"202000016638";"154 712 987";"A01";"1";"7";"0";"2";"2";"1";"1";
"202000016639";"154 712 983";"B01";"2";"30";"0";"2";"4";"1";"1";
"202000016639";"154 712 984";"A01";"2";"7";"0";"2";"1";"26";"1";
"202000016640";"154 712 982";"A01";"1";"2";"0";"1";"1";"3";"1";
"202000016641";"154 712 980";"A01";"2";"7";"0";"2";"6";"10";"1";
"202000016641";"154 712 981";"B01";"1";"2";"0";"2";"1";"1";"1";
"202000016642";"154 712 978";"A01";"3";"7";"0";"2";"1";"2";"1";
"202000016642";"154 712 979";"B01";"3";"7";"0";"2";"4";"1";"1";
"202000016643";"154 712 977";"A01";"1";"7";"0";"1";"1";"17";"1";
"202000016644";"154 712 976";"A01";"3";"7";"0";"1";"3";"1";"1";
"202000016645";"154 712 974";"B01";"2";"10";"0";"2";"8";"19";"1";
"202000016645";"154 712 975";"A01";"2";"7";"0";"2";"3";"1";"1";
"202000016646";"154 712 972";"A01";"1";"7";"0";"2";"1";"0";"1";
"202000016646";"154 712 973";"B01";"1";"1";"0";"2";"1";"0";"5";
"202000016647";"154 712 971";"A01";"1";"37";"0";"1";"4";"0";"1";"1"
"202000016648";"154 712 970";"A01";"1";"7";"8";"0";"5";"14";"1";
"202000016649";"154 712 969";"A01";"1";"7";"0";"1";"3";"17";"0";
"202000016650";"154 712 968";"A01";"2";"7";"0";"1";"1";"1";"1";
"202000016651";"154 712 966";"B01";"1";"33";"0";"0";"8";"1";"1";
"202000016651";"154 712 967";"A01";"1";"10";"0";"2";"7";"14";"1";
"202000016652";"154 712 964";"B01";"3";"1";"0";"2";"6";"16";"5";
"202000016652";"154 712 965";"A01";"3";"7";"0";"2";"1";"19";"1";
"202000016653";"154 712 963";"A01";"2";"7";"0";"1";"1";"1";"1";
"202000016654";"154 712 962";"A01";"1";"40";"0";"1";"2";"1";"3";
"202000016655";"154 712 961";"A01";"1";"31";"0";"1";"1";"1";"1";
"202000016656";"154 712 959";"A01";"1";"7";"0";"9";"2";"16";"1";
"202000016656";"154 712 960";"B01";"1";"1";"0";"2";"1";"1";"5";
"202000016657";"154 712 957";"A01";"1";"7";"0";"9";"1";"1";"1";
"202000016657";"154 712 958";"B01";"1";"1";"0";"2";"4";"1";"5";
"202000016658";"154 712 956";"A01";"1";"7";"2";"0";"1";"14";"1";
"202000016659";"154 712 954";"B01";"2";"13";"0";"2";"5";"9";"1";
"202000016659";"154 712 955";"A01";"2";"7";"0";"2";"1";"9";"1";
"202000016660";"154 712 952";"A01";"3";"7";"0";"9";"1";"9";"1";
"202000016660";"154 712 953";"B01";"0";"1";"0";"0";"0";"0";"0";
"202000016661";"154 712 949";"A01";"0";"7";"0";"2";"1";"1";"1";
"202000016661";"154 712 950";"B01";"2";"7";"0";"2";"8";"15";"1";
"202000016661";"154 712 951";"C01";"2";"33";"0";"2";"1";"2";"1";
"202000016662";"154 712 947";"A01";"2";"7";"0";"2";"2";"16";"1";
"202000016662";"154 712 948";"B01";"1";"7";"0";"2";"1";"1";"1";
"202000016663";"154 712 945";"A01";"0";"7";"0";"2";"1";"15";"1";
"202000016663";"154 712 946";"B01";"0";"7";"0";"2";"1";"1";"1";
"202000016664";"154 712 943";"A01";"2";"10";"0";"2";"1";"1";"1";
"202000016664";"154 712 944";"B01";"2";"7";"0";"2";"4";"1";"1";
"202000016665";"154 712 942";"A01";"0";"7";"8";"0";"2";"1";"1";
"202000016666";"154 712 940";"A01";"2";"7";"0";"2";"1";"15";"1";
"202000016666";"154 712 941";"B01";"1";"7";"0";"2";"1";"1";"1";
"202000016667";"154 712 939";"A01";"2";"32";"0";"0";"1";"1";"1";
"202000016668";"154 712 937";"B01";"1";"33";"0";"2";"3";"26";"1";
"202000016668";"154 712 938";"A01";"1";"7";"0";"2";"1";"15";"1";
"202000016669";"154 712 936";"A01";"3";"30";"0";"0";"3";"1";"1";
"202000016670";"154 712 934";"B01";"1";"31";"0";"2";"1";"1";"1";
"202000016670";"154 712 935";"A01";"0";"7";"0";"2";"3";"15";"1";
"202000016671";"154 712 932";"B01";"3";"30";"0";"2";"0";"1";"1";
"202000016671";"154 712 933";"A01";"0";"13";"0";"2";"0";"1";"1";
"202000016672";"154 712 930";"B01";"2";"10";"0";"2";"7";"1";"1";
"202000016672";"154 712 931";"A01";"2";"10";"14";"2";"2";"13";"1";
"202000016673";"154 712 929";"A01";"1";"7";"1";"0";"2";"14";"1";
"202000016674";"154 712 928";"A01";"1";"7";"0";"1";"1";"26";"1";
"202000016675";"154 712 926";"B01";"3";"7";"12";"0";"6";"23";"0";
"202000016675";"154 712 927";"A01";"3";"7";"16";"0";"2";"2";"1";
"202000016676";"154 712 924";"B01";"1";"34";"0";"2";"7";"1";"1";
"202000016676";"154 712 925";"A01";"1";"7";"0";"2";"1";"1";"1";
"202000016677";"154 712 922";"B01";"2";"32";"0";"2";"1";"23";"1";
"202000016677";"154 712 923";"A01";"2";"7";"0";"2";"3";"4";"1";
"202000016678";"154 712 921";"A01";"1";"7";"0";"0";"1";"1";"1";
"202000016679";"154 712 919";"A01";"1";"7";"0";"2";"2";"1";"1";
"202000016679";"154 712 920";"B01";"1";"43";"0";"2";"3";"23";"1";
"202000016680";"154 712 918";"A01";"2";"7";"6";"0";"2";"14";"1";
"202000016681";"154 712 914";"C01";"2";"7";"0";"2";"4";"23";"1";
"202000016681";"154 712 915";"A01";"2";"7";"0";"2";"1";"1";"1";
"202000016681";"154 712 916";"B01";"2";"7";"0";"2";"4";"23";"1";
"202000016681";"154 712 917";"D01";"2";"7";"0";"2";"4";"23";"1";
"202000016682";"154 712 913";"A01";"2";"7";"0";"1";"2";"0";"1";
"202000016683";"154 712 911";"A01";"3";"7";"0";"2";"3";"1";"1";
"202000016683";"154 712 912";"B01";"3";"30";"0";"2";"2";"1";"1";
"202000016684";"154 712 909";"A01";"1";"33";"0";"2";"1";"2";"1";
"202000016684";"154 712 910";"B01";"1";"7";"0";"2";"5";"2";"1";
"202000016685";"154 712 907";"A01";"2";"31";"0";"2";"5";"3";"1";
"202000016685";"154 712 908";"Z01";"2";"33";"0";"2";"0";"3";"0";
"202000016686";"154 712 905";"A01";"2";"7";"0";"2";"3";"15";"1";
"202000016686";"154 712 906";"B01";"1";"33";"0";"1";"1";"1";"1";
"202000016687";"154 712 903";"B01";"1";"32";"0";"2";"7";"17";"1";
"202000016687";"154 712 904";"A01";"1";"7";"0";"2";"3";"15";"1";
"202000016688";"154 712 902";"A01";"1";"30";"14";"0";"8";"13";"1";
"202000016689";"154 712 900";"B01";"1";"1";"0";"2";"4";"2";"5";
"202000016689";"154 712 901";"A01";"1";"7";"0";"2";"1";"2";"1";
"202000016690";"154 712 899";"A01";"1";"7";"0";"1";"4";"4";"1";
"202000016691";"154 712 897";"A01";"2";"30";"0";"2";"1";"2";"1";
"202000016691";"154 712 898";"B01";"2";"7";"0";"2";"6";"23";"1";
"202000016692";"154 712 893";"A01";"2";"30";"0";"2";"3";"18";"1";
"202000016692";"154 712 894";"B01";"2";"10";"0";"2";"2";"1";"1";
"202000016693";"154 712 892";"A01";"1";"34";"0";"1";"1";"17";"1";
"202000016694";"154 712 890";"B01";"2";"7";"0";"2";"6";"23";"2";
"202000016694";"154 712 891";"A01";"2";"1";"0";"2";"1";"2";"5";
"202000016695";"154 712 888";"A01";"1";"7";"0";"2";"8";"11";"1";
"202000016695";"154 712 889";"B01";"1";"30";"0";"2";"7";"1";"1";
"202000016696";"154 712 886";"A01";"2";"7";"0";"2";"2";"1";"2";
"202000016696";"154 712 887";"B01";"1";"50";"0";"2";"1";"19";"3";
"202000016697";"154 712 885";"A01";"1";"7";"0";"1";"3";"20";"1";
"202000016698";"154 712 883";"A01";"2";"1";"0";"2";"5";"1";"5";
"202000016698";"154 712 884";"B01";"2";"7";"0";"2";"2";"1";"1";
"202000016699";"154 712 882";"A01";"1";"1";"0";"1";"1";"1";"5";
"202000016700";"154 712 880";"B01";"1";"7";"0";"2";"2";"1";"2";
"202000016700";"154 712 881";"A01";"1";"10";"0";"2";"3";"9";"1";
"202000016701";"154 712 878";"B01";"2";"1";"0";"2";"1";"1";"5";
"202000016701";"154 712 879";"A01";"2";"10";"0";"2";"6";"4";"1";
"202000016702";"154 712 877";"A01";"2";"43";"0";"1";"1";"7";"1";
"202000016703";"154 712 875";"B01";"1";"1";"0";"2";"3";"13";"5";
"202000016703";"154 712 876";"A01";"1";"31";"0";"2";"2";"1";"1";
"202000016704";"154 712 873";"B01";"2";"1";"0";"2";"8";"1";"5";
"202000016704";"154 712 874";"A01";"1";"7";"0";"2";"1";"19";"1";
"202000016705";"154 712 871";"A01";"1";"7";"0";"2";"7";"15";"1";
"202000016705";"154 712 872";"B01";"2";"2";"0";"2";"1";"2";"1";
"202000016706";"154 712 869";"B01";"2";"2";"0";"2";"7";"17";"1";
"202000016706";"154 712 870";"A01";"2";"7";"15";"2";"6";"13";"2";
"202000016707";"154 712 868";"A01";"3";"1";"0";"1";"1";"1";"5";
"202000016708";"154 712 867";"A01";"1";"7";"0";"1";"3";"1";"1";
"202000016709";"154 712 865";"B01";"3";"10";"0";"2";"1";"1";"1";
"202000016709";"154 712 866";"A01";"3";"7";"0";"2";"7";"21";"1";
"202000016710";"154 712 863";"A01";"3";"7";"0";"2";"1";"2";"1";
"202000016710";"154 712 864";"B01";"3";"7";"0";"2";"4";"2";"1";
"202000016711";"154 712 862";"A01";"3";"7";"0";"1";"2";"1";"0";
"202000016712";"154 712 861";"A01";"2";"7";"0";"1";"5";"26";"6";
"202000016713";"154 712 858";"C01";"3";"7";"0";"0";"0";"0";"0";
"202000016713";"154 712 859";"B01";"0";"7";"0";"2";"1";"0";"0";
"202000016713";"154 712 860";"A01";"3";"7";"0";"2";"1";"1";"0";
"202000016714";"154 712 857";"A01";"1";"7";"0";"1";"3";"1";"1";
"202000016715";"154 712 855";"B01";"3";"2";"0";"2";"1";"1";"1";
"202000016715";"154 712 856";"A01";"3";"7";"0";"2";"2";"10";"1";
"202000016716";"154 712 853";"B01";"1";"7";"0";"2";"1";"1";"1";
"202000016716";"154 712 854";"A01";"2";"7";"0";"2";"2";"15";"3";
"202000016717";"154 712 852";"A01";"3";"7";"8";"0";"2";"1";"1";
"202000016718";"154 712 851";"A01";"2";"30";"1";"1";"1";"1";"1";
"202000016719";"154 712 849";"B01";"2";"7";"0";"2";"1";"1";"1";
"202000016719";"154 712 850";"A01";"2";"30";"0";"2";"7";"2";"0";
"202000016720";"154 712 847";"A01";"2";"32";"0";"2";"0";"0";"1";
"202000016720";"154 712 848";"B01";"1";"7";"0";"2";"1";"1";"1";
"202000016721";"154 712 846";"A01";"1";"7";"9";"0";"1";"15";"1";
"202000016722";"154 712 845";"A01";"2";"7";"0";"1";"3";"1";"1";
"202000016723";"154 712 843";"A01";"0";"7";"0";"2";"3";"13";"1";
"202000016723";"154 712 844";"B01";"3";"7";"0";"2";"3";"1";"1";
"202000016724";"154 712 841";"B01";"2";"7";"0";"2";"3";"19";"1";
"202000016724";"154 712 842";"A01";"2";"7";"0";"2";"6";"1";"1";
"202000016725";"154 712 839";"B01";"1";"10";"0";"2";"7";"1";"1";
"202000016725";"154 712 840";"A01";"2";"7";"0";"2";"2";"13";"1";
"202000016726";"154 712 837";"B01";"2";"7";"0";"2";"2";"1";"1";
"202000016726";"154 712 838";"A01";"1";"7";"0";"2";"1";"1";"1";
"202000016727";"154 712 835";"B01";"2";"2";"0";"2";"1";"1";"1";
"202000016727";"154 712 836";"A01";"0";"7";"0";"2";"2";"19";"1";
"202000016728";"154 712 833";"B01";"2";"15";"0";"2";"1";"1";"0";
"202000016728";"154 712 834";"A01";"1";"7";"0";"2";"1";"13";"0";
"202000016729";"154 712 830";"C01";"1";"10";"0";"2";"8";"23";"1";
"202000016729";"154 712 831";"B01";"1";"7";"0";"2";"1";"1";"1";
"202000016729";"154 712 832";"A01";"2";"7";"0";"2";"1";"15";"1";
"202000016730";"154 712 828";"A01";"1";"7";"0";"2";"1";"1";"1";
"202000016730";"154 712 829";"B01";"1";"7";"0";"2";"4";"16";"1";
"202000016731";"154 712 827";"A01";"1";"7";"16";"9";"1";"13";"0";
"202000016732";"154 712 825";"A01";"1";"7";"0";"2";"8";"9";"1";
"202000016732";"154 712 826";"B01";"2";"30";"0";"2";"3";"21";"1";
"202000016733";"154 712 824";"A01";"1";"7";"0";"1";"2";"1";"1";
"202000016734";"154 712 823";"A01";"1";"7";"2";"0";"1";"1";"1";
"202000016735";"154 712 822";"A01";"3";"7";"0";"1";"0";"1";"1";
"202000016736";"154 712 820";"B01";"1";"2";"13";"2";"3";"21";"1";
"202000016736";"154 712 821";"A01";"2";"7";"0";"2";"3";"17";"1";