"Num_Acc";"id_vehicule";"num_veh";"senc";"catv";"obs";"obsm";"choc";"manv";"motor";"occutc"
"202000016737";"154 712 819";"A01";"2";"7";"2";"0";"1";"1";"1";
"202000016738";"154 712 816";"A01";"1";"33";"0";"2";"1";"1";"1";
"202000016738";"154 712 817";"C01";"2";"7";"0";"2";"3";"1";"1";
"202000016738";"154 712 818";"B01";"2";"7";"0";"2";"7";"15";"1";
"202000016739";"154 712 815";"A01";"2";"7";"15";"0";"1";"13";"1";
"202000016740";"154 712 812";"A01";"2";"7";"0";"2";"1";"13";"0";
"202000016740";"154 712 813";"C01";"1";"7";"0";"2";"8";"1";"0";
"202000016740";"154 712 814";"B01";"1";"7";"0";"2";"0";"1";"0";
"202000016741";"154 712 810";"A01";"2";"17";"0";"1";"1";"23";"1";
"202000016741";"154 712 811";"B01";"1";"7";"7";"0";"8";"23";"1";
"202000016742";"154 712 807";"A01";"2";"7";"0";"2";"3";"1";"1";
"202000016742";"154 712 808";"B01";"1";"10";"0";"2";"3";"1";"1";
"202000016743";"154 712 803";"B01";"2";"7";"0";"0";"3";"15";"1";
"202000016743";"154 712 804";"A01";"2";"7";"0";"2";"2";"17";"1";
"202000016744";"154 712 801";"A01";"2";"7";"1";"0";"7";"15";"1";
"202000016744";"154 712 802";"B01";"0";"7";"0";"1";"8";"24";"1";
"202000016745";"154 712 800";"A01";"1";"7";"3";"0";"1";"1";"1";
"202000016746";"154 712 798";"A01";"1";"2";"0";"2";"1";"1";"1";
"202000016746";"154 712 799";"B01";"3";"7";"0";"2";"3";"19";"1";
"202000016747";"154 712 795";"B01";"1";"7";"0";"2";"5";"23";"1";
"202000016747";"154 712 796";"A01";"1";"10";"0";"2";"3";"2";"1";
"202000016748";"154 712 793";"B01";"2";"7";"0";"2";"5";"1";"1";
"202000016748";"154 712 794";"A01";"2";"7";"0";"2";"4";"2";"1";
"202000016749";"154 712 791";"A01";"1";"15";"1";"0";"2";"1";"1";
"202000016749";"154 712 792";"B01";"1";"7";"0";"2";"4";"2";"1";
"202000016750";"154 712 789";"B01";"1";"17";"0";"2";"1";"1";"1";
"202000016750";"154 712 790";"A01";"2";"7";"0";"2";"1";"1";"1";
"202000016751";"154 712 787";"A01";"2";"15";"0";"2";"1";"1";"1";
"202000016751";"154 712 788";"B01";"1";"10";"0";"2";"1";"13";"1";
"202000016752";"154 712 785";"B01";"1";"7";"0";"2";"1";"1";"1";
"202000016752";"154 712 786";"A01";"1";"7";"0";"0";"4";"1";"1";
"202000016753";"154 712 783";"B01";"2";"7";"0";"2";"3";"1";"1";
"202000016753";"154 712 784";"A01";"1";"7";"0";"2";"8";"11";"1";
"202000016754";"154 712 781";"A01";"0";"7";"0";"2";"3";"17";"1";
"202000016754";"154 712 782";"B01";"0";"7";"0";"2";"5";"9";"1";
"202000016755";"154 712 779";"B01";"2";"7";"0";"2";"4";"2";"1";
"202000016755";"154 712 780";"A01";"2";"33";"0";"2";"1";"2";"1";
"202000016756";"154 712 778";"A01";"3";"7";"2";"0";"8";"1";"1";
"202000016757";"154 712 776";"B01";"1";"7";"0";"2";"3";"15";"1";
"202000016757";"154 712 777";"A01";"2";"33";"0";"2";"1";"1";"1";
"202000016758";"154 712 774";"A01";"0";"7";"0";"2";"8";"19";"1";
"202000016758";"154 712 775";"B01";"2";"2";"0";"2";"1";"1";"1";
"202000016759";"154 712 773";"A01";"2";"10";"13";"0";"1";"0";"1";
"202000016760";"154 712 770";"A01";"2";"33";"0";"2";"1";"21";"1";
"202000016760";"154 712 771";"B01";"2";"1";"0";"2";"4";"11";"5";
"202000016760";"154 712 772";"C01";"1";"1";"0";"2";"1";"11";"5";
"202000016761";"154 712 767";"C01";"2";"33";"0";"2";"1";"1";"1";
"202000016761";"154 712 768";"A01";"1";"7";"0";"2";"3";"13";"1";
"202000016761";"154 712 769";"B01";"2";"7";"0";"2";"6";"1";"1";
"202000016762";"154 712 766";"A01";"1";"7";"2";"0";"3";"13";"1";
"202000016763";"154 712 764";"B01";"1";"7";"0";"2";"8";"1";"1";
"202000016763";"154 712 765";"A01";"1";"7";"0";"2";"2";"17";"1";
"202000016764";"154 712 762";"A01";"2";"34";"0";"1";"7";"1";"1";
"202000016765";"154 712 760";"B01";"2";"7";"13";"2";"1";"5";"1";
"202000016765";"154 712 761";"A01";"2";"7";"0";"2";"3";"1";"1";
"202000016766";"154 712 759";"A01";"1";"7";"2";"0";"2";"1";"0";
"202000016767";"154 712 758";"A01";"1";"7";"14";"0";"3";"1";"6";
"202000016768";"154 712 755";"C01";"1";"32";"0";"2";"7";"2";"1";
"202000016768";"154 712 756";"B01";"1";"7";"0";"2";"6";"0";"1";
"202000016768";"154 712 757";"A01";"1";"7";"0";"2";"6";"9";"1";
"202000016769";"154 712 753";"B01";"2";"37";"3";"2";"8";"2";"1";"1"
"202000016769";"154 712 754";"A01";"2";"7";"3";"2";"9";"17";"1";
"202000016770";"154 712 752";"A01";"2";"7";"3";"0";"1";"14";"1";
"202000016771";"154 712 751";"A01";"2";"7";"4";"0";"7";"14";"1";
"202000016772";"154 712 750";"A01";"1";"7";"4";"0";"1";"14";"1";
"202000016773";"154 712 749";"A01";"2";"7";"4";"0";"1";"2";"1";
"202000016774";"154 712 748";"A01";"0";"7";"0";"1";"3";"0";"1";
"202000016775";"154 712 746";"B01";"2";"7";"0";"2";"3";"1";"1";
"202000016775";"154 712 747";"A01";"2";"7";"0";"2";"1";"15";"1";
"202000016776";"154 712 745";"A01";"1";"1";"0";"9";"1";"26";"5";
"202000016777";"154 712 743";"B01";"2";"99";"13";"2";"2";"1";"0";
"202000016777";"154 712 744";"A01";"1";"7";"16";"0";"1";"15";"0";
"202000016778";"154 712 742";"A01";"3";"7";"0";"1";"2";"25";"1";
"202000016779";"154 712 740";"A01";"1";"7";"0";"2";"2";"15";"1";
"202000016779";"154 712 741";"B01";"2";"31";"0";"2";"1";"1";"1";
"202000016780";"154 712 736";"A01";"1";"7";"3";"2";"4";"2";"1";
"202000016780";"154 712 737";"B01";"1";"7";"3";"2";"1";"2";"1";
"202000016780";"154 712 738";"C01";"1";"7";"3";"2";"1";"2";"1";
"202000016780";"154 712 739";"D01";"1";"7";"3";"2";"1";"2";"1";
"202000016781";"154 712 733";"A01";"1";"7";"4";"0";"8";"1";"1";
"202000016781";"154 712 734";"C01";"1";"7";"16";"2";"1";"1";"1";
"202000016781";"154 712 735";"B01";"1";"7";"16";"0";"6";"1";"1";
"202000016782";"154 712 732";"A01";"1";"7";"0";"1";"8";"1";"1";
"202000016783";"154 712 730";"A01";"2";"33";"0";"2";"7";"17";"1";
"202000016783";"154 712 731";"B01";"2";"10";"0";"2";"8";"15";"1";
"202000016784";"154 712 729";"A01";"0";"7";"9";"1";"0";"26";"0";
"202000016785";"154 712 727";"B01";"1";"10";"0";"9";"2";"16";"1";
"202000016785";"154 712 728";"A01";"1";"50";"0";"2";"2";"5";"3";
"202000016786";"154 712 726";"A01";"2";"7";"0";"1";"3";"15";"1";
"202000016787";"154 712 722";"A01";"2";"7";"0";"2";"4";"26";"1";
"202000016787";"154 712 723";"B01";"2";"10";"0";"2";"1";"2";"1";
"202000016787";"154 712 724";"C01";"2";"7";"0";"2";"1";"2";"1";
"202000016787";"154 712 725";"D01";"2";"7";"0";"2";"1";"2";"1";
"202000016788";"154 712 720";"B01";"1";"30";"0";"2";"0";"1";"1";
"202000016788";"154 712 721";"A01";"2";"7";"0";"2";"0";"1";"1";
"202000016789";"154 712 719";"A01";"3";"7";"0";"1";"3";"15";"1";
"202000016790";"154 712 717";"A01";"0";"1";"0";"2";"1";"9";"5";
"202000016790";"154 712 718";"B01";"0";"7";"0";"2";"2";"1";"1";
"202000016791";"154 712 716";"A01";"0";"7";"0";"1";"3";"1";"1";
"202000016792";"154 712 713";"A01";"3";"7";"0";"2";"2";"13";"1";
"202000016792";"154 712 714";"B01";"3";"7";"0";"2";"1";"1";"1";
"202000016792";"154 712 715";"C01";"3";"7";"0";"2";"1";"1";"1";
"202000016793";"154 712 711";"B01";"2";"7";"0";"2";"1";"1";"1";
"202000016793";"154 712 712";"A01";"1";"7";"0";"2";"7";"15";"1";
"202000016794";"154 712 709";"B01";"1";"7";"0";"2";"3";"1";"1";
"202000016794";"154 712 710";"A01";"1";"1";"0";"2";"0";"1";"5";
"202000016795";"154 712 708";"A01";"2";"30";"11";"0";"8";"21";"1";
"202000016796";"154 712 706";"B01";"2";"7";"0";"2";"3";"1";"1";
"202000016796";"154 712 707";"A01";"1";"7";"0";"2";"3";"15";"1";
"202000016797";"154 712 705";"A01";"1";"10";"0";"1";"4";"4";"1";
"202000016798";"154 712 703";"B01";"3";"7";"0";"2";"3";"1";"1";
"202000016798";"154 712 704";"A01";"3";"34";"0";"2";"1";"1";"1";
"202000016799";"154 712 701";"A01";"1";"7";"0";"2";"1";"19";"0";
"202000016799";"154 712 702";"B01";"1";"7";"0";"2";"7";"1";"1";
"202000016800";"154 712 699";"A01";"1";"7";"0";"2";"3";"13";"1";
"202000016800";"154 712 700";"B01";"2";"2";"0";"2";"1";"1";"1";
"202000016801";"154 712 697";"A01";"1";"14";"0";"2";"7";"19";"1";
"202000016801";"154 712 698";"B01";"1";"7";"0";"2";"1";"1";"1";
"202000016802";"154 712 696";"A01";"0";"7";"0";"1";"1";"1";"1";
"202000016803";"154 712 695";"A01";"0";"7";"9";"0";"1";"1";"1";
"202000016804";"154 712 694";"A01";"1";"7";"0";"1";"2";"16";"1";
"202000016805";"154 712 693";"A01";"3";"7";"2";"0";"1";"15";"1";
"202000016806";"154 712 691";"A01";"2";"7";"0";"0";"1";"13";"1";
"202000016807";"154 712 689";"A01";"2";"7";"0";"2";"1";"2";"1";
"202000016807";"154 712 690";"B01";"2";"7";"0";"2";"4";"2";"1";
"202000016808";"154 712 688";"A01";"2";"33";"15";"0";"8";"1";"1";
"202000016809";"154 712 686";"A01";"3";"7";"1";"0";"2";"1";"1";
"202000016809";"154 712 687";"B01";"3";"7";"0";"2";"2";"24";"1";
"202000016810";"154 712 684";"B01";"2";"30";"0";"2";"7";"14";"1";
"202000016810";"154 712 685";"A01";"2";"33";"0";"2";"1";"1";"1";
"202000016811";"154 712 682";"B01";"3";"7";"0";"2";"8";"19";"1";
"202000016811";"154 712 683";"A01";"0";"7";"0";"2";"1";"1";"1";
"202000016812";"154 712 680";"B01";"1";"10";"0";"2";"3";"5";"1";
"202000016812";"154 712 681";"A01";"1";"7";"0";"2";"3";"9";"1";
"202000016813";"154 712 679";"A01";"1";"7";"0";"1";"7";"1";"1";
"202000016814";"154 712 677";"A01";"2";"7";"0";"2";"2";"15";"1";
"202000016814";"154 712 678";"B01";"1";"99";"8";"2";"1";"1";"1";
"202000016815";"154 712 675";"A01";"3";"7";"0";"9";"1";"1";"1";
"202000016815";"154 712 676";"B01";"2";"1";"0";"2";"7";"1";"5";
"202000016816";"154 712 673";"A01";"1";"1";"0";"2";"0";"1";"5";
"202000016816";"154 712 674";"Z01";"2";"7";"0";"2";"0";"15";"1";
"202000016817";"154 712 671";"B01";"1";"7";"0";"2";"3";"1";"1";
"202000016817";"154 712 672";"A01";"1";"2";"0";"2";"1";"9";"1";
"202000016818";"154 712 670";"A01";"1";"7";"0";"0";"9";"1";"1";
"202000016819";"154 712 668";"A01";"3";"7";"0";"2";"3";"15";"1";
"202000016819";"154 712 669";"B01";"3";"31";"0";"2";"7";"1";"1";
"202000016820";"154 712 666";"B01";"1";"31";"0";"2";"2";"1";"1";
"202000016820";"154 712 667";"A01";"1";"7";"0";"2";"8";"26";"1";
"202000016821";"154 712 664";"B01";"3";"7";"0";"0";"0";"0";"1";
"202000016821";"154 712 665";"A01";"3";"33";"0";"0";"0";"0";"1";
"202000016822";"154 712 663";"A01";"1";"30";"0";"1";"2";"1";"1";
"202000016823";"154 712 657";"A01";"2";"7";"11";"2";"2";"10";"1";
"202000016823";"154 712 658";"B01";"1";"33";"1";"2";"3";"1";"1";
"202000016824";"154 712 656";"A01";"2";"7";"0";"1";"1";"1";"1";
"202000016825";"154 712 655";"A01";"1";"32";"0";"0";"0";"1";"1";
"202000016826";"154 712 652";"B01";"2";"7";"0";"2";"4";"1";"1";
"202000016826";"154 712 653";"C01";"2";"7";"0";"2";"4";"1";"1";
"202000016826";"154 712 654";"A01";"2";"10";"0";"2";"1";"2";"1";
"202000016827";"154 712 651";"A01";"1";"7";"1";"0";"2";"2";"1";
"202000016828";"154 712 649";"A01";"2";"31";"0";"2";"1";"5";"0";
"202000016828";"154 712 650";"B01";"1";"7";"0";"2";"8";"2";"1";
"202000016829";"154 712 647";"B01";"2";"1";"0";"2";"8";"25";"5";
"202000016829";"154 712 648";"A01";"2";"7";"0";"2";"1";"15";"1";
"202000016830";"154 712 646";"A01";"0";"7";"6";"0";"1";"9";"1";
"202000016831";"154 712 645";"A01";"1";"30";"0";"0";"0";"1";"1";
"202000016832";"154 712 643";"A01";"1";"7";"0";"2";"2";"0";"1";
"202000016832";"154 712 644";"B01";"1";"2";"0";"2";"7";"0";"1";
"202000016833";"154 712 640";"C01";"1";"7";"0";"2";"4";"2";"1";
"202000016833";"154 712 641";"B01";"1";"7";"0";"2";"4";"2";"1";
"202000016833";"154 712 642";"A01";"1";"7";"0";"2";"1";"2";"1";
"202000016834";"154 712 638";"A01";"1";"7";"0";"2";"1";"19";"1";
"202000016834";"154 712 639";"B01";"1";"7";"0";"2";"2";"17";"1";
"202000016835";"154 712 637";"A01";"0";"2";"0";"0";"0";"15";"1";
"202000016836";"154 712 635";"B01";"1";"7";"15";"0";"2";"1";"1";
"202000016836";"154 712 636";"A01";"1";"7";"0";"2";"1";"1";"1";
"202000016837";"154 712 632";"A01";"2";"7";"5";"2";"1";"5";"1";
"202000016837";"154 712 633";"C01";"1";"7";"0";"2";"1";"1";"1";
"202000016837";"154 712 634";"B01";"1";"7";"3";"2";"9";"1";"1";
"202000016838";"154 712 629";"A01";"2";"7";"0";"2";"2";"19";"1";
"202000016838";"154 712 630";"C01";"2";"7";"0";"2";"8";"1";"1";
"202000016838";"154 712 631";"B01";"1";"31";"0";"2";"1";"1";"1";
"202000016839";"154 712 627";"B01";"1";"33";"0";"2";"1";"1";"1";
"202000016839";"154 712 628";"A01";"1";"7";"0";"2";"3";"11";"1";
"202000016840";"154 712 625";"A01";"2";"7";"0";"2";"1";"9";"1";
"202000016840";"154 712 626";"B01";"2";"1";"0";"2";"7";"1";"5";
"202000016841";"154 712 623";"A01";"2";"7";"0";"2";"1";"26";"1";
"202000016841";"154 712 624";"B01";"2";"1";"0";"2";"1";"1";"5";
"202000016842";"154 712 622";"A01";"1";"2";"14";"0";"1";"17";"1";
"202000016843";"154 712 621";"A01";"2";"33";"0";"1";"1";"7";"1";
"202000016844";"154 712 619";"B01";"1";"1";"0";"2";"8";"1";"5";
"202000016844";"154 712 620";"A01";"1";"7";"0";"2";"7";"15";"1";
"202000016845";"154 712 618";"A01";"2";"7";"0";"1";"1";"1";"1";
"202000016846";"154 712 616";"B01";"2";"34";"0";"2";"4";"23";"1";
"202000016846";"154 712 617";"A01";"2";"30";"0";"2";"1";"26";"1";
"202000016847";"154 712 615";"Z01";"0";"7";"0";"1";"2";"1";"0";
"202000016848";"154 712 613";"B01";"1";"7";"0";"2";"8";"1";"1";
"202000016848";"154 712 614";"A01";"1";"7";"0";"2";"1";"1";"1";
"202000016849";"154 712 611";"B01";"2";"33";"0";"2";"1";"16";"1";
"202000016849";"154 712 612";"A01";"1";"30";"0";"2";"1";"1";"1";
"202000016850";"154 712 609";"A01";"3";"7";"0";"2";"1";"5";"1";
"202000016850";"154 712 610";"B01";"3";"7";"0";"2";"1";"1";"1";
"202000016851";"154 712 608";"A01";"0";"7";"0";"1";"2";"19";"0";
"202000016852";"154 712 606";"A01";"1";"7";"0";"2";"1";"9";"0";
"202000016852";"154 712 607";"B01";"1";"7";"0";"2";"2";"26";"0";
"202000016853";"154 712 604";"B01";"2";"7";"0";"2";"8";"15";"1";
"202000016853";"154 712 605";"A01";"2";"33";"0";"2";"2";"17";"1";
"202000016854";"154 712 602";"A01";"1";"1";"0";"2";"3";"11";"5";
"202000016854";"154 712 603";"B01";"1";"7";"0";"2";"1";"26";"1";
"202000016855";"154 712 600";"A01";"3";"7";"0";"2";"2";"1";"1";
"202000016855";"154 712 601";"B01";"3";"7";"0";"2";"3";"1";"1";
"202000016856";"154 712 598";"A01";"0";"14";"0";"2";"2";"1";"1";
"202000016856";"154 712 599";"B01";"0";"32";"0";"2";"4";"23";"1";
"202000016857";"154 712 596";"A01";"1";"14";"0";"2";"0";"26";"0";
"202000016857";"154 712 597";"B01";"1";"31";"0";"0";"0";"0";"0";
"202000016858";"154 712 594";"Z01";"0";"7";"0";"2";"1";"10";"0";
"202000016858";"154 712 595";"B01";"1";"2";"0";"2";"1";"1";"1";
"202000016859";"154 712 592";"B01";"2";"30";"0";"2";"7";"1";"1";
"202000016859";"154 712 593";"A01";"2";"32";"0";"2";"1";"15";"1";
"202000016860";"154 712 589";"A01";"1";"33";"0";"2";"2";"17";"1";
"202000016860";"154 712 590";"C01";"1";"33";"0";"2";"2";"17";"1";
"202000016860";"154 712 591";"B01";"1";"7";"0";"2";"6";"23";"1";
"202000016861";"154 712 587";"B01";"2";"1";"0";"2";"1";"1";"5";
"202000016861";"154 712 588";"A01";"2";"10";"0";"2";"4";"23";"1";
"202000016862";"154 712 586";"A01";"1";"37";"1";"0";"2";"14";"1";"1"
"202000016863";"154 712 585";"A01";"0";"31";"0";"0";"7";"1";"1";
"202000016864";"154 712 583";"A01";"2";"1";"0";"2";"8";"1";"5";
"202000016864";"154 712 584";"B01";"2";"7";"0";"2";"8";"9";"2";
"202000016865";"154 712 581";"B01";"1";"30";"0";"2";"1";"2";"1";
"202000016865";"154 712 582";"A01";"1";"10";"0";"2";"5";"23";"1";
"202000016866";"154 712 579";"Z01";"2";"7";"0";"2";"7";"14";"0";
"202000016866";"154 712 580";"A01";"2";"33";"0";"2";"8";"1";"1";
"202000016867";"154 712 577";"A01";"3";"1";"0";"2";"1";"1";"5";
"202000016867";"154 712 578";"B01";"1";"7";"0";"2";"3";"9";"1";
"202000016868";"154 712 575";"A01";"1";"10";"0";"2";"1";"1";"1";
"202000016868";"154 712 576";"B01";"1";"33";"0";"2";"4";"23";"1";
"202000016869";"154 712 574";"A01";"2";"50";"14";"0";"1";"1";"3";
"202000016870";"154 712 573";"A01";"2";"50";"0";"0";"1";"1";"3";
"202000016871";"154 712 571";"B01";"1";"1";"0";"2";"3";"15";"5";
"202000016871";"154 712 572";"A01";"1";"33";"0";"2";"2";"1";"1";
"202000016872";"154 712 569";"A01";"1";"32";"0";"2";"3";"2";"1";
"202000016872";"154 712 570";"B01";"1";"7";"0";"2";"3";"2";"1";
"202000016873";"154 712 567";"B01";"1";"33";"0";"2";"1";"1";"1";
"202000016873";"154 712 568";"A01";"1";"10";"0";"2";"0";"0";"0";
"202000016874";"154 712 565";"A01";"2";"10";"15";"0";"2";"15";"1";
"202000016874";"154 712 566";"B01";"1";"50";"9";"0";"1";"1";"3";
"202000016875";"154 712 563";"A01";"2";"7";"0";"2";"1";"15";"0";
"202000016875";"154 712 564";"B01";"2";"2";"1";"2";"7";"1";"1";
"202000016876";"154 712 561";"B01";"1";"7";"0";"2";"1";"16";"1";
"202000016876";"154 712 562";"A01";"1";"7";"0";"2";"1";"1";"1";
"202000016877";"154 712 559";"B01";"1";"99";"0";"2";"0";"0";"0";
"202000016877";"154 712 560";"A01";"1";"31";"0";"2";"0";"26";"1";
"202000016878";"154 712 557";"B01";"1";"7";"0";"2";"4";"23";"1";
"202000016878";"154 712 558";"A01";"1";"7";"1";"0";"1";"2";"1";
"202000016879";"154 712 556";"A01";"2";"7";"1";"0";"3";"1";"1";
"202000016880";"154 712 554";"A01";"2";"7";"0";"2";"3";"15";"1";
"202000016880";"154 712 555";"B01";"1";"30";"0";"2";"8";"1";"1";
"202000016881";"154 712 552";"A01";"1";"37";"0";"2";"1";"2";"1";"4"
"202000016881";"154 712 553";"B01";"1";"10";"0";"2";"5";"1";"1";
"202000016882";"154 712 550";"A01";"1";"10";"0";"2";"8";"10";"1";
"202000016882";"154 712 551";"B01";"1";"33";"0";"2";"1";"2";"1";
"202000016883";"154 712 548";"A01";"3";"1";"0";"2";"1";"1";"5";
"202000016883";"154 712 549";"B01";"3";"7";"0";"9";"4";"23";"1";
"202000016884";"154 712 547";"A01";"2";"7";"0";"1";"1";"1";"1";
"202000016885";"154 712 546";"A01";"3";"7";"0";"1";"4";"20";"1";
"202000016886";"154 712 544";"B01";"3";"33";"0";"2";"8";"1";"0";
"202000016886";"154 712 545";"A01";"2";"7";"0";"2";"2";"0";"0";
"202000016887";"154 712 543";"A01";" -1";"7";"6";"0";"3";"1";"1";
"202000016888";"154 712 541";"B01";"2";"33";"0";"2";"1";"1";"1";
"202000016888";"154 712 542";"A01";"2";"7";"0";"2";"3";"11";"1";
"202000016889";"154 712 538";"A01";"0";"32";"0";"0";"1";"11";"0";
"202000016890";"154 712 536";"A01";"2";"33";"0";"2";"1";"17";"1";
"202000016890";"154 712 537";"B01";"2";"21";"0";"0";"6";"15";"1";
"202000016891";"154 712 534";"A01";"1";"31";"0";"2";"1";"26";"1";
"202000016891";"154 712 535";"B01";"1";"7";"0";"0";"6";"1";"1";
"202000016892";"154 712 532";"B01";"2";"2";"7";"2";"7";"17";"1";
"202000016892";"154 712 533";"A01";"2";"7";"0";"2";"3";"15";"1";
"202000016893";"154 712 530";"B01";"2";"7";"0";"2";"2";"21";"1";
"202000016893";"154 712 531";"A01";"1";"7";"0";"2";"7";"15";"1";
"202000016894";"154 712 529";"A01";"1";"7";"6";"0";"1";"1";"1";
"202000016895";"154 712 527";"B01";"1";"31";"0";"2";"7";"17";"0";
"202000016895";"154 712 528";"A01";"1";"7";"0";"2";"8";"17";"0";
"202000016896";"154 712 526";"A01";"2";"33";"0";"0";"7";"1";"1";
"202000016897";"154 712 524";"A01";"1";"7";"8";"1";"4";"26";"1";
"202000016897";"154 712 525";"B01";"1";"7";"15";"1";"4";"24";"1";
"202000016898";"154 712 522";"B01";"2";"7";"0";"2";"1";"1";"1";
"202000016898";"154 712 523";"A01";"2";"7";"0";"0";"7";"19";"1";
"202000016899";"154 712 519";"A01";"2";"7";"0";"2";"1";"26";"1";
"202000016899";"154 712 520";"B01";"1";"7";"0";"2";"1";"0";"1";
"202000016899";"154 712 521";"C01";"2";"10";"0";"2";"8";"0";"1";
"202000016900";"154 712 518";"A01";"2";"7";"0";"1";"3";"1";"1";
"202000016901";"154 712 516";"A01";"1";"7";"0";"0";"7";"1";"1";
"202000016901";"154 712 517";"B01";"1";"7";"0";"0";"1";"16";"1";
"202000016902";"154 712 515";"A01";"1";"17";"6";"0";"7";"0";"0";
"202000016903";"154 712 513";"A01";"1";"7";"0";"9";"2";"11";"0";
"202000016903";"154 712 514";"B01";"1";"1";"0";"2";"3";"11";"5";
"202000016904";"154 712 512";"A01";"1";"33";"0";"0";"9";"1";"0";
"202000016905";"154 712 511";"A01";"1";"7";"13";"0";"0";"14";"1";
"202000016906";"154 712 510";"A01";"3";"1";"0";"0";"7";"1";"5";
"202000016907";"154 712 508";"B01";"2";"1";"0";"2";"2";"1";"5";
"202000016907";"154 712 509";"A01";"2";"7";"0";"2";"3";"9";"1";
"202000016908";"154 712 507";"A01";"1";"32";"12";"0";"2";"1";"1";
"202000016909";"154 712 506";"A01";"3";"36";"15";"0";"0";"1";"1";
"202000016910";"154 712 505";"A01";"1";"10";"2";"0";"2";"2";"1";
"202000016911";"154 712 504";"A01";"2";"2";"2";"0";"1";"16";"1";
"202000016912";"154 712 503";"A01";"2";"7";"13";"0";"9";"14";"1";
"202000016913";"154 712 499";"A01";"2";"2";"0";"0";"8";"21";"1";
"202000016914";"154 712 498";"A01";"2";"7";"2";"0";"3";"1";"1";
"202000016915";"154 712 497";"A01";"1";"33";"0";"0";"0";"1";"0";
"202000016916";"154 712 495";"A01";"2";"7";"0";"2";"7";"15";"1";
"202000016916";"154 712 496";"B01";"1";"33";"0";"2";"1";"1";"1";
"202000016917";"154 712 494";"A01";"2";"33";"0";"6";"1";"1";"0";
"202000016918";"154 712 492";"B01";"1";"7";"0";"2";"1";"1";"1";
"202000016918";"154 712 493";"A01";"1";"2";"0";"2";"4";"1";"6";
"202000016919";"154 712 490";"B01";"1";"7";"0";"2";"2";"9";"1";
"202000016919";"154 712 491";"A01";"1";"80";"0";"2";"7";"1";"3";
"202000016920";"154 712 488";"B01";"2";"7";"0";"0";"8";"1";"1";
"202000016920";"154 712 489";"A01";"1";"7";"0";"2";"1";"1";"1";
"202000016921";"154 712 486";"A01";"3";"33";"0";"2";"7";"17";"1";
"202000016921";"154 712 487";"B01";"3";"1";"0";"2";"8";"2";"5";
"202000016922";"154 712 484";"B01";"1";"7";"0";"0";"6";"2";"1";
"202000016922";"154 712 485";"A01";"1";"33";"0";"2";"1";"2";"1";
"202000016923";"154 712 483";"A01";"1";"33";"13";"0";"9";"1";"1";
"202000016924";"154 712 482";"A01";"3";"2";"0";"0";"8";"17";"1";
"202000016925";"154 712 481";"A01";"1";"33";"14";"0";"1";"1";"1";
"202000016926";"154 712 476";"A01";"2";"1";"3";"0";"3";"13";"5";
"202000016927";"154 712 474";"B01";"3";"13";"0";"2";"8";"1";"0";
"202000016927";"154 712 475";"A01";"3";"2";"0";"2";"8";"1";"0";
"202000016928";"154 712 473";"A01";"1";"7";"2";"0";"8";"1";"1";
"202000016929";"154 712 471";"B01";"1";"2";"0";"2";"7";"1";"1";
"202000016929";"154 712 472";"A01";"1";"10";"0";"2";"1";"19";"1";
"202000016930";"154 712 467";"A01";"1";"7";"0";"2";"1";"19";"1";
"202000016930";"154 712 468";"C01";"1";"7";"0";"2";"3";"23";"1";
"202000016930";"154 712 469";"B01";"1";"7";"0";"2";"8";"1";"1";
"202000016930";"154 712 470";"D01";"1";"7";"0";"2";"3";"23";"0";
"202000016931";"154 712 465";"A01";"3";"7";"0";"2";"2";"15";"1";
"202000016931";"154 712 466";"B01";"3";"7";"0";"2";"1";"1";"1";
"202000016932";"154 712 464";"A01";"3";"2";"1";"0";"1";"1";"1";
"202000016933";"154 712 462";"B01";"2";"7";"0";"2";"6";"1";"1";
"202000016933";"154 712 463";"A01";"1";"33";"0";"2";"1";"13";"1";
"202000016934";"154 712 461";"A01";"0";"7";"6";"0";"3";"1";"1";
"202000016935";"154 712 460";"A01";" -1";"33";"7";"0";"0";"14";"1";
"202000016936";"154 712 459";"A01";"2";"33";"0";"1";"1";"2";"1";
"202000016937";"154 712 458";"A01";"1";"10";"0";"1";"2";"16";"1";
"202000016938";"154 712 456";"B01";"3";"7";"0";"2";"4";"1";"1";
"202000016938";"154 712 457";"A01";"3";"7";"0";"2";"1";"1";"1";
"202000016939";"154 712 454";"B01";"2";"7";"0";"2";"1";"0";"1";
"202000016939";"154 712 455";"A01";"2";"34";"0";"0";"4";"16";"1";
"202000016940";"154 712 453";"A01";"1";"1";"0";"1";"0";"9";"0";
"202000016941";"154 712 450";"B01";"2";"7";"0";"2";"5";"1";"1";
"202000016941";"154 712 451";"C01";"1";"37";"0";"2";"1";"1";"1";"1"
"202000016941";"154 712 452";"A01";"2";"7";"0";"2";"1";"1";"1";
"202000016942";"154 712 449";"A01";"2";"33";"4";"0";"0";"13";"1";
"202000016943";"154 712 448";"A01";"1";"7";"6";"0";"1";"14";"1";
"202000016944";"154 712 446";"B01";"1";"10";"0";"2";"3";"15";"1";
"202000016944";"154 712 447";"A01";"1";"7";"0";"2";"1";"1";"1";
"202000016945";"154 712 445";"A01";"1";"7";"0";"1";"6";"26";"1";