"Num_Acc";"id_vehicule";"num_veh";"senc";"catv";"obs";"obsm";"choc";"manv";"motor";"occutc"
"202000017359";"154 711 702";"A01";"2";"7";"0";"2";"1";"19";"1";
"202000017359";"154 711 703";"B01";"3";"7";"0";"2";"3";"19";"1";
"202000017360";"154 711 699";"A01";"2";"99";"0";"1";"3";"19";"3";
"202000017361";"154 711 695";"A01";"1";"7";"0";"2";"3";"19";"1";
"202000017361";"154 711 696";"B01";"3";"1";"0";"2";"2";"1";"5";
"202000017362";"154 711 693";"A01";"2";"10";"0";"2";"2";"9";"1";
"202000017362";"154 711 694";"B01";"1";"33";"0";"0";"1";"15";"1";
"202000017363";"154 711 691";"A01";"3";"7";"12";"0";"1";"13";"1";
"202000017363";"154 711 692";"B01";"3";"7";"14";"0";"1";"26";"1";
"202000017364";"154 711 688";"B01";"1";"10";"0";"2";"7";"1";"0";
"202000017364";"154 711 689";"A01";"1";"10";"1";"2";"9";"1";"0";
"202000017364";"154 711 690";"C01";"1";"10";"0";"2";"8";"1";"0";
"202000017365";"154 711 686";"B01";"2";"33";"1";"2";"2";"1";"1";
"202000017365";"154 711 687";"A01";"1";"7";"0";"2";"2";"9";"1";
"202000017366";"154 711 684";"A01";"1";"1";"0";"2";"3";"13";"5";
"202000017366";"154 711 685";"B01";"2";"80";"0";"2";"2";"14";"3";
"202000017367";"154 711 682";"B01";"2";"7";"0";"2";"1";"1";"1";
"202000017367";"154 711 683";"A01";"1";"7";"0";"2";"1";"1";"1";
"202000017368";"154 711 680";"B01";"1";"2";"0";"2";"1";"1";"1";
"202000017368";"154 711 681";"A01";"1";"7";"0";"2";"6";"9";"1";
"202000017369";"154 711 678";"A01";"1";"7";"0";"2";"1";"2";"1";
"202000017369";"154 711 679";"B01";"2";"1";"0";"2";"4";"1";"5";
"202000017370";"154 711 675";"B01";"1";"7";"0";"2";"1";"1";"1";
"202000017370";"154 711 676";"C01";"1";"7";"0";"2";"3";"23";"1";
"202000017370";"154 711 677";"A01";"2";"7";"0";"2";"7";"1";"1";
"202000017371";"154 711 673";"A01";"1";"7";"0";"2";"0";"20";"0";
"202000017371";"154 711 674";"B01";"2";"50";"0";"2";"0";"0";"3";
"202000017372";"154 711 671";"B01";"3";"32";"0";"2";"1";"1";"1";
"202000017372";"154 711 672";"A01";"3";"7";"0";"2";"7";"15";"1";
"202000017373";"154 711 669";"A01";"3";"7";"0";"2";"1";"15";"1";
"202000017373";"154 711 670";"B01";"1";"7";"0";"2";"3";"19";"1";
"202000017374";"154 711 667";"B01";"1";"33";"0";"2";"8";"26";"1";
"202000017374";"154 711 668";"A01";"2";"7";"0";"2";"1";"15";"1";
"202000017375";"154 711 665";"A01";"1";"7";"0";"9";"1";"15";"1";
"202000017375";"154 711 666";"B01";"1";"1";"0";"2";"1";"13";"5";
"202000017376";"154 711 663";"B01";"1";"30";"0";"2";"5";"1";"1";
"202000017376";"154 711 664";"A01";"2";"7";"0";"2";"1";"9";"1";
"202000017377";"154 711 662";"A01";"1";"7";"2";"0";"0";"0";"1";
"202000017378";"154 711 660";"A01";"1";"10";"0";"2";"1";"9";"1";
"202000017378";"154 711 661";"B01";"1";"7";"0";"2";"5";"0";"1";
"202000017379";"154 711 658";"A01";"1";"7";"0";"2";"0";"0";"1";
"202000017379";"154 711 659";"B01";"1";"7";"0";"2";"0";"0";"1";
"202000017380";"154 711 657";"A01";"2";"7";"0";"1";"1";"17";"1";
"202000017381";"154 711 656";"A01";"1";"33";"0";"0";"8";"16";"1";
"202000017382";"154 711 655";"A01";"1";"10";"13";"0";"1";"1";"1";
"202000017383";"154 711 653";"B01";"2";"15";"0";"2";"5";"1";"1";
"202000017383";"154 711 654";"A01";"1";"33";"0";"2";"3";"9";"1";
"202000017384";"154 711 652";"A01";"2";"7";"8";"0";"1";"1";"1";
"202000017385";"154 711 651";"A01";"2";"7";"0";"1";"7";"1";"1";
"202000017386";"154 711 650";"A01";"2";"7";"0";"1";"2";"1";"1";
"202000017387";"154 711 648";"B01";"3";"7";"0";"2";"3";"16";"1";
"202000017387";"154 711 649";"A01";"0";"30";"0";"2";"1";"1";"1";
"202000017388";"154 711 646";"B01";"2";"7";"0";"2";"7";"16";"0";
"202000017388";"154 711 647";"A01";"1";"7";"0";"2";"3";"26";"1";
"202000017389";"154 711 645";"A01";"0";"7";"8";"0";"1";"1";"1";
"202000017390";"154 711 643";"B01";"2";"7";"0";"2";"7";"15";"1";
"202000017390";"154 711 644";"A01";"1";"7";"0";"2";"1";"1";"1";
"202000017391";"154 711 641";"A01";"1";"7";"0";"2";"0";"0";"0";
"202000017391";"154 711 642";"B01";"1";"7";"0";"0";"0";"0";"1";
"202000017392";"154 711 640";"A01";"3";"7";"0";"1";"2";"1";"1";
"202000017393";"154 711 638";"B01";"1";"7";"0";"2";"8";"1";"1";
"202000017393";"154 711 639";"A01";"1";"7";"0";"2";"4";"20";"1";
"202000017394";"154 711 636";"A01";"1";"7";"0";"0";"1";"1";"1";
"202000017394";"154 711 637";"B01";"1";"7";"0";"2";"4";"23";"0";
"202000017395";"154 711 634";"A01";"1";"7";"0";"0";"1";"2";"0";
"202000017395";"154 711 635";"B01";"1";"33";"0";"0";"4";"2";"0";
"202000017396";"154 711 633";"A01";"3";"2";"0";"0";"0";"16";"1";
"202000017397";"154 711 632";"A01";"3";"7";"0";"0";"1";"1";"1";
"202000017398";"154 711 630";"A01";"1";"7";"0";"2";"1";"1";"1";
"202000017398";"154 711 631";"B01";"2";"15";"0";"2";"1";"1";"1";
"202000017399";"154 711 627";"A01";"1";"1";"0";"2";"1";"19";"5";
"202000017399";"154 711 628";"C01";"2";"7";"0";"2";"1";"1";"1";
"202000017399";"154 711 629";"B01";"2";"7";"0";"2";"2";"1";"1";
"202000017400";"154 711 625";"B01";"3";"2";"0";"2";"1";"11";"1";
"202000017400";"154 711 626";"A01";"1";"7";"0";"2";"2";"9";"1";
"202000017401";"154 711 624";"A01";"2";"7";"0";"1";"1";"26";"1";
"202000017402";"154 711 622";"A01";"1";"7";"0";"2";"1";"5";"1";
"202000017402";"154 711 623";"B01";"1";"7";"0";"2";"1";"1";"1";
"202000017403";"154 711 620";"B01";"1";"99";"0";"2";"1";"1";"0";
"202000017403";"154 711 621";"A01";"1";"99";"0";"2";"2";"5";"0";
"202000017404";"154 711 619";"A01";"0";"7";"5";"0";"1";"1";"1";
"202000017405";"154 711 617";"A01";"1";"2";"0";"2";"1";"1";"1";
"202000017405";"154 711 618";"B01";"1";"7";"0";"2";"6";"2";"1";
"202000017406";"154 711 615";"B01";"1";"32";"0";"2";"1";"23";"1";
"202000017406";"154 711 616";"A01";"1";"10";"0";"2";"4";"4";"1";
"202000017407";"154 711 613";"B01";"2";"32";"0";"2";"8";"1";"1";
"202000017407";"154 711 614";"A01";"1";"7";"0";"2";"1";"15";"1";
"202000017408";"154 711 612";"A01";"2";"7";"8";"0";"1";"1";"1";
"202000017409";"154 711 610";"B01";"1";"7";"0";"2";"5";"1";"1";
"202000017409";"154 711 611";"A01";"2";"33";"0";"2";"1";"18";"1";
"202000017410";"154 711 608";"A01";"1";"34";"0";"2";"1";"3";"1";
"202000017410";"154 711 609";"B01";"1";"7";"0";"2";"5";"1";"1";
"202000017411";"154 711 606";"Z01";"1";"7";"0";"2";"0";"1";"1";
"202000017411";"154 711 607";"A01";"1";"60";"0";"2";"7";"19";"5";
"202000017412";"154 711 605";"A01";"1";"50";"0";"1";"1";"1";"3";
"202000017413";"154 711 604";"A01";"3";"7";"9";"0";"2";"15";"1";
"202000017414";"154 711 602";"B01";"1";"7";"0";"2";"8";"15";"1";
"202000017414";"154 711 603";"A01";"1";"32";"0";"2";"2";"17";"1";
"202000017415";"154 711 601";"A01";"1";"1";"0";"0";"0";"1";"5";
"202000017416";"154 711 600";"Z01";"1";"10";"0";"1";"1";"1";"0";
"202000017417";"154 711 599";"A01";"2";"43";"0";"1";"2";"1";"1";
"202000017418";"154 711 597";"B01";"2";"80";"0";"2";"1";"15";"3";
"202000017418";"154 711 598";"A01";"1";"7";"0";"2";"3";"1";"1";
"202000017419";"154 711 595";"B01";"1";"7";"0";"2";"3";"16";"2";
"202000017419";"154 711 596";"A01";"1";"32";"0";"2";"4";"1";"1";
"202000017420";"154 711 593";"A01";"1";"7";"0";"2";"1";"15";"1";
"202000017420";"154 711 594";"B01";"2";"1";"0";"2";"1";"1";"5";
"202000017421";"154 711 591";"A01";"1";"7";"0";"2";"2";"1";"1";
"202000017421";"154 711 592";"B01";"1";"1";"0";"2";"1";"19";"5";
"202000017422";"154 711 590";"A01";"1";"10";"0";"1";"5";"16";"1";
"202000017423";"154 711 588";"B01";"1";"7";"0";"2";"2";"16";"1";
"202000017423";"154 711 589";"A01";"1";"37";"0";"2";"3";"7";"1";"2"
"202000017424";"154 711 586";"A01";"2";"30";"0";"2";"3";"1";"1";
"202000017424";"154 711 587";"B01";"2";"10";"0";"2";"7";"12";"1";
"202000017425";"154 711 585";"A01";"0";"10";"0";"1";"4";"20";"1";
"202000017426";"154 711 582";"B01";"1";"33";"1";"2";"4";"16";"1";
"202000017426";"154 711 583";"A01";"1";"7";"14";"2";"1";"1";"1";
"202000017426";"154 711 584";"C01";"1";"7";"1";"2";"4";"0";"1";
"202000017427";"154 711 580";"A01";"1";"7";"0";"2";"1";"1";"1";
"202000017427";"154 711 581";"B01";"1";"7";"0";"2";"4";"2";"1";
"202000017428";"154 711 579";"A01";"1";"7";"0";"1";"0";"1";"0";
"202000017429";"154 711 578";"A01";"2";"7";"0";"1";"2";"1";"1";
"202000017430";"154 711 576";"A01";"1";"7";"0";"9";"7";"22";"1";
"202000017430";"154 711 577";"B01";"1";"2";"0";"0";"8";"0";"1";
"202000017431";"154 711 575";"A01";"0";"30";"0";"1";"1";"14";"1";
"202000017432";"154 711 573";"B01";"1";"7";"0";"2";"1";"2";"0";
"202000017432";"154 711 574";"A01";"1";"15";"0";"2";"4";"2";"1";
"202000017433";"154 711 571";"A01";"2";"7";"0";"2";"1";"19";"1";
"202000017433";"154 711 572";"B01";"1";"7";"0";"2";"1";"2";"1";
"202000017434";"154 711 570";"A01";"2";"7";"12";"0";"2";"26";"0";
"202000017435";"154 711 568";"B01";"0";"1";"0";"2";"8";"26";"5";
"202000017435";"154 711 569";"A01";"0";"7";"0";"2";"3";"15";"0";
"202000017436";"154 711 566";"A01";"1";"7";"0";"2";"2";"20";"1";
"202000017436";"154 711 567";"B01";"1";"1";"0";"2";"2";"1";"0";
"202000017437";"154 711 565";"A01";"2";"7";"0";"1";"1";"1";"1";
"202000017438";"154 711 563";"B01";"2";"10";"0";"2";"2";"19";"1";
"202000017438";"154 711 564";"A01";"1";"7";"0";"2";"3";"19";"1";
"202000017439";"154 711 562";"A01";"1";"7";"0";"1";"1";"1";"1";
"202000017440";"154 711 560";"A01";"2";"33";"0";"1";"1";"17";"1";
"202000017440";"154 711 561";"B01";"2";"7";"0";"2";"8";"23";"0";
"202000017441";"154 711 559";"A01";"2";"34";"0";"1";"7";"25";"1";
"202000017442";"154 711 557";"A01";"2";"7";"0";"2";"5";"16";"1";
"202000017442";"154 711 558";"B01";"2";"1";"0";"2";"1";"2";"5";
"202000017443";"154 711 555";"A01";"1";"7";"0";"2";"2";"17";"1";
"202000017443";"154 711 556";"B01";"2";"7";"0";"2";"3";"1";"1";
"202000017444";"154 711 553";"A01";"3";"7";"0";"2";"1";"15";"1";
"202000017444";"154 711 554";"B01";"2";"33";"0";"0";"7";"1";"1";
"202000017445";"154 711 551";"A01";"0";"7";"0";"2";"7";"17";"1";
"202000017445";"154 711 552";"B01";"0";"2";"0";"2";"8";"1";"1";
"202000017446";"154 711 549";"B01";"1";"17";"0";"2";"6";"1";"1";
"202000017446";"154 711 550";"A01";"1";"7";"3";"2";"2";"17";"1";
"202000017447";"154 711 548";"A01";"1";"7";"0";"1";"2";"15";"6";
"202000017448";"154 711 547";"A01";"1";"7";"13";"0";"3";"13";"1";
"202000017449";"154 711 546";"A01";"3";"35";"0";"0";"0";"13";"0";
"202000017450";"154 711 544";"B01";"1";"7";"0";"2";"2";"0";"1";
"202000017450";"154 711 545";"A01";"2";"7";"0";"2";"2";"0";"1";
"202000017451";"154 711 542";"A01";"1";"7";"0";"2";"6";"1";"1";
"202000017451";"154 711 543";"B01";"1";"7";"0";"2";"6";"1";"1";
"202000017452";"154 711 541";"A01";"1";"7";"0";"1";"1";"1";"1";
"202000017453";"154 711 538";"A01";"2";"7";"0";"2";"2";"2";"1";
"202000017453";"154 711 539";"B01";"2";"1";"0";"2";"4";"2";"5";
"202000017453";"154 711 540";"C01";"2";"1";"0";"2";"4";"2";"5";
"202000017454";"154 711 535";"B01";"2";"7";"0";"2";"2";"1";"1";
"202000017454";"154 711 536";"C01";"1";"7";"0";"2";"3";"1";"1";
"202000017454";"154 711 537";"A01";"2";"10";"0";"0";"6";"15";"1";
"202000017455";"154 711 533";"B01";"3";"7";"0";"2";"1";"15";"1";
"202000017455";"154 711 534";"A01";"2";"7";"8";"2";"2";"1";"1";
"202000017456";"154 711 531";"B01";"1";"7";"6";"2";"5";"1";"1";
"202000017456";"154 711 532";"A01";"2";"7";"0";"2";"2";"19";"1";
"202000017457";"154 711 530";"A01";"1";"7";"8";"0";"1";"0";"1";
"202000017458";"154 711 528";"B01";"1";"2";"0";"2";"1";"2";"1";
"202000017458";"154 711 529";"A01";"1";"10";"0";"2";"4";"4";"1";
"202000017459";"154 711 527";"A01";"2";"7";"2";"0";"0";"1";"1";
"202000017460";"154 711 526";"A01";"1";"7";"13";"0";"1";"1";"1";
"202000017461";"154 711 525";"A01";"1";"33";"13";"0";"1";"17";"1";
"202000017462";"154 711 521";"B01";"3";"1";"0";"2";"8";"16";"5";
"202000017462";"154 711 522";"A01";"3";"7";"0";"2";"1";"1";"1";
"202000017463";"154 711 520";"A01";"2";"7";"13";"0";"2";"21";"1";
"202000017464";"154 711 517";"A01";"2";"7";"0";"2";"1";"15";"1";
"202000017464";"154 711 518";"B01";"1";"1";"0";"2";"1";"1";"5";
"202000017465";"154 711 513";"C01";"2";"1";"0";"2";"1";"1";"5";
"202000017465";"154 711 514";"B01";"2";"1";"0";"2";"1";"1";"5";
"202000017465";"154 711 515";"A01";"1";"7";"0";"2";"1";"13";"1";
"202000017466";"154 711 511";"A01";"1";"10";"0";"2";"2";"19";"1";
"202000017466";"154 711 512";"B01";"1";"33";"0";"2";"7";"1";"1";
"202000017467";"154 711 509";"B01";"2";"7";"0";"0";"0";"19";"1";
"202000017467";"154 711 510";"A01";"1";"30";"0";"9";"1";"0";"1";
"202000017468";"154 711 507";"B01";"2";"7";"0";"2";"1";"1";"1";
"202000017468";"154 711 508";"A01";"1";"7";"0";"2";"1";"17";"1";
"202000017469";"154 711 506";"A01";"2";"7";"2";"0";"1";"19";"1";
"202000017470";"154 711 504";"B01";"2";"7";"0";"2";"3";"1";"1";
"202000017470";"154 711 505";"A01";"1";"33";"0";"2";"1";"13";"1";
"202000017471";"154 711 503";"A01";"2";"7";"13";"0";"1";"14";"1";
"202000017472";"154 711 501";"B01";"1";"2";"0";"0";"1";"1";"0";
"202000017472";"154 711 502";"A01";"2";"7";"0";"0";"3";"1";"0";
"202000017473";"154 711 500";"A01";"1";"7";"6";"0";"2";"1";"1";
"202000017474";"154 711 499";"A01";"1";"10";"2";"0";"8";"2";"1";
"202000017475";"154 711 494";"A01";"1";"7";"0";"2";"1";"13";"1";
"202000017475";"154 711 495";"B01";"2";"7";"0";"2";"1";"1";"1";
"202000017475";"154 711 496";"C01";"1";"15";"0";"2";"6";"2";"1";
"202000017475";"154 711 497";"D01";"2";"31";"1";"0";"1";"2";"1";
"202000017475";"154 711 498";"E01";"1";"7";"0";"2";"3";"1";"1";
"202000017476";"154 711 492";"A01";"1";"7";"0";"2";"2";"15";"1";
"202000017476";"154 711 493";"B01";"1";"2";"0";"2";"1";"1";"1";
"202000017477";"154 711 486";"B01";"2";"17";"0";"0";"6";"1";"6";
"202000017477";"154 711 487";"A01";"2";"10";"0";"2";"2";"12";"6";
"202000017478";"154 711 485";"A01";"3";"2";"0";"0";"9";"1";"1";
"202000017479";"154 711 483";"B01";"2";"7";"0";"2";"1";"1";"1";
"202000017479";"154 711 484";"A01";"1";"7";"0";"2";"1";"17";"1";
"202000017480";"154 711 482";"A01";"3";"2";"12";"0";"7";"0";"0";
"202000017481";"154 711 480";"A01";"0";"7";"0";"2";"3";"15";"6";
"202000017481";"154 711 481";"B01";"3";"2";"0";"2";"1";"1";"1";
"202000017482";"154 711 479";"A01";"2";"7";"2";"0";"6";"1";"1";
"202000017483";"154 711 478";"A01";"2";"1";"0";"0";"0";"1";"0";
"202000017484";"154 711 477";"A01";"2";"7";"0";"0";"9";"26";"1";
"202000017485";"154 711 476";"A01";"0";"7";"0";"1";"3";"1";"1";
"202000017486";"154 711 475";"A01";"1";"7";"0";"1";"1";"1";"1";
"202000017487";"154 711 474";"A01";"1";"7";"2";"0";"8";"1";"0";
"202000017488";"154 711 473";"A01";"2";"7";"16";"0";"9";"1";"1";
"202000017489";"154 711 472";"A01";"0";"7";"8";"0";"2";"1";"1";
"202000017490";"154 711 469";"C01";"3";"33";"0";"2";"1";"1";"1";
"202000017490";"154 711 470";"B01";"3";"7";"0";"2";"3";"1";"1";
"202000017490";"154 711 471";"A01";"3";"7";"0";"2";"3";"21";"1";
"202000017491";"154 711 467";"B01";"1";"7";"0";"2";"7";"1";"1";
"202000017491";"154 711 468";"A01";"1";"7";"0";"2";"3";"11";"1";
"202000017492";"154 711 465";"B01";"2";"32";"0";"2";"4";"1";"1";
"202000017492";"154 711 466";"A01";"2";"10";"0";"2";"1";"2";"1";
"202000017493";"154 711 463";"B01";"1";"10";"0";"2";"5";"1";"1";
"202000017493";"154 711 464";"A01";"1";"33";"0";"2";"1";"3";"1";
"202000017494";"154 711 461";"A01";"2";"7";"0";"2";"1";"1";"1";
"202000017494";"154 711 462";"B01";"2";"7";"0";"2";"4";"1";"1";
"202000017495";"154 711 458";"C01";"2";"7";"0";"2";"4";"2";"1";
"202000017495";"154 711 459";"A01";"2";"7";"0";"2";"1";"2";"1";
"202000017495";"154 711 460";"B01";"2";"10";"0";"2";"4";"2";"1";
"202000017496";"154 711 456";"A01";"1";"7";"0";"2";"1";"1";"1";
"202000017496";"154 711 457";"B01";"1";"7";"0";"2";"4";"2";"1";
"202000017497";"154 711 453";"C01";"1";"7";"3";"2";"4";"1";"1";
"202000017497";"154 711 454";"A01";"1";"10";"0";"2";"1";"2";"1";
"202000017497";"154 711 455";"B01";"1";"10";"0";"2";"5";"2";"1";
"202000017498";"154 711 452";"A01";"2";"7";"4";"0";"2";"14";"1";
"202000017499";"154 711 450";"B01";"2";"7";"0";"2";"8";"1";"1";
"202000017499";"154 711 451";"A01";"2";"17";"0";"2";"2";"14";"1";
"202000017500";"154 711 447";"C01";"2";"10";"0";"2";"4";"2";"1";
"202000017500";"154 711 448";"B01";"2";"7";"0";"2";"4";"2";"1";
"202000017500";"154 711 449";"A01";"2";"10";"0";"2";"1";"2";"1";
"202000017501";"154 711 445";"B01";"1";"7";"4";"2";"6";"1";"1";
"202000017501";"154 711 446";"A01";"1";"7";"0";"2";"2";"1";"1";
"202000017502";"154 711 442";"C01";"2";"7";"0";"2";"4";"1";"1";
"202000017502";"154 711 443";"B01";"2";"7";"0";"2";"4";"1";"1";
"202000017502";"154 711 444";"A01";"2";"7";"0";"2";"1";"1";"1";
"202000017503";"154 711 441";"A01";"1";"7";"0";"1";"1";"1";"1";
"202000017504";"154 711 440";"A01";"3";"31";"0";"0";"8";"26";"1";
"202000017505";"154 711 438";"B01";"1";"40";"0";"9";"2";"1";"3";
"202000017505";"154 711 439";"A01";"1";"50";"8";" -1";"7";"19";"3";
"202000017506";"154 711 437";"A01";"3";"1";"0";"1";"0";"0";"5";
"202000017507";"154 711 435";"B01";"1";"7";"0";"2";"4";"23";"1";
"202000017507";"154 711 436";"A01";"1";"7";"0";"2";"1";"1";"1";
"202000017508";"154 711 433";"B01";"1";"7";"0";"2";"1";"1";"1";
"202000017508";"154 711 434";"A01";"1";"7";"0";"2";"5";"15";"1";
"202000017509";"154 711 432";"A01";"1";"17";"6";"1";"1";"1";"1";
"202000017510";"154 711 431";"A01";"0";"7";"2";"0";"1";"26";"0";
"202000017511";"154 711 429";"A01";"3";"31";"0";"2";"8";"16";"1";
"202000017511";"154 711 430";"B01";"3";"30";"0";"2";"7";"2";"1";
"202000017512";"154 711 428";"A01";"1";"7";"4";"0";"1";"1";"1";
"202000017513";"154 711 426";"B01";"0";"1";"0";"2";"6";"19";"5";
"202000017513";"154 711 427";"A01";"1";"7";"0";"2";"4";"16";"1";
"202000017514";"154 711 424";"B01";"1";"7";"0";"0";"3";"9";"1";
"202000017514";"154 711 425";"A01";"1";"34";"0";"2";"2";"21";"1";
"202000017515";"154 711 422";"A01";"1";"7";"0";"2";"2";"1";"1";
"202000017515";"154 711 423";"B01";"3";"60";"0";"2";"8";"1";"5";
"202000017516";"154 711 421";"A01";"2";"33";"0";"0";"7";"15";"1";
"202000017517";"154 711 420";"A01";"2";"7";"1";"0";"1";"13";"1";
"202000017518";"154 711 419";"A01";"0";"7";"15";"0";"4";"4";"1";
"202000017519";"154 711 418";"A01";"2";"7";"6";"0";"1";"26";"1";
"202000017520";"154 711 417";"Z01";"1";"7";"0";"1";"0";"0";"0";
"202000017521";"154 711 415";"B01";"0";"7";"0";"2";"0";"0";"1";
"202000017521";"154 711 416";"A01";"0";"7";"0";"2";"0";"16";"0";
"202000017522";"154 711 412";"C01";"2";"37";"0";"0";"4";"1";"1";"1"
"202000017522";"154 711 413";"B01";"2";"7";"0";"2";"4";"1";"1";
"202000017522";"154 711 414";"Z01";"2";"7";"0";"2";"1";"1";"1";
"202000017523";"154 711 410";"A01";"2";"7";"0";"2";"2";"1";"0";
"202000017523";"154 711 411";"B01";"2";"7";"0";"2";"1";"1";"0";
"202000017524";"154 711 408";"B01";"1";"7";"0";"2";"1";"9";"1";
"202000017524";"154 711 409";"A01";"1";"7";"0";"2";"4";"9";"1";
"202000017525";"154 711 405";"B01";"1";"7";"0";"2";"2";"15";"1";
"202000017525";"154 711 406";"A01";"1";"32";"0";"2";"1";"18";"1";
"202000017525";"154 711 407";"C01";"1";"7";"0";"2";"4";"0";"1";
"202000017526";"154 711 403";"A01";"2";"33";"0";"2";"1";"1";"1";
"202000017526";"154 711 404";"B01";"2";"10";"0";"2";"4";"1";"1";
"202000017527";"154 711 401";"A01";"2";"7";"0";"2";"3";"15";"1";
"202000017527";"154 711 402";"B01";"1";"7";"0";"2";"3";"1";"1";
"202000017528";"154 711 400";"A01";"1";"7";"0";"1";"1";"15";"1";
"202000017529";"154 711 398";"B01";"2";"7";"0";"2";"4";"2";"1";
"202000017529";"154 711 399";"A01";"2";"7";"0";"2";"1";"2";"1";
"202000017530";"154 711 396";"A01";"1";"7";"0";"2";"2";"1";"1";
"202000017530";"154 711 397";"B01";"1";"60";"0";"2";"0";"9";"5";
"202000017531";"154 711 394";"A01";"1";"7";"0";"2";"1";"2";"1";
"202000017531";"154 711 395";"B01";"1";"7";"0";"2";"4";"2";"1";
"202000017532";"154 711 392";"A01";"1";"7";"0";"2";"2";"1";"1";
"202000017532";"154 711 393";"B01";"1";"7";"1";"2";"0";"9";"1";
"202000017533";"154 711 390";"B01";"1";"7";"0";"2";"0";"15";"1";
"202000017533";"154 711 391";"A01";"2";"30";"0";"2";"1";"1";"1";
"202000017534";"154 711 389";"A01";"1";"1";"12";"0";"1";"14";"5";
"202000017535";"154 711 387";"A01";"1";"7";"0";"2";"1";"1";"1";
"202000017535";"154 711 388";"B01";"1";"10";"0";"2";"4";"23";"1";
"202000017536";"154 711 385";"A01";"2";"7";"0";"2";"7";"1";"1";
"202000017536";"154 711 386";"B01";"2";"32";"0";"2";"1";"1";"1";
"202000017537";"154 711 384";"A01";"1";"32";"0";"1";"1";"1";"1";
"202000017538";"154 711 382";"B01";"2";"30";"0";"2";"7";"17";"1";
"202000017538";"154 711 383";"A01";"2";"7";"0";"2";"8";"13";"1";
"202000017539";"154 711 380";"A01";"1";"7";"0";"2";"2";"1";"1";
"202000017539";"154 711 381";"B01";"1";"43";"0";"2";"8";"3";"1";
"202000017540";"154 711 379";"A01";"1";"1";"14";"0";"1";"13";"5";
"202000017541";"154 711 377";"A01";"1";"10";"0";"2";"2";"26";"1";
"202000017541";"154 711 378";"B01";"1";"34";"0";"2";"1";"1";"1";
"202000017542";"154 711 376";"A01";"3";"13";"0";"1";"2";"21";"1";
"202000017543";"154 711 374";"A01";"1";"7";"0";"2";"1";"1";"0";
"202000017543";"154 711 375";"B01";"1";"7";"0";"2";"4";"1";"0";
"202000017544";"154 711 372";"B01";"2";"10";"0";"2";"2";"1";"1";
"202000017544";"154 711 373";"A01";"1";"7";"0";"2";"4";"15";"1";
"202000017545";"154 711 370";"A01";" -1";"20";"0";"2";"1";"2";"0";
"202000017545";"154 711 371";"B01";" -1";"20";"0";"2";"0";"0";"0";
"202000017546";"154 711 367";"C01";"1";"7";"1";"0";"3";"0";"1";
"202000017546";"154 711 368";"B01";"1";"7";"0";"0";"4";"0";"1";
"202000017546";"154 711 369";"A01";"1";"7";"0";"2";"1";"13";"1";
"202000017547";"154 711 365";"A01";"1";"34";"0";"2";"1";"19";"1";
"202000017547";"154 711 366";"B01";"1";"7";"0";"9";"3";"15";"1";
"202000017548";"154 711 364";"B01";"1";"30";"0";"0";"5";"26";"1";
"202000017549";"154 711 363";"A01";"3";"50";"0";"1";"4";"25";"3";
"202000017550";"154 711 361";"A01";"3";"10";"0";"2";"3";"18";"0";
"202000017550";"154 711 362";"B01";"3";"34";"0";"0";"0";"0";"0";
"202000017551";"154 711 360";"A01";"1";"30";"0";"0";"7";"8";"1";
"202000017552";"154 711 358";"A01";"2";"7";"0";"2";"3";"20";"1";
"202000017552";"154 711 359";"B01";"2";"99";"1";"2";"3";"2";"3";
"202000017553";"154 711 356";"B01";"2";"7";"0";"0";"6";"1";"1";
"202000017553";"154 711 357";"A01";"0";"7";"0";"2";"8";"9";"1";
"202000017554";"154 711 354";"B01";"1";"99";"0";"0";"6";"23";"6";
"202000017554";"154 711 355";"A01";"1";"7";"0";"2";"2";"17";"1";
"202000017555";"154 711 353";"A01";"1";"7";"0";"1";"6";"4";"1";
"202000017556";"154 711 351";"A01";"2";"7";"0";"2";"1";"13";"1";
"202000017556";"154 711 352";"B01";"1";"7";"0";"2";"1";"1";"1";
"202000017557";"154 711 349";"A01";"2";"10";"4";"2";"9";"17";"1";
"202000017557";"154 711 350";"B01";"2";"17";"0";"2";"8";"1";"1";
"202000017558";"154 711 347";"B01";"2";"7";"0";"2";"1";"1";"1";
"202000017558";"154 711 348";"A01";"1";"7";"13";"2";"2";"13";"1";
"202000017559";"154 711 345";"B01";"1";"7";"0";"2";"5";"14";"1";
"202000017559";"154 711 346";"A01";"1";"7";"0";"2";"3";"1";"1";
"202000017560";"154 711 343";"A01";"2";"7";"0";"2";"4";"2";"1";
"202000017560";"154 711 344";"B01";"2";"2";"0";"2";"1";"2";"1";
"202000017561";"154 711 342";"A01";"2";"7";"0";"0";"1";"1";"1";
"202000017562";"154 711 340";"A01";"1";"7";"0";"2";"1";"2";"1";
"202000017562";"154 711 341";"B01";"1";"10";"0";"0";"4";"2";"1";
"202000017563";"154 711 338";"B01";"1";"32";"0";"0";"4";"1";"1";
"202000017563";"154 711 339";"A01";"1";"7";"0";"2";"1";"1";"1";
"202000017564";"154 711 335";"B01";"1";"10";"0";"2";"1";"1";"1";