"Num_Acc";"id_vehicule";"num_veh";"senc";"catv";"obs";"obsm";"choc";"manv";"motor";"occutc"
"202000017766";"154 710 962";"A01";"2";"1";"0";"0";"0";"1";"5";
"202000017767";"154 710 961";"B01";"1";"7";"0";"2";"4";"1";"1";
"202000017767";"154 710 963";"A01";"1";"7";"0";"2";"3";"2";"1";
"202000017768";"154 710 957";"C01";"1";"7";"0";"2";"4";"2";"1";
"202000017768";"154 710 958";"B01";"1";"7";"0";"2";"6";"23";"1";
"202000017768";"154 710 959";"A01";"1";"7";"0";"2";"1";"2";"1";
"202000017769";"154 710 956";"A01";"2";"7";"0";"2";"2";"15";"1";
"202000017769";"154 710 960";"B01";"2";"33";"0";"2";"1";"8";"1";
"202000017770";"154 710 954";"A01";"3";"30";"0";"2";"1";"1";"3";
"202000017770";"154 710 955";"B01";"3";"7";"0";"2";"3";"1";"1";
"202000017771";"154 710 950";"B01";"1";"7";"0";"2";"5";"1";"1";
"202000017771";"154 710 952";"A01";"1";"34";"0";"2";"1";"1";"1";
"202000017772";"154 710 951";"A01";"2";"32";"0";"2";"8";"1";"1";
"202000017772";"154 710 953";"B01";"1";"7";"0";"2";"2";"15";"1";
"202000017773";"154 710 947";"A01";"1";"7";"0";"2";"6";"11";"1";
"202000017773";"154 710 949";"B01";"1";"33";"0";"2";"1";"1";"1";
"202000017774";"154 710 946";"B01";"2";"50";"0";"2";"1";"1";"3";
"202000017774";"154 710 948";"A01";"2";"50";"0";"2";"4";"17";"3";
"202000017775";"154 710 943";"A01";"2";"7";"0";"2";"3";"9";"1";
"202000017775";"154 710 944";"B01";"2";"33";"0";"2";"1";"1";"1";
"202000017776";"154 710 942";"A01";"3";"32";"0";"2";"6";"18";"1";
"202000017776";"154 710 945";"B01";"3";"7";"0";"2";"2";"1";"1";
"202000017777";"154 710 941";"A01";"1";"7";"0";"1";"1";"1";"1";
"202000017778";"154 710 939";"B01";"3";"7";"0";"2";"3";"15";"1";
"202000017778";"154 710 940";"A01";"3";"7";"0";"2";"2";"1";"1";
"202000017779";"154 710 937";"A01";"1";"30";"0";"2";"1";"1";"1";
"202000017779";"154 710 938";"B01";"1";"7";"0";"2";"8";"15";"1";
"202000017780";"154 710 935";"A01";"2";"50";"0";"2";"8";"15";"3";
"202000017780";"154 710 936";"Z01";"1";"1";"0";"2";"1";"1";"5";
"202000017781";"154 710 934";"A01";"2";"1";"0";"0";"0";"15";"5";
"202000017782";"154 710 932";"A01";"1";"1";"0";"0";"1";"1";"5";
"202000017783";"154 710 933";"A01";"2";"34";"0";"1";"1";"17";"1";
"202000017784";"154 710 930";"B01";"2";"30";"0";"2";"8";"1";"0";
"202000017784";"154 710 931";"A01";"2";"10";"0";"2";"2";"16";"0";
"202000017785";"154 710 928";"B01";"1";"1";"0";"2";"1";"1";"5";
"202000017785";"154 710 929";"A01";"1";"10";"0";"2";"8";"22";"1";
"202000017786";"154 710 927";"A01";"2";"99";"0";"1";"1";"15";"1";
"202000017787";"154 710 926";"A01";"1";"7";"5";"1";"3";"16";"1";
"202000017788";"154 710 925";"A01";"3";"7";"0";"1";"1";"1";"0";
"202000017789";"154 710 924";"Z01";"2";"0";"0";"1";"4";"20";"0";
"202000017790";"154 710 922";"B01";"3";"2";"0";"2";"1";"1";"1";
"202000017790";"154 710 923";"A01";"3";"7";"0";"2";"2";"1";"1";
"202000017791";"154 710 919";"B01";" -1";"2";"0";"2";"1";"1";"1";
"202000017791";"154 710 921";"A01";" -1";"7";"0";"2";"3";"15";"1";
"202000017792";"154 710 918";"B01";"2";"60";"0";"2";"3";"19";"5";
"202000017792";"154 710 920";"A01";"1";"7";"0";"2";"8";"15";"1";
"202000017793";"154 710 915";"B01";" -1";"14";"0";"2";"6";"0";"1";
"202000017793";"154 710 917";"A01";" -1";"7";"14";"0";"2";"11";"1";
"202000017794";"154 710 914";"B01";"2";"7";"0";"0";"0";"9";"1";
"202000017794";"154 710 916";"A01";"2";"1";"8";"0";"2";"21";"0";
"202000017795";"154 710 913";"A01";"0";"7";"0";"0";"1";"1";"1";
"202000017796";"154 710 912";"A01";"0";"7";"0";"1";"4";"26";"0";
"202000017797";"154 710 910";"A01";"2";"7";"0";"1";"0";"1";"0";
"202000017798";"154 710 909";"A01";"3";"50";"0";"2";"1";"5";"3";
"202000017798";"154 710 911";"B01";"2";"33";"0";"2";"2";"2";"1";
"202000017799";"154 710 908";"A01";"1";"60";"0";"0";"0";"19";"5";
"202000017800";"154 710 907";"A01";"1";"7";"0";"1";"1";"19";"0";
"202000017801";"154 710 905";"B01";"1";"7";"0";"2";"4";"23";"1";
"202000017801";"154 710 906";"A01";"2";"7";"0";"2";"3";"2";"1";
"202000017802";"154 710 903";"A01";"2";"33";"0";"2";"1";"19";"1";
"202000017802";"154 710 904";"B01";"1";"7";"0";"2";"2";"19";"1";
"202000017803";"154 710 901";"B01";"1";"7";"15";"2";"8";"0";"0";
"202000017803";"154 710 902";"A01";"1";"30";"0";"2";"1";"19";"0";
"202000017804";"154 710 900";"A01";"2";"32";"0";"1";"1";"17";"1";
"202000017805";"154 710 898";"B01";"0";"7";"0";"2";"3";"15";"1";
"202000017805";"154 710 899";"A01";"3";"32";"0";"2";"1";"5";"1";
"202000017806";"154 710 896";"A01";"1";"20";"0";"2";"5";"10";"1";
"202000017806";"154 710 897";"B01";"1";"31";"0";"2";"1";"1";"1";
"202000017807";"154 710 894";"B01";" -1";"33";"0";"0";"3";"2";"1";
"202000017807";"154 710 895";"A01";" -1";"7";"0";"2";"5";"9";"0";
"202000017808";"154 710 892";"A01";"2";"10";"0";"2";"5";"14";"0";
"202000017808";"154 710 893";"B01";"2";"50";"0";"2";"8";"1";"3";
"202000017809";"154 710 891";"A01";" -1";"7";"0";"0";"9";"13";"0";
"202000017810";"154 710 890";"A01";"3";"80";"0";"0";"0";"1";"3";
"202000017811";"154 710 889";"A01";"1";"1";"0";"0";"1";"25";"5";
"202000017812";"154 710 887";"B01";"2";"60";"0";"2";"0";"0";"5";
"202000017812";"154 710 888";"A01";"2";"10";"0";"2";"7";"21";"1";
"202000017813";"154 710 885";"A01";"2";"7";"0";"2";"1";"1";"1";
"202000017813";"154 710 886";"B01";"1";"1";"1";"0";"1";"15";"5";
"202000017814";"154 710 883";"B01";"1";"34";"0";"2";"1";"19";"1";
"202000017814";"154 710 884";"A01";"2";"30";"0";"2";"5";"5";"1";
"202000017815";"154 710 882";"A01";"1";"10";"0";"1";"7";"16";"1";
"202000017816";"154 710 881";"A01";"1";"32";"0";"1";"1";"3";"1";
"202000017817";"154 710 877";"B01";"3";"7";"0";"2";"1";"1";"1";
"202000017817";"154 710 878";"A01";"3";"7";"0";"2";"1";"1";"1";
"202000017818";"154 710 875";"B01";"2";"1";"0";"2";"1";"1";"5";
"202000017818";"154 710 876";"A01";"1";"7";"0";"9";"2";"17";"1";
"202000017819";"154 710 874";"A01";"1";"7";"0";"1";"2";"0";"0";
"202000017820";"154 710 872";"A01";"3";"7";"2";"2";"3";"1";"0";
"202000017820";"154 710 873";"B01";"3";"7";"2";"2";"7";"15";"0";
"202000017821";"154 710 870";"B01";"2";"7";"0";"2";"4";"1";"1";
"202000017821";"154 710 871";"A01";"2";"7";"0";"2";"1";"1";"1";
"202000017822";"154 710 868";"A01";"1";"7";"0";"2";"1";"2";"1";
"202000017822";"154 710 869";"B01";"1";"7";"0";"0";"4";"2";"1";
"202000017823";"154 710 867";"A01";"1";"7";"0";"1";"2";"1";"1";
"202000017824";"154 710 866";"A01";"2";"33";"0";"0";"8";"1";"1";
"202000017825";"154 710 865";"A01";"3";"7";"0";"1";"4";"20";"1";
"202000017826";"154 710 863";"A01";"1";"7";"0";"2";"7";"19";"1";
"202000017826";"154 710 864";"B01";"2";"17";"0";"2";"3";"1";"1";
"202000017827";"154 710 862";"A01";"1";"2";"0";"0";"0";"1";"1";
"202000017828";"154 710 858";"B01";"2";"7";"1";"2";"1";"1";"1";
"202000017828";"154 710 859";"A01";"2";"7";"0";"0";"5";"23";"1";
"202000017828";"154 710 860";"C01";"2";"7";"0";"0";"0";"23";"1";
"202000017829";"154 710 856";"B01";"1";"1";"0";"2";"1";"1";"5";
"202000017829";"154 710 857";"A01";"0";"7";"0";"0";"6";"15";"1";
"202000017830";"154 710 853";"B01";"2";"7";"0";"2";"8";"2";"0";
"202000017830";"154 710 854";"A01";"1";"33";"0";"2";"2";"17";"0";
"202000017830";"154 710 855";"C01";"2";"7";"0";"2";"0";"2";"0";
"202000017831";"154 710 852";"A01";"2";"7";"8";"0";"0";"1";"6";
"202000017832";"154 710 850";"A01";"1";"33";"0";"2";"1";"0";"1";
"202000017832";"154 710 851";"B01";"1";"10";"0";"0";"4";"2";"1";
"202000017833";"154 710 849";"A01";"0";"31";"13";"0";"0";"1";"1";
"202000017834";"154 710 848";"A01";"2";"7";"13";"0";"9";"1";"1";
"202000017835";"154 710 846";"B01";"2";"7";"0";"0";"3";"1";"1";
"202000017835";"154 710 847";"A01";"1";"31";"0";"2";"0";"13";"1";
"202000017836";"154 710 843";"A01";"1";"7";"0";"2";"2";"1";"1";
"202000017836";"154 710 844";"B01";"2";"21";"0";"2";"3";"1";"1";
"202000017836";"154 710 845";"C01";"2";"7";"0";"2";"6";"1";"1";
"202000017837";"154 710 842";"A01";"1";"33";"2";"0";"0";"14";"0";
"202000017838";"154 710 841";"A01";"0";"10";"8";"0";"1";"0";"1";
"202000017839";"154 710 839";"A01";"1";"2";"0";"2";"1";"2";"1";
"202000017839";"154 710 840";"B01";"1";"15";"0";"0";"6";"2";"1";
"202000017840";"154 710 837";"A01";"2";"10";"0";"2";"3";"13";"1";
"202000017840";"154 710 838";"B01";"1";"38";"0";"2";"3";"1";"1";"1"
"202000017841";"154 710 836";"A01";" -1";"31";"6";"0";"7";"0";"1";
"202000017842";"154 710 834";"B01";"1";"7";"0";"2";"5";"15";"0";
"202000017842";"154 710 835";"A01";"1";"33";"0";"2";"1";"2";"1";
"202000017843";"154 710 832";"A01";"2";"7";"0";"2";"3";"9";"1";
"202000017843";"154 710 833";"B01";"2";"10";"0";"2";"3";"2";"1";
"202000017844";"154 710 830";"A01";"3";"7";"0";"9";"5";"10";"0";
"202000017844";"154 710 831";"B01";"0";"33";"0";"2";"1";"1";"1";
"202000017845";"154 710 828";"A01";"1";"0";"0";"2";"7";"17";"0";
"202000017845";"154 710 829";"B01";"1";"1";"0";"2";"6";"2";"5";
"202000017846";"154 710 826";"B01";"3";"37";"0";"2";"8";"1";"1";"1"
"202000017846";"154 710 827";"A01";"3";"33";"0";"2";"8";"1";"1";
"202000017847";"154 710 825";"A01";"1";"10";"0";"0";"3";"2";"1";
"202000017848";"154 710 824";"A01";"2";"7";"0";"2";"1";"0";"1";
"202000017849";"154 710 822";"B01";"1";"1";"0";"2";"8";"2";"6";
"202000017849";"154 710 823";"A01";"1";"14";"0";"9";"1";"2";"1";
"202000017850";"154 710 820";"A01";"1";"7";"0";"2";"2";"0";"1";
"202000017850";"154 710 821";"B01";"2";"7";"0";"2";"3";"0";"1";
"202000017851";"154 710 818";"A01";"1";"7";"0";"2";"1";"5";"1";
"202000017851";"154 710 819";"B01";"2";"7";"0";"2";"2";"21";"1";
"202000017852";"154 710 817";"A01";"3";"7";"13";"0";"3";"15";"1";
"202000017853";"154 710 815";"A01";"2";"33";"0";"2";"1";"2";"1";
"202000017853";"154 710 816";"B01";"2";"7";"0";"0";"4";"2";"1";
"202000017854";"154 710 813";"A01";"3";"7";"0";"2";"7";"1";"1";
"202000017854";"154 710 814";"B01";"3";"50";"0";"2";"1";"1";"3";
"202000017855";"154 710 812";"A01";"0";"7";"0";"1";"1";"1";"1";
"202000017856";"154 710 808";"C01";"3";"7";"0";"2";"3";"23";"1";
"202000017856";"154 710 809";"B01";"1";"2";"0";"2";"1";"1";"1";
"202000017856";"154 710 810";"A01";"1";"7";"0";"2";"2";"1";"1";
"202000017857";"154 710 806";"A01";"3";"7";"0";"2";"2";"9";"1";
"202000017857";"154 710 807";"B01";"2";"1";"0";"2";"5";"1";"5";
"202000017858";"154 710 805";"A01";"2";"33";"0";"0";"8";"1";"0";
"202000017859";"154 710 804";"A01";"2";"7";"13";"0";"3";"13";"1";
"202000017860";"154 710 803";"A01";"1";"7";"0";"0";"9";"0";"1";
"202000017861";"154 710 801";"B01";"2";"7";"0";"2";"1";"1";"1";
"202000017861";"154 710 802";"A01";"3";"7";"0";"2";"1";"9";"1";
"202000017862";"154 710 799";"B01";"1";"7";"0";"2";"6";"2";"1";
"202000017862";"154 710 800";"A01";"1";"33";"0";"2";"1";"2";"1";
"202000017863";"154 710 798";"A01";"3";"10";"0";"1";"1";"1";"1";
"202000017864";"154 710 797";"A01";"1";"2";"0";"0";"7";"1";"1";
"202000017865";"154 710 795";"A01";"3";"7";"0";"2";"1";"1";"1";
"202000017865";"154 710 796";"B01";"2";"10";"0";"2";"3";"1";"1";
"202000017866";"154 710 793";"A01";"1";"10";"0";"9";"2";"1";"1";
"202000017866";"154 710 794";"B01";"1";"1";"0";"2";"1";"26";"5";
"202000017867";"154 710 792";"A01";"3";"7";"6";"0";"1";"1";"1";
"202000017868";"154 710 791";"A01";"1";"7";"0";"5";"1";"1";"1";
"202000017869";"154 710 789";"A01";"0";"7";"0";"2";"3";"9";"1";
"202000017869";"154 710 790";"B01";"1";"7";"0";"2";"5";"0";"1";
"202000017870";"154 710 788";"A01";"1";"33";"0";"2";"1";"12";"1";
"202000017871";"154 710 786";"A01";"2";"7";"0";"2";"2";"17";"1";
"202000017871";"154 710 787";"B01";"2";"38";"0";"2";"6";"1";"1";"1"
"202000017872";"154 710 784";"B01";"2";"7";"0";"2";"2";"17";"1";
"202000017872";"154 710 785";"A01";"2";"7";"0";"2";"6";"1";"1";
"202000017873";"154 710 779";"D01";"1";"10";"0";"2";"4";"1";"1";
"202000017873";"154 710 780";"A01";"1";"7";"0";"2";"1";"2";"1";
"202000017873";"154 710 781";"C01";"1";"7";"0";"2";"4";"2";"1";
"202000017873";"154 710 782";"B01";"1";"10";"0";"2";"4";"2";"1";
"202000017873";"154 710 783";"E01";"1";"7";"0";"2";"4";"1";"1";
"202000017874";"154 710 778";"A01";"2";"33";"16";"0";"1";"14";"1";
"202000017875";"154 710 776";"B01";"2";"33";"0";"2";"8";"12";"1";
"202000017875";"154 710 777";"A01";"2";"10";"0";"2";"7";"12";"1";
"202000017876";"154 710 774";"A01";"2";"31";"0";"2";"1";"2";"1";
"202000017876";"154 710 775";"B01";"2";"7";"0";"2";"6";"0";"1";
"202000017877";"154 710 771";"A01";"1";"7";"0";"0";"0";"26";"1";
"202000017877";"154 710 772";"C01";"1";"7";"0";"0";"0";"0";"1";
"202000017877";"154 710 773";"B01";"1";"7";"0";"0";"0";"0";"1";
"202000017878";"154 710 769";"B01";"2";"32";"0";"2";"2";"26";"1";
"202000017878";"154 710 770";"A01";"2";"32";"0";"2";"3";"26";"1";
"202000017879";"154 710 766";"A01";"1";"14";"0";"2";"0";"2";"1";
"202000017879";"154 710 767";"B01";"1";"14";"0";"2";"5";"2";"1";
"202000017879";"154 710 768";"C01";"1";"10";"0";"2";"1";"2";"1";
"202000017880";"154 710 765";"A01";"2";"32";"0";"0";"3";"1";"1";
"202000017881";"154 710 763";"A01";"1";"15";"3";"0";"4";"23";"1";
"202000017881";"154 710 764";"B01";"1";"2";"3";"2";"1";"1";"1";
"202000017882";"154 710 761";"A01";"1";"7";"0";"2";"8";"11";"1";
"202000017882";"154 710 762";"B01";"1";"33";"0";"2";"7";"1";"1";
"202000017883";"154 710 758";"B01";"1";"7";"0";"2";"4";"23";"1";
"202000017883";"154 710 759";"C01";"1";"7";"0";"2";"1";"2";"1";
"202000017883";"154 710 760";"A01";"1";"7";"0";"2";"4";"23";"1";
"202000017884";"154 710 757";"A01";"2";"7";"4";"0";"3";"1";"1";
"202000017885";"154 710 755";"A01";"2";"7";"0";"2";"5";"12";"1";
"202000017885";"154 710 756";"B01";"2";"33";"0";"2";"3";"3";"1";
"202000017886";"154 710 754";"A01";"1";"31";"0";"0";"0";"26";"1";
"202000017887";"154 710 752";"B01";"3";"2";"0";"2";"7";"1";"1";
"202000017887";"154 710 753";"A01";"3";"7";"0";"2";"8";"15";"1";
"202000017888";"154 710 750";"B01";"1";"34";"0";"2";"7";"1";"1";
"202000017888";"154 710 751";"A01";"1";"7";"0";"2";"8";"17";"1";
"202000017889";"154 710 749";"A01";"3";"7";"0";"1";"1";"1";"0";
"202000017890";"154 710 747";"B01";"2";"7";"0";"2";"8";"15";"1";
"202000017890";"154 710 748";"A01";"2";"7";"0";"2";"1";"1";"2";
"202000017891";"154 710 745";"A01";"1";"7";"0";"2";"3";"5";"1";
"202000017891";"154 710 746";"B01";"2";"7";"0";"2";"3";"2";"1";
"202000017892";"154 710 744";"A01";"3";"7";"0";"1";"3";"19";"0";
"202000017893";"154 710 743";"A01";"1";"7";"0";"1";"1";"1";"1";
"202000017894";"154 710 741";"B01";"1";"30";"0";"2";"3";"13";"1";
"202000017894";"154 710 742";"A01";"1";"7";"0";"2";"3";"2";"0";
"202000017895";"154 710 739";"B01";"3";"7";"14";"2";"4";"1";"1";
"202000017895";"154 710 740";"A01";"3";"7";"0";"2";"1";"2";"1";
"202000017896";"154 710 736";"A01";"1";"7";"0";"2";"1";"2";"1";
"202000017896";"154 710 737";"C01";"1";"7";"0";"2";"4";"23";"1";
"202000017896";"154 710 738";"B01";"1";"7";"0";"2";"4";"23";"1";
"202000017897";"154 710 735";"A01";"1";"7";"0";"0";"9";"1";"1";
"202000017898";"154 710 733";"B01";"1";"7";"0";"2";"7";"1";"1";
"202000017898";"154 710 734";"A01";"1";"7";"0";"2";"9";"26";"1";
"202000017899";"154 710 732";"A01";"0";"7";"0";"1";"1";"1";"1";
"202000017900";"154 710 730";"B01";"2";"1";"0";"4";"1";"1";"5";
"202000017900";"154 710 731";"A01";"1";"40";"0";"2";"8";"26";"3";
"202000017901";"154 710 728";"A01";"2";"30";"0";"2";"1";"13";"1";
"202000017901";"154 710 729";"B01";"1";"7";"0";"2";"3";"1";"1";
"202000017902";"154 710 726";"B01";"1";"7";"0";"2";"4";"23";"1";
"202000017902";"154 710 727";"A01";"1";"31";"0";"2";"1";"1";"1";
"202000017903";"154 710 724";"A01";"1";"7";"0";"2";"3";"15";"1";
"202000017903";"154 710 725";"B01";"2";"7";"0";"2";"3";"0";"1";
"202000017904";"154 710 722";"B01";"3";"32";"0";"2";"4";"1";"1";
"202000017904";"154 710 723";"A01";"3";"7";"0";"2";"1";"26";"1";
"202000017905";"154 710 721";"A01";"1";"10";"0";"1";"2";"1";"1";
"202000017906";"154 710 720";"A01";"0";"7";"6";"0";"1";"16";"6";
"202000017907";"154 710 717";"C01";"1";"7";"0";"2";"4";"2";"1";
"202000017907";"154 710 718";"B01";"1";"7";"0";"2";"1";"2";"1";
"202000017907";"154 710 719";"A01";"1";"7";"0";"2";"1";"2";"1";
"202000017908";"154 710 716";"A01";"0";"0";"0";"1";"0";"26";"0";
"202000017909";"154 710 714";"A01";"3";"1";"0";"2";"1";"1";"5";
"202000017909";"154 710 715";"B01";"3";"7";"0";"2";"8";"1";"1";
"202000017910";"154 710 713";"A01";"3";"33";"9";"0";"7";"15";"1";
"202000017911";"154 710 711";"B01";"2";"31";"0";"2";"1";"1";"1";
"202000017911";"154 710 712";"A01";"1";"7";"0";"2";"3";"15";"1";
"202000017912";"154 710 709";"A01";"1";"7";"0";"2";"2";"13";"1";
"202000017912";"154 710 710";"B01";"2";"7";"0";"2";"1";"1";"1";
"202000017913";"154 710 706";"C01";"1";"7";"0";"2";"6";"23";"1";
"202000017913";"154 710 707";"B01";"1";"7";"0";"2";"4";"23";"1";
"202000017913";"154 710 708";"A01";"1";"7";"0";"2";"1";"2";"1";
"202000017914";"154 710 704";"Z01";"2";"7";"0";"2";"0";"16";"1";
"202000017914";"154 710 705";"A01";"2";"30";"0";"2";"1";"18";"1";
"202000017915";"154 710 703";"A01";"2";"7";"0";"1";"2";"15";"2";
"202000017916";"154 710 702";"A01";"1";"30";"14";"0";"7";"14";"1";
"202000017917";"154 710 700";"B01";"1";"30";"0";"2";"2";"1";"1";
"202000017917";"154 710 701";"A01";"1";"7";"0";"2";"3";"9";"1";
"202000017918";"154 710 698";"B01";"2";"7";"0";"2";"2";"16";"2";
"202000017918";"154 710 699";"A01";"2";"30";"0";"2";"3";"18";"1";
"202000017919";"154 710 697";"A01";"2";"50";"0";"1";"1";"1";"3";
"202000017920";"154 710 696";"A01";"1";"10";"0";"1";"4";"20";"1";
"202000017921";"154 710 695";"A01";"0";"7";"12";"0";"3";"13";"1";
"202000017922";"154 710 693";"B01";"1";"7";"0";"2";"3";"15";"0";
"202000017922";"154 710 694";"A01";"1";"32";"0";"2";"7";"17";"1";
"202000017923";"154 710 692";"A01";"2";"50";"12";"0";"1";"14";"3";
"202000017924";"154 710 691";"A01";"3";"50";"0";"1";"1";"1";"3";
"202000017925";"154 710 689";"B01";"2";"1";"1";"0";"1";"1";"5";
"202000017925";"154 710 690";"A01";"2";"7";"0";"2";"8";"24";"0";
"202000017926";"154 710 687";"B01";"3";"7";"0";"2";"1";"1";"1";
"202000017926";"154 710 688";"A01";"3";"7";"0";"2";"4";"1";"1";
"202000017927";"154 710 685";"A01";"1";"10";"0";"2";"2";"1";"1";
"202000017927";"154 710 686";"B01";"1";"13";"0";"2";"3";"15";"1";
"202000017928";"154 710 684";"A01";"1";"2";"0";"0";"8";"1";"1";
"202000017929";"154 710 683";"A01";"1";"7";"0";"1";"1";"0";"1";
"202000017930";"154 710 682";"A01";"3";"7";"0";"1";"1";"9";"1";
"202000017931";"154 710 681";"A01";"3";"7";"6";"0";"1";"20";"1";
"202000017932";"154 710 679";"A01";"3";"10";"0";"2";"3";"9";"1";
"202000017932";"154 710 680";"B01";"3";"37";"0";"2";"1";"1";"1";"1"
"202000017933";"154 710 678";"A01";" -1";"7";"0";"1";"1";"26";"0";
"202000017934";"154 710 677";"A01";"1";"30";"0";"0";"0";"1";"1";
"202000017935";"154 710 675";"A01";"1";"10";"0";"2";"2";"2";"1";
"202000017935";"154 710 676";"B01";"1";"7";"0";"0";"4";"23";"1";
"202000017936";"154 710 674";"A01";"1";"7";"12";"1";"3";"9";"0";
"202000017937";"154 710 673";"A01";"1";"10";"0";"1";"3";"15";"1";
"202000017938";"154 710 672";"A01";" -1";"7";"0";"1";"1";"1";"1";
"202000017939";"154 710 670";"A01";" -1";"7";"1";"2";"2";"21";"1";
"202000017939";"154 710 671";"B01";"1";"34";"1";"0";"2";"26";"1";
"202000017940";"154 710 669";"A01";"0";"7";"0";"1";"2";"1";"3";
"202000017941";"154 710 668";"A01";"1";"30";"4";"0";"8";"21";"0";
"202000017942";"154 710 666";"B01";"1";"31";"0";"2";"8";"1";"1";
"202000017942";"154 710 667";"A01";"1";"7";"0";"2";"1";"1";"1";
"202000017943";"154 710 664";"A01";"2";"10";"0";"2";"1";"17";"6";
"202000017943";"154 710 665";"B01";"1";"14";"0";"2";"1";"1";"1";
"202000017944";"154 710 662";"A01";"2";"7";"0";"2";"3";"15";"1";
"202000017944";"154 710 663";"B01";"3";"33";"0";"2";"3";"26";"1";
"202000017945";"154 710 659";"C01";"2";"7";"0";"2";"1";"1";"1";
"202000017945";"154 710 660";"B01";"2";"7";"0";"2";"4";"23";"1";
"202000017945";"154 710 661";"A01";"2";"10";"0";"0";"4";"23";"1";
"202000017946";"154 710 658";"A01";"3";"7";"0";"1";"3";"1";"0";
"202000017947";"154 710 657";"A01";" -1";"7";"0";"1";"2";"1";"6";
"202000017948";"154 710 655";"B01";"1";"33";"0";"2";"1";"1";"1";
"202000017948";"154 710 656";"A01";"0";"7";"0";"2";"3";"15";"1";
"202000017949";"154 710 654";"A01";"1";"7";"2";"0";"1";"1";"0";
"202000017950";"154 710 653";"A01";"3";"33";"0";"1";"1";"1";"1";
"202000017951";"154 710 651";"A01";"0";"7";"0";"2";"2";"19";"1";
"202000017951";"154 710 652";"B01";"2";"7";"0";"2";"8";"1";"1";
"202000017952";"154 710 649";"B01";"2";"7";"0";"2";"1";"1";"0";
"202000017952";"154 710 650";"A01";"0";"7";"0";"2";"0";"26";"0";
"202000017953";"154 710 648";"A01";"1";"33";"6";"0";"2";"15";"1";
"202000017954";"154 710 646";"B01";"1";"31";"0";"0";"2";"1";"1";
"202000017954";"154 710 647";"A01";"1";"7";"0";"0";"4";"9";"1";
"202000017955";"154 710 644";"B01";"1";"1";"0";"2";"1";"15";"5";
"202000017955";"154 710 645";"A01";"1";"7";"0";"9";"7";"1";"1";
"202000017956";"154 710 643";"A01";"1";"10";"0";"1";"1";"0";"1";
"202000017957";"154 710 639";"A01";"1";"7";"0";"2";"7";"15";"1";
"202000017957";"154 710 640";"B01";"1";"7";"0";"2";"1";"1";"1";
"202000017957";"154 710 641";"C01";"1";"7";"0";"2";"2";"2";"1";
"202000017957";"154 710 642";"D01";"2";"7";"0";"2";"3";"1";"1";
"202000017958";"154 710 636";"A01";"1";"7";"8";"0";"8";"1";"1";
"202000017959";"154 710 635";"A01";"2";"7";"15";"0";"7";"19";"1";
"202000017960";"154 710 633";"A01";"0";"7";"0";"2";"3";"17";"1";
"202000017960";"154 710 634";"B01";"0";"7";"0";"2";"2";"0";"1";
"202000017961";"154 710 632";"A01";"2";"30";"0";"9";"7";"2";"1";
"202000017962";"154 710 630";"B01";"2";"7";"0";"2";"1";"1";"0";
"202000017962";"154 710 631";"A01";"1";"7";"0";"2";"1";"13";"1";
"202000017963";"154 710 629";"A01";"1";"15";"0";"1";"3";"1";"1";
"202000017964";"154 710 626";"C01";"1";"7";"0";"2";"2";"12";"1";
"202000017964";"154 710 627";"B01";"1";"7";"0";"9";"3";"21";"1";
"202000017964";"154 710 628";"A01";"1";"1";"0";"2";"6";"1";"5";
"202000017965";"154 710 620";"C01";"0";"7";"0";"0";"2";"1";"0";
"202000017965";"154 710 621";"B01";"0";"7";"0";"0";"1";"13";"0";
"202000017965";"154 710 622";"A01";"3";"7";"5";"0";"8";"0";"0";
"202000017966";"154 710 617";"B01";"2";"14";"0";"2";"3";"15";"1";
"202000017966";"154 710 618";"A01";"1";"2";"0";"2";"1";"1";"1";
"202000017967";"154 710 616";"A01";"2";"7";"3";"0";"1";"1";"1";
"202000017968";"154 710 614";"B01";"2";"7";"0";"2";"1";"1";"0";
"202000017968";"154 710 615";"A01";"2";"7";"3";"0";"6";"11";"1";
"202000017969";"154 710 613";"A01";"2";"7";"4";"0";"1";"1";"1";
"202000017970";"154 710 612";"A01";"1";"7";"0";"1";"7";"1";"1";
"202000017971";"154 710 611";"A01";"1";"7";"13";"0";"1";"1";"1";
"202000017972";"154 710 610";"A01";"1";"7";"0";"0";"9";"1";"0";
"202000017973";"154 710 609";"A01";"1";"7";"6";"0";"2";"1";"1";
"202000017974";"154 710 607";"C01";"3";"7";"0";"2";"3";"15";"1";
"202000017974";"154 710 608";"B01";"1";"2";"0";"2";"1";"1";"1";
"202000017975";"154 710 605";"A01";"1";"10";"0";"2";"3";"15";"1";
"202000017975";"154 710 606";"B01";"2";"2";"0";"2";"1";"1";"1";
"202000017976";"154 710 601";"A01";"0";"7";"0";"2";"1";"19";"0";
"202000017976";"154 710 602";"B01";"0";"7";"0";"2";"3";"26";"0";
"202000017977";"154 710 599";"B01";"1";"31";"0";"2";"1";"1";"1";
"202000017977";"154 710 600";"A01";"2";"10";"0";"2";"2";"15";"1";
"202000017978";"154 710 598";"A01";"2";"7";"0";"1";"3";"1";"1";
"202000017979";"154 710 597";"A01";"2";"7";"0";"1";"1";"19";"1";