"Num_Acc";"id_vehicule";"num_veh";"senc";"catv";"obs";"obsm";"choc";"manv";"motor";"occutc"
"202000017980";"154 710 595";"A01";"1";"2";"0";"2";"1";"1";"1";
"202000017980";"154 710 596";"B01";"1";"10";"0";"2";"6";"21";"1";
"202000017981";"154 710 589";"B01";"0";"7";"0";"0";"4";"2";"1";
"202000017981";"154 710 590";"C01";"0";"7";"0";"0";"1";"2";"1";
"202000017981";"154 710 591";"A01";"0";"7";"0";"0";"4";"2";"1";
"202000017982";"154 710 587";"Z01";"1";"7";"0";"2";"1";"2";"1";
"202000017982";"154 710 588";"A01";"1";"33";"0";"2";"4";"2";"1";
"202000017983";"154 710 584";"A01";"2";"10";"0";"2";"4";"2";"1";
"202000017983";"154 710 585";"B01";"2";"10";"0";"2";"1";"2";"1";
"202000017983";"154 710 586";"C01";"2";"10";"0";"2";"1";"2";"1";
"202000017984";"154 710 582";"A01";"1";"17";"0";"2";"2";"12";"1";
"202000017984";"154 710 583";"B01";"1";"7";"0";"2";"8";"1";"1";
"202000017985";"154 710 580";"B01";"1";"7";"4";"2";"5";"11";"1";
"202000017985";"154 710 581";"A01";"1";"15";"0";"2";"3";"12";"1";
"202000017986";"154 710 578";"A01";"1";"7";"0";"2";"8";"11";"1";
"202000017986";"154 710 579";"B01";"1";"31";"0";"2";"7";"12";"6";
"202000017987";"154 710 577";"A01";"2";"7";"0";"0";"9";"1";"1";
"202000017988";"154 710 575";"A01";"2";"33";"0";"2";"1";"3";"1";
"202000017988";"154 710 576";"B01";"2";"7";"0";"2";"2";"1";"1";
"202000017989";"154 710 574";"A01";"1";"7";"4";"0";"9";"2";"1";
"202000017990";"154 710 572";"A01";"2";"7";"0";"2";"1";"2";"1";
"202000017990";"154 710 573";"B01";"2";"7";"0";"2";"4";"2";"1";
"202000017991";"154 710 570";"A01";"1";"7";"0";"2";"1";"2";"1";
"202000017991";"154 710 571";"B01";"1";"7";"0";"2";"4";"2";"1";
"202000017992";"154 710 569";"A01";"2";"7";"5";"0";"1";"26";"1";
"202000017993";"154 710 567";"A01";"1";"7";"0";"2";"1";"1";"1";
"202000017993";"154 710 568";"B01";"1";"7";"0";"2";"4";"2";"1";
"202000017994";"154 710 565";"B01";"1";"7";"0";"2";"4";"1";"1";
"202000017994";"154 710 566";"A01";"1";"15";"0";"2";"1";"1";"1";
"202000017995";"154 710 564";"A01";"2";"7";"4";"0";"2";"1";"1";
"202000017996";"154 710 563";"A01";"1";"7";"4";"0";"2";"0";"1";
"202000017997";"154 710 561";"A01";"1";"7";"0";"2";"1";"26";"1";
"202000017997";"154 710 562";"B01";"1";"7";"0";"2";"4";"2";"1";
"202000017998";"154 710 560";"A01";"2";"7";"4";"0";"1";"2";"1";
"202000017999";"154 710 557";"A01";"2";"7";"0";"2";"8";"11";"1";
"202000017999";"154 710 558";"B01";"2";"34";"0";"2";"7";"3";"1";
"202000017999";"154 710 559";"C01";"2";"10";"0";"2";"5";"1";"1";
"202000018000";"154 710 555";"B01";"1";"33";"0";"2";"1";"2";"1";
"202000018000";"154 710 556";"A01";"1";"7";"0";"2";"7";"12";"1";
"202000018001";"154 710 553";"B01";"2";"33";"0";"2";"7";"3";"1";
"202000018001";"154 710 554";"A01";"2";"7";"0";"2";"8";"11";"1";
"202000018002";"154 710 552";"A01";"1";"17";"4";"0";"1";"2";"1";
"202000018003";"154 710 549";"A01";"2";"7";"0";"2";"4";"2";"1";
"202000018003";"154 710 550";"B01";"2";"7";"0";"2";"4";"2";"1";
"202000018003";"154 710 551";"C01";"2";"7";"0";"2";"1";"2";"1";
"202000018004";"154 710 547";"A01";"1";"7";"0";"2";"3";"13";"1";
"202000018004";"154 710 548";"B01";"2";"7";"0";"2";"3";"1";"1";
"202000018005";"154 710 545";"B01";"1";"7";"0";"2";"1";"1";"0";
"202000018005";"154 710 546";"A01";"2";"7";"0";"2";"1";"13";"1";
"202000018006";"154 710 543";"A01";"3";"7";"0";"1";"2";"15";"1";
"202000018007";"154 710 542";"A01";"2";"40";"0";"1";"2";"2";"3";
"202000018008";"154 710 541";"A01";"1";"7";"0";"1";"1";"1";"1";
"202000018009";"154 710 540";"A01";"2";"32";"0";"1";"1";"17";"1";
"202000018010";"154 710 538";"B01";"1";"1";"0";"2";"2";"18";"5";
"202000018010";"154 710 539";"A01";"1";"7";"0";"2";"6";"18";"1";
"202000018011";"154 710 536";"A01";"2";"7";"0";"2";"1";"13";"1";
"202000018011";"154 710 537";"B01";"1";"7";"0";"2";"1";"1";"1";
"202000018012";"154 710 535";"A01";"2";"7";"0";"1";"3";"15";"1";
"202000018013";"154 710 534";"A01";"1";"31";"0";"0";"0";"26";"1";
"202000018014";"154 710 532";"A01";"3";"7";"0";"2";"6";"9";"1";
"202000018014";"154 710 533";"B01";"3";"2";"0";"2";"0";"1";"1";
"202000018015";"154 710 531";"A01";"2";"7";"0";"1";"1";"15";"1";
"202000018016";"154 710 530";"A01";"1";"33";"0";"0";"8";"26";"1";
"202000018017";"154 710 528";"B01";"3";"7";"0";"2";"3";"1";"1";
"202000018017";"154 710 529";"A01";"3";"7";"0";"2";"2";"16";"1";
"202000018018";"154 710 526";"A01";"2";"7";"0";"2";"1";"2";"1";
"202000018018";"154 710 527";"B01";"2";"7";"0";"2";"4";"2";"1";
"202000018019";"154 710 524";"B01";"1";"7";"0";"2";"4";"2";"1";
"202000018019";"154 710 525";"A01";"1";"7";"0";"2";"1";"2";"1";
"202000018020";"154 710 522";"B01";"3";"2";"0";"2";"1";"26";"1";
"202000018020";"154 710 523";"A01";"3";"7";"0";"2";"3";"1";"1";
"202000018021";"154 710 521";"A01";"1";"7";"0";"0";"1";"26";"1";
"202000018022";"154 710 519";"A01";"2";"7";"0";"2";"0";"0";"1";
"202000018022";"154 710 520";"B01";"1";"33";"0";"2";"1";"1";"1";
"202000018023";"154 710 517";"A01";"3";"7";"0";"2";"2";"1";"2";
"202000018023";"154 710 518";"B01";"3";"60";"0";"2";"3";"1";"5";
"202000018024";"154 710 516";"A01";"2";"7";"0";"1";"3";"11";"1";
"202000018025";"154 710 514";"B01";"2";"31";"0";"2";"1";"1";"1";
"202000018025";"154 710 515";"A01";"1";"7";"0";"2";"3";"15";"1";
"202000018026";"154 710 512";"A01";"1";"7";"0";"2";"1";"1";"1";
"202000018026";"154 710 513";"B01";"1";"33";"0";"2";"1";"1";"1";
"202000018027";"154 710 510";"B01";"3";"36";"0";"2";"1";"0";"1";
"202000018027";"154 710 511";"A01";"3";"7";"0";"2";"8";"0";"1";
"202000018028";"154 710 509";"A01";"0";"7";"1";"0";"2";"14";"1";
"202000018029";"154 710 508";"A01";"0";"7";"0";"0";"1";"26";"1";
"202000018030";"154 710 505";"D01";"1";"7";"0";"2";"6";"1";"1";
"202000018030";"154 710 506";"F01";"1";"7";"0";"2";"4";"1";"1";
"202000018030";"154 710 507";"A01";"1";"7";"1";"2";"2";"13";"1";
"202000018031";"154 710 503";"B01";"2";"2";"0";"2";"0";"1";"1";
"202000018031";"154 710 504";"A01";"1";"7";"0";"2";"0";"9";"1";
"202000018032";"154 710 501";"B01";"2";"1";"0";"2";"1";"26";"5";
"202000018032";"154 710 502";"A01";"3";"7";"0";"2";"1";"1";"1";
"202000018033";"154 710 500";"A01";"1";"33";"0";"0";"7";"1";"1";
"202000018034";"154 710 498";"A01";"2";"30";"0";"2";"7";"19";"1";
"202000018034";"154 710 499";"B01";"2";"30";"0";"2";"8";"1";"1";
"202000018035";"154 710 497";"A01";"1";"30";"0";"0";"0";"26";"1";
"202000018036";"154 710 494";"A01";"1";"7";"0";"2";"8";"17";"1";
"202000018036";"154 710 495";"B01";"1";"7";"0";"2";"6";"1";"1";
"202000018036";"154 710 496";"C01";"2";"7";"1";"2";"3";"21";"1";
"202000018037";"154 710 493";"A01";"1";"7";"0";"1";"1";"26";"1";
"202000018038";"154 710 492";"Z01";"2";"7";"0";"1";"1";"1";"1";
"202000018039";"154 710 491";"A01";"1";"7";"0";"1";"3";"1";"1";
"202000018040";"154 710 490";"A01";"1";"7";"0";"1";"2";"1";"1";
"202000018041";"154 710 489";"A01";"1";"2";"0";"0";"1";"1";"1";
"202000018042";"154 710 487";"A01";"1";"2";"6";"2";"2";"17";"1";
"202000018042";"154 710 488";"B01";"1";"7";"0";"2";"3";"15";"1";
"202000018043";"154 710 485";"B01";"0";"1";"0";"0";"1";"1";"5";
"202000018043";"154 710 486";"A01";"0";"16";"0";"2";"2";"15";"1";
"202000018044";"154 710 483";"A01";"1";"1";"0";"2";"0";"1";"5";
"202000018044";"154 710 484";"B01";"1";"15";"0";"2";"5";"1";"1";
"202000018045";"154 710 481";"B01";"1";"7";"0";"2";"3";"1";"1";
"202000018045";"154 710 482";"A01";"2";"7";"0";"2";"1";"13";"1";
"202000018046";"154 710 479";"B01";"2";"2";"0";"2";"1";"1";"1";
"202000018046";"154 710 480";"A01";"1";"7";"0";"2";"3";"23";"1";
"202000018047";"154 710 476";"C01";"3";"7";"0";"2";"8";"1";"1";
"202000018047";"154 710 477";"B01";"3";"7";"0";"2";"6";"1";"1";
"202000018047";"154 710 478";"A01";"3";"7";"0";"2";"1";"17";"1";
"202000018048";"154 710 474";"B01";"1";"7";"0";"2";"4";"2";"1";
"202000018048";"154 710 475";"A01";"1";"7";"0";"2";"1";"2";"1";
"202000018049";"154 710 472";"B01";"1";"10";"0";"2";"3";"24";"1";
"202000018049";"154 710 473";"A01";"1";"10";"0";"2";"1";"14";"1";
"202000018050";"154 710 470";"A01";"1";"7";"0";"2";"1";"2";"1";
"202000018050";"154 710 471";"B01";"1";"7";"0";"2";"5";"9";"1";
"202000018051";"154 710 469";"A01";"1";"7";"0";"1";"1";"1";"1";
"202000018052";"154 710 468";"A01";"0";"7";"1";" -1";"2";"1";"1";
"202000018053";"154 710 467";"A01";"1";"7";"0";"1";"2";"1";"1";
"202000018054";"154 710 466";"A01";"0";"7";"0";"1";"1";"1";"1";
"202000018055";"154 710 464";"A01";"0";"7";"0";"2";"2";"24";"1";
"202000018055";"154 710 465";"B01";"0";"1";"0";"2";"1";"25";"5";
"202000018056";"154 710 461";"C01";"2";"10";"0";"2";"4";"1";"1";
"202000018056";"154 710 462";"B01";"2";"7";"0";"2";"5";"1";"1";
"202000018056";"154 710 463";"A01";"2";"7";"0";"2";"3";"26";"0";
"202000018057";"154 710 459";"A01";"0";"31";"0";"2";"1";"17";"1";
"202000018057";"154 710 460";"B01";"0";"10";"0";"2";"6";"20";"0";
"202000018058";"154 710 458";"A01";"3";"7";"6";"0";"1";"9";"1";
"202000018059";"154 710 457";"A01";"0";"7";"0";"1";"1";"1";"1";
"202000018060";"154 710 454";"A01";"2";"10";"0";"2";"1";"2";"1";
"202000018060";"154 710 455";"B01";"2";"10";"0";"2";"9";"2";"1";
"202000018060";"154 710 456";"C01";"2";"10";"0";"2";"4";"2";"1";
"202000018061";"154 710 452";"A01";"1";"7";"0";"2";"1";"13";"1";
"202000018061";"154 710 453";"B01";"2";"7";"0";"2";"3";"1";"1";
"202000018062";"154 710 451";"A01";"3";"7";"2";"0";"1";"1";"1";
"202000018063";"154 710 450";"A01";"1";"7";"0";"1";"1";"1";"3";
"202000018064";"154 710 449";"A01";"1";"7";"0";"1";"1";"1";"1";
"202000018065";"154 710 448";"A01";"3";"7";"0";"1";"2";"1";"1";
"202000018066";"154 710 447";"A01";"2";"7";"16";"0";"1";"13";"1";
"202000018067";"154 710 445";"B01";"1";"7";"0";"2";"7";"1";"1";
"202000018067";"154 710 446";"A01";"3";"7";"0";"2";"3";"9";"1";
"202000018068";"154 710 443";"A01";"3";"7";"0";"2";"3";"10";"1";
"202000018068";"154 710 444";"B01";"3";"7";"0";"2";"0";"0";"1";
"202000018069";"154 710 442";"A01";"2";"7";"0";"1";"1";"1";"0";
"202000018070";"154 710 441";"A01";"3";"7";"13";"0";"7";"1";"1";
"202000018071";"154 710 437";"D01";"3";"7";"0";"2";"1";"1";"1";
"202000018071";"154 710 438";"B01";"3";"7";"1";"2";"8";"26";"1";
"202000018071";"154 710 439";"C01";"3";"10";"1";"2";"6";"26";"1";
"202000018071";"154 710 440";"A01";"2";"33";"1";"0";"1";"14";"1";
"202000018072";"154 710 435";"A01";"3";"7";"0";"2";"3";"15";"0";
"202000018072";"154 710 436";"B01";"1";"2";"0";"2";"1";"1";"0";
"202000018073";"154 710 433";"A01";"3";"7";"0";"2";"8";"9";"1";
"202000018073";"154 710 434";"B01";"2";"1";"0";"2";"1";"19";"5";
"202000018074";"154 710 431";"A01";"1";"10";"0";"2";"1";"15";"1";
"202000018074";"154 710 432";"B01";"2";"7";"0";"2";"1";"1";"1";
"202000018075";"154 710 429";"Z01";"2";"7";"0";"2";"0";"1";"0";
"202000018075";"154 710 430";"A01";"2";"31";"0";"2";"8";"11";"1";
"202000018076";"154 710 427";"B01";"1";"7";"0";"2";"6";"2";"1";
"202000018076";"154 710 428";"A01";"1";"10";"0";"2";"2";"2";"1";
"202000018077";"154 710 425";"A01";"2";"32";"0";"2";"3";"3";"1";
"202000018077";"154 710 426";"B01";"2";"7";"0";"2";"5";"1";"1";
"202000018078";"154 710 423";"B01";"3";"50";"0";"2";"7";"19";"3";
"202000018078";"154 710 424";"A01";"3";"7";"0";"2";"1";"1";"1";
"202000018079";"154 710 421";"B01";"2";"33";"0";"2";"7";"1";"1";
"202000018079";"154 710 422";"A01";"1";"7";"0";"2";"3";"15";"1";
"202000018080";"154 710 420";"A01";"3";"30";"0";"0";"0";"1";"1";
"202000018081";"154 710 419";"A01";"1";"80";"0";"0";"0";"16";"3";
"202000018082";"154 710 418";"A01";"1";"30";"12";"0";"0";"14";"1";
"202000018083";"154 710 416";"B01";"1";"7";"0";"2";"2";"1";"1";
"202000018083";"154 710 417";"A01";"2";"1";"0";"2";"1";"1";"5";
"202000018084";"154 710 415";"A01";"1";"7";"0";"1";"1";"16";"1";
"202000018085";"154 710 413";"B01";"1";"7";"0";"2";"3";"9";"1";
"202000018085";"154 710 414";"A01";"2";"34";"0";"2";"1";"17";"1";
"202000018086";"154 710 411";"B01";"1";"34";"0";"2";"1";"1";"1";
"202000018086";"154 710 412";"A01";"1";"7";"0";"2";"1";"15";"1";
"202000018087";"154 710 408";"C01";"2";"7";"0";"2";"4";"23";"1";
"202000018087";"154 710 409";"B01";"2";"7";"0";"2";"4";"23";"1";
"202000018087";"154 710 410";"A01";"2";"7";"0";"2";"1";"1";"1";
"202000018088";"154 710 406";"B01";"1";"1";"0";"2";"7";"2";"5";
"202000018088";"154 710 407";"A01";"2";"7";"0";"9";"1";"16";"1";
"202000018089";"154 710 404";"B01";"1";"7";"0";"2";"7";"1";"1";
"202000018089";"154 710 405";"A01";"1";"7";"0";"2";"1";"1";"1";
"202000018090";"154 710 402";"A01";"2";"7";"0";"2";"3";"1";"5";
"202000018090";"154 710 403";"B01";"2";"7";"0";"0";"5";"15";"5";
"202000018091";"154 710 397";"A01";"1";"7";"0";"2";"4";"1";"1";
"202000018091";"154 710 398";"B01";"1";"7";"0";"2";"1";"1";"1";
"202000018092";"154 710 396";"A01";"3";"7";"6";"0";"1";"2";"1";
"202000018093";"154 710 394";"A01";"2";"2";"0";"0";"1";"26";"1";
"202000018093";"154 710 395";"B01";"1";"7";"0";"2";"8";"9";"1";
"202000018094";"154 710 392";"A01";"1";"7";"0";"2";"7";"15";"1";
"202000018094";"154 710 393";"B01";"2";"31";"0";"2";"1";"1";"1";
"202000018095";"154 710 391";"A01";"3";"10";"0";"1";"6";"20";"1";
"202000018096";"154 710 390";"A01";"1";"7";"0";"1";"1";"16";"1";
"202000018097";"154 710 388";"A01";"2";"10";"1";"0";"0";"22";"1";
"202000018097";"154 710 389";"B01";"2";"1";"1";"2";"8";"21";"5";
"202000018098";"154 710 386";"A01";"2";"7";"0";"0";"3";"17";"1";
"202000018098";"154 710 387";"B01";"1";"10";"0";"0";"3";"1";"1";
"202000018099";"154 710 385";"A01";"2";"14";"0";"1";"2";"16";"1";
"202000018100";"154 710 383";"A01";"1";"7";"0";"2";"2";"15";"0";
"202000018100";"154 710 384";"B01";"2";"33";"0";"2";"1";"1";"1";
"202000018101";"154 710 381";"A01";"1";"7";"0";"2";"3";"1";"1";
"202000018101";"154 710 382";"B01";"2";"1";"0";"2";"1";"1";"5";
"202000018102";"154 710 379";"A01";"1";"2";"0";"0";"9";"2";"1";
"202000018102";"154 710 380";"B01";"1";"7";"0";"2";"0";"17";"0";
"202000018103";"154 710 378";"A01";"2";"7";"16";"0";"9";"1";"1";
"202000018104";"154 710 376";"B01";"1";"7";"0";"2";"3";"1";"1";
"202000018104";"154 710 377";"A01";"2";"80";"0";"2";"8";"13";"3";
"202000018105";"154 710 375";"A01";"2";"7";"2";"0";"2";"14";"1";
"202000018106";"154 710 372";"C01";"2";"7";"0";"2";"3";"1";"1";
"202000018106";"154 710 373";"B01";"1";"17";"0";"2";"3";"1";"1";
"202000018106";"154 710 374";"A01";"1";"7";"0";"2";"1";"1";"2";
"202000018107";"154 710 370";"A01";"3";"7";"0";"2";"2";"13";"1";
"202000018107";"154 710 371";"B01";"3";"30";"0";"2";"1";"13";"1";
"202000018108";"154 710 369";"A01";"3";"7";"8";"0";"2";"1";"1";
"202000018109";"154 710 368";"A01";"1";"7";"0";"1";"3";"1";"1";
"202000018110";"154 710 367";"A01";"3";"7";"0";"1";"4";"4";"0";
"202000018111";"154 710 366";"A01";"1";"7";"0";"0";"0";"1";"1";
"202000018112";"154 710 364";"B01";"1";"15";"0";"2";"3";"1";"1";
"202000018112";"154 710 365";"A01";"1";"7";"0";"2";"7";"19";"1";
"202000018113";"154 710 362";"B01";"2";"7";"0";"2";"8";"15";"1";
"202000018113";"154 710 363";"A01";"2";"33";"0";"2";"2";"17";"1";
"202000018114";"154 710 361";"A01";"3";"7";"0";"1";"3";"1";"1";
"202000018115";"154 710 359";"B01";"1";"7";"0";"0";"8";"19";"1";
"202000018115";"154 710 360";"A01";"1";"15";"0";"2";"1";"1";"1";
"202000018116";"154 710 358";"A01";"2";"7";"0";"1";"3";"1";"1";
"202000018117";"154 710 357";"A01";"2";"32";"0";"0";"1";"1";"0";
"202000018118";"154 710 355";"B01";"0";"7";"0";"2";"1";"17";"1";
"202000018118";"154 710 356";"A01";"3";"7";"0";"2";"1";"1";"1";
"202000018119";"154 710 353";"A01";"1";"33";"0";"0";"0";"1";"0";
"202000018120";"154 710 351";"A01";"1";"7";"0";"2";"1";"1";"0";
"202000018120";"154 710 352";"B01";"2";"7";"0";"2";"2";"15";"0";
"202000018121";"154 710 350";"A01";"3";"7";"2";"0";"1";"1";"1";
"202000018122";"154 710 348";"A01";"3";"33";"0";"2";"7";"1";"1";
"202000018122";"154 710 349";"B01";"3";"7";"0";"2";"7";"19";"1";
"202000018123";"154 710 347";"A01";"3";"7";"0";"1";"2";"1";"1";
"202000018124";"154 710 345";"A01";"2";"7";"0";"2";"4";"1";"1";
"202000018124";"154 710 346";"B01";"2";"10";"0";"2";"1";"2";"1";
"202000018125";"154 710 341";"A01";"1";"7";"0";"2";"6";"18";"0";
"202000018125";"154 710 342";"D01";"1";"7";"4";"2";"7";"2";"3";
"202000018125";"154 710 343";"C01";"1";"10";"0";"2";"7";"2";"0";
"202000018125";"154 710 344";"B01";"1";"14";"0";"2";"2";"12";"0";
"202000018126";"154 710 339";"B01";"2";"10";"0";"2";"4";"2";"1";
"202000018126";"154 710 340";"A01";"2";"10";"0";"2";"1";"1";"1";
"202000018127";"154 710 338";"A01";"1";"7";"3";"0";"1";"14";"1";
"202000018128";"154 710 337";"A01";"1";"33";"0";"0";"7";"1";"1";
"202000018129";"154 710 336";"A01";"1";"7";"4";"0";"1";"1";"1";
"202000018130";"154 710 335";"A01";"1";"1";"0";"1";"1";"1";"5";
"202000018131";"154 710 334";"Z01";"1";"33";"0";"1";"7";"1";"6";
"202000018132";"154 710 333";"A01";"3";"3";"0";"1";"8";"26";"6";
"202000018133";"154 710 330";"B01";"3";"7";"12";"2";"8";"1";"1";
"202000018133";"154 710 331";"A01";"3";"7";"0";"2";"1";"17";"1";
"202000018133";"154 710 332";"C01";"3";"7";"0";"2";"1";"1";"1";
"202000018134";"154 710 328";"B01";"1";"7";"0";"2";"1";"2";"1";
"202000018134";"154 710 329";"A01";"1";"7";"0";"2";"4";"0";"1";
"202000018135";"154 710 326";"A01";"1";"7";"0";"2";"1";"10";"0";
"202000018135";"154 710 327";"B01";"2";"33";"0";"2";"8";"1";"1";
"202000018136";"154 710 325";"A01";"1";"7";"7";"0";"2";"26";"1";
"202000018137";"154 710 322";"A01";"2";"7";"2";"0";"2";"13";"1";
"202000018138";"154 710 321";"A01";"3";"7";"0";"1";"1";"1";"1";
"202000018139";"154 710 320";"A01";"0";"99";"0";"1";"3";"19";"1";
"202000018140";"154 710 317";"A01";"1";"10";"0";"2";"1";"1";"1";
"202000018140";"154 710 318";"B01";"1";"10";"0";"2";"4";"23";"1";
"202000018140";"154 710 319";"C01";"1";"10";"0";"2";"4";"23";"1";
"202000018141";"154 710 315";"A01";"1";"7";"0";"2";"2";"9";"1";
"202000018141";"154 710 316";"B01";"2";"7";"0";"2";"1";"1";"1";
"202000018142";"154 710 313";"B01";"2";"7";"0";"2";"1";"9";"1";
"202000018142";"154 710 314";"A01";"2";"1";"0";"2";"1";"1";"5";
"202000018143";"154 710 312";"A01";"2";"7";"0";"1";"2";"26";"1";
"202000018144";"154 710 310";"A01";"3";"7";"0";"2";"2";"15";"1";
"202000018144";"154 710 311";"B01";"3";"32";"0";"2";"1";"1";"1";
"202000018145";"154 710 309";"A01";"2";"30";"0";"0";"0";"1";"1";
"202000018146";"154 710 308";"A01";"1";"30";"12";"0";"1";"1";"1";
"202000018147";"154 710 307";"A01";"2";"7";"9";"9";"9";"2";"1";
"202000018148";"154 710 305";"B01";"1";"1";"6";"0";"4";"1";"0";
"202000018148";"154 710 306";"A01";"1";"30";"6";"9";"1";"2";"1";
"202000018149";"154 710 303";"B01";"1";"50";"0";"2";"1";"1";"3";
"202000018149";"154 710 304";"A01";"1";"7";"0";"2";"3";"22";"2";
"202000018150";"154 710 301";"B01";"1";"7";"0";"2";"6";"1";"1";
"202000018150";"154 710 302";"A01";"1";"7";"0";"2";"1";"1";"1";
"202000018151";"154 710 299";"B01";"2";"7";"0";"2";"2";"9";"1";
"202000018151";"154 710 300";"A01";"1";"33";"0";"2";"1";"17";"1";
"202000018152";"154 710 298";"A01";"1";"30";"0";"0";"0";"17";"1";
"202000018153";"154 710 296";"B01";"1";"7";"0";"2";"5";"23";"1";
"202000018153";"154 710 297";"A01";"1";"32";"0";"2";"8";"18";"1";
"202000018154";"154 710 294";"A01";"2";"7";"0";"2";"5";"1";"1";
"202000018154";"154 710 295";"B01";"1";"10";"0";"2";"1";"1";"1";
"202000018155";"154 710 293";"A01";"2";"99";"0";"1";"7";"1";"1";
"202000018156";"154 710 291";"B01";"0";"7";"2";"0";"6";"4";"0";
"202000018156";"154 710 292";"A01";"0";"7";"0";"2";"7";"26";"0";
"202000018157";"154 710 289";"A01";"1";"7";"0";"2";"7";"10";"1";
"202000018157";"154 710 290";"B01";"2";"33";"0";"2";"1";"1";"1";
"202000018158";"154 710 288";"A01";"2";"30";"0";"0";"0";"2";"1";
"202000018159";"154 710 287";"A01";"1";"33";"12";"0";"7";"17";"1";
"202000018160";"154 710 286";"A01";"2";"7";"0";"1";"1";"1";"1";
"202000018161";"154 710 285";"A01";"1";"7";"7";"0";"3";"1";"1";
"202000018162";"154 710 284";"A01";"1";"7";"13";"0";"2";"1";"1";
"202000018163";"154 710 282";"A01";"1";"33";"0";"2";"4";"2";"1";
"202000018163";"154 710 283";"B01";"1";"33";"0";"2";"1";"1";"1";
"202000018164";"154 710 281";"A01";"1";"7";"13";"0";"2";"14";"1";
"202000018165";"154 710 280";"A01";"2";"7";"13";"0";"1";"13";"1";
"202000018166";"154 710 278";"B01";"1";"7";"0";"2";"3";"16";"1";
"202000018166";"154 710 279";"A01";"2";"2";"0";"2";"8";"13";"1";
"202000018167";"154 710 275";"A01";"1";"7";"0";"2";"2";"15";"1";
"202000018167";"154 710 276";"B01";"2";"7";"0";"2";"1";"1";"1";
"202000018167";"154 710 277";"C01";"2";"7";"0";"2";"8";"23";"1";
"202000018168";"154 710 273";"B01";"2";"7";"0";"2";"1";"1";"1";
"202000018168";"154 710 274";"A01";"1";"2";"0";"2";"0";"13";"3";
"202000018169";"154 710 271";"A01";"2";"7";"0";"2";"3";"9";"2";
"202000018169";"154 710 272";"B01";"2";"7";"0";"0";"2";"1";"1";
"202000018170";"154 710 270";"A01";"1";"31";"8";"0";"1";"1";"1";
"202000018171";"154 710 269";"A01";"2";"7";"3";"0";"9";"1";"1";
"202000018172";"154 710 268";"A01";"1";"7";"2";"0";"1";"1";"1";
"202000018173";"154 710 266";"B01";"1";"15";"0";"2";"3";"1";"1";
"202000018173";"154 710 267";"A01";"2";"7";"0";"2";"8";"13";"1";
"202000018174";"154 710 264";"B01";"2";"2";"0";"2";"1";"1";"1";
"202000018174";"154 710 265";"A01";"2";"7";"0";"2";"3";"10";"1";
"202000018175";"154 710 262";"A01";"1";"7";"0";"2";"4";"20";"1";
"202000018175";"154 710 263";"B01";"1";"30";"0";"2";"1";"1";"1";
"202000018176";"154 710 261";"A01";"1";"3";"0";"1";"2";"1";"1";
"202000018177";"154 710 260";"A01";"1";"7";"2";"0";"1";"1";"1";
"202000018178";"154 710 258";"B01";"2";"7";"0";"2";"3";"1";"1";
"202000018178";"154 710 259";"A01";"2";"7";"0";"2";"3";"13";"1";
"202000018179";"154 710 257";"A01";"3";"7";"6";"0";"3";"13";"1";
"202000018180";"154 710 255";"A01";"1";"17";"0";"0";"7";"13";"1";
"202000018180";"154 710 256";"B01";"1";"1";"0";"0";"8";"2";"5";
"202000018181";"154 710 253";"A01";"3";"2";"0";"0";"1";"1";"1";
"202000018181";"154 710 254";"B01";"3";"7";"0";"2";"2";"15";"1";
"202000018182";"154 710 250";"A01";"1";"7";"0";"0";"4";"1";"0";
"202000018182";"154 710 251";"B01";"1";"17";"0";"2";"1";"2";"1";
"202000018182";"154 710 252";"C01";"1";"14";"0";"2";"1";"2";"1";
"202000018183";"154 710 249";"A01";"3";"10";"2";"0";"9";"1";"1";
"202000018184";"154 710 247";"B01";"2";"1";"3";"0";"0";"2";"5";
"202000018184";"154 710 248";"A01";"2";"7";"0";"0";"0";"2";"1";
"202000018185";"154 710 244";"A01";"1";"30";"0";"2";"2";"26";"1";
"202000018185";"154 710 245";"B01";"1";"13";"0";"2";"3";"1";"1";
"202000018185";"154 710 246";"C01";"1";"7";"0";"2";"1";"1";"1";
"202000018186";"154 710 242";"B01";"0";"7";"0";"2";"2";"26";"1";
"202000018186";"154 710 243";"A01";"3";"32";"1";"0";"1";"0";"1";
"202000018187";"154 710 240";"B01";"3";"2";"0";"2";"3";"1";"1";
"202000018187";"154 710 241";"A01";"0";"7";"0";"2";"1";"13";"1";
"202000018188";"154 710 239";"A01";"1";"7";"13";"0";"3";"1";"1";
"202000018189";"154 710 237";"A01";"1";"7";"0";"2";"3";"1";"1";
"202000018189";"154 710 238";"B01";"2";"7";"0";"2";"3";"13";"1";
"202000018190";"154 710 236";"A01";"0";"7";"1";"0";"3";"1";"0";
"202000018191";"154 710 235";"A01";"1";"33";"0";"0";"0";"0";"1";
"202000018192";"154 710 233";"B01";"2";"32";"0";"2";"1";"1";"1";
"202000018192";"154 710 234";"A01";"2";"7";"0";"2";"7";"15";"1";
"202000018193";"154 710 232";"A01";"2";"1";"0";"0";"9";"1";"5";
"202000018194";"154 710 231";"A01";"2";"80";"0";"0";"1";"0";"3";