"Num_Acc";"id_vehicule";"num_veh";"senc";"catv";"obs";"obsm";"choc";"manv";"motor";"occutc"
"202000018195";"154 710 229";"A01";"1";"7";"0";"0";"1";"1";"1";
"202000018195";"154 710 230";"B01";"1";"1";"0";"0";"7";"19";"5";
"202000018196";"154 710 227";"A01";"0";"10";"0";"0";"5";"4";"0";
"202000018196";"154 710 228";"B01";"0";"1";"0";"2";"1";"1";"0";
"202000018197";"154 710 225";"A01";"3";"7";"0";"2";"7";"19";"1";
"202000018197";"154 710 226";"B01";"0";"7";"0";"2";"1";"2";"1";
"202000018198";"154 710 223";"B01";"2";"7";"0";"2";"1";"2";"1";
"202000018198";"154 710 224";"A01";"2";"7";"0";"2";"5";"12";"1";
"202000018199";"154 710 222";"A01";"2";"7";"3";"0";"0";"14";"1";
"202000018200";"154 710 221";"A01";"1";"33";"4";"0";"3";"1";"1";
"202000018201";"154 710 220";"A01";"2";"7";"4";"9";"5";"1";"1";
"202000018202";"154 710 219";"A01";"2";"30";"4";"0";"0";"26";"1";
"202000018203";"154 710 217";"Z01";"1";"7";"0";"2";"1";"14";"0";
"202000018203";"154 710 218";"A01";"1";"7";"0";"2";"4";"1";"1";
"202000018204";"154 710 214";"C01";"1";"7";"0";"2";"1";"1";"1";
"202000018204";"154 710 215";"B01";"1";"7";"0";"2";"4";"21";"1";
"202000018204";"154 710 216";"A01";"1";"7";"3";"0";"1";"12";"1";
"202000018205";"154 710 212";"B01";"1";"7";"0";"2";"8";"2";"1";
"202000018205";"154 710 213";"A01";"1";"2";"0";"2";"7";"3";"1";
"202000018206";"154 710 210";"A01";"2";"7";"0";"2";"2";"14";"1";
"202000018206";"154 710 211";"B01";"2";"7";"0";"2";"6";"23";"1";
"202000018207";"154 710 209";"Z01";"3";"7";"16";"1";"1";"9";"0";
"202000018208";"154 710 207";"B01";"1";"2";"0";"2";"4";"2";"1";
"202000018208";"154 710 208";"A01";"2";"7";"0";"2";"1";"2";"1";
"202000018209";"154 710 205";"A01";"1";"7";"16";"0";"0";"0";"1";
"202000018209";"154 710 206";"B01";"1";"10";"16";"0";"0";"0";"1";
"202000018210";"154 710 201";"A01";"1";"10";"0";"2";"1";"2";"1";
"202000018210";"154 710 202";"B01";"1";"7";"0";"2";"9";"2";"1";
"202000018210";"154 710 203";"C01";"1";"7";"0";"2";"0";"0";"0";
"202000018210";"154 710 204";"D01";"1";"10";"0";"2";"0";"2";"1";
"202000018211";"154 710 199";"A01";"2";"7";"0";"2";"1";"0";"0";
"202000018211";"154 710 200";"B01";"2";"1";"0";"2";"2";"1";"5";
"202000018212";"154 710 197";"B01";"2";"7";"0";"2";"4";"23";"1";
"202000018212";"154 710 198";"A01";"2";"7";"0";"2";"1";"9";"1";
"202000018213";"154 710 195";"B01";"1";"7";"0";"2";"1";"1";"1";
"202000018213";"154 710 196";"A01";"1";"7";"0";"2";"2";"1";"1";
"202000018214";"154 710 193";"A01";"2";"14";"0";"2";"2";"5";"1";
"202000018214";"154 710 194";"B01";"1";"7";"0";"2";"2";"21";"1";
"202000018215";"154 710 191";"A01";"3";"7";"0";"2";"1";"16";"1";
"202000018215";"154 710 192";"Y01";"0";"1";"0";"2";"7";"1";"0";
"202000018216";"154 710 189";"A01";"1";"7";"0";"2";"5";"15";"3";
"202000018216";"154 710 190";"B01";"2";"33";"0";"2";"2";"1";"1";
"202000018217";"154 710 186";"A01";"1";"10";"0";"0";"1";"13";"0";
"202000018218";"154 710 184";"A01";"1";"7";"0";"2";"3";"9";"1";
"202000018218";"154 710 185";"B01";"1";"17";"0";"0";"0";"0";"1";
"202000018219";"154 710 182";"A01";"2";"7";"0";"2";"1";"15";"1";
"202000018219";"154 710 183";"B01";"1";"7";"0";"2";"1";"1";"1";
"202000018220";"154 710 180";"B01";"3";"7";"0";"2";"3";"1";"1";
"202000018220";"154 710 181";"A01";"1";"30";"0";"2";"3";"19";"0";
"202000018221";"154 710 178";"B01";"3";"7";"0";"2";"8";"1";"0";
"202000018221";"154 710 179";"A01";"3";"7";"0";"2";"1";"1";"0";
"202000018222";"154 710 177";"A01";"1";"7";"0";"0";"0";"0";"0";
"202000018223";"154 710 176";"A01";"1";"7";"0";"1";"1";"1";"1";
"202000018224";"154 710 174";"A01";"2";"7";"0";"1";"7";"1";"1";
"202000018225";"154 710 173";"A01";"1";"50";"0";"0";"0";"15";"3";
"202000018226";"154 710 172";"A01";"2";"7";"3";"0";"1";"1";"1";
"202000018227";"154 710 170";"Z01";"0";"7";"0";"2";"1";"1";"1";
"202000018227";"154 710 171";"A01";"0";"7";"0";"2";"4";"1";"1";
"202000018228";"154 710 168";"A01";"1";"7";"0";"2";"8";"11";"1";
"202000018228";"154 710 169";"B01";"1";"7";"0";"2";"1";"17";"1";
"202000018229";"154 710 166";"A01";"2";"31";"0";"2";"1";"2";"1";
"202000018229";"154 710 167";"B01";"2";"7";"0";"2";"4";"2";"1";
"202000018230";"154 710 165";"A01";"3";"7";"15";"0";"1";"1";"1";
"202000018231";"154 710 164";"A01";"1";"7";"0";"1";"4";"26";"1";
"202000018232";"154 710 161";"A01";"2";"7";"1";"0";"1";"0";"0";
"202000018232";"154 710 162";"B01";"0";"10";"1";"0";"1";"23";"0";
"202000018232";"154 710 163";"C01";"0";"7";"0";"0";"1";"23";"0";
"202000018233";"154 710 160";"A01";"3";"10";"0";"1";"1";"0";"0";
"202000018234";"154 710 159";"A01";"3";"7";"0";"1";"1";"1";"1";
"202000018235";"154 710 157";"B01";"1";"10";"0";"2";"8";"9";"1";
"202000018235";"154 710 158";"A01";"1";"33";"0";"2";"1";"1";"1";
"202000018236";"154 710 155";"Z01";"2";"7";"0";"2";"5";"12";"0";
"202000018236";"154 710 156";"A01";"2";"30";"0";"2";"3";"1";"1";
"202000018237";"154 710 153";"A01";"2";"7";"0";"2";"6";"11";"1";
"202000018237";"154 710 154";"B01";"2";"15";"0";"2";"2";"1";"1";
"202000018238";"154 710 150";"C01";"2";"43";"0";"2";"1";"3";"1";
"202000018238";"154 710 151";"B01";"2";"10";"0";"2";"5";"1";"1";
"202000018238";"154 710 152";"A01";"2";"32";"0";"2";"3";"13";"1";
"202000018239";"154 710 148";"B01";"3";"33";"0";"2";"1";"1";"1";
"202000018239";"154 710 149";"A01";"3";"80";"0";"2";"8";"13";"3";
"202000018240";"154 710 146";"A01";"2";"30";"0";"2";"8";"13";"1";
"202000018240";"154 710 147";"B01";"1";"1";"0";"2";"8";"1";"5";
"202000018241";"154 710 144";"A01";"1";"32";"0";"2";"2";"15";"1";
"202000018241";"154 710 145";"B01";"1";"7";"0";"2";"1";"1";"1";
"202000018242";"154 710 142";"A01";"1";"1";"0";"2";"0";"1";"5";
"202000018242";"154 710 143";"Z01";"2";"50";"0";"2";"1";"13";"3";
"202000018243";"154 710 140";"B01";"1";"10";"0";"2";"7";"1";"1";
"202000018243";"154 710 141";"A01";"1";"7";"0";"2";"1";"1";"4";
"202000018244";"154 710 139";"A01";"2";"7";"0";"1";"2";"1";"1";
"202000018245";"154 710 138";"A01";"1";"7";"0";"1";"1";"1";"1";
"202000018246";"154 710 136";"B01";"1";"2";"0";"2";"1";"13";"0";
"202000018246";"154 710 137";"A01";"1";"10";"0";"2";"3";"13";"0";
"202000018247";"154 710 135";"A01";"1";"7";"1";"0";"9";"5";"1";
"202000018248";"154 710 133";"B01";"3";"7";"0";"2";"2";"1";"0";
"202000018248";"154 710 134";"A01";"2";"30";"0";"2";"1";"19";"0";
"202000018249";"154 710 131";"B01";"3";"7";"0";"2";"1";"15";"1";
"202000018249";"154 710 132";"A01";"3";"7";"0";"2";"1";"1";"1";
"202000018250";"154 710 129";"B01";"2";"2";"0";"2";"1";"1";"1";
"202000018250";"154 710 130";"A01";"1";"7";"0";"2";"3";"10";"0";
"202000018251";"154 710 128";"A01";"1";"7";"2";"0";"1";"1";"1";
"202000018252";"154 710 126";"B01";"3";"60";"0";"2";"1";"25";"5";
"202000018252";"154 710 127";"A01";"1";"7";"0";"2";"2";"1";"1";
"202000018253";"154 710 125";"A01";"1";"7";"4";"0";"2";"1";"1";
"202000018254";"154 710 124";"A01";"0";"7";"9";"1";"1";"0";"1";
"202000018255";"154 710 122";"A01";"1";"7";"0";"2";"7";"1";"0";
"202000018255";"154 710 123";"B01";"2";"7";"0";"2";"1";"1";"1";
"202000018256";"154 710 121";"A01";"2";"7";"0";"1";"2";"1";"2";
"202000018257";"154 710 120";"A01";"1";"33";"14";"0";"1";"17";"0";
"202000018258";"154 710 119";"A01";"2";"33";"13";"0";"2";"1";"1";
"202000018259";"154 710 117";"B01";"2";"7";"0";"2";"3";"1";"1";
"202000018259";"154 710 118";"A01";"1";"7";"0";"2";"3";"1";"1";
"202000018260";"154 710 116";"A01";"2";"7";"13";"0";"1";"14";"1";
"202000018261";"154 710 114";"A01";"1";"33";"0";"2";"2";"17";"1";
"202000018261";"154 710 115";"B01";"1";"21";"2";"2";"3";"15";"1";
"202000018262";"154 710 112";"A01";"2";"33";"12";"0";"3";"1";"1";
"202000018263";"154 710 111";"A01";"2";"33";"13";"0";"1";"21";"1";
"202000018264";"154 710 110";"A01";"1";"3";"13";"0";"8";"13";"1";
"202000018265";"154 710 108";"A01";"1";"2";"0";"2";"1";"1";"0";
"202000018265";"154 710 109";"B01";"2";"33";"0";"2";"1";"1";"0";
"202000018266";"154 710 107";"A01";"2";"7";"15";"0";"2";"0";"1";
"202000018267";"154 710 105";"B01";"3";"7";"0";"2";"3";"1";"1";
"202000018267";"154 710 106";"A01";"3";"2";"0";"2";"1";"13";"1";
"202000018268";"154 710 103";"A01";"1";"7";"0";"2";"1";"13";"1";
"202000018268";"154 710 104";"B01";"2";"7";"0";"2";"3";"1";"1";
"202000018269";"154 710 101";"A01";"2";"7";"3";"2";"1";"1";"1";
"202000018269";"154 710 102";"B01";"2";"7";"0";"2";"4";"1";"1";
"202000018270";"154 710 099";"B01";"2";"7";"0";"2";"7";"1";"1";
"202000018270";"154 710 100";"A01";"1";"7";"0";"2";"2";"1";"0";
"202000018271";"154 710 098";"A01";"2";"7";"3";"0";"2";"1";"0";
"202000018272";"154 710 096";"A01";"1";"7";"0";"2";"4";"2";"1";
"202000018272";"154 710 097";"B01";"1";"7";"0";"2";"1";"2";"1";
"202000018273";"154 710 095";"A01";"2";"7";"5";"0";"1";"12";"1";
"202000018274";"154 710 094";"A01";"2";"7";"0";"1";"3";"1";"1";
"202000018275";"154 710 093";"A01";"3";"7";"0";"1";"3";"1";"1";
"202000018276";"154 710 092";"A01";"1";"33";"9";"0";"0";"1";"1";
"202000018277";"154 710 090";"A01";"1";"7";"0";"2";"1";"1";"1";
"202000018277";"154 710 091";"B01";"1";"7";"0";"2";"4";"1";"1";
"202000018278";"154 710 089";"A01";"2";"7";"16";"0";"1";"26";"1";
"202000018279";"154 710 088";"A01";"1";"34";"0";"1";"1";"1";"1";
"202000018280";"154 710 086";"B01";"2";"37";"0";"0";"4";"1";"1";"1"
"202000018280";"154 710 087";"A01";"2";"30";"0";"2";"1";"1";"1";
"202000018281";"154 710 084";"A01";"2";"7";"0";"9";"8";"16";"1";
"202000018281";"154 710 085";"B01";"2";"50";"0";"2";"1";"1";"3";
"202000018282";"154 710 082";"A01";"1";"7";"0";"2";"2";"2";"1";
"202000018282";"154 710 083";"B01";"1";"7";"0";"2";"6";"20";"1";
"202000018283";"154 710 080";"B01";"1";"7";"0";"9";"1";"15";"1";
"202000018283";"154 710 081";"A01";"2";"1";"0";"2";"1";"1";"5";
"202000018284";"154 710 078";"B01";"1";"36";"0";"0";"8";"15";"1";
"202000018284";"154 710 079";"A01";"1";"7";"0";"2";"2";"17";"0";
"202000018285";"154 710 077";"A01";"3";"7";"0";"1";"4";"20";"1";
"202000018286";"154 710 075";"A01";"3";"17";"0";"2";"6";"15";"1";
"202000018286";"154 710 076";"B01";"1";"7";"0";"2";"3";"1";"1";
"202000018287";"154 710 073";"A01";"2";"7";"12";"2";"2";"1";"1";
"202000018287";"154 710 074";"B01";"2";"1";"0";"1";"6";"1";"0";
"202000018288";"154 710 071";"B01";"1";"2";"0";"2";"1";"1";"1";
"202000018288";"154 710 072";"A01";"2";"7";"0";"2";"7";"15";"1";
"202000018289";"154 710 070";"A01";"1";"33";"2";"0";"1";"13";"1";
"202000018290";"154 710 069";"A01";"3";"10";"0";"1";"1";"1";"0";
"202000018291";"154 710 066";"A01";"1";"10";"6";"2";"2";"1";"1";
"202000018291";"154 710 067";"B01";"1";"7";"6";"2";"8";"3";"1";
"202000018291";"154 710 068";"C01";"1";"7";"0";"2";"1";"11";"1";
"202000018292";"154 710 064";"B01";"1";"7";"0";"2";"1";"9";"1";
"202000018292";"154 710 065";"A01";"1";"1";"0";"2";"1";"26";"5";
"202000018293";"154 710 062";"A01";"2";"7";"0";"2";"8";"15";" -1";
"202000018293";"154 710 063";"B01";"2";"33";"0";"2";"1";"17";" -1";
"202000018294";"154 710 060";"A01";"1";"34";"0";"2";"1";"1";"1";
"202000018294";"154 710 061";"B01";"1";"7";"0";"2";"2";"1";"1";
"202000018295";"154 710 059";"A01";"3";"10";"0";"1";"1";"15";"0";
"202000018296";"154 710 058";"A01";"2";"7";"0";"1";"1";"1";"1";
"202000018297";"154 710 056";"B01";"1";"7";"0";"2";"8";"1";"1";
"202000018297";"154 710 057";"A01";"1";"33";"0";"2";"7";"17";"1";
"202000018298";"154 710 055";"A01";"1";"7";"1";"0";"3";"1";"1";
"202000018299";"154 710 053";"B01";"0";"10";"0";"2";"6";"15";"1";
"202000018299";"154 710 054";"A01";"1";"31";"0";"2";"1";"17";"1";
"202000018300";"154 710 051";"A01";"2";"7";"0";"2";"1";"13";"1";
"202000018300";"154 710 052";"B01";"1";"2";"0";"2";"1";"1";"1";
"202000018301";"154 710 049";"A01";"1";"7";"0";"2";"6";"0";"0";
"202000018301";"154 710 050";"B01";"1";"7";"0";"2";"1";"0";"0";
"202000018302";"154 710 048";"A01";"1";"33";"0";"0";"2";"1";"1";
"202000018303";"154 710 047";"A01";"2";"7";"3";"0";"1";"13";"1";
"202000018304";"154 710 045";"A01";"1";"7";"0";"2";"1";"2";"1";
"202000018304";"154 710 046";"B01";"1";"7";"0";"2";"4";"2";"1";
"202000018305";"154 710 044";"A01";"1";"10";"0";"1";"3";"15";"0";
"202000018306";"154 710 043";"A01";"1";"7";"0";"1";"1";"1";"1";
"202000018307";"154 710 041";"B01";"0";"10";"0";"9";"8";"2";"1";
"202000018307";"154 710 042";"A01";"1";"1";"0";"2";"1";"1";"5";
"202000018308";"154 710 039";"B01";"1";"7";"0";"2";"3";"1";"1";
"202000018308";"154 710 040";"A01";"2";"7";"0";"2";"6";"1";"1";
"202000018309";"154 710 038";"A01";"2";"7";"2";"0";"8";"1";"1";
"202000018310";"154 710 036";"A01";"2";"33";"0";"2";"0";"3";"1";
"202000018310";"154 710 037";"B01";"2";"7";"0";"0";"4";"2";"1";
"202000018311";"154 710 034";"A01";"0";"7";"2";"0";"1";"13";"1";
"202000018312";"154 710 033";"A01";"3";"7";"6";"0";"1";"1";"1";
"202000018313";"154 710 032";"A01";"1";"80";"0";"0";"8";"1";"3";
"202000018314";"154 710 030";"B01";"3";"2";"0";"2";"8";"19";"1";
"202000018314";"154 710 031";"A01";"1";"7";"0";"2";"2";"21";"1";
"202000018315";"154 710 027";"B01";"1";"10";"0";"2";"3";"1";"1";
"202000018315";"154 710 028";"A01";"2";"7";"0";"2";"5";"1";"1";
"202000018316";"154 710 026";"A01";"1";"7";"8";"0";"1";"14";"1";
"202000018317";"154 710 025";"A01";"1";"7";"6";"0";"3";"13";"1";
"202000018318";"154 710 023";"B01";"2";"10";"0";"2";"8";"13";"1";
"202000018318";"154 710 024";"A01";"1";"33";"0";"2";"8";"1";"1";
"202000018319";"154 710 022";"A01";"2";"7";"4";"0";"3";"0";"1";
"202000018320";"154 710 021";"A01";"1";"33";"6";"0";"3";"1";"1";
"202000018321";"154 710 019";"A01";"1";"7";"0";"0";"4";"23";"1";
"202000018321";"154 710 020";"B01";"1";"10";"1";"0";"1";"2";"1";
"202000018322";"154 710 018";"A01";"2";"34";"0";"5";"1";"2";"1";
"202000018323";"154 710 017";"A01";"1";"7";"8";"0";"0";"1";"1";
"202000018324";"154 710 016";"A01";"1";"33";"14";"0";"1";"1";"1";
"202000018325";"154 710 014";"B01";"1";"30";"0";"2";"0";"2";"1";
"202000018325";"154 710 015";"A01";"1";"7";"0";"2";"8";"10";"1";
"202000018326";"154 710 012";"B01";"2";"7";"0";"1";"4";"1";"1";
"202000018326";"154 710 013";"A01";"2";"10";"0";"2";"1";"2";"1";
"202000018327";"154 710 011";"A01";"2";"7";"2";"0";"2";"13";"0";
"202000018328";"154 710 010";"A01";"1";"2";"14";"0";"1";"26";"1";
"202000018329";"154 710 008";"A01";"2";"7";"0";"2";"8";"19";"1";
"202000018329";"154 710 009";"B01";"2";"7";"0";"2";"8";"19";"1";
"202000018330";"154 710 007";"A01";"3";"7";"0";"1";"3";"2";"1";
"202000018331";"154 710 006";"A01";"1";"7";"6";"0";"1";"16";"1";
"202000018332";"154 710 005";"A01";"1";"2";"0";"0";"0";"15";"1";
"202000018333";"154 710 004";"A01";"2";"7";"8";"0";"1";"13";"1";
"202000018334";"154 710 002";"A01";"1";"30";"0";"2";"1";"26";"1";
"202000018334";"154 710 003";"B01";"1";"7";"0";"2";"4";"26";"1";
"202000018335";"154 710 000";"A01";"1";"31";"0";"2";"2";"1";"1";
"202000018335";"154 710 001";"Z01";"2";"7";"0";"2";"0";"1";"1";
"202000018336";"154 709 998";"A01";"1";"7";"0";"2";"5";"15";"1";
"202000018336";"154 709 999";"B01";"1";"7";"0";"2";"1";"1";"1";
"202000018337";"154 709 996";"B01";"2";"7";"0";"2";"4";"1";"1";
"202000018337";"154 709 997";"A01";"2";"7";"3";"2";"1";"12";"1";
"202000018338";"154 709 994";"B01";"1";"7";"0";"2";"3";"1";"1";
"202000018338";"154 709 995";"A01";"2";"32";"0";"2";"7";"1";"1";
"202000018339";"154 709 992";"B01";"3";"37";"0";"2";"3";"1";"0";"1"
"202000018339";"154 709 993";"A01";"2";"32";"0";"2";"1";"1";"0";
"202000018340";"154 709 990";"A01";"2";"7";"0";"2";"1";"19";"1";
"202000018340";"154 709 991";"B01";"2";"7";"0";"2";"2";"1";"1";
"202000018341";"154 709 988";"Z01";"1";"7";"0";"2";"0";"15";"0";
"202000018341";"154 709 989";"A01";"1";"34";"0";"2";"0";"21";"1";
"202000018342";"154 709 987";"A01";"3";"7";"6";"0";"2";"1";"1";
"202000018343";"154 709 986";"A01";"1";"33";"15";"0";"1";"21";"1";
"202000018344";"154 709 985";"A01";"1";"7";"2";"0";"1";"1";"1";
"202000018345";"154 709 984";"A01";"1";"7";"2";"0";"2";"1";"0";
"202000018346";"154 709 983";"A01";"3";"3";"2";"0";"1";"21";"1";
"202000018347";"154 709 982";"A01";"2";"10";"0";"0";"9";"1";"1";
"202000018348";"154 709 981";"A01";"2";"7";"2";"1";"0";"1";"6";
"202000018349";"154 709 980";"A01";"1";"7";"6";"0";"1";"13";"1";
"202000018350";"154 709 979";"A01";"3";"10";"9";"0";"2";"1";"1";
"202000018351";"154 709 977";"A01";"2";"15";"0";"2";"3";"19";"1";
"202000018351";"154 709 978";"B01";"1";"7";"0";"2";"1";"1";"1";
"202000018352";"154 709 976";"A01";"2";"7";"4";"0";"3";"1";"0";
"202000018353";"154 709 975";"A01";"1";"33";"0";"0";"7";"1";"1";
"202000018354";"154 709 973";"A01";"1";"7";"4";"0";"2";"15";"1";
"202000018355";"154 709 972";"A01";"2";"7";"4";"0";"3";"1";"1";
"202000018356";"154 709 968";"B01";"1";"7";"0";"2";"8";"0";"5";
"202000018356";"154 709 969";"D01";"1";"7";"0";"2";"2";"17";"0";
"202000018356";"154 709 970";"A01";"1";"7";"1";"0";"2";"11";"5";
"202000018356";"154 709 971";"C01";"1";"7";"0";"2";"4";"23";"0";
"202000018357";"154 709 966";"B01";"1";"7";"0";"2";"6";"20";"1";
"202000018357";"154 709 967";"A01";"1";"10";"0";"2";"1";"1";"1";
"202000018358";"154 709 965";"A01";"1";"7";"2";"0";"8";"1";"1";
"202000018359";"154 709 963";"B01";"1";"7";"0";"2";"4";"2";"1";
"202000018359";"154 709 964";"A01";"1";"7";"0";"2";"1";"1";"2";
"202000018360";"154 709 961";"A01";"2";"7";"0";"2";"1";"15";"1";
"202000018360";"154 709 962";"B01";"1";"7";"0";"2";"1";"1";"1";
"202000018361";"154 709 960";"A01";"1";"7";"4";"0";"1";"9";"1";
"202000018362";"154 709 959";"A01";"3";"30";"0";"0";"0";"26";"3";
"202000018363";"154 709 957";"B01";"3";"2";"0";"2";"8";"1";"1";
"202000018363";"154 709 958";"A01";"3";"7";"0";"2";"1";"15";"1";
"202000018364";"154 709 956";"A01";"2";"7";"2";"0";"0";"1";"1";
"202000018365";"154 709 954";"B01";"2";"7";"0";"2";"8";"1";"1";
"202000018365";"154 709 955";"A01";"1";"2";"0";"2";"1";"5";"1";
"202000018366";"154 709 952";"B01";"3";"7";"0";"2";"2";"15";"1";
"202000018366";"154 709 953";"A01";"3";"99";"0";"2";"3";"2";"1";
"202000018367";"154 709 951";"A01";"1";"30";"0";"0";"1";"0";"1";
"202000018368";"154 709 950";"A01";"1";"7";"0";"1";"0";"0";"1";
"202000018369";"154 709 948";"B01";"2";"38";"0";"2";"1";"2";"1";"1"
"202000018369";"154 709 949";"A01";"2";"7";"0";"2";"4";"23";"1";
"202000018370";"154 709 946";"B01";"3";"1";"0";"2";"4";"1";"5";
"202000018370";"154 709 947";"A01";"0";"7";"0";"9";"1";"15";"1";
"202000018371";"154 709 944";"A01";"3";"14";"0";"2";"4";"4";"0";
"202000018371";"154 709 945";"B01";"3";"33";"0";"2";"1";"26";"1";
"202000018372";"154 709 942";"B01";"2";"30";"0";"2";"7";"1";"1";
"202000018372";"154 709 943";"A01";"2";"10";"0";"2";"1";"9";"1";
"202000018373";"154 709 940";"A01";"0";"7";"0";"2";"3";"19";"1";
"202000018373";"154 709 941";"B01";"0";"33";"0";"2";"1";"1";"1";
"202000018374";"154 709 939";"A01";"1";"10";"13";"0";"7";"14";"1";
"202000018375";"154 709 938";"A01";"3";"7";"0";"1";"1";"1";"1";
"202000018376";"154 709 937";"A01";"2";"7";"1";"0";"1";"19";"1";
"202000018377";"154 709 935";"A01";"1";"7";"0";"2";"1";"15";"1";
"202000018377";"154 709 936";"B01";"2";"33";"0";"2";"1";"1";"1";
"202000018378";"154 709 933";"B01";"3";"33";"0";"2";"1";"1";"1";
"202000018378";"154 709 934";"A01";"3";"10";"0";"2";"1";"5";"0";
"202000018379";"154 709 931";"A01";"1";"7";"0";"2";"1";"1";"1";
"202000018379";"154 709 932";"B01";"1";"1";"0";"2";"8";"19";"5";
"202000018380";"154 709 929";"Z01";"1";"7";"0";"2";"5";"10";"0";
"202000018380";"154 709 930";"A01";"2";"1";"0";"2";"1";"1";"5";
"202000018381";"154 709 927";"A01";"1";"33";"0";"2";"8";"17";"1";
"202000018381";"154 709 928";"B01";"1";"10";"0";"2";"3";"10";"1";
"202000018382";"154 709 925";"A01";"1";"30";"0";"2";"1";"1";"0";
"202000018382";"154 709 926";"B01";"1";"10";"0";"2";"8";"1";"1";
"202000018383";"154 709 923";"A01";"2";"7";"0";"2";"7";"1";"1";
"202000018383";"154 709 924";"B01";"1";"2";"0";"2";"1";"1";"1";
"202000018384";"154 709 921";"B01";"2";"7";"0";"2";"4";"23";"1";
"202000018384";"154 709 922";"A01";"2";"10";"14";"2";"1";"2";"1";
"202000018385";"154 709 919";"B01";"3";"10";"0";"2";"8";"1";"1";
"202000018385";"154 709 920";"A01";"3";"7";"0";"2";"1";"26";"1";
"202000018386";"154 709 915";"A01";"1";"7";"4";"2";"1";"1";"0";
"202000018386";"154 709 916";"B01";"1";"7";"4";"2";"4";"23";"1";
"202000018386";"154 709 917";"C01";"1";"7";"4";"2";"6";"23";"1";
"202000018386";"154 709 918";"D01";"1";"7";"4";"2";"4";"1";"0";
"202000018387";"154 709 913";"A01";"0";"7";"0";"0";"0";"0";"0";
"202000018387";"154 709 914";"B01";"0";"32";"0";"0";"4";"2";"0";
"202000018388";"154 709 912";"A01";"1";"7";"12";"0";"3";"13";"1";
"202000018389";"154 709 910";"A01";"1";"7";"0";"2";"3";"15";"1";
"202000018389";"154 709 911";"B01";"1";"34";"0";"2";"2";"1";"1";
"202000018390";"154 709 908";"B01";"2";"30";"1";"0";"1";"1";"1";
"202000018390";"154 709 909";"A01";"3";"7";"1";"0";"3";"9";"1";
"202000018391";"154 709 907";"A01";"1";"7";"2";"0";"1";"0";"1";
"202000018392";"154 709 906";"A01";"1";"7";"2";"0";"2";"1";"1";
"202000018393";"154 709 904";"A01";"1";"7";"0";"2";"1";"1";"1";
"202000018393";"154 709 905";"B01";"2";"7";"0";"2";"1";"1";"1";
"202000018394";"154 709 903";"A01";"1";"7";"2";"0";"7";"1";"1";
"202000018395";"154 709 902";"A01";"2";"10";"0";"0";"3";"0";"1";
"202000018396";"154 709 900";"A01";"1";"7";"0";"2";"1";"1";"1";
"202000018396";"154 709 901";"B01";"1";"17";"0";"0";"4";"1";"1";
"202000018397";"154 709 899";"A01";"3";"33";"0";"0";"1";"1";"1";
"202000018398";"154 709 898";"A01";"0";"10";"0";"1";"6";"4";"1";
"202000018399";"154 709 897";"A01";"2";"7";"0";"1";"1";"1";"1";
"202000018400";"154 709 894";"A01";"1";"7";"0";"2";"7";"1";"1";
"202000018400";"154 709 895";"B01";"2";"7";"0";"2";"1";"1";"1";
"202000018400";"154 709 896";"C01";"2";"31";"0";"2";"1";"1";"1";
"202000018401";"154 709 893";"A01";"2";"7";"0";"0";"1";"1";"1";
"202000018402";"154 709 892";"A01";"1";"7";"8";"0";"9";"1";"1";
"202000018403";"154 709 890";"A01";"3";"7";"0";"2";"1";"1";"1";
"202000018403";"154 709 891";"B01";"1";"2";"0";"0";"8";"1";"1";
"202000018404";"154 709 889";"A01";"3";"2";"2";"0";"1";"1";"1";
"202000018405";"154 709 887";"A01";"2";"7";"0";"2";"3";"13";"1";
"202000018405";"154 709 888";"B01";"1";"21";"0";"2";"3";"1";"1";
"202000018406";"154 709 885";"B01";"2";"15";"0";"2";"1";"1";"1";
"202000018406";"154 709 886";"A01";"1";"7";"0";"2";"4";"13";"1";
"202000018407";"154 709 884";"A01";"1";"7";"13";"0";"1";"1";"1";
"202000018408";"154 709 882";"B01";"2";"13";"0";"2";"3";"9";"1";
"202000018408";"154 709 883";"A01";"1";"33";"0";"2";"1";"1";"1";
"202000018409";"154 709 878";"A01";"2";"7";"9";"0";"1";"6";"1";
"202000018410";"154 709 876";"B01";"1";"17";"0";"2";"6";"2";"1";
"202000018410";"154 709 877";"A01";"1";"7";"0";"2";"2";"2";"1";
"202000018411";"154 709 875";"A01";"2";"10";"0";"2";"1";"12";"1";
"202000018412";"154 709 874";"A01";"2";"7";"4";"2";"1";"1";"1";
"202000018413";"154 709 872";"B01";"2";"32";"0";"2";"7";"1";"1";
"202000018413";"154 709 873";"A01";"2";"10";"0";"2";"8";"11";"1";
"202000018414";"154 709 871";"A01";"1";"7";"0";"1";"2";"14";"1";
"202000018415";"154 709 869";"A01";"3";"7";"0";"2";"1";"15";"1";
"202000018415";"154 709 870";"B01";"3";"1";"0";"2";"5";"1";"5";
"202000018416";"154 709 867";"B01";"1";"7";"0";"2";"8";"1";"1";
"202000018416";"154 709 868";"A01";"2";"7";"0";"2";"1";"1";"1";
"202000018417";"154 709 866";"A01";"1";"7";"1";"1";"1";"26";"1";