"Num_Acc";"id_vehicule";"num_veh";"senc";"catv";"obs";"obsm";"choc";"manv";"motor";"occutc"
"202000019854";"154 707 275";"A01";"2";"2";"0";"2";"1";"2";"1";
"202000019855";"154 707 273";"A01";"0";"99";"12";"0";"1";"1";"3";
"202000019856";"154 707 271";"B01";"0";"1";"0";"2";"1";"1";"5";
"202000019856";"154 707 272";"A01";"0";"7";"0";"2";"3";"15";"1";
"202000019857";"154 707 270";"A01";"2";"7";"3";"0";"3";"0";"1";
"202000019858";"154 707 267";"A01";"1";"7";"0";"0";"5";"1";"0";
"202000019858";"154 707 268";"B01";"1";"7";"0";"2";"1";"1";"0";
"202000019858";"154 707 269";"C01";"1";"7";"0";"2";"4";"1";"0";
"202000019859";"154 707 265";"A01";"1";"7";"6";"2";"0";"1";"0";
"202000019859";"154 707 266";"B01";"1";"7";"0";"2";"2";"1";"0";
"202000019860";"154 707 264";"A01";"2";"7";"3";"0";"2";"0";"1";
"202000019861";"154 707 263";"A01";"2";"33";"7";"0";"3";"0";"1";
"202000019862";"154 707 261";"B01";"1";"17";"0";"0";"6";"2";"1";
"202000019862";"154 707 262";"A01";"1";"10";"0";"2";"1";"2";"1";
"202000019863";"154 707 260";"A01";"0";"17";"0";"1";"3";"1";"6";
"202000019864";"154 707 259";"A01";"2";"7";"0";"0";"9";"2";"1";
"202000019865";"154 707 258";"A01";"3";"7";"0";"1";"4";"20";"1";
"202000019866";"154 707 257";"A01";"3";"7";"1";"0";"2";"1";"1";
"202000019867";"154 707 256";"A01";"2";"7";"0";"1";"3";"1";"1";
"202000019868";"154 707 255";"A01";"3";"7";"0";"1";"2";"15";"1";
"202000019869";"154 707 253";"A01";"1";"7";"0";"2";"2";"10";"1";
"202000019869";"154 707 254";"B01";"1";"33";"0";"2";"1";"21";"1";
"202000019870";"154 707 252";"A01";"2";"7";"3";"0";"1";"11";"1";
"202000019871";"154 707 250";"A01";"1";"7";"0";"2";"1";"12";"1";
"202000019871";"154 707 251";"B01";"2";"7";"0";"2";"6";"1";"1";
"202000019872";"154 707 247";"A01";"2";"7";"0";"2";"1";"2";"1";
"202000019872";"154 707 248";"B01";"2";"7";"0";"2";"4";"2";"1";
"202000019872";"154 707 249";"C01";"2";"7";"0";"2";"4";"2";"1";
"202000019873";"154 707 244";"C01";"1";"10";"0";"2";"4";"2";"1";
"202000019873";"154 707 245";"B01";"1";"7";"0";"2";"4";"2";"1";
"202000019873";"154 707 246";"A01";"1";"7";"0";"2";"1";"2";"1";
"202000019874";"154 707 243";"A01";"1";"7";"0";"0";"0";"17";"1";
"202000019875";"154 707 240";"A01";"2";"7";"0";"2";"2";"12";"1";
"202000019875";"154 707 241";"B01";"2";"7";"0";"2";"6";"1";"1";
"202000019875";"154 707 242";"C01";"2";"7";"0";"2";"3";"1";"1";
"202000019876";"154 707 239";"A01";"2";"15";"4";"0";"1";"2";"1";
"202000019877";"154 707 238";"A01";"2";"7";"0";"1";"6";"1";"1";
"202000019878";"154 707 237";"A01";"1";"7";"4";"0";"2";"14";"1";
"202000019879";"154 707 236";"A01";"1";"7";"7";"0";"1";"0";"1";
"202000019880";"154 707 234";"A01";"1";"7";"0";"2";"1";"15";"1";
"202000019880";"154 707 235";"B01";"2";"7";"0";"2";"3";"1";"1";
"202000019881";"154 707 232";"A01";"0";"7";"0";"2";"1";"9";"1";
"202000019881";"154 707 233";"B01";"0";"7";"0";"9";"4";"9";"1";
"202000019882";"154 707 230";"B01";"3";"1";"0";"2";"7";"1";"0";
"202000019882";"154 707 231";"A01";"2";"7";"0";"9";"3";"9";"1";
"202000019883";"154 707 229";"A01";"1";"7";"0";"1";"3";"1";"1";
"202000019884";"154 707 228";"A01";"1";"7";"15";"0";"1";"1";"1";
"202000019885";"154 707 226";"B01";"1";"2";"0";"2";"7";"1";"1";
"202000019885";"154 707 227";"A01";"1";"7";"0";"2";"1";"1";"1";
"202000019886";"154 707 224";"A01";"2";"7";"0";"9";"3";"26";"1";
"202000019886";"154 707 225";"B01";"1";"1";"0";"2";"1";"1";"5";
"202000019887";"154 707 222";"B01";"3";"7";"0";"2";"2";"15";"0";
"202000019887";"154 707 223";"A01";"3";"7";"0";"2";"1";"1";"0";
"202000019888";"154 707 219";"C01";"2";"7";"0";"2";"4";"1";"1";
"202000019888";"154 707 220";"B01";"2";"7";"14";"0";"6";"1";"1";
"202000019888";"154 707 221";"A01";"1";"7";"0";"2";"2";"1";"1";
"202000019889";"154 707 218";"A01";"1";"7";"8";"0";"1";"1";"1";
"202000019890";"154 707 215";"C01";"2";"7";"0";"2";"3";"5";"1";
"202000019890";"154 707 216";"B01";"1";"7";"0";"2";"3";"2";"1";
"202000019890";"154 707 217";"A01";"1";"34";"0";"2";"9";"9";"1";
"202000019891";"154 707 213";"A01";"1";"7";"0";"2";"4";"4";"1";
"202000019891";"154 707 214";"B01";"1";"1";"0";"2";"0";"0";"5";
"202000019892";"154 707 211";"A01";"1";"7";"0";"2";"2";"15";" -1";
"202000019892";"154 707 212";"B01";"2";"30";"0";"2";"7";"1";" -1";
"202000019893";"154 707 209";"B01";"1";"7";"12";"0";"6";"2";"1";
"202000019893";"154 707 210";"A01";"1";"7";"13";"0";"1";"17";"1";
"202000019894";"154 707 208";"A01";"1";"31";"0";"2";"1";"1";"1";
"202000019895";"154 707 206";"B01";"1";"7";"0";"0";"6";"1";"1";
"202000019895";"154 707 207";"A01";"2";"7";"4";"0";"1";"19";"1";
"202000019896";"154 707 204";"Z01";"3";"7";"0";"2";"1";"17";"0";
"202000019896";"154 707 205";"A01";"3";"3";"0";"2";"1";"1";"0";
"202000019897";"154 707 203";"A01";"3";"7";"4";"0";"1";"9";"1";
"202000019898";"154 707 201";"A01";"3";"2";"0";"2";"2";"1";"0";
"202000019898";"154 707 202";"B01";"3";"7";"0";"2";"3";"1";"0";
"202000019899";"154 707 199";"B01";"1";"7";"0";"2";"8";"15";"1";
"202000019899";"154 707 200";"A01";"1";"32";"0";"2";"1";"17";"1";
"202000019900";"154 707 197";"A01";"1";"37";"0";"2";"3";"13";"1";"2"
"202000019900";"154 707 198";"B01";"3";"7";"0";"2";"3";"9";"1";
"202000019901";"154 707 195";"A01";"1";"7";"0";"2";"5";"16";"1";
"202000019901";"154 707 196";"B01";"1";"33";"0";"2";"1";"1";"1";
"202000019902";"154 707 194";"A01";"0";"7";"2";"1";"2";"1";"1";
"202000019903";"154 707 192";"B01";"3";"7";"0";"2";"1";"1";"0";
"202000019903";"154 707 193";"A01";"3";"7";"0";"2";"3";"1";"0";
"202000019904";"154 707 189";"A01";"0";"7";"8";"0";"2";"12";"1";
"202000019905";"154 707 187";"B01";"0";"7";"0";"0";"4";"23";"1";
"202000019905";"154 707 188";"A01";"0";"1";"0";"2";"1";"13";"5";
"202000019906";"154 707 186";"A01";"1";"10";"0";"1";"6";"4";"1";
"202000019907";"154 707 184";"A01";"1";"7";"0";"2";"1";"2";"1";
"202000019907";"154 707 185";"B01";"1";"7";"0";"2";"4";"23";"1";
"202000019908";"154 707 182";"B01";"2";"31";"0";"2";"1";"1";"1";
"202000019908";"154 707 183";"A01";"3";"7";"0";"2";"3";"9";"1";
"202000019909";"154 707 180";"A01";"1";"7";"0";"2";"2";"17";"1";
"202000019909";"154 707 181";"B01";"1";"7";"0";"2";"8";"15";"1";
"202000019910";"154 707 178";"A01";"3";"33";"9";"2";"7";"17";"1";
"202000019910";"154 707 179";"B01";"3";"30";"0";"2";"8";"26";"1";
"202000019911";"154 707 176";"A01";"1";"7";"0";"2";"3";"13";"1";
"202000019911";"154 707 177";"B01";"2";"7";"0";"2";"1";"1";"1";
"202000019912";"154 707 175";"A01";"3";"7";"0";"1";"7";"1";"1";
"202000019913";"154 707 173";"A01";"1";"33";"0";"2";"1";"1";"1";
"202000019913";"154 707 174";"B01";"1";"33";"0";"2";"4";"1";"1";
"202000019914";"154 707 172";"A01";"1";"7";"0";"1";"3";"1";"2";
"202000019915";"154 707 170";"B01";"1";"7";"0";"2";"1";"1";"1";
"202000019915";"154 707 171";"A01";"2";"7";"0";"2";"1";"13";"1";
"202000019916";"154 707 169";"A01";"1";"7";"13";"0";"0";"1";"1";
"202000019917";"154 707 168";"A01";"3";"7";"2";"0";"9";"1";"1";
"202000019918";"154 707 167";"A01";"3";"7";"8";"0";"1";"1";"1";
"202000019919";"154 707 163";"A01";"2";"33";"0";"0";"0";"1";"1";
"202000019920";"154 707 162";"A01";"1";"7";"14";"0";"1";"6";"1";
"202000019921";"154 707 159";"A01";"1";"7";"0";"2";"2";"5";"1";
"202000019921";"154 707 160";"B01";"2";"7";"0";"2";"2";"1";"1";
"202000019921";"154 707 161";"C01";"2";"2";"0";"2";"2";"21";"1";
"202000019922";"154 707 157";"A01";"1";"7";"0";"2";"3";"1";"1";
"202000019922";"154 707 158";"B01";"2";"1";"0";"2";"1";"1";"5";
"202000019923";"154 707 156";"A01";"1";"7";"0";"0";"3";"1";"4";
"202000019924";"154 707 154";"A01";"1";"7";"4";"2";"1";"2";"1";
"202000019924";"154 707 155";"B01";"1";"7";"0";"2";"4";"2";"1";
"202000019925";"154 707 152";"A01";"1";"7";"0";"2";"1";"1";"1";
"202000019925";"154 707 153";"B01";"0";"7";"0";"2";"4";"1";"1";
"202000019926";"154 707 150";"B01";"1";"40";"0";"2";"3";"1";"3";
"202000019926";"154 707 151";"A01";"1";"10";"9";"4";"1";"1";"1";
"202000019927";"154 707 148";"B01";"2";"7";"0";"2";"3";"1";"1";
"202000019927";"154 707 149";"A01";"2";"7";"0";"2";"2";"9";"1";
"202000019928";"154 707 146";"A01";"1";"7";"0";"2";"5";"17";"1";
"202000019928";"154 707 147";"B01";"1";"7";"0";"2";"3";"2";"1";
"202000019929";"154 707 144";"A01";"2";"7";"0";"2";"3";"15";"1";
"202000019929";"154 707 145";"B01";"1";"1";"0";"2";"3";"2";"5";
"202000019930";"154 707 143";"A01";"2";"7";"0";"1";"1";"1";"1";
"202000019931";"154 707 141";"A01";"0";"7";"0";"2";"8";"9";"1";
"202000019931";"154 707 142";"B01";"1";"2";"0";"2";"1";"1";"1";
"202000019932";"154 707 140";"A01";"3";"13";"0";"1";"1";"9";"3";
"202000019933";"154 707 139";"A01";"1";"10";"0";"1";"2";"1";"0";
"202000019934";"154 707 137";"A01";"1";"7";"2";"0";"1";"1";"1";
"202000019935";"154 707 133";"A01";"1";"7";"0";"2";"4";"1";"1";
"202000019935";"154 707 134";"D01";"1";"7";"0";"2";"4";"1";"1";
"202000019935";"154 707 135";"C01";"1";"7";"0";"2";"4";"1";"1";
"202000019935";"154 707 136";"B01";"1";"7";"0";"2";"4";"1";"1";
"202000019936";"154 707 131";"Z01";"1";"7";"0";"2";"1";"1";"1";
"202000019936";"154 707 132";"A01";"1";"7";"0";"2";"7";"1";"1";
"202000019937";"154 707 129";"A01";"1";"7";"0";"2";"3";"15";"1";
"202000019937";"154 707 130";"B01";"1";"33";"0";"2";"1";"0";"1";
"202000019938";"154 707 127";"A01";"3";"7";"0";"2";"1";"13";"0";
"202000019938";"154 707 128";"B01";"3";"7";"0";"2";"1";"9";"0";
"202000019939";"154 707 125";"B01";"1";"7";"0";"2";"3";"1";"1";
"202000019939";"154 707 126";"A01";"2";"30";"0";"2";"1";"1";"1";
"202000019940";"154 707 122";"A01";"1";"7";"0";"2";"5";"17";"1";
"202000019940";"154 707 123";"C01";"1";"7";"0";"2";"1";"1";"1";
"202000019940";"154 707 124";"B01";"1";"7";"4";"0";"3";"1";"1";
"202000019941";"154 707 121";"A01";"3";"31";"0";"0";"7";"1";"1";
"202000019942";"154 707 120";"A01";"1";"7";"8";"0";"1";"1";"1";
"202000019943";"154 707 119";"A01";"1";"7";"0";"1";"3";"1";"1";
"202000019944";"154 707 117";"A01";"2";"7";"0";"2";"3";"26";"1";
"202000019944";"154 707 118";"B01";"1";"60";"0";"2";"8";"25";"5";
"202000019945";"154 707 115";"A01";"1";"30";"0";"2";"4";"23";"1";
"202000019945";"154 707 116";"Z01";"1";"7";"0";"2";"1";"2";"0";
"202000019946";"154 707 113";"B01";"2";"32";"0";"2";"2";"1";"1";
"202000019946";"154 707 114";"A01";"1";"7";"0";"2";"3";"15";"1";
"202000019947";"154 707 111";"A01";"3";"30";"0";"2";"7";"1";"1";
"202000019947";"154 707 112";"Z01";"3";"7";"0";"2";"0";"1";"0";
"202000019948";"154 707 109";"A01";"3";"7";"0";"2";"1";"1";"1";
"202000019948";"154 707 110";"B01";"1";"31";"0";"2";"8";"1";"1";
"202000019949";"154 707 108";"A01";"2";"7";"0";"1";"3";"1";"1";
"202000019950";"154 707 106";"A01";"1";"30";"0";"2";"4";"2";"1";
"202000019950";"154 707 107";"B01";"1";"7";"0";"2";"4";"23";"1";
"202000019951";"154 707 104";"A01";"2";"30";"0";"2";"2";"17";"1";
"202000019951";"154 707 105";"B01";"2";"7";"0";"2";"3";"1";"2";
"202000019952";"154 707 102";"Z01";"1";"7";"0";"2";"1";"1";"1";
"202000019952";"154 707 103";"A01";"1";"7";"0";"2";"4";"2";"1";
"202000019953";"154 707 100";"Z01";"2";"10";"0";"2";"0";"17";"0";
"202000019953";"154 707 101";"A01";"2";"80";"0";"2";"8";"1";"3";
"202000019954";"154 707 099";"A01";"2";"1";"0";"1";"1";"1";"5";
"202000019955";"154 707 097";"Z01";"2";"7";"0";"2";"3";"9";"3";
"202000019955";"154 707 098";"A01";"2";"33";"0";"2";"7";"1";"1";
"202000019956";"154 707 095";"B01";"2";"50";"0";"2";"3";"7";"3";
"202000019956";"154 707 096";"A01";"2";"32";"0";"2";"2";"16";"3";
"202000019957";"154 707 093";"A01";"3";"7";"0";"2";"1";"1";"0";
"202000019957";"154 707 094";"B01";"3";"1";"0";"2";"8";"19";"5";
"202000019958";"154 707 091";"B01";"1";"43";"0";"0";"0";"0";"1";
"202000019958";"154 707 092";"A01";"1";"7";"0";"2";"6";"11";"1";
"202000019959";"154 707 089";"A01";"1";"30";"0";"2";"1";"23";"1";
"202000019959";"154 707 090";"B01";"2";"7";"0";"2";"0";"0";"0";
"202000019960";"154 707 087";"A01";"0";"7";"0";"2";"1";"0";"0";
"202000019960";"154 707 088";"B01";"2";"30";"0";"2";"2";"15";"0";
"202000019961";"154 707 086";"A01";"1";"7";"0";"1";"4";"15";"1";
"202000019962";"154 707 085";"A01";"1";"32";"4";"0";"0";"1";"1";
"202000019963";"154 707 082";"A01";"3";"7";"0";"2";"7";"15";"0";
"202000019963";"154 707 083";"C01";"3";"7";"0";"2";"1";"2";"1";
"202000019963";"154 707 084";"B01";"3";"2";"0";"2";"1";"2";"1";
"202000019964";"154 707 080";"A01";"1";"7";"0";"2";"1";"26";"1";
"202000019964";"154 707 081";"B01";"1";"7";"0";"0";"4";"1";"1";
"202000019965";"154 707 078";"A01";"1";"7";"0";"2";"2";"15";"1";
"202000019965";"154 707 079";"B01";"2";"33";"0";"2";"3";"2";"1";
"202000019966";"154 707 076";"B01";" -1";"32";"0";"2";"1";"13";"0";
"202000019966";"154 707 077";"A01";" -1";"7";"0";"2";"8";"9";"0";
"202000019967";"154 707 075";"A01";"1";"7";"1";"0";"1";"19";"1";
"202000019968";"154 707 073";"B01";"1";"2";"0";"2";"3";"2";"1";
"202000019968";"154 707 074";"A01";"1";"10";"0";"2";"3";"15";"1";
"202000019969";"154 707 072";"A01";"1";"7";"0";"1";"1";"1";"0";
"202000019970";"154 707 069";"C01";"2";"7";"0";"2";"4";"23";"1";
"202000019970";"154 707 070";"B01";"2";"7";"0";"2";"4";"23";"1";
"202000019970";"154 707 071";"A01";"2";"10";"0";"2";"1";"2";"1";
"202000019971";"154 707 067";"B01";"1";"30";"3";"0";"4";"23";"0";
"202000019971";"154 707 068";"A01";"1";"7";"3";"2";"2";"9";"0";
"202000019972";"154 707 065";"A01";"2";"30";"0";"2";"7";"15";"1";
"202000019972";"154 707 066";"B01";"2";"7";"0";"2";"1";"19";"1";
"202000019973";"154 707 064";"A01";"3";"31";"12";"0";"8";"1";"1";
"202000019974";"154 707 063";"A01";"2";"7";"0";"1";"1";"1";"1";
"202000019975";"154 707 061";"B01";"1";"7";"8";"2";"2";"19";"0";
"202000019975";"154 707 062";"A01";"2";"7";"0";"2";"3";"15";"0";
"202000019976";"154 707 059";"P01";"3";"60";"0";"2";"4";"1";"5";
"202000019976";"154 707 060";"B01";"0";"1";"0";"1";"1";"26";"5";
"202000019977";"154 707 057";"A01";"2";"7";"0";"2";"3";"1";"1";
"202000019977";"154 707 058";"B01";"1";"7";"0";"2";"1";"15";"1";
"202000019978";"154 707 055";"B01";"1";"1";"0";"2";"8";"19";"0";
"202000019978";"154 707 056";"A01";"1";"34";"0";"9";"8";"1";"1";
"202000019979";"154 707 053";"A01";"1";"7";"0";"2";"2";"2";"1";
"202000019979";"154 707 054";"B01";"1";"7";"0";"0";"6";"2";"1";
"202000019980";"154 707 052";"A01";"1";"7";"0";"1";"2";"1";"1";
"202000019981";"154 707 051";"A01";"1";"7";"0";"1";"1";"2";"1";
"202000019982";"154 707 049";"B01";"2";"7";"0";"2";"1";"1";"0";
"202000019982";"154 707 050";"A01";"1";"7";"0";"2";"1";"5";"0";
"202000019983";"154 707 047";"B01";"1";"7";"0";"2";"1";"1";"1";
"202000019983";"154 707 048";"A01";"2";"7";"0";"2";"3";"13";"1";
"202000019984";"154 707 045";"A01";"1";"7";"0";"2";"8";"11";"1";
"202000019984";"154 707 046";"B01";"2";"33";"0";"2";"5";"17";"1";
"202000019985";"154 707 044";"A01";"2";"33";"0";"2";"0";"0";"1";
"202000019986";"154 707 042";"A01";"2";"7";"0";"2";"2";"13";"1";
"202000019986";"154 707 043";"B01";"1";"7";"0";"2";"1";"1";"1";
"202000019987";"154 707 040";"B01";"0";"2";"1";"0";"1";"21";"1";
"202000019987";"154 707 041";"A01";"0";"2";"0";"2";"6";"24";"1";
"202000019988";"154 707 035";"E01";"2";"2";"0";"2";"1";"1";"1";
"202000019988";"154 707 036";"D01";"2";"2";"0";"2";"1";"1";"1";
"202000019988";"154 707 037";"C01";"2";"2";"0";"2";"1";"1";"1";
"202000019988";"154 707 038";"B01";"2";"2";"0";"2";"1";"1";"0";
"202000019988";"154 707 039";"A01";"1";"7";"0";"2";"3";"5";"0";
"202000019989";"154 707 034";"A01";"2";"7";"0";"1";"0";"0";"1";
"202000019990";"154 707 033";"A01";"1";"7";"0";"1";"2";"1";"1";
"202000019991";"154 707 031";"A01";"0";"1";"0";"0";"1";"1";"5";
"202000019991";"154 707 032";"B01";"0";"2";"0";"2";"1";"1";"1";
"202000019992";"154 707 029";"B01";"1";"2";"0";"2";"1";"1";"1";
"202000019992";"154 707 030";"A01";"3";"7";"0";"2";"1";"15";"1";
"202000019993";"154 707 027";"A01";"2";"7";"0";"2";"2";"15";"0";
"202000019993";"154 707 028";"B01";"1";"7";"0";"2";"2";"1";"0";
"202000019994";"154 707 025";"A01";"1";"7";"0";"2";"1";"13";"1";
"202000019994";"154 707 026";"B01";"2";"7";"0";"2";"1";"1";"1";
"202000019995";"154 707 024";"A01";"1";"7";"2";"0";"2";"14";"1";
"202000019996";"154 707 020";"B01";"1";"7";"0";"2";"1";"13";"1";
"202000019996";"154 707 021";"C01";"1";"7";"0";"2";"1";"23";"1";
"202000019996";"154 707 022";"A01";"1";"7";"0";"2";"2";"9";"1";
"202000019997";"154 707 018";"A01";"1";"7";"0";"2";"8";"15";"1";
"202000019997";"154 707 019";"B01";"2";"50";"0";"2";"3";"1";"3";
"202000019998";"154 707 016";"A01";"2";"7";"0";"1";"2";"1";"1";
"202000019999";"154 707 014";"A01";"3";"31";"0";"2";"7";"1";"1";
"202000019999";"154 707 015";"B01";"3";"7";"0";"2";"2";"15";"1";
"202000020000";"154 707 011";"C01";"2";"7";"0";"2";"3";"1";"1";
"202000020000";"154 707 012";"B01";"1";"7";"0";"2";"1";"1";"1";
"202000020000";"154 707 013";"A01";"2";"7";"0";"2";"1";"17";"0";
"202000020001";"154 707 009";"B01";"1";"21";"0";"0";"4";"2";"1";
"202000020001";"154 707 010";"A01";"1";"7";"0";"2";"1";"2";"1";
"202000020002";"154 707 008";"A01";"2";"33";"13";"0";"3";"1";"1";
"202000020003";"154 707 006";"B01";"2";"7";"0";"2";"3";"1";"1";
"202000020003";"154 707 007";"A01";"1";"7";"0";"2";"3";"1";"1";
"202000020004";"154 707 003";"A01";"1";"7";"16";"0";"3";"2";"1";
"202000020005";"154 706 999";"D01";"2";"14";"0";"2";"2";"1";"1";
"202000020005";"154 707 000";"C01";"2";"7";"0";"2";"6";"1";"1";
"202000020005";"154 707 001";"B01";"2";"10";"0";"2";"1";"1";"1";
"202000020005";"154 707 002";"A01";"1";"7";"0";"0";"0";"1";"1";
"202000020006";"154 706 998";"A01";"1";"7";"0";"1";"1";"1";"1";
"202000020007";"154 706 996";"B01";"1";"7";"0";"2";"1";"1";"1";
"202000020007";"154 706 997";"A01";"1";"13";"0";"2";"8";"19";"1";
"202000020008";"154 706 994";"A01";"3";"10";"0";"2";"1";"9";"1";
"202000020008";"154 706 995";"B01";"2";"33";"0";"2";"5";"1";"1";
"202000020009";"154 706 992";"A01";"2";"7";"0";"2";"1";"15";"1";
"202000020009";"154 706 993";"B01";"1";"32";"0";"2";"8";"1";"1";
"202000020010";"154 706 990";"A01";"1";"99";"0";"2";"1";"19";"1";
"202000020010";"154 706 991";"B01";"1";"7";"0";"2";"5";"19";"1";
"202000020011";"154 706 989";"A01";"1";"7";"0";"1";"3";"1";"1";
"202000020012";"154 706 985";"D01";"1";"7";"0";"2";"4";"2";"1";
"202000020012";"154 706 986";"C01";"1";"7";"1";"2";"9";"2";"1";
"202000020012";"154 706 987";"B01";"1";"7";"1";"0";"9";"2";"1";
"202000020012";"154 706 988";"A01";"1";"7";"14";"0";"1";"2";"1";
"202000020013";"154 706 983";"B01";"2";"2";"0";"2";"6";"1";"1";
"202000020013";"154 706 984";"A01";"1";"7";"0";"2";"6";"15";"1";
"202000020014";"154 706 981";"B01";"1";"34";"0";"2";"2";"17";"1";
"202000020014";"154 706 982";"A01";"2";"3";"0";"2";"3";"15";"1";
"202000020015";"154 706 979";"B01";"1";"33";"0";"2";"1";"3";"1";
"202000020015";"154 706 980";"A01";"1";"7";"0";"2";"6";"2";"3";
"202000020016";"154 706 978";"A01";"1";"7";"9";"0";"1";"9";"1";
"202000020017";"154 706 976";"B01";"2";"7";"0";"2";"1";"23";"0";
"202000020017";"154 706 977";"A01";"1";"7";"14";"0";"1";"13";"0";
"202000020018";"154 706 974";"B01";"3";"1";"0";"2";"5";"0";"0";
"202000020018";"154 706 975";"A01";"1";"3";"0";"2";"1";"1";"0";
"202000020019";"154 706 972";"B01";"2";"1";"0";"2";"4";"1";"5";
"202000020019";"154 706 973";"A01";"2";"7";"0";"2";"4";"9";"1";
"202000020020";"154 706 971";"A01";"1";"7";"0";"1";"1";"9";"1";
"202000020021";"154 706 969";"A01";"2";"30";"0";"2";"1";"0";"1";
"202000020021";"154 706 970";"B01";"2";"7";"0";"2";"8";"0";"1";
"202000020022";"154 706 967";"A01";"2";"7";"0";"2";"1";"1";"0";
"202000020022";"154 706 968";"B01";"2";"7";"0";"2";"4";"2";"0";
"202000020023";"154 706 966";"A01";"2";"10";"1";"0";"2";"14";"1";
"202000020024";"154 706 964";"A01";"0";"7";"0";"2";"7";"19";"1";
"202000020024";"154 706 965";"B01";"0";"50";"0";"2";"1";"1";"3";
"202000020025";"154 706 963";"A01";"2";"7";"0";"1";"1";"1";"1";
"202000020026";"154 706 962";"A01";"2";"7";"0";"1";"2";"1";"1";
"202000020027";"154 706 961";"A01";"1";"7";"0";"1";"3";"15";"1";
"202000020028";"154 706 959";"A01";"1";"10";"8";"2";"1";"13";"1";
"202000020028";"154 706 960";"B01";"2";"7";"0";"2";"1";"5";"1";
"202000020029";"154 706 958";"A01";"1";"7";"0";"1";"2";"21";"1";
"202000020030";"154 706 957";"A01";"1";"7";"0";"1";"2";"1";"1";
"202000020031";"154 706 955";"A01";"2";"7";"0";"9";"1";"19";"1";
"202000020031";"154 706 956";"B01";"1";"1";"0";"2";"2";"19";"5";
"202000020032";"154 706 954";"A01";"2";"7";"0";"1";"1";"1";"1";
"202000020033";"154 706 952";"B01";"1";"15";"0";"0";"2";"1";"0";
"202000020033";"154 706 953";"A01";"1";"7";"1";"0";"4";"23";"0";
"202000020034";"154 706 951";"A01";"2";"7";"0";"1";"2";"1";"1";
"202000020035";"154 706 950";"A01";"1";"7";"0";"1";"0";"16";"1";
"202000020036";"154 706 948";"B01";"2";"1";"0";"2";"1";"1";"5";
"202000020036";"154 706 949";"A01";"1";"7";"0";"2";"2";"15";"1";
"202000020037";"154 706 946";"B01";"2";"3";"0";"2";"3";"15";"0";
"202000020037";"154 706 947";"A01";"2";"7";"0";"2";"2";"1";"1";
"202000020038";"154 706 944";"B01";"2";"1";"0";"2";"7";"1";"0";
"202000020038";"154 706 945";"A01";"1";"7";"0";"2";"1";"9";"1";
"202000020039";"154 706 943";"A01";"1";"7";"0";"0";"1";"14";"1";
"202000020040";"154 706 941";"A01";"2";"15";"0";"2";"7";"12";"1";
"202000020040";"154 706 942";"B01";"1";"7";"3";"2";"8";"1";"1";
"202000020041";"154 706 938";"B01";"1";"7";"0";"2";"5";"2";"1";
"202000020041";"154 706 939";"A01";"1";"7";"0";"2";"4";"2";"1";
"202000020041";"154 706 940";"C01";"1";"7";"0";"2";"1";"2";"0";
"202000020042";"154 706 936";"B01";"1";"31";"0";"2";"2";"1";"3";
"202000020042";"154 706 937";"A01";"1";"1";"0";"2";"1";"1";"5";
"202000020043";"154 706 934";"B01";"0";"40";"0";"2";"2";"1";"3";
"202000020043";"154 706 935";"A01";"0";"1";"0";"4";"1";"1";"5";
"202000020044";"154 706 933";"A01";"1";"30";"0";"0";"7";"1";"1";
"202000020045";"154 706 932";"A01";"1";"7";"0";"1";"1";"1";"1";
"202000020046";"154 706 930";"B01";"1";"7";"0";"2";"4";"26";"1";
"202000020046";"154 706 931";"A01";"1";"1";"0";"2";"1";"1";"5";
"202000020047";"154 706 927";"A01";"1";"7";"0";"2";"1";"2";"1";
"202000020047";"154 706 928";"B01";"1";"30";"0";"2";"0";"0";"1";
"202000020047";"154 706 929";"C01";"1";"2";"0";"2";"4";"2";"1";
"202000020048";"154 706 926";"A01";"1";"7";"0";"1";"1";"15";"1";
"202000020049";"154 706 924";"A01";"3";"7";"0";"2";"8";"9";"1";
"202000020049";"154 706 925";"B01";"3";"99";"0";"2";"0";"0";"0";
"202000020050";"154 706 922";"B01";"1";"7";"0";"2";"6";"23";"1";
"202000020050";"154 706 923";"A01";"1";"2";"1";"0";"2";"2";"1";
"202000020051";"154 706 920";"A01";"1";"7";"0";"2";"2";"15";"1";
"202000020051";"154 706 921";"B01";"2";"7";"0";"2";"1";"1";"1";
"202000020052";"154 706 917";"A01";"2";"7";"0";"2";"3";"15";"1";
"202000020052";"154 706 918";"B01";"1";"7";"1";"2";"8";"21";"1";
"202000020052";"154 706 919";"C01";"1";"38";"0";"2";"1";"24";"1";"1"
"202000020053";"154 706 914";"C01";"3";"7";"0";"2";"8";"23";"1";
"202000020053";"154 706 915";"B01";"3";"33";"0";"2";"8";"3";"1";
"202000020053";"154 706 916";"A01";"3";"7";"0";"2";"3";"13";"1";
"202000020054";"154 706 912";"B01";"1";"2";"0";"2";"1";"1";"1";
"202000020054";"154 706 913";"A01";"2";"2";"0";"2";"7";"19";"1";
"202000020055";"154 706 910";"A01";"1";"7";"14";"0";"1";"1";"1";
"202000020055";"154 706 911";"B01";"1";"7";"0";"2";"4";"23";"1";
"202000020056";"154 706 908";"A01";"3";"7";"0";"2";"2";"19";"3";