"Num_Acc";"id_vehicule";"num_veh";"senc";"catv";"obs";"obsm";"choc";"manv";"motor";"occutc"
"202000021945";"154 703 608";"B01";"3";"1";"0";"2";"1";"5";"5";
"202000021946";"154 703 605";"B01";"2";"1";"0";"0";"4";"1";"5";
"202000021946";"154 703 606";"A01";"2";"7";"0";"9";"3";"14";"1";
"202000021947";"154 703 603";"B01";"2";"2";"0";"2";"8";"26";"1";
"202000021947";"154 703 604";"A01";"2";"7";"0";"2";"1";"18";"1";
"202000021948";"154 703 601";"A01";"3";"7";"0";"2";"3";"15";"1";
"202000021948";"154 703 602";"B01";"1";"2";"0";"2";"2";"1";"1";
"202000021949";"154 703 600";"A01";"2";"33";"13";"0";"0";"1";"1";
"202000021950";"154 703 599";"A01";"1";"7";"4";"0";"8";"1";"1";
"202000021951";"154 703 598";"A01";"1";"7";"3";"0";"3";"1";"1";
"202000021952";"154 703 597";"A01";"2";"7";"8";"0";"9";"14";"1";
"202000021953";"154 703 595";"A01";"1";"7";"0";"2";"1";"13";"1";
"202000021953";"154 703 596";"B01";"2";"38";"0";"2";"3";"1";"1";"1"
"202000021954";"154 703 592";"A01";"0";"7";"0";"2";"5";"19";"1";
"202000021954";"154 703 593";"B01";"0";"34";"0";"2";"5";"1";"1";
"202000021955";"154 703 590";"A01";"0";"1";"0";"0";"4";"0";"5";
"202000021955";"154 703 591";"B01";"0";"99";"0";"9";"2";"2";"0";
"202000021956";"154 703 585";"A01";"2";"7";"0";"0";"9";"1";"1";
"202000021957";"154 703 584";"A01";"3";"2";"1";"0";"1";"26";"1";
"202000021958";"154 703 582";"A01";"0";"10";"0";"2";"5";"20";"1";
"202000021958";"154 703 583";"B01";"0";"1";"0";"2";"1";"2";"5";
"202000021959";"154 703 580";"A01";"3";"7";"0";"0";"7";"16";"1";
"202000021959";"154 703 581";"B01";"0";"1";"0";"2";"1";"1";"5";
"202000021960";"154 703 578";"B01";"2";"7";"0";"9";"6";"1";"1";
"202000021960";"154 703 579";"A01";"1";"1";"0";"2";"0";"1";"5";
"202000021961";"154 703 577";"A01";"3";"7";"0";"1";"1";"15";"3";
"202000021962";"154 703 575";"B01";"0";"7";"15";"2";"1";"1";"1";
"202000021962";"154 703 576";"A01";"3";"10";"7";"0";"2";"19";"1";
"202000021963";"154 703 574";"A01";"3";"7";"8";"0";"2";"1";"1";
"202000021964";"154 703 572";"B01";"3";"7";"0";"2";"1";"15";"1";
"202000021964";"154 703 573";"A01";"3";"7";"0";"2";"1";"1";"1";
"202000021965";"154 703 570";"B01";"1";"7";"0";"2";"1";"1";"1";
"202000021965";"154 703 571";"A01";"2";"7";"0";"2";"1";"17";"1";
"202000021966";"154 703 569";"A01";"2";"7";"0";"1";"2";"1";"0";
"202000021967";"154 703 567";"A01";"2";"7";"0";"2";"3";"13";"1";
"202000021967";"154 703 568";"B01";"1";"7";"0";"2";"3";"1";"1";
"202000021968";"154 703 565";"B01";"1";"7";"0";"2";"1";"1";"1";
"202000021968";"154 703 566";"A01";"2";"7";"0";"2";"1";"15";"1";
"202000021969";"154 703 564";"A01";"3";"7";"9";"0";"8";"1";"0";
"202000021970";"154 703 562";"B01";"2";"10";"0";"2";"3";"21";"0";
"202000021970";"154 703 563";"A01";"2";"7";"0";"2";"5";"15";"0";
"202000021971";"154 703 560";"A01";"1";"7";"0";"0";"1";"2";"1";
"202000021971";"154 703 561";"B01";"1";"7";"0";"0";"4";"2";"1";
"202000021972";"154 703 557";"C01";"1";"7";"0";"2";"3";"2";"1";
"202000021972";"154 703 558";"B01";"1";"7";"0";"2";"1";"2";"1";
"202000021972";"154 703 559";"A01";"1";"7";"0";"0";"4";"1";"1";
"202000021973";"154 703 555";"B01";"1";"7";"0";"2";"6";"1";"1";
"202000021973";"154 703 556";"A01";"1";"7";"0";"2";"2";"12";"1";
"202000021974";"154 703 553";"A01";"2";"7";"0";"2";"7";"1";"1";
"202000021974";"154 703 554";"B01";"2";"32";"0";"2";"8";"3";"1";
"202000021975";"154 703 551";"A01";"1";"10";"0";"2";"1";"2";"1";
"202000021975";"154 703 552";"B01";"1";"7";"0";"2";"4";"2";"1";
"202000021976";"154 703 550";"A01";"1";"7";"5";"0";"1";"13";"1";
"202000021977";"154 703 549";"A01";"2";"7";"4";"0";"3";"13";"1";
"202000021978";"154 703 546";"C01";"1";"7";"0";"2";"4";"2";"1";
"202000021978";"154 703 547";"B01";"1";"7";"0";"2";"4";"2";"1";
"202000021978";"154 703 548";"A01";"1";"7";"0";"2";"1";"2";"1";
"202000021979";"154 703 544";"A01";"2";"7";"0";"2";"4";"1";"1";
"202000021979";"154 703 545";"B01";"2";"7";"0";"2";"1";"1";"1";
"202000021980";"154 703 542";"B01";"2";"7";"0";"2";"4";"1";"1";
"202000021980";"154 703 543";"A01";"2";"7";"0";"2";"1";"1";"1";
"202000021981";"154 703 538";"C01";"1";"7";"0";"2";"6";"2";"1";
"202000021981";"154 703 539";"D01";"1";"7";"0";"2";"4";"2";"1";
"202000021981";"154 703 540";"B01";"1";"7";"0";"2";"4";"2";"1";
"202000021981";"154 703 541";"A01";"1";"7";"0";"2";"1";"2";"1";
"202000021982";"154 703 536";"A01";"1";"33";"0";"2";"8";"1";"1";
"202000021982";"154 703 537";"B01";"1";"7";"0";"2";"7";"12";"1";
"202000021983";"154 703 534";"B01";"1";"7";"0";"2";"3";"2";"1";
"202000021983";"154 703 535";"A01";"1";"7";"0";"2";"1";"2";"1";
"202000021984";"154 703 532";"B01";"2";"10";"0";"2";"4";"1";"1";
"202000021984";"154 703 533";"A01";"2";"10";"0";"2";"1";"2";"1";
"202000021985";"154 703 530";"B01";"1";"7";"0";"2";"4";"2";"1";
"202000021985";"154 703 531";"A01";"1";"7";"0";"2";"1";"2";"1";
"202000021986";"154 703 527";"A01";"1";"7";"0";"2";"2";"2";"1";
"202000021986";"154 703 528";"B01";"2";"10";"0";"2";"1";"1";"1";
"202000021986";"154 703 529";"C01";"1";"7";"0";"2";"4";"1";"1";
"202000021987";"154 703 524";"C01";"1";"7";"0";"2";"4";"2";"1";
"202000021987";"154 703 525";"A01";"1";"32";"0";"2";"1";"2";"1";
"202000021987";"154 703 526";"B01";"1";"7";"0";"2";"1";"2";"1";
"202000021988";"154 703 522";"A01";"1";"7";"0";"2";"2";"14";"1";
"202000021988";"154 703 523";"B01";"1";"7";"0";"2";"6";"1";"1";
"202000021989";"154 703 520";"A01";"2";"7";"1";"2";"3";"2";"1";
"202000021989";"154 703 521";"B01";"2";"7";"0";"2";"5";"2";"1";
"202000021990";"154 703 517";"C01";"1";"7";"0";"2";"4";"2";"1";
"202000021990";"154 703 518";"A01";"1";"7";"0";"2";"1";"2";"1";
"202000021990";"154 703 519";"B01";"1";"7";"0";"2";"4";"2";"1";
"202000021991";"154 703 515";"Z01";"1";"10";"0";"2";"1";"1";"1";
"202000021991";"154 703 516";"B01";"1";"7";"0";"2";"4";"1";"1";
"202000021992";"154 703 514";"A01";"2";"7";"4";"0";"1";"14";"1";
"202000021993";"154 703 512";"B01";"2";"7";"0";"2";"4";"2";"1";
"202000021993";"154 703 513";"A01";"2";"7";"0";"2";"1";"2";"1";
"202000021994";"154 703 511";"A01";"2";"33";"0";"0";"9";"1";"1";
"202000021995";"154 703 509";"B01";"2";"31";"0";"2";"8";"3";"1";
"202000021995";"154 703 510";"A01";"2";"7";"0";"2";"7";"12";"1";
"202000021996";"154 703 507";"A01";"2";"33";"0";"2";"3";"3";"1";
"202000021996";"154 703 508";"B01";"2";"7";"0";"2";"5";"1";"1";
"202000021997";"154 703 506";"A01";"1";"7";"0";"1";"3";"2";"1";
"202000021998";"154 703 505";"A01";"0";"7";"0";"1";"1";"1";"0";
"202000021999";"154 703 504";"A01";"1";"7";"0";"1";"1";"15";"1";
"202000022000";"154 703 502";"B01";"1";"7";"0";"2";"8";"26";"1";
"202000022000";"154 703 503";"A01";"1";"2";"0";"2";"1";"26";"1";
"202000022001";"154 703 499";"D01";"0";"7";"0";"2";"3";"0";"1";
"202000022001";"154 703 500";"B01";"3";"7";"0";"2";"3";"1";"1";
"202000022001";"154 703 501";"A01";"3";"7";"12";"2";"1";"1";"1";
"202000022002";"154 703 497";"B01";"1";"2";"0";"2";"1";"1";"1";
"202000022002";"154 703 498";"A01";"1";"7";"0";"2";"3";"15";"1";
"202000022003";"154 703 495";"B01";"2";"32";"0";"2";"1";"1";"1";
"202000022003";"154 703 496";"A01";"1";"7";"0";"2";"3";"15";"1";
"202000022004";"154 703 494";"A01";"2";"7";"1";"0";"3";"13";"1";
"202000022005";"154 703 492";"A01";"1";"10";"0";"9";"8";"1";"1";
"202000022005";"154 703 493";"B01";"1";"50";"0";"2";"1";"19";"3";
"202000022006";"154 703 490";"A01";"1";"7";"0";"2";"5";"15";"1";
"202000022006";"154 703 491";"B01";"2";"34";"0";"2";"1";"1";"6";
"202000022007";"154 703 486";"A01";"2";"7";"0";"2";"1";"2";"1";
"202000022007";"154 703 487";"B01";"2";"7";"0";"2";"5";"1";"1";
"202000022007";"154 703 488";"C01";"2";"10";"0";"2";"1";"2";"1";
"202000022007";"154 703 489";"D01";"2";"7";"0";"2";"0";"0";"1";
"202000022008";"154 703 484";"A01";"2";"7";"0";"2";"7";"16";"1";
"202000022008";"154 703 485";"B01";"2";"0";"0";"2";"0";"0";"0";
"202000022009";"154 703 481";"C01";"2";"7";"0";"2";"8";"24";"1";
"202000022009";"154 703 482";"B01";"1";"7";"0";"2";"4";"1";"1";
"202000022009";"154 703 483";"A01";"1";"7";"0";"2";"1";"2";"1";
"202000022010";"154 703 480";"A01";"1";"31";"0";"1";"1";"1";"1";
"202000022011";"154 703 478";"A01";"2";"31";"0";"0";"2";"1";"1";
"202000022011";"154 703 479";"B01";"1";"10";"0";"0";"0";"0";"1";
"202000022012";"154 703 476";"B01";"0";"3";"0";"2";"4";"2";"3";
"202000022012";"154 703 477";"A01";"1";"7";"0";"2";"2";"2";"1";
"202000022013";"154 703 474";"B01";"3";"33";"0";"2";"7";"1";"1";
"202000022013";"154 703 475";"A01";"3";"7";"0";"2";"8";"1";"1";
"202000022014";"154 703 472";"B01";"1";"7";"0";"2";"5";"1";"1";
"202000022014";"154 703 473";"A01";"1";"7";"0";"2";"3";"1";"1";
"202000022015";"154 703 471";"A01";"3";"10";"0";"1";"4";"20";"1";
"202000022016";"154 703 468";"A01";"2";"7";"0";"1";"1";"19";"1";
"202000022017";"154 703 465";"A01";"3";"7";"0";"2";"2";"15";"1";
"202000022017";"154 703 466";"B01";"3";"7";"0";"2";"3";"1";"1";
"202000022018";"154 703 462";"C01";"2";"13";"0";"2";"1";"1";"0";
"202000022018";"154 703 463";"B01";"2";"7";"0";"2";"1";"1";"0";
"202000022018";"154 703 464";"A01";"2";"7";"0";"2";"1";"1";"0";
"202000022019";"154 703 460";"B01";"2";"7";"0";"2";"4";"2";"1";
"202000022019";"154 703 461";"A01";"2";"14";"0";"2";"1";"2";"1";
"202000022020";"154 703 459";"A01";"1";"80";"0";"0";"1";"14";"3";
"202000022021";"154 703 457";"B01";"2";"7";"0";"2";"3";"26";"1";
"202000022021";"154 703 458";"A01";"1";"7";"0";"2";"3";"13";"1";
"202000022022";"154 703 455";"A01";"1";"2";"0";"2";"2";"2";"1";
"202000022022";"154 703 456";"B01";"1";"7";"0";"2";"6";"1";"1";
"202000022023";"154 703 453";"A01";"0";"7";"0";"2";"2";"1";"1";
"202000022023";"154 703 454";"B01";"0";"7";"0";"2";"3";"15";"1";
"202000022024";"154 703 452";"A01";"0";"7";"0";"1";"1";"1";"1";
"202000022025";"154 703 450";"A01";"0";"7";"0";"2";"1";"13";"1";
"202000022025";"154 703 451";"B01";"0";"7";"0";"2";"3";"1";"1";
"202000022026";"154 703 449";"A01";"1";"7";"0";"1";"2";"26";"1";
"202000022027";"154 703 447";"B01";"1";"33";"9";"0";"1";"1";"1";
"202000022027";"154 703 448";"A01";"2";"7";"9";"2";"3";"15";"1";
"202000022028";"154 703 446";"A01";"3";"37";"0";"1";"7";"1";"1";"1"
"202000022029";"154 703 445";"A01";"1";"7";"0";"1";"1";"17";"1";
"202000022030";"154 703 444";"A01";"3";"30";"0";"0";"0";"0";"1";
"202000022031";"154 703 443";"A01";"1";"7";"0";"1";"2";"1";"1";
"202000022032";"154 703 441";"A01";"3";"7";"0";"2";"3";"1";"1";
"202000022032";"154 703 442";"B01";"3";"7";"0";"2";"0";"0";"1";
"202000022033";"154 703 439";"A01";"1";"10";"0";"2";"3";"9";"1";
"202000022033";"154 703 440";"B01";"1";"36";"1";"2";"7";"2";"1";
"202000022034";"154 703 437";"A01";"1";"7";"0";"2";"3";"15";"1";
"202000022034";"154 703 438";"B01";"2";"34";"0";"2";"3";"1";"1";
"202000022035";"154 703 435";"A01";"0";"7";"0";"2";"1";"9";"1";
"202000022035";"154 703 436";"B01";"0";"7";"0";"2";"7";"1";"1";
"202000022036";"154 703 433";"A01";"2";"7";"0";"2";"2";"15";"1";
"202000022036";"154 703 434";"B01";"1";"7";"0";"2";"3";"1";"1";
"202000022037";"154 703 431";"A01";"1";"1";"0";"2";"1";"1";"5";
"202000022037";"154 703 432";"B01";"2";"7";"0";"2";"3";"1";"1";
"202000022038";"154 703 429";"A01";"2";"30";"0";"2";"1";"19";"1";
"202000022038";"154 703 430";"B01";"2";"7";"0";"2";"8";"1";"1";
"202000022039";"154 703 428";"A01";"3";"33";"0";"0";"7";"1";"1";
"202000022040";"154 703 426";"B01";"1";"33";"0";"2";"3";"1";"1";
"202000022040";"154 703 427";"A01";"1";"7";"0";"2";"6";"11";"1";
"202000022041";"154 703 424";"B01";"2";"7";"0";"2";"1";"1";"0";
"202000022041";"154 703 425";"A01";"1";"7";"15";"2";"7";"15";"1";
"202000022042";"154 703 423";"A01";"1";"7";"0";"1";"2";"1";"1";
"202000022043";"154 703 421";"B01";"1";"1";"0";"2";"1";"19";"0";
"202000022043";"154 703 422";"A01";"1";"7";"0";"2";"3";"16";"1";
"202000022044";"154 703 419";"A01";"2";"7";"0";"2";"2";"1";"1";
"202000022044";"154 703 420";"B01";"2";"1";"0";"2";"8";"9";"5";
"202000022045";"154 703 417";"B01";"1";"1";"0";"2";"8";"15";"5";
"202000022045";"154 703 418";"A01";"1";"7";"0";"2";"7";"17";"1";
"202000022046";"154 703 416";"Z01";"1";"7";"0";"1";"4";"4";"1";
"202000022047";"154 703 414";"B01";"1";"7";"0";"2";"4";"2";"1";
"202000022047";"154 703 415";"A01";"1";"7";"0";"2";"1";"2";"1";
"202000022048";"154 703 413";"A01";"1";"7";"0";"1";"1";"20";"1";
"202000022049";"154 703 411";"A01";"1";"7";"0";"2";"8";"15";"1";
"202000022049";"154 703 412";"B01";"2";"2";"0";"2";"1";"1";"1";
"202000022050";"154 703 410";"A01";"3";"7";"7";"0";"2";"26";"1";
"202000022051";"154 703 409";"A01";"3";"7";"0";"1";"3";"1";"1";
"202000022052";"154 703 408";"A01";"3";"7";"0";"1";"3";"1";"1";
"202000022053";"154 703 406";"B01";"1";"7";"0";"2";"1";"1";"1";
"202000022053";"154 703 407";"A01";"1";"7";"0";"2";"1";"1";"1";
"202000022054";"154 703 404";"A01";"1";"7";"0";"2";"0";"0";"1";
"202000022054";"154 703 405";"B01";"1";"7";"0";"2";"0";"0";"1";
"202000022055";"154 703 402";"B01";"0";"7";"0";"2";"0";"0";"1";
"202000022055";"154 703 403";"A01";"1";"1";"0";"2";"0";"1";"5";
"202000022056";"154 703 401";"A01";"1";"30";"0";"0";"0";"1";"1";
"202000022057";"154 703 399";"A01";"1";"7";"0";"2";"6";"13";"1";
"202000022057";"154 703 400";"B01";"2";"7";"0";"2";"1";"1";"1";
"202000022058";"154 703 396";"A01";"1";"7";"0";"1";"1";"1";"1";
"202000022059";"154 703 394";"B01";"2";"7";"0";"2";"0";"0";"1";
"202000022059";"154 703 395";"A01";"2";"7";"0";"2";"3";"26";"6";
"202000022060";"154 703 392";"B01";"3";"1";"0";"9";"1";"0";"5";
"202000022060";"154 703 393";"A01";"3";"1";"0";"9";"1";"17";"5";
"202000022061";"154 703 390";"A01";"1";"31";"0";"2";"3";"7";"1";
"202000022061";"154 703 391";"B01";"1";"7";"0";"2";"2";"16";"1";
"202000022062";"154 703 388";"B01";"3";"7";"0";"2";"8";"1";"1";
"202000022062";"154 703 389";"A01";"3";"15";"0";"2";"2";"12";"1";
"202000022063";"154 703 386";"A01";"3";"33";"0";"2";"0";"17";"1";
"202000022063";"154 703 387";"B01";"3";"7";"0";"2";"1";"1";"1";
"202000022064";"154 703 384";"B01";"1";"31";"0";"2";"1";"1";"1";
"202000022064";"154 703 385";"A01";"2";"7";"0";"2";"2";"1";"1";
"202000022065";"154 703 382";"A01";"3";"7";"0";"2";"1";"2";"1";
"202000022065";"154 703 383";"B01";"3";"7";"0";"2";"4";"2";"1";
"202000022066";"154 703 381";"A01";"1";"7";"1";"0";"2";"1";"1";
"202000022067";"154 703 380";"A01";"1";"7";"0";"1";"1";"1";"1";
"202000022068";"154 703 378";"B01";"1";"7";"0";"0";"0";"0";"0";
"202000022068";"154 703 379";"A01";"1";"7";"0";"2";"3";"1";"0";
"202000022069";"154 703 377";"A01";"2";"7";"0";"1";"1";"26";"1";
"202000022070";"154 703 375";"B01";"0";"34";"0";"2";"1";"1";"1";
"202000022070";"154 703 376";"A01";"0";"31";"0";"2";"4";"16";"1";
"202000022071";"154 703 373";"B01";"0";"1";"0";"2";"8";"19";"5";
"202000022071";"154 703 374";"A01";"1";"7";"0";"2";"2";"1";"1";
"202000022072";"154 703 371";"A01";"2";"7";"0";"2";"7";"14";"1";
"202000022072";"154 703 372";"B01";"2";"32";"0";"2";"1";"1";"1";
"202000022073";"154 703 370";"A01";"0";"10";"0";"1";"3";"1";"1";
"202000022074";"154 703 368";"A01";"3";"7";"0";"9";"2";"1";"1";
"202000022074";"154 703 369";"B01";"3";"1";"0";"2";"1";"0";"5";
"202000022075";"154 703 366";"A01";"1";"7";"0";"2";"3";"22";"1";
"202000022075";"154 703 367";"B01";"1";"1";"0";"2";"3";"1";"5";
"202000022076";"154 703 364";"A01";"0";"7";"0";"2";"7";"19";"1";
"202000022076";"154 703 365";"B01";"2";"1";"0";"2";"1";"1";"5";
"202000022077";"154 703 363";"A01";"2";"33";"0";"9";"3";"1";"1";
"202000022078";"154 703 360";"A01";"0";"10";"0";"1";"1";"1";"1";
"202000022078";"154 703 361";"C01";"2";"7";"0";"1";"3";"1";"1";
"202000022078";"154 703 362";"B01";"2";"7";"0";"1";"8";"1";"1";
"202000022079";"154 703 358";"A01";"1";"7";"0";"2";"1";"13";"2";
"202000022079";"154 703 359";"B01";"2";"7";"0";"2";"2";"1";"1";
"202000022080";"154 703 356";"A01";"1";"7";"0";"2";"2";"17";"1";
"202000022080";"154 703 357";"B01";"1";"14";"0";"2";"6";"0";"1";
"202000022081";"154 703 354";"A01";"1";"7";"0";"2";"1";"1";"1";
"202000022081";"154 703 355";"B01";"1";"7";"0";"2";"4";"1";"1";
"202000022082";"154 703 353";"A01";"3";"7";"12";"0";"2";"13";"1";
"202000022083";"154 703 351";"A01";"2";"7";"0";"2";"1";"1";"1";
"202000022083";"154 703 352";"B01";"1";"33";"0";"2";"7";"1";"1";
"202000022084";"154 703 349";"B01";"2";"7";"0";"2";"1";"0";"1";
"202000022084";"154 703 350";"A01";"2";"7";"0";"2";"3";"0";"1";
"202000022085";"154 703 346";"A01";"1";"33";"0";"2";"7";"15";"1";
"202000022085";"154 703 347";"B01";"2";"7";"0";"2";"1";"1";"1";
"202000022086";"154 703 344";"B01";"2";"50";"0";"2";"2";"19";"3";
"202000022086";"154 703 345";"A01";"2";"7";"0";"2";"3";"2";"0";
"202000022087";"154 703 342";"A01";"3";"10";"0";"2";"3";"9";"3";
"202000022087";"154 703 343";"B01";"1";"31";"0";"2";"8";"1";"1";
"202000022088";"154 703 340";"A01";"3";"7";"1";"2";"3";"15";"1";
"202000022088";"154 703 341";"B01";"3";"1";"1";"0";"2";"1";"5";
"202000022089";"154 703 338";"A01";"3";"7";"0";"2";"1";"9";"1";
"202000022089";"154 703 339";"B01";"1";"2";"0";"2";"7";"1";"1";
"202000022090";"154 703 337";"A01";"1";"7";"0";"1";"4";"4";"1";
"202000022091";"154 703 335";"A01";"1";"10";"0";"2";"3";"15";"1";
"202000022091";"154 703 336";"B01";"1";"10";"0";"2";"1";"1";"1";
"202000022092";"154 703 334";"A01";"1";"7";"0";"1";"0";"15";"1";
"202000022093";"154 703 333";"A01";"2";"7";"0";"1";"1";"1";"0";
"202000022094";"154 703 331";"A01";"1";"7";"0";"2";"1";"9";"1";
"202000022094";"154 703 332";"B01";"1";"32";"0";"1";"4";"2";"1";
"202000022095";"154 703 329";"A01";"0";"1";"0";"2";"1";"19";"0";
"202000022095";"154 703 330";"B01";"3";"7";"0";"2";"7";"1";"1";
"202000022096";"154 703 327";"A01";"2";"7";"0";"2";"3";"16";"1";
"202000022096";"154 703 328";"B01";"3";"1";"0";"2";"5";"1";"5";
"202000022097";"154 703 325";"A01";"1";"1";"0";"2";"8";"11";"5";
"202000022097";"154 703 326";"B01";"1";"7";"0";"2";"1";"1";"1";
"202000022098";"154 703 323";"B01";"1";"2";"0";"2";"6";"2";"1";
"202000022098";"154 703 324";"A01";"1";"2";"0";"2";"2";"17";"1";
"202000022099";"154 703 322";"A01";"1";"30";"0";"1";"1";"18";"1";
"202000022100";"154 703 320";"B01";"1";"10";"0";"2";"4";"2";"3";
"202000022100";"154 703 321";"A01";"1";"33";"0";"2";"1";"1";"1";
"202000022101";"154 703 318";"A01";"2";"7";"0";"2";"5";"22";"1";
"202000022101";"154 703 319";"B01";"2";"1";"0";"2";"1";"18";"5";
"202000022102";"154 703 316";"B01";"1";"1";"0";"2";"0";"1";"5";
"202000022102";"154 703 317";"A01";"1";"1";"0";"2";"0";"1";"5";
"202000022103";"154 703 314";"B01";"2";"32";"0";"2";"2";"17";"1";
"202000022103";"154 703 315";"A01";"2";"7";"0";"2";"3";"15";"1";
"202000022104";"154 703 312";"B01";"1";"50";"0";"2";"5";"23";"3";
"202000022104";"154 703 313";"A01";"1";"10";"0";"2";"8";"1";"1";
"202000022105";"154 703 310";"B01";"1";"7";"0";"2";"3";"15";"1";
"202000022105";"154 703 311";"A01";"2";"30";"0";"2";"2";"17";"1";
"202000022106";"154 703 308";"A01";"2";"10";"0";"2";"2";"16";"1";
"202000022106";"154 703 309";"B01";"1";"1";"0";"2";"3";"1";"5";
"202000022107";"154 703 306";"A01";"1";"10";"0";"2";"1";"1";"1";
"202000022107";"154 703 307";"B01";"1";"7";"0";"2";"4";"23";"1";
"202000022108";"154 703 302";"A01";"2";"7";"0";"2";"1";"15";"1";
"202000022108";"154 703 303";"B01";"1";"32";"0";"2";"0";"1";"1";
"202000022109";"154 703 300";"B01";"2";"7";"0";"2";"7";"1";"1";
"202000022109";"154 703 301";"A01";"2";"1";"0";"2";"1";"19";"5";
"202000022110";"154 703 299";"A01";"1";"32";"0";"1";"1";"1";"1";
"202000022111";"154 703 297";"A01";"2";"7";"0";"2";"5";"22";"1";
"202000022111";"154 703 298";"B01";"2";"1";"0";"2";"3";"18";"5";
"202000022112";"154 703 296";"A01";"3";"7";"7";"0";"3";"15";"2";
"202000022113";"154 703 295";"Z01";"1";"7";"0";"1";"2";"16";"0";
"202000022114";"154 703 293";"B01";"1";"30";"0";"2";"7";"1";"3";
"202000022114";"154 703 294";"A01";"1";"50";"0";"2";"1";"19";"3";
"202000022115";"154 703 291";"B01";"1";"14";"0";"2";"0";"16";"1";
"202000022115";"154 703 292";"A01";"1";"7";"0";"2";"3";"18";"1";
"202000022116";"154 703 290";"A01";"1";"7";"0";"1";"3";"7";"2";
"202000022117";"154 703 288";"A01";"2";"80";"0";"2";"1";"1";"3";
"202000022117";"154 703 289";"B01";"2";"10";"0";"2";"3";"1";"1";
"202000022118";"154 703 287";"A01";"1";"1";"0";"0";"1";"1";"5";
"202000022119";"154 703 286";"A01";"1";"31";"0";"1";"1";"18";"1";
"202000022120";"154 703 285";"A01";"1";"7";"0";"1";"1";"16";"1";
"202000022121";"154 703 282";"C01";"1";"7";"0";"2";"4";"1";"0";
"202000022121";"154 703 283";"A01";"1";"7";"0";"2";"1";"2";"0";
"202000022121";"154 703 284";"B01";"3";"7";"0";"2";"4";"1";"0";
"202000022122";"154 703 280";"A01";" -1";"7";"0";"2";"4";"23";"0";
"202000022122";"154 703 281";"B01";" -1";"15";"0";"2";"1";"0";"0";
"202000022123";"154 703 277";"C01";" -1";"32";"0";"2";"3";"1";"1";
"202000022123";"154 703 278";"B01";"1";"32";"0";"2";"3";"1";"1";
"202000022123";"154 703 279";"A01";" -1";"7";"0";"0";"0";"0";"0";
"202000022124";"154 703 275";"A01";"1";"30";"0";"2";"1";"1";"0";
"202000022124";"154 703 276";"B01";"1";"1";"0";"2";"8";"1";"0";
"202000022125";"154 703 274";"A01";"2";"30";"0";"1";"1";"26";"1";
"202000022126";"154 703 271";"A01";"0";"7";"0";"2";"3";"1";"0";
"202000022126";"154 703 272";"Y01";"0";"60";"0";"2";"0";"0";"5";
"202000022127";"154 703 270";"A01";"0";"34";"0";"1";"1";"26";"1";
"202000022128";"154 703 269";"A01";"2";"1";"8";"0";"2";"14";"5";
"202000022129";"154 703 267";"A01";"2";"99";"1";"2";"1";"14";"0";
"202000022129";"154 703 268";"B01";"1";"31";"0";"2";"1";"1";"0";
"202000022130";"154 703 265";"A01";"2";"7";"0";"2";"2";"1";"1";
"202000022130";"154 703 266";"B01";"2";"1";"0";"0";"3";"1";"0";
"202000022131";"154 703 262";"B01";"0";"7";"0";"2";"2";"2";"1";
"202000022131";"154 703 263";"A01";"0";"7";"0";"2";"3";"10";"1";
"202000022132";"154 703 261";"A01";"2";"10";"0";"1";"3";"15";"1";
"202000022133";"154 703 259";"B01";"1";"7";"0";"2";"3";"1";"1";
"202000022133";"154 703 260";"A01";"2";"32";"0";"2";"8";"1";"1";
"202000022134";"154 703 258";"Z01";"2";"10";"0";"1";"4";"4";"0";
"202000022135";"154 703 256";"B01";"2";"1";"0";"2";"1";"1";"5";
"202000022135";"154 703 257";"A01";"2";"7";"0";"2";"8";"22";"1";
"202000022136";"154 703 254";"B01";"2";"10";"0";"2";"1";"9";"1";
"202000022136";"154 703 255";"A01";"2";"2";"0";"2";"7";"1";"1";
"202000022137";"154 703 253";"A01";"3";"37";"0";"1";"1";"1";"0";"1"
"202000022138";"154 703 251";"B01";"2";"33";"0";"2";"1";"1";"1";
"202000022138";"154 703 252";"A01";"1";"7";"0";"2";"1";"15";"1";
"202000022139";"154 703 250";"A01";"1";"33";"15";"0";"1";"14";"1";
"202000022140";"154 703 249";"A01";"2";"7";"0";"1";"2";"1";"0";
"202000022141";"154 703 247";"B01";"2";"1";"0";"0";"4";"2";"5";
"202000022141";"154 703 248";"A01";"2";"10";"0";"1";"1";"2";"1";
"202000022142";"154 703 245";"B01";"2";"14";"0";"2";"3";"1";"1";
"202000022142";"154 703 246";"A01";"1";"7";"0";"2";"1";"5";"6";
"202000022143";"154 703 244";"A01";"1";"10";"6";"0";"1";"1";"1";
"202000022144";"154 703 241";"A01";"0";"7";"0";"2";"2";"15";"0";
"202000022144";"154 703 242";"B01";"2";"33";"1";"2";"3";"1";"0";
"202000022144";"154 703 243";"D01";"1";"7";"0";"2";"8";"1";"0";
"202000022145";"154 703 240";"A01";"3";"7";"5";"0";"1";"0";"1";
"202000022146";"154 703 236";"A01";"2";"10";"0";"0";"3";"15";"1";
"202000022146";"154 703 237";"B01";"1";"7";"0";"0";"3";"1";"1";
"202000022147";"154 703 234";"B01";"3";"33";"0";"0";"9";"26";"1";