"Num_Acc";"id_vehicule";"num_veh";"senc";"catv";"obs";"obsm";"choc";"manv";"motor";"occutc"
"202000022147";"154 703 235";"A01";"0";"33";"0";"0";"9";"19";"1";
"202000022148";"154 703 233";"A01";"3";"7";"0";"1";"4";"4";"1";
"202000022149";"154 703 232";"A01";"2";"7";"0";"0";"9";"0";"6";
"202000022150";"154 703 230";"B01";"3";"14";"0";"2";"8";"1";"1";
"202000022150";"154 703 231";"A01";"3";"1";"0";"2";"3";"13";"5";
"202000022151";"154 703 228";"B01";"1";"14";"0";"2";"2";"24";"1";
"202000022151";"154 703 229";"A01";"2";"7";"1";"0";"2";"1";"1";
"202000022152";"154 703 226";"B01";"1";"7";"8";"0";"4";"2";"1";
"202000022152";"154 703 227";"A01";"1";"10";"0";"2";"1";"2";"1";
"202000022153";"154 703 224";"A01";"2";"33";"0";"9";"1";"1";"1";
"202000022153";"154 703 225";"B01";"2";"1";"0";"0";"8";"15";"5";
"202000022154";"154 703 221";"A01";"1";"33";"0";"0";"7";"1";"1";
"202000022155";"154 703 220";"A01";"1";"2";"8";"0";"7";"14";"1";
"202000022156";"154 703 218";"A01";"3";"7";"0";"0";"0";"1";"1";
"202000022156";"154 703 219";"B01";"3";"14";"0";"0";"0";"1";"1";
"202000022157";"154 703 216";"B01";"1";"7";"0";"2";"1";"1";"1";
"202000022157";"154 703 217";"A01";"2";"10";"0";"2";"1";"5";"1";
"202000022158";"154 703 214";"A01";"2";"17";"0";"2";"8";"1";"1";
"202000022158";"154 703 215";"B01";"1";"17";"0";"2";"1";"1";"1";
"202000022159";"154 703 213";"A01";"3";"7";"0";"1";"3";"1";"1";
"202000022160";"154 703 212";"A01";"1";"7";"13";"0";"1";"1";"0";
"202000022161";"154 703 211";"A01";"3";"1";"14";"0";"1";"1";"5";
"202000022162";"154 703 209";"B01";"1";"10";"0";"2";"2";"16";"1";
"202000022162";"154 703 210";"A01";"1";"30";"0";"2";"1";"1";"1";
"202000022163";"154 703 207";"A01";"1";"32";"0";"2";"4";"2";"1";
"202000022163";"154 703 208";"B01";"0";"7";"0";"2";"4";"15";"1";
"202000022164";"154 703 205";"B01";"1";"34";"0";"2";"1";"1";"1";
"202000022164";"154 703 206";"A01";"2";"7";"0";"2";"2";"15";"1";
"202000022165";"154 703 204";"A01";"1";"7";"15";"0";"1";"21";"1";
"202000022166";"154 703 202";"B01";"3";"32";"0";"2";"2";"15";"0";
"202000022166";"154 703 203";"A01";"3";"7";"0";"2";"3";"1";"6";
"202000022167";"154 703 200";"B01";"1";"7";"0";"2";"8";"15";"1";
"202000022167";"154 703 201";"A01";"1";"30";"0";"2";"0";"0";"1";
"202000022168";"154 703 199";"A01";"3";"7";"0";"1";"4";"26";"1";
"202000022169";"154 703 197";"A01";"3";"7";"0";"2";"3";"1";"1";
"202000022169";"154 703 198";"B01";"3";"7";"0";"1";"7";"1";"1";
"202000022170";"154 703 196";"A01";"2";"7";"0";"1";"1";"1";"1";
"202000022171";"154 703 195";"A01";"3";"50";"12";"0";"1";"26";"3";
"202000022172";"154 703 193";"A01";"1";"10";"0";"2";"1";"26";"1";
"202000022172";"154 703 194";"B01";"2";"7";"0";"2";"1";"26";"1";
"202000022173";"154 703 192";"A01";"3";"10";"0";"1";"4";"26";"1";
"202000022174";"154 703 191";"A01";"3";"7";"15";"0";"1";"9";"1";
"202000022175";"154 703 189";"B01";"2";"7";"0";"0";"0";"0";"1";
"202000022175";"154 703 190";"A01";"2";"10";"0";"2";"2";"14";"1";
"202000022176";"154 703 188";"B01";"2";"7";"0";"1";"2";"16";"1";
"202000022177";"154 703 186";"A01";"2";"30";"0";"2";"1";"19";"1";
"202000022177";"154 703 187";"B01";"1";"30";"0";"2";"0";"19";"1";
"202000022178";"154 703 185";"A01";"1";"31";"0";"0";"2";"1";"1";
"202000022179";"154 703 184";"A01";"0";"7";"6";"0";"1";"1";"1";
"202000022180";"154 703 182";"A01";"2";"50";"0";"2";"1";"1";"3";
"202000022180";"154 703 183";"B01";"1";"7";"0";"2";"8";"22";"2";
"202000022181";"154 703 181";"A01";"1";"7";"0";"1";"7";"16";"1";
"202000022182";"154 703 180";"A01";"2";"30";"12";"0";"2";"16";"1";
"202000022183";"154 703 178";"B01";"1";"7";"0";"2";"1";"1";"1";
"202000022183";"154 703 179";"A01";"3";"7";"13";"2";"7";"1";"1";
"202000022184";"154 703 177";"A01";"3";"7";"7";"0";"3";"2";"0";
"202000022185";"154 703 176";"A01";"1";"33";"8";"0";"1";"0";"1";
"202000022186";"154 703 175";"A01";"2";"33";"0";"0";"0";"1";"1";
"202000022187";"154 703 173";"D01";"1";"7";" -1";"2";"2";"19";"1";
"202000022187";"154 703 174";"B01";"1";"33";"0";"2";"3";"1";"1";
"202000022188";"154 703 172";"A01";"3";"21";"0";"0";"0";"10";"1";
"202000022189";"154 703 170";"A01";"2";"60";"0";"0";"9";"1";"5";
"202000022190";"154 703 169";"A01";"3";"2";"0";"1";"1";"21";"1";
"202000022191";"154 703 168";"A01";"2";"7";"2";"0";"3";"1";"1";
"202000022192";"154 703 166";"B01";"2";"50";"0";"0";"8";"1";"3";
"202000022192";"154 703 167";"A01";"1";"7";"0";"2";"3";"1";"1";
"202000022193";"154 703 165";"A01";"2";"7";"6";"0";"3";"1";"1";
"202000022194";"154 703 162";"A01";"2";"7";"13";"0";"1";"2";"0";
"202000022195";"154 703 160";"B01";"1";"32";"0";"2";"2";"1";"1";
"202000022195";"154 703 161";"A01";"1";"10";"0";"2";"1";"9";"1";
"202000022196";"154 703 159";"A01";"2";"7";"0";"0";"0";"26";"1";
"202000022197";"154 703 158";"A01";"1";"34";"4";"0";"1";"1";"0";
"202000022198";"154 703 155";"C01";"2";"7";"0";"2";"7";"21";"1";
"202000022198";"154 703 156";"B01";"2";"7";"0";"2";"4";"2";"1";
"202000022198";"154 703 157";"A01";"2";"7";"0";"2";"1";"2";"1";
"202000022199";"154 703 151";"D01";"2";"7";"0";"2";"4";"2";"2";
"202000022199";"154 703 152";"C01";"2";"7";"0";"2";"1";"2";"1";
"202000022199";"154 703 153";"B01";"2";"10";"0";"2";"1";"2";"1";
"202000022199";"154 703 154";"A01";"2";"7";"0";"2";"1";"2";"1";
"202000022200";"154 703 150";"A01";"1";"43";"0";"0";"9";"11";"1";
"202000022201";"154 703 148";"B01";"1";"1";"0";"2";"4";"1";"0";
"202000022201";"154 703 149";"A01";"0";"7";"0";"9";"1";"16";"0";
"202000022202";"154 703 146";"B01";"3";"20";"14";"0";"6";"1";"1";
"202000022202";"154 703 147";"A01";"3";"99";"0";"2";"2";"17";"5";
"202000022203";"154 703 144";"B01";"2";"80";"0";"2";"1";"1";"3";
"202000022203";"154 703 145";"A01";"1";"7";"0";"2";"1";"15";"0";
"202000022204";"154 703 142";"A01";"1";"7";"0";"2";"8";"13";"1";
"202000022204";"154 703 143";"B01";"1";"7";"0";"2";"7";"17";"1";
"202000022205";"154 703 141";"A01";"2";"2";"12";"0";"8";"1";"1";
"202000022206";"154 703 140";"A01";"1";"7";"0";"1";"3";"15";"1";
"202000022207";"154 703 139";"A01";"2";"10";"1";"1";"3";"1";"0";
"202000022208";"154 703 137";"B01";"2";"7";"0";"2";"3";"15";"1";
"202000022208";"154 703 138";"A01";"1";"31";"0";"2";"1";"1";"1";
"202000022209";"154 703 135";"A01";"1";"7";"0";"2";"2";"1";"6";
"202000022209";"154 703 136";"B01";"1";"7";"0";"0";"6";"10";"6";
"202000022210";"154 703 134";"A01";"2";"7";"1";"0";"2";"14";"1";
"202000022211";"154 703 133";"A01";"3";"7";"0";"1";"3";"15";"1";
"202000022212";"154 703 131";"B01";"2";"7";"0";"2";"2";"1";"1";
"202000022212";"154 703 132";"A01";"1";"7";"7";"2";"1";"9";"1";
"202000022213";"154 703 129";"B01";"2";"15";"0";"2";"1";"1";"1";
"202000022213";"154 703 130";"A01";"1";"7";"0";"2";"1";"17";"1";
"202000022214";"154 703 127";"A01";"1";"7";"0";"2";"3";"17";"1";
"202000022214";"154 703 128";"B01";"2";"33";"0";"2";"1";"1";"1";
"202000022215";"154 703 126";"Z01";"1";"37";"0";"1";"7";"1";"0";"0"
"202000022216";"154 703 124";"A01";"2";"1";"0";"2";"1";"1";"5";
"202000022216";"154 703 125";"B01";"1";"7";"0";"2";"2";"1";"1";
"202000022217";"154 703 123";"A01";"1";"7";"0";"1";"3";"1";"1";
"202000022218";"154 703 122";"A01";"2";"1";"0";"0";"0";"1";"5";
"202000022219";"154 703 120";"B01";"1";"7";"0";"2";"1";"16";"1";
"202000022219";"154 703 121";"A01";"3";"7";"0";"2";"2";"1";"1";
"202000022220";"154 703 118";"A01";"1";"7";"0";"2";"2";"1";"1";
"202000022220";"154 703 119";"B01";"1";"10";"0";"2";"4";"23";"3";
"202000022221";"154 703 116";"A01";"2";"7";"0";"2";"2";"10";"1";
"202000022221";"154 703 117";"B01";"1";"33";"0";"2";"8";"1";"1";
"202000022222";"154 703 115";"A01";"2";"2";"0";"0";"0";"21";"1";
"202000022223";"154 703 114";"A01";"1";"10";"0";"1";"0";"4";"1";
"202000022224";"154 703 112";"A01";"1";"30";"0";"2";"3";"15";"1";
"202000022224";"154 703 113";"B01";"1";"1";"0";"2";"1";"1";"5";
"202000022225";"154 703 111";"A01";"1";"7";"0";"1";"1";"15";"1";
"202000022226";"154 703 109";"B01";"1";"7";"0";"0";"0";"15";"1";
"202000022226";"154 703 110";"A01";"1";"30";"0";"2";"7";"21";"1";
"202000022227";"154 703 108";"A01";"3";"33";"0";"1";"3";"19";"1";
"202000022228";"154 703 107";"A01";"1";"2";"0";"9";"1";"1";"1";
"202000022229";"154 703 106";"A01";"1";"7";"0";"0";"0";"1";"1";
"202000022230";"154 703 104";"A01";"2";"10";"0";"0";"3";"15";"1";
"202000022230";"154 703 105";"B01";"2";"30";"0";"2";"3";"1";"1";
"202000022231";"154 703 101";"C01";"2";"33";"15";"2";"8";"1";"0";
"202000022231";"154 703 102";"A01";"1";"7";"0";"2";"2";"1";"0";
"202000022231";"154 703 103";"B01";"1";"7";"0";"2";"6";"1";"0";
"202000022232";"154 703 100";"A01";"1";"2";"6";"0";"1";"1";"1";
"202000022233";"154 703 098";"A01";"3";"7";"0";"2";"7";"19";"1";
"202000022233";"154 703 099";"B01";"2";"33";"0";"2";"1";"1";"1";
"202000022234";"154 703 096";"A01";"2";"21";"0";"2";"3";"9";"1";
"202000022234";"154 703 097";"B01";"2";"2";"0";"2";"1";"1";"1";
"202000022235";"154 703 094";"B01";"3";"10";"0";"2";"1";"1";"1";
"202000022235";"154 703 095";"A01";"3";"7";"0";"2";"1";"1";"1";
"202000022236";"154 703 093";"A01";"1";"80";"0";"0";"0";"1";"3";
"202000022237";"154 703 092";"A01";"2";"33";"2";"0";"1";"14";"1";
"202000022238";"154 703 090";"A01";"1";"2";"0";"2";"1";"15";"1";
"202000022238";"154 703 091";"B01";"2";"7";"0";"2";"3";"1";"1";
"202000022239";"154 703 089";"A01";"2";"7";"13";"0";"1";"1";"1";
"202000022240";"154 703 088";"A01";"2";"17";"3";"0";"2";"14";"1";
"202000022241";"154 703 085";"C01";"1";"7";"0";"0";"4";"23";"1";
"202000022241";"154 703 086";"A01";"1";"17";"0";"2";"1";"1";"1";
"202000022241";"154 703 087";"B01";"1";"17";"0";"2";"4";"23";"1";
"202000022242";"154 703 084";"A01";"1";"7";"3";"0";"3";"0";"1";
"202000022243";"154 703 082";"B01";"1";"15";"0";"2";"3";"1";"1";
"202000022243";"154 703 083";"A01";"2";"10";"0";"2";"3";"13";"1";
"202000022244";"154 703 081";"A01";"0";"10";"2";"0";"8";"14";"1";
"202000022245";"154 703 080";"A01";"1";"7";"2";"0";"1";"1";"1";
"202000022246";"154 703 077";"B01";"1";"33";"0";"2";"1";"17";"1";
"202000022246";"154 703 078";"A01";"1";"7";"0";"2";"6";"15";"1";
"202000022246";"154 703 079";"C01";"1";"7";"0";"0";"0";"1";"1";
"202000022247";"154 703 076";"A01";"1";"7";"13";"0";"1";"1";"1";
"202000022248";"154 703 072";"B01";"1";"33";"0";"2";"1";"1";"0";
"202000022248";"154 703 073";"A01";"1";"7";"0";"2";"8";"20";"0";
"202000022249";"154 703 071";"A01";"2";"10";"4";"0";"1";"1";"1";
"202000022250";"154 703 070";"A01";"2";"33";"0";"0";"7";"1";"1";
"202000022251";"154 703 069";"A01";"2";"10";"0";"5";"1";"14";"0";
"202000022252";"154 703 067";"A01";"2";"10";"0";"2";"1";"2";"1";
"202000022252";"154 703 068";"B01";"2";"7";"0";"2";"4";"24";"1";
"202000022253";"154 703 066";"A01";"2";"7";"4";"0";"1";"21";"1";
"202000022254";"154 703 063";"B01";"2";"7";"0";"2";"5";"23";"1";
"202000022254";"154 703 064";"A01";"2";"7";"1";"2";"3";"21";"1";
"202000022254";"154 703 065";"C01";"2";"10";"0";"2";"6";"1";"1";
"202000022255";"154 703 062";"A01";"1";"33";"4";"0";"1";"1";"1";
"202000022256";"154 703 061";"A01";"2";"7";"0";"1";"1";"17";"1";
"202000022257";"154 703 060";"A01";"2";"7";"0";"1";"1";"1";"1";
"202000022258";"154 703 058";"A01";"2";"7";"0";"0";"3";"1";"1";
"202000022258";"154 703 059";"B01";"2";"2";"0";"0";"3";"0";"1";
"202000022259";"154 703 056";"A01";"2";"10";"0";"2";"1";"1";"1";
"202000022259";"154 703 057";"B01";"2";"7";"0";"2";"4";"1";"1";
"202000022260";"154 703 055";"A01";"2";"7";"2";"0";"1";"1";"1";
"202000022261";"154 703 054";"A01";"1";"7";"15";"0";"3";"13";"1";
"202000022262";"154 703 052";"A01";"1";"7";"0";"2";"3";"9";"1";
"202000022262";"154 703 053";"B01";"1";"33";"0";"2";"1";"1";"1";
"202000022263";"154 703 050";"A01";"1";"30";"0";"2";"3";"5";"1";
"202000022263";"154 703 051";"B01";"2";"10";"0";"2";"3";"1";"1";
"202000022264";"154 703 049";"A01";"3";"7";"3";"0";"9";"13";"1";
"202000022265";"154 703 048";"A01";"1";"7";"6";"0";"3";"13";"1";
"202000022266";"154 703 046";"A01";"2";"7";"0";"2";"1";"0";"1";
"202000022266";"154 703 047";"B01";"3";"7";"0";"2";"1";"26";"0";
"202000022267";"154 703 044";"A01";"1";"7";"0";"2";"1";"1";"1";
"202000022267";"154 703 045";"B01";"0";"7";"0";"2";"8";"1";"1";
"202000022268";"154 703 043";"A01";"2";"7";"2";"0";"1";"13";"1";
"202000022269";"154 703 041";"B01";"2";"10";"0";"2";"1";"1";"1";
"202000022269";"154 703 042";"A01";"2";"7";"8";"2";"0";"10";"1";
"202000022270";"154 703 040";"A01";"0";"17";"12";"0";"7";"1";"1";
"202000022271";"154 703 039";"A01";"1";"30";"0";"0";"0";"21";"1";
"202000022272";"154 703 038";"A01";"3";"7";"13";"0";"1";"13";"1";
"202000022273";"154 703 037";"A01";"2";"37";"0";"1";"3";"15";"1";"1"
"202000022274";"154 703 035";"Z01";"1";"2";"0";"2";"0";"15";"0";
"202000022274";"154 703 036";"A01";"2";"1";"0";"2";"6";"1";"5";
"202000022275";"154 703 034";"A01";"1";"10";"0";"1";"3";"15";"1";
"202000022276";"154 703 032";"B01";"2";"50";"0";"2";"1";"19";"3";
"202000022276";"154 703 033";"A01";"2";"7";"0";"2";"3";"15";"2";
"202000022277";"154 703 031";"A01";"2";"7";"0";"1";"1";"26";"1";
"202000022278";"154 703 029";"B01";"2";"7";"14";"0";"5";"0";"0";
"202000022278";"154 703 030";"A01";"2";"33";"0";"2";"1";"26";"0";
"202000022279";"154 703 028";"A01";"0";"7";"0";"0";"1";"2";"1";
"202000022280";"154 703 026";"A01";"0";"7";"0";"0";"2";"1";"1";
"202000022280";"154 703 027";"B01";"3";"7";"0";"0";"3";"16";"0";
"202000022281";"154 703 024";"A01";" -1";"7";"0";"2";"2";"1";"0";
"202000022281";"154 703 025";"B01";" -1";"7";"0";"2";"3";"1";"0";
"202000022282";"154 703 022";"B01";"2";"32";"0";"2";"1";"1";"1";
"202000022282";"154 703 023";"A01";"1";"7";"0";"2";"6";"19";"1";
"202000022283";"154 703 021";"A01";"2";"10";"0";"1";"2";"15";"1";
"202000022284";"154 703 017";"C01";"1";"7";"1";"0";"3";"24";"1";
"202000022284";"154 703 018";"B01";"1";"7";"0";"2";"3";"15";"1";
"202000022284";"154 703 019";"A01";"1";"34";"1";"2";"2";"17";"1";
"202000022284";"154 703 020";"D01";"1";"7";"1";"0";"1";"24";"1";
"202000022285";"154 703 016";"A01";"1";"7";"0";"1";"2";"13";"0";
"202000022286";"154 703 015";"A01";"3";"7";"0";"1";"5";"23";"1";
"202000022287";"154 703 014";"A01";"1";"33";"13";"0";"1";"0";"1";
"202000022288";"154 703 012";"A01";"2";"33";"0";"2";"1";"17";"0";
"202000022288";"154 703 013";"B01";"1";"15";"0";"2";"3";"1";"0";
"202000022289";"154 703 011";"A01";"1";"7";"5";"0";"1";"1";"1";
"202000022290";"154 703 009";"A01";"3";"7";"0";"2";"6";"19";"1";
"202000022290";"154 703 010";"B01";"2";"31";"0";"2";"1";"1";"1";
"202000022291";"154 703 007";"B01";"1";"33";"0";"2";"1";"1";"1";
"202000022291";"154 703 008";"A01";"2";"7";"0";"2";"1";"15";"1";
"202000022292";"154 703 005";"A01";"2";"7";"6";"0";"3";"1";"1";
"202000022293";"154 703 004";"A01";"1";"7";"2";"0";"1";"13";"1";
"202000022294";"154 703 002";"A01";"2";"2";"0";"2";"1";"2";"1";
"202000022294";"154 703 003";"B01";"2";"21";"0";"2";"3";"15";"1";
"202000022295";"154 703 000";"B01";"0";"33";"6";"2";"2";"17";"0";
"202000022295";"154 703 001";"A01";"0";"7";"0";"2";"8";"15";"0";
"202000022296";"154 702 999";"A01";"2";"7";"13";"0";"1";"1";"1";
"202000022297";"154 702 997";"A01";"3";"7";"0";"1";"3";"13";"1";
"202000022298";"154 702 996";"B01";"1";"7";"14";"0";"1";"1";"1";
"202000022299";"154 702 994";"A01";"1";"33";"0";"1";"1";"1";"1";
"202000022300";"154 702 992";"B01";"3";"10";"0";"2";"8";"1";"1";
"202000022300";"154 702 993";"A01";"3";"10";"0";"2";"1";"16";"1";
"202000022301";"154 702 991";"A01";"2";"7";"1";"0";"1";"15";"1";
"202000022302";"154 702 987";"A01";"1";"7";"0";"2";"6";"1";"1";
"202000022302";"154 702 988";"B01";"1";"80";"0";"2";"7";"14";"3";
"202000022303";"154 702 985";"B01";"0";"80";"0";"2";"7";"0";"3";
"202000022303";"154 702 986";"A01";"1";"7";"0";"2";"3";"1";"1";
"202000022304";"154 702 983";"B01";"2";"7";"0";"2";"8";"12";"1";
"202000022304";"154 702 984";"A01";"2";"33";"0";"2";"7";"2";"1";
"202000022305";"154 702 981";"A01";"1";"7";"0";"2";"3";"13";"1";
"202000022305";"154 702 982";"B01";"2";"7";"0";"2";"3";"1";"1";
"202000022306";"154 702 979";"B01";"3";"7";"0";"2";"6";"2";"0";
"202000022306";"154 702 980";"A01";"3";"7";"0";"2";"1";"1";"0";
"202000022307";"154 702 977";"B01";"1";"1";"1";"0";"1";"1";"5";
"202000022307";"154 702 978";"A01";"1";"7";"0";"9";"8";"24";"1";
"202000022308";"154 702 975";"A01";"3";"7";"0";"9";"3";"24";"1";
"202000022308";"154 702 976";"B01";"3";"1";"1";"0";"1";"1";"5";
"202000022309";"154 702 974";"A01";"1";"30";"12";"0";"1";"13";"1";
"202000022310";"154 702 972";"B01";"1";"7";"0";"2";"2";"15";"1";
"202000022310";"154 702 973";"A01";"1";"1";"0";"2";"1";"19";"5";
"202000022311";"154 702 970";"B01";"2";"32";"0";"2";"3";"1";"1";
"202000022311";"154 702 971";"A01";"1";"7";"0";"2";"3";"15";"1";
"202000022312";"154 702 969";"A01";"3";"7";"13";"0";"3";"13";"1";
"202000022313";"154 702 967";"B01";"3";"7";"0";"2";"1";"1";"1";
"202000022313";"154 702 968";"A01";"3";"7";"0";"2";"1";"15";"1";
"202000022314";"154 702 965";"B01";"1";"7";"0";"2";"2";"15";"1";
"202000022314";"154 702 966";"A01";"1";"7";"0";"2";"3";"9";"1";
"202000022315";"154 702 963";"B01";"0";"7";"0";"2";"2";"1";"1";
"202000022315";"154 702 964";"A01";"0";"10";"0";"2";"1";"1";"1";
"202000022316";"154 702 962";"A01";"1";"33";"3";"0";"2";"14";"1";
"202000022317";"154 702 960";"A01";"2";"30";"0";"2";"1";"16";"1";
"202000022317";"154 702 961";"B01";"2";"10";"0";"2";"4";"23";"1";
"202000022318";"154 702 958";"B01";"1";"7";"0";"2";"1";"1";"1";
"202000022318";"154 702 959";"A01";"2";"30";"0";"2";"2";"1";"1";
"202000022319";"154 702 957";"A01";"2";"32";"0";"1";"1";"1";"6";
"202000022320";"154 702 954";"A01";"2";"7";"15";"0";"8";"26";"0";
"202000022321";"154 702 953";"A01";"2";"7";"2";"0";"7";"19";"1";
"202000022322";"154 702 951";"B01";"1";"7";"0";"2";"5";"0";"1";
"202000022322";"154 702 952";"Z01";"3";"7";"0";"2";"1";"9";"0";
"202000022323";"154 702 950";"A01";"3";"7";"0";"1";"2";"1";"2";
"202000022324";"154 702 946";"B01";"3";"50";"0";"2";"7";"2";"3";
"202000022324";"154 702 947";"A01";"3";"10";"0";"2";"8";"2";"1";
"202000022325";"154 702 945";"A01";"1";"7";"0";"1";"3";"1";"0";
"202000022326";"154 702 943";"A01";"3";"7";"0";"2";"1";"9";"1";
"202000022326";"154 702 944";"B01";"2";"7";"0";"2";"7";"2";"1";
"202000022327";"154 702 941";"C01";"2";"15";"0";"2";"3";"1";"0";
"202000022327";"154 702 942";"A01";"1";"7";"1";"2";"2";"0";"0";
"202000022328";"154 702 940";"A01";"0";"7";"0";"1";"1";"1";"1";
"202000022329";"154 702 939";"A01";"1";"7";"0";"1";"3";"0";"1";
"202000022330";"154 702 937";"B01";"1";"1";"0";"2";"0";"0";"5";
"202000022330";"154 702 938";"A01";"1";"7";"0";"2";"0";"0";"1";
"202000022331";"154 702 936";"A01";"0";"1";"0";"0";"7";"16";"5";
"202000022332";"154 702 934";"A01";"2";"30";"0";"2";"1";"2";"1";
"202000022332";"154 702 935";"Z01";"2";"7";"0";"2";"1";"2";"0";
"202000022333";"154 702 933";"A01";"3";"7";"0";"1";"1";"1";"1";
"202000022334";"154 702 930";"C01";"2";"37";"1";"0";"5";"7";"1";"1"
"202000022334";"154 702 931";"B01";"2";"37";"0";"0";"4";"23";"1";"1"
"202000022334";"154 702 932";"A01";"2";"37";"1";"0";"1";"7";"1";"1"
"202000022335";"154 702 928";"B01";"1";"80";"0";"0";"4";"1";"0";
"202000022335";"154 702 929";"A01";"1";"7";"0";"2";"1";"1";"1";
"202000022336";"154 702 927";"A01";"2";"7";"0";"1";"3";"1";"1";
"202000022337";"154 702 925";"A01";"3";"7";"2";"2";"1";"9";"1";
"202000022337";"154 702 926";"B01";"3";"7";"0";"2";"6";"9";"1";
"202000022338";"154 702 923";"A01";"3";"7";"0";"2";"1";"1";"1";
"202000022338";"154 702 924";"B01";"3";"7";"0";"2";"4";"1";"1";
"202000022339";"154 702 921";"A01";"0";"7";"0";"2";"2";"19";"1";
"202000022339";"154 702 922";"B01";"0";"7";"0";"2";"3";"1";"1";
"202000022340";"154 702 919";"A01";"1";"7";"0";"2";"1";"15";"1";
"202000022340";"154 702 920";"B01";"2";"7";"0";"2";"1";"1";"1";
"202000022341";"154 702 917";"Z01";"1";"0";"0";"2";"0";"14";"0";
"202000022341";"154 702 918";"A01";"1";"1";"1";"2";"7";"1";"5";
"202000022342";"154 702 915";"A01";"2";"7";"0";"2";"3";"9";"1";
"202000022342";"154 702 916";"B01";"2";"33";"0";"2";"2";"1";"1";
"202000022343";"154 702 913";"A01";"1";"7";"8";"2";"1";"1";"1";
"202000022343";"154 702 914";"B01";"1";"7";"0";"2";"5";"1";"1";
"202000022344";"154 702 911";"B01";"1";"2";"0";"2";"1";"1";"1";
"202000022344";"154 702 912";"A01";"1";"7";"0";"2";"1";"19";"1";
"202000022345";"154 702 908";"B01";"1";"7";"0";"2";"5";"1";"1";
"202000022345";"154 702 909";"C01";"1";"7";"0";"2";"6";"1";"1";
"202000022345";"154 702 910";"A01";"1";"7";"0";"2";"1";"1";"1";
"202000022346";"154 702 906";"B01";"1";"10";"0";"2";"4";"1";"1";
"202000022346";"154 702 907";"A01";"1";"33";"0";"2";"1";"1";"1";
"202000022347";"154 702 905";"A01";"2";"7";"0";"0";"1";"1";"1";
"202000022348";"154 702 904";"A01";"2";"7";"0";"1";"1";"1";"1";
"202000022349";"154 702 903";"A01";"0";"7";"0";"1";"1";"16";"1";
"202000022350";"154 702 901";"A01";"1";"2";"0";"2";"1";"17";"1";
"202000022350";"154 702 902";"B01";"1";"7";"0";"2";"3";"15";"0";
"202000022351";"154 702 900";"A01";"1";"7";"0";"1";"1";"1";"1";
"202000022352";"154 702 898";"Z01";"1";"7";"0";"2";"0";"0";"1";
"202000022352";"154 702 899";"B01";"1";"32";"0";"2";"7";"9";"1";
"202000022353";"154 702 897";"A01";"2";"7";"0";"1";"2";"1";"1";
"202000022354";"154 702 896";"A01";"3";"7";"0";"1";"2";"16";"1";
"202000022355";"154 702 894";"A01";"1";"7";"0";"2";"2";"15";"1";
"202000022355";"154 702 895";"B01";"1";"7";"0";"2";"3";"15";"1";
"202000022356";"154 702 893";"A01";"1";"7";"3";"0";"2";"14";" -1";
"202000022357";"154 702 892";"A01";"2";"30";"0";"0";"3";"1";"1";
"202000022358";"154 702 890";"A01";"1";"7";"0";"2";"2";"13";"1";
"202000022358";"154 702 891";"B01";"2";"7";"0";"2";"5";"1";"1";
"202000022359";"154 702 887";"Z01";"1";"14";"0";"2";"2";"16";"1";
"202000022359";"154 702 888";"A01";"1";"17";"0";"2";"2";"16";"0";
"202000022359";"154 702 889";"B01";"1";"7";"4";"2";"6";"1";"2";
"202000022360";"154 702 886";"A01";"2";"33";"14";"0";"3";"16";"1";
"202000022361";"154 702 883";"B01";"2";"14";"0";"2";"1";"1";"1";
"202000022361";"154 702 884";"C01";"2";"33";"0";"2";"1";"1";"1";
"202000022361";"154 702 885";"A01";"2";"7";"0";"2";"8";"13";"1";
"202000022362";"154 702 882";"A01";"2";"33";"0";"1";"1";"17";"1";
"202000022363";"154 702 880";"Z01";"1";"7";"0";"2";"1";"15";"1";
"202000022363";"154 702 881";"A01";"2";"2";"0";"2";"8";"1";"1";
"202000022364";"154 702 878";"B01";"1";"32";"0";"2";"8";"1";"1";
"202000022364";"154 702 879";"A01";"2";"7";"0";"2";"1";"1";"1";
"202000022365";"154 702 876";"A01";"1";"32";"0";"2";"1";"17";"1";
"202000022365";"154 702 877";"B01";"1";"14";"0";"2";"8";"15";"1";
"202000022366";"154 702 874";"A01";"1";"7";"0";"2";"3";"15";"2";
"202000022366";"154 702 875";"B01";"1";"33";"0";"2";"7";"8";"1";
"202000022367";"154 702 872";"A01";"1";"30";"0";"2";"3";"1";"1";
"202000022367";"154 702 873";"B01";"1";"10";"0";"2";"3";"16";"1";
"202000022368";"154 702 869";"C01";"2";"7";"0";"2";"1";"1";"1";
"202000022368";"154 702 870";"B01";"1";"7";"0";"2";"3";"1";"1";
"202000022368";"154 702 871";"A01";"1";"34";"0";"2";"2";"17";"1";
"202000022369";"154 702 867";"B01";"1";"32";"0";"2";"8";"17";"1";
"202000022369";"154 702 868";"A01";"1";"10";"0";"2";"3";"13";"1";
"202000022370";"154 702 863";"A01";"1";"33";"0";"1";"1";"1";"1";
"202000022371";"154 702 861";"A01";"2";"10";"0";"2";"3";"15";"1";