"Num_Acc";"id_vehicule";"num_veh";"senc";"catv";"obs";"obsm";"choc";"manv";"motor";"occutc"
"202000022371";"154 702 862";"B01";"1";"33";"0";"2";"2";"1";"1";
"202000022372";"154 702 860";"A01";"2";"1";"0";"1";"1";"1";"5";
"202000022373";"154 702 859";"A01";"1";"7";"0";"1";"1";"15";"1";
"202000022374";"154 702 858";"A01";"1";"1";"0";"1";"8";"5";"5";
"202000022375";"154 702 857";"A01";"1";"1";"0";"1";"5";"1";"5";
"202000022376";"154 702 855";"A01";"2";"7";"0";"2";"3";"15";"2";
"202000022376";"154 702 856";"B01";"1";"1";"0";"2";"3";"1";"5";
"202000022377";"154 702 853";"B01";"2";"43";"0";"2";"2";"1";"1";
"202000022377";"154 702 854";"A01";"2";"7";"0";"2";"8";"9";"1";
"202000022378";"154 702 851";"B01";"1";"2";"0";"2";"1";"1";"1";
"202000022378";"154 702 852";"A01";"1";"7";"0";"2";"3";"10";"1";
"202000022379";"154 702 850";"A01";"2";"7";"0";"1";"2";"1";"0";
"202000022380";"154 702 848";"A01";"2";"30";"0";"2";"3";"1";"1";
"202000022380";"154 702 849";"B01";"2";"7";"0";"2";"5";"1";"1";
"202000022381";"154 702 846";"A01";"2";"7";"0";"2";"5";"16";"1";
"202000022381";"154 702 847";"B01";"1";"37";"0";"2";"3";"1";"1";"2"
"202000022382";"154 702 844";"B01";"1";"7";"0";"2";"1";"2";"1";
"202000022382";"154 702 845";"A01";"2";"7";"0";"0";"5";"2";"1";
"202000022383";"154 702 843";"A01";"3";"7";"0";"1";"2";"1";"1";
"202000022384";"154 702 842";"A01";"1";"7";"0";"1";"1";"1";"1";
"202000022385";"154 702 840";"B01";"1";"33";"0";"2";"1";"0";"6";
"202000022385";"154 702 841";"A01";"1";"7";"0";"2";"3";"15";"6";
"202000022386";"154 702 838";"B01";"1";"2";"1";"0";"1";"13";"0";
"202000022386";"154 702 839";"A01";"1";"7";"1";"0";"3";"13";"0";
"202000022387";"154 702 836";"A01";"0";"10";"0";"2";"2";"17";"0";
"202000022387";"154 702 837";"B01";"0";"37";"0";"2";"3";"1";"0";"2"
"202000022388";"154 702 833";"A01";"1";"7";"0";"2";"3";"15";"1";
"202000022388";"154 702 834";"C01";"1";"32";"0";"2";"2";"17";"1";
"202000022388";"154 702 835";"D01";"2";"1";"0";"9";"0";"0";"5";
"202000022389";"154 702 831";"B01";"2";"31";"0";"2";"3";"1";"1";
"202000022389";"154 702 832";"A01";"2";"7";"0";"2";"3";"15";"1";
"202000022390";"154 702 830";"A01";"2";"3";"0";"1";"0";"15";"1";
"202000022391";"154 702 828";"B01";"1";"7";"0";"2";"4";"1";"1";
"202000022391";"154 702 829";"A01";"1";"7";"0";"2";"1";"1";"1";
"202000022392";"154 702 827";"A01";"3";"34";"0";"1";"1";"1";"1";
"202000022393";"154 702 826";"A01";"2";"7";"0";"1";"3";"1";"1";
"202000022394";"154 702 825";"A01";"1";"7";"0";"1";"1";"1";"1";
"202000022395";"154 702 824";"A01";"3";"7";"0";"1";"3";"1";"1";
"202000022396";"154 702 822";"A01";"1";"7";"0";"2";"3";"11";"0";
"202000022396";"154 702 823";"B01";"1";"34";"0";"2";"9";"1";"1";
"202000022397";"154 702 820";"B01";"2";"33";"0";"2";"8";"1";"1";
"202000022397";"154 702 821";"A01";"1";"7";"0";"2";"3";"15";"1";
"202000022398";"154 702 818";"B01";"3";"7";"0";"2";"1";"1";"1";
"202000022398";"154 702 819";"A01";"3";"2";"0";"2";"1";"1";"1";
"202000022399";"154 702 817";"A01";"2";"7";"0";"0";"0";"0";"1";
"202000022400";"154 702 816";"A01";"0";"7";"2";"0";"3";"1";"1";
"202000022401";"154 702 814";"A01";"2";"10";"0";"2";"3";"13";"0";
"202000022401";"154 702 815";"B01";"1";"7";"0";"0";"3";"1";"2";
"202000022402";"154 702 812";"B01";"2";"7";"0";"2";"1";"13";"1";
"202000022402";"154 702 813";"A01";"1";"7";"0";"0";"1";"23";"1";
"202000022403";"154 702 810";"A01";"2";"3";"1";"0";"1";"14";"1";
"202000022403";"154 702 811";"B01";"2";"7";"0";"0";"8";"23";"1";
"202000022404";"154 702 807";"A01";"2";"7";"0";"2";"3";"20";"1";
"202000022404";"154 702 808";"C01";"1";"7";"0";"2";"6";"26";"1";
"202000022404";"154 702 809";"B01";"2";"33";"0";"2";"1";"1";"1";
"202000022405";"154 702 806";"A01";"1";"10";"0";"1";"0";"6";"1";
"202000022406";"154 702 804";"B01";"2";"10";"0";"2";"8";"1";"2";
"202000022406";"154 702 805";"A01";"2";"10";"0";"2";"3";"1";"1";
"202000022407";"154 702 802";"A01";"2";"7";"0";"2";"7";"1";"1";
"202000022407";"154 702 803";"B01";"1";"7";"0";"2";"1";"1";"1";
"202000022408";"154 702 801";"A01";"1";"7";"0";"0";"1";"0";"1";
"202000022409";"154 702 799";"A01";"2";"7";"0";"2";"2";"1";"1";
"202000022409";"154 702 800";"B01";"2";"7";"12";"2";"3";"1";"1";
"202000022410";"154 702 797";"A01";"2";"7";"0";"2";"1";"0";"1";
"202000022410";"154 702 798";"B01";"1";"7";"0";"2";"1";"0";"1";
"202000022411";"154 702 795";"A01";"2";"7";"0";"2";"1";"1";"1";
"202000022411";"154 702 796";"B01";"1";"7";"0";"0";"8";"15";"1";
"202000022412";"154 702 794";"A01";"2";"7";"6";"0";"2";"1";"1";
"202000022413";"154 702 793";"A01";"2";"7";"13";"0";"2";"1";"1";
"202000022414";"154 702 791";"A01";"3";"7";"0";"2";"2";"1";"1";
"202000022414";"154 702 792";"B01";"3";"1";"0";"2";"1";"1";"5";
"202000022415";"154 702 789";"A01";"1";"7";"0";"2";"1";"9";"1";
"202000022415";"154 702 790";"B01";"1";"7";"0";"2";"8";"1";"1";
"202000022416";"154 702 785";"A01";"3";"7";"2";"0";"3";"1";"1";
"202000022417";"154 702 784";"A01";"1";"7";"6";"0";"8";"1";"1";
"202000022418";"154 702 782";"B01";"0";"31";"0";"2";"1";"1";"1";
"202000022418";"154 702 783";"A01";"0";"7";"0";"2";"8";"9";"1";
"202000022419";"154 702 780";"B01";"3";"10";"0";"2";"8";"1";"1";
"202000022419";"154 702 781";"A01";"3";"31";"0";"0";"8";"16";"1";
"202000022420";"154 702 778";"B01";"2";"7";"0";"0";"3";"1";"1";
"202000022420";"154 702 779";"A01";"2";"10";"0";"2";"2";"17";"1";
"202000022421";"154 702 777";"A01";"2";"10";"3";"0";"1";"1";"1";
"202000022422";"154 702 775";"A01";"1";"33";"0";"2";"1";"18";"1";
"202000022422";"154 702 776";"B01";"1";"33";"0";"0";"5";"12";"1";
"202000022423";"154 702 773";"B01";"1";"7";"0";"2";"4";"2";"1";
"202000022423";"154 702 774";"A01";"1";"7";"0";"2";"1";"2";"1";
"202000022424";"154 702 770";"A01";"2";"7";"3";"0";"0";"1";"1";
"202000022424";"154 702 771";"B01";"2";"7";"14";"0";"1";"1";"1";
"202000022424";"154 702 772";"C01";"1";"7";"0";"0";"4";"1";"1";
"202000022425";"154 702 769";"A01";"1";"7";"6";"1";"2";"1";"1";
"202000022426";"154 702 768";"A01";"1";"7";"0";"1";"3";"1";"1";
"202000022427";"154 702 767";"A01";"1";"7";"8";"0";"3";"13";"1";
"202000022428";"154 702 766";"A01";"1";"7";"0";"1";"6";"20";"1";
"202000022429";"154 702 764";"B01";"1";"7";"0";"1";"4";"23";"1";
"202000022429";"154 702 765";"A01";"1";"7";"0";"2";"1";"2";"1";
"202000022430";"154 702 763";"A01";"1";"10";"0";"1";"0";"2";"1";
"202000022431";"154 702 761";"A01";"1";"2";"3";"0";"2";"1";"1";
"202000022432";"154 702 760";"B01";"1";"7";"1";"1";"3";"0";"2";
"202000022433";"154 702 758";"B01";"3";"7";"0";"2";"7";"19";"0";
"202000022433";"154 702 759";"A01";"2";"7";"0";"2";"1";"1";"0";
"202000022434";"154 702 756";"B01";"1";"7";"0";"2";"4";"12";"1";
"202000022434";"154 702 757";"A01";"1";"7";"0";"2";"1";"1";"1";
"202000022435";"154 702 753";"B01";"1";"34";"0";"2";"4";"3";"1";
"202000022435";"154 702 754";"C01";"1";"7";"0";"2";"0";"12";"1";
"202000022435";"154 702 755";"A01";"1";"33";"0";"2";"1";"3";"1";
"202000022436";"154 702 751";"A01";"1";"10";"0";"2";"6";"11";"1";
"202000022436";"154 702 752";"B01";"1";"32";"0";"2";"1";"1";"1";
"202000022437";"154 702 749";"A01";"2";"7";"0";"2";"8";"13";"1";
"202000022437";"154 702 750";"B01";"2";"15";"0";"2";"2";"14";"1";
"202000022438";"154 702 748";"A01";"1";"7";"0";"5";"1";"21";"1";
"202000022439";"154 702 747";"A01";"1";"7";"0";"1";"3";"1";"1";
"202000022440";"154 702 745";"B01";"2";"7";"0";"2";"1";"2";"1";
"202000022440";"154 702 746";"A01";"2";"7";"0";"2";"0";"2";"1";
"202000022441";"154 702 743";"A01";"2";"17";"0";"2";"2";"1";"1";
"202000022441";"154 702 744";"B01";"2";"7";"0";"2";"6";"13";"1";
"202000022442";"154 702 741";"B01";"2";"10";"0";"2";"4";"1";"1";
"202000022442";"154 702 742";"A01";"2";"7";"0";"2";"1";"1";"1";
"202000022443";"154 702 737";"B01";"1";"32";"0";"2";"1";"2";"1";
"202000022443";"154 702 738";"A01";"1";"2";"0";"2";"4";"1";"1";
"202000022444";"154 702 736";"A01";"1";"2";"1";"0";"1";"13";"1";
"202000022445";"154 702 734";"B01";"2";"1";"0";"0";"4";"1";"0";
"202000022445";"154 702 735";"A01";"2";"7";"0";"9";"1";"1";"0";
"202000022446";"154 702 730";"C01";"1";"7";"0";"2";"4";"1";"1";
"202000022446";"154 702 731";"D01";"1";"7";"0";"2";"4";"1";"1";
"202000022446";"154 702 732";"A01";"1";"7";"0";"2";"1";"26";"1";
"202000022446";"154 702 733";"B01";"1";"7";"0";"2";"4";"1";"1";
"202000022447";"154 702 728";"B01";"3";"1";"0";"2";"3";"1";"5";
"202000022447";"154 702 729";"A01";"3";"7";"0";"2";"2";"15";"1";
"202000022448";"154 702 727";"Z01";"3";"10";"0";"1";"1";"5";"1";
"202000022449";"154 702 725";"A01";"1";"7";"0";"2";"4";"15";"1";
"202000022449";"154 702 726";"B01";"1";"7";"0";"2";"1";"1";"1";
"202000022450";"154 702 723";"B01";"3";"7";"0";"2";"3";"0";"0";
"202000022450";"154 702 724";"A01";"3";"7";"0";"2";"3";"13";"0";
"202000022451";"154 702 721";"A01";"1";"34";"0";"2";"9";"17";"1";
"202000022451";"154 702 722";"B01";"2";"7";"0";"2";"8";"10";"1";
"202000022452";"154 702 719";"B01";"1";"7";"0";"2";"1";"2";"1";
"202000022452";"154 702 720";"A01";"1";"7";"0";"2";"8";"10";"1";
"202000022453";"154 702 717";"A01";"2";"7";"0";"2";"2";"1";"1";
"202000022453";"154 702 718";"B01";"2";"7";"0";"2";"3";"14";"1";
"202000022454";"154 702 716";"A01";"2";"7";"0";"1";"1";"1";"1";
"202000022455";"154 702 715";"Z01";"3";"7";"0";"1";"0";"26";"0";
"202000022456";"154 702 713";"A01";"2";"7";"0";"2";"1";"16";"1";
"202000022456";"154 702 714";"B01";"2";"50";"0";"2";"7";"1";"3";
"202000022457";"154 702 711";"B01";"1";"7";"0";"2";"3";"1";"1";
"202000022457";"154 702 712";"A01";"2";"7";"0";"2";"3";"13";"1";
"202000022458";"154 702 710";"A01";"1";"7";"13";"0";"1";"0";"1";
"202000022459";"154 702 708";"A01";"2";"7";"0";"2";"1";"2";"1";
"202000022459";"154 702 709";"B01";"2";"2";"0";"2";"4";"2";"1";
"202000022460";"154 702 706";"A01";"2";"7";"0";"2";"1";"2";"1";
"202000022460";"154 702 707";"B01";"1";"7";"0";"2";"4";"2";"1";
"202000022461";"154 702 705";"B01";"2";"33";"0";"1";"1";"1";"1";
"202000022462";"154 702 703";"A01";"0";"7";"0";"2";"4";"1";"1";
"202000022462";"154 702 704";"Z01";"0";"7";"0";"2";"1";"1";"1";
"202000022463";"154 702 701";"B01";"1";"10";"14";"2";"0";"9";"1";
"202000022463";"154 702 702";"A01";"1";"7";"0";"2";"1";"9";"1";
"202000022464";"154 702 699";"A01";"1";"1";"0";"2";"1";"1";"5";
"202000022464";"154 702 700";"B01";"1";"7";"0";"2";"3";"1";"1";
"202000022465";"154 702 697";"B01";"2";"33";"0";"2";"9";"1";"1";
"202000022465";"154 702 698";"A01";"1";"7";"0";"2";"1";"15";"1";
"202000022466";"154 702 695";"A01";"3";"10";"0";"2";"1";"15";"1";
"202000022466";"154 702 696";"B01";"3";"32";"0";"2";"1";"1";"1";
"202000022467";"154 702 694";"A01";"1";"7";"2";"0";"1";"1";"1";
"202000022468";"154 702 692";"B01";"2";"7";"0";"2";"1";"1";"1";
"202000022468";"154 702 693";"A01";"2";"7";"0";"9";"4";"23";"1";
"202000022469";"154 702 691";"A01";"1";"1";"0";"1";"1";"1";"5";
"202000022470";"154 702 690";"A01";"2";"7";"0";"1";"2";"9";"1";
"202000022471";"154 702 689";"A01";"1";"7";"1";"0";"2";"14";"1";
"202000022472";"154 702 687";"A01";"2";"32";"0";"2";"1";"15";"1";
"202000022472";"154 702 688";"B01";"2";"7";"0";"2";"4";"1";"1";
"202000022473";"154 702 685";"B01";"1";"32";"0";"2";"1";"1";"1";
"202000022473";"154 702 686";"A01";"1";"7";"0";"2";"3";"9";"1";
"202000022474";"154 702 683";"A01";"2";"7";"0";"2";"2";"15";"1";
"202000022474";"154 702 684";"B01";"1";"32";"0";"2";"1";"1";"1";
"202000022475";"154 702 682";"Z01";"0";"1";"0";"1";"1";"1";"5";
"202000022476";"154 702 681";"A01";"2";"7";"0";"1";"6";"20";"1";
"202000022477";"154 702 679";"A01";"2";"1";"0";"2";"8";"13";"5";
"202000022477";"154 702 680";"B01";"2";"1";"0";"2";"7";"17";"5";
"202000022478";"154 702 678";"A01";"1";"10";"0";"1";"3";"10";"1";
"202000022479";"154 702 677";"A01";"3";"50";"0";"0";"1";"1";"3";
"202000022480";"154 702 676";"Z01";"1";"50";"0";"1";"8";"1";"3";
"202000022481";"154 702 675";"A01";"2";"30";"12";"0";"3";"13";"3";
"202000022482";"154 702 674";"A01";"1";"7";"9";"0";"9";"1";"1";
"202000022483";"154 702 673";"A01";"1";"7";"0";"1";"1";"1";"1";
"202000022484";"154 702 672";"A01";"2";"20";"1";"1";"2";"26";"1";
"202000022485";"154 702 670";"A01";"1";"33";"0";"2";"3";"21";"1";
"202000022485";"154 702 671";"Y01";"1";"7";"0";"2";"5";"14";"0";
"202000022486";"154 702 668";"A01";"3";"2";"0";"2";"1";"1";"1";
"202000022486";"154 702 669";"B01";"3";"7";"0";"2";"2";"1";"1";
"202000022487";"154 702 667";"A01";"0";"3";"0";"1";"6";"26";"1";
"202000022488";"154 702 665";"B01";"2";"7";"0";"2";"2";"1";"0";
"202000022488";"154 702 666";"A01";"2";"1";"0";"2";"1";"1";"0";
"202000022489";"154 702 663";"B01";"2";"33";"0";"2";"2";"5";"1";
"202000022489";"154 702 664";"A01";"1";"7";"0";"2";"7";"15";"1";
"202000022490";"154 702 662";"A01";"1";"10";"1";"0";"3";"1";"1";
"202000022491";"154 702 660";"A01";"1";"7";"0";"9";"2";"2";"1";
"202000022491";"154 702 661";"B01";"1";"1";"0";"0";"4";"2";"5";
"202000022492";"154 702 659";"A01";"0";"33";"14";"0";"1";"0";"0";
"202000022493";"154 702 658";"A01";"1";"7";"0";"1";"1";"1";"1";
"202000022494";"154 702 657";"A01";"3";"7";"0";"0";"9";"0";"1";
"202000022495";"154 702 656";"A01";"2";"7";"13";"0";"2";"1";"1";
"202000022496";"154 702 654";"A01";"1";"33";"0";"2";"1";"1";"1";
"202000022496";"154 702 655";"B01";"2";"7";"0";"2";"1";"13";"1";
"202000022497";"154 702 650";"A01";"2";"7";"0";"2";"8";"15";"0";
"202000022497";"154 702 651";"B01";"2";"2";"0";"2";"7";"17";"0";
"202000022498";"154 702 648";"A01";"2";"7";"0";"2";"2";"19";"1";
"202000022498";"154 702 649";"B01";"1";"33";"0";"2";"1";"1";"1";
"202000022499";"154 702 645";"B01";"2";"31";"0";"2";"1";"2";"0";
"202000022499";"154 702 646";"A01";"2";"7";"0";"0";"4";"2";"0";
"202000022499";"154 702 647";"C01";"2";"33";"0";"2";"8";"2";"0";
"202000022500";"154 702 643";"A01";"2";"7";"0";"2";"1";"1";"1";
"202000022500";"154 702 644";"B01";"2";"7";"0";"2";"4";"15";"1";
"202000022501";"154 702 642";"A01";"2";"7";"13";"0";"1";"18";"0";
"202000022502";"154 702 641";"A01";"2";"7";"0";"1";"2";"1";"1";
"202000022503";"154 702 639";"B01";"1";"7";"0";"2";"2";"1";"1";
"202000022503";"154 702 640";"A01";"2";"7";"16";"2";"1";"13";"1";
"202000022504";"154 702 635";"A01";"2";"7";"0";"2";"1";"9";"1";
"202000022504";"154 702 636";"B01";"2";"7";"0";"2";"1";"2";"1";
"202000022505";"154 702 634";"A01";"2";"7";"9";"0";"2";"1";"1";
"202000022506";"154 702 632";"B01";"2";"7";"0";"2";"1";"1";"1";
"202000022506";"154 702 633";"A01";"1";"7";"0";"2";"1";"13";"1";
"202000022507";"154 702 630";"B01";"2";"7";"0";"2";"3";"1";"1";
"202000022507";"154 702 631";"A01";"3";"7";"0";"2";"8";"19";"1";
"202000022508";"154 702 629";"A01";"1";"7";"0";"0";"0";"0";"0";
"202000022509";"154 702 628";"A01";"2";"7";"13";"0";"2";"1";"1";
"202000022510";"154 702 627";"A01";"2";"7";"0";"0";"7";"1";"1";
"202000022511";"154 702 625";"A01";"0";"32";"0";"2";"1";"19";"1";
"202000022511";"154 702 626";"B01";"0";"10";"0";"2";"2";"19";"1";
"202000022512";"154 702 624";"A01";"1";"1";"0";"0";"3";"1";"5";
"202000022513";"154 702 622";"B01";"3";"7";"0";"2";"1";"1";"1";
"202000022513";"154 702 623";"A01";"3";"7";"0";"2";"2";"1";"1";
"202000022514";"154 702 620";"B01";"2";"7";"0";"2";"1";"1";"1";
"202000022514";"154 702 621";"A01";"1";"7";"0";"2";"1";"13";"1";
"202000022515";"154 702 619";"A01";"2";"7";"1";"0";"2";"14";"1";
"202000022516";"154 702 618";"A01";"0";"10";"0";"1";"7";"1";"1";
"202000022517";"154 702 616";"A01";"1";"10";"0";"2";"8";"15";"1";
"202000022517";"154 702 617";"B01";"2";"33";"0";"2";"1";"1";"1";
"202000022518";"154 702 614";"A01";"0";"7";"0";"2";"8";"9";"1";
"202000022518";"154 702 615";"B01";"0";"33";"0";"2";"1";"1";"1";
"202000022519";"154 702 613";"A01";"1";"7";"0";"1";"8";"1";"1";
"202000022520";"154 702 611";"B01";"2";"7";"0";"2";"7";"12";"1";
"202000022520";"154 702 612";"A01";"2";"33";"0";"2";"8";"3";"1";
"202000022521";"154 702 610";"Z01";"1";"30";"0";"1";"1";"1";"0";
"202000022522";"154 702 608";"B01";"2";"7";"0";"2";"2";"16";"1";
"202000022522";"154 702 609";"A01";"2";"33";"0";"2";"3";"18";"1";
"202000022523";"154 702 606";"B01";"2";"7";"0";"2";"3";"1";"1";
"202000022523";"154 702 607";"A01";"1";"50";"0";"2";"2";"13";"3";
"202000022524";"154 702 604";"A01";"2";"50";"0";"2";"0";"1";"3";
"202000022524";"154 702 605";"Z01";"2";"10";"0";"2";"0";"16";"1";
"202000022525";"154 702 602";"A01";"1";"1";"0";"2";"4";"15";"5";
"202000022525";"154 702 603";"B01";"2";"7";"0";"2";"3";"16";"1";
"202000022526";"154 702 600";"A01";"1";"7";"0";"2";"1";"18";"1";
"202000022526";"154 702 601";"B01";"1";"7";"0";"2";"6";"1";"1";
"202000022527";"154 702 599";"A01";"3";"1";"12";"0";"1";"16";"5";
"202000022528";"154 702 597";"A01";"1";"1";"0";"2";"1";"1";"5";
"202000022528";"154 702 598";"B01";"1";"7";"0";"2";"3";"1";"1";
"202000022529";"154 702 595";"A01";"1";"37";"0";"2";"7";"17";"1";"1"
"202000022529";"154 702 596";"B01";"1";"1";"0";"2";"8";"1";"5";
"202000022530";"154 702 594";"A01";"3";"33";"14";"0";"3";"1";"1";
"202000022531";"154 702 592";"A01";"2";"1";"0";"2";"1";"1";"5";
"202000022531";"154 702 593";"B01";"1";"10";"0";"2";"8";"15";"1";
"202000022532";"154 702 590";"A01";"1";"7";"0";"2";"2";"15";"1";
"202000022532";"154 702 591";"B01";"2";"1";"0";"2";"8";"1";"5";
"202000022533";"154 702 588";"Z01";"1";"30";"0";"2";"1";"15";"0";
"202000022533";"154 702 589";"A01";"2";"1";"0";"2";"1";"1";"5";
"202000022534";"154 702 586";"B01";"1";"7";"0";"2";"3";"15";"1";
"202000022534";"154 702 587";"A01";"2";"31";"0";"2";"2";"1";"1";
"202000022535";"154 702 585";"A01";"1";"7";"0";"1";"4";"4";"1";
"202000022536";"154 702 584";"A01";"1";"80";"14";"0";"1";"12";"3";
"202000022537";"154 702 582";"A01";"1";"1";"0";"2";"1";"9";"5";
"202000022537";"154 702 583";"B01";"1";"37";"0";"2";"5";"1";"2";"1"
"202000022538";"154 702 580";"A01";"0";"7";"0";"2";"1";"1";"1";
"202000022538";"154 702 581";"B01";"0";"7";"0";"0";"4";"1";"0";
"202000022539";"154 702 579";"A01";"0";"7";"2";"0";"1";"20";"0";
"202000022540";"154 702 577";"B01";"2";"33";"0";"2";"1";"1";"1";
"202000022540";"154 702 578";"A01";"2";"7";"0";"2";"6";"15";"1";
"202000022541";"154 702 575";"B01";"2";"3";"0";"2";"1";"1";"0";
"202000022541";"154 702 576";"A01";"1";"99";"0";"2";"8";"16";"1";
"202000022542";"154 702 573";"B01";"2";"32";"0";"2";"8";"18";"1";
"202000022542";"154 702 574";"A01";"2";"10";"0";"2";"2";"16";"1";
"202000022543";"154 702 572";"A01";"1";"7";"0";"1";"3";"26";"1";
"202000022544";"154 702 570";"B01";"0";"7";"0";"0";"0";"0";"1";
"202000022544";"154 702 571";"A01";"1";"0";"0";"0";"0";"19";"0";
"202000022545";"154 702 568";"B01";"2";"7";"0";"0";"0";"0";"0";
"202000022545";"154 702 569";"A01";"2";"99";"0";"0";"1";"0";"6";
"202000022546";"154 702 565";"C01";"2";"7";"0";"2";"6";"8";"1";
"202000022546";"154 702 566";"B01";"2";"33";"0";"2";"1";"2";"1";
"202000022546";"154 702 567";"A01";"2";"7";"0";"2";"8";"15";"1";
"202000022547";"154 702 563";"B01";" -1";"7";"0";"2";"1";"1";"1";
"202000022547";"154 702 564";"A01";" -1";"30";"0";"2";"1";"5";"1";
"202000022548";"154 702 561";"B01";"2";"80";"0";"2";"1";"1";"3";
"202000022548";"154 702 562";"A01";"1";"30";"0";"9";"8";"15";"1";
"202000022549";"154 702 559";"B01";"1";"99";"0";"0";"0";"0";"0";
"202000022549";"154 702 560";"A01";"0";"7";"0";"2";"3";"0";"1";
"202000022550";"154 702 558";"A01";"1";"7";"0";"1";"1";"1";"1";
"202000022551";"154 702 557";"A01";"0";"14";"0";"1";"2";"26";"1";
"202000022552";"154 702 556";"A01";" -1";"31";"0";"1";"1";"3";"0";
"202000022553";"154 702 554";"B01";"2";"7";"0";"2";"4";"9";"1";
"202000022553";"154 702 555";"A01";"2";"33";"0";"2";"1";"1";"1";
"202000022554";"154 702 552";"B01";"3";"1";"0";"2";"1";"19";"5";
"202000022554";"154 702 553";"A01";"2";"7";"0";"2";"2";"15";"1";
"202000022555";"154 702 550";"B01";"1";"34";"0";"2";"3";"1";"1";
"202000022555";"154 702 551";"A01";"2";"10";"0";"2";"2";"15";"1";
"202000022556";"154 702 548";"B01";"1";"7";"0";"0";"8";"15";"1";
"202000022556";"154 702 549";"A01";"1";"33";"0";"2";"7";"17";"1";
"202000022557";"154 702 547";"A01";"2";"1";"0";"0";"0";"1";"5";
"202000022558";"154 702 546";"A01";"1";"1";"0";"0";"0";"1";"5";
"202000022559";"154 702 543";"B01";"2";"7";"0";"2";"1";"1";"1";
"202000022559";"154 702 544";"A01";"2";"7";"0";"2";"8";"15";"1";
"202000022560";"154 702 539";"A01";"1";"21";"0";"0";"6";"15";"0";
"202000022560";"154 702 540";"B01";"2";"30";"0";"2";"1";"1";"0";
"202000022561";"154 702 536";"B01";"3";"1";"0";"2";"4";"1";"5";
"202000022561";"154 702 537";"A01";"3";"7";"0";"2";"2";"2";"0";
"202000022562";"154 702 533";"A01";"1";"10";"0";"2";"3";"13";"1";
"202000022562";"154 702 534";"C01";"2";"7";"0";"2";"2";"1";"1";
"202000022562";"154 702 535";"B01";"2";"7";"0";"2";"1";"1";"1";
"202000022563";"154 702 531";"A01";"1";"7";"0";"2";"1";"13";"1";
"202000022563";"154 702 532";"B01";"2";"7";"0";"2";"1";"1";"1";
"202000022564";"154 702 529";"B01";"2";"2";"0";"2";"1";"1";"1";
"202000022564";"154 702 530";"A01";"1";"7";"0";"2";"5";"15";"0";
"202000022565";"154 702 527";"B01";"2";"1";"0";"2";"8";"2";"5";
"202000022565";"154 702 528";"A01";"2";"7";"0";"2";"7";"2";"1";
"202000022566";"154 702 526";"A01";"1";"7";"6";"0";"7";"1";"1";
"202000022567";"154 702 524";"B01";"3";"7";"0";"2";"3";"1";"1";
"202000022567";"154 702 525";"A01";"0";"7";"0";"2";"3";"13";"1";
"202000022568";"154 702 522";"A01";"1";"7";"0";"2";"3";"1";"1";
"202000022568";"154 702 523";"B01";"2";"7";"0";"2";"2";"1";"1";
"202000022569";"154 702 521";"A01";"2";"7";"13";"0";"0";"0";"1";
"202000022570";"154 702 519";"B01";"3";"7";"0";"2";"4";"2";"1";
"202000022570";"154 702 520";"A01";"3";"2";"0";"2";"1";"2";"1";
"202000022571";"154 702 517";"A01";"2";"7";"0";"2";"3";"1";"1";
"202000022571";"154 702 518";"B01";"1";"7";"0";"2";"3";"1";"1";
"202000022572";"154 702 513";"B01";"1";"31";"0";"2";"1";"1";"1";
"202000022572";"154 702 514";"A01";"3";"7";"0";"2";"8";"9";"1";
"202000022573";"154 702 511";"A01";"1";"7";"0";"9";"7";"16";"0";
"202000022573";"154 702 512";"B01";"1";"1";"0";"2";"1";"1";"5";
"202000022574";"154 702 509";"A01";"2";"10";"0";"9";"7";"17";"1";
"202000022574";"154 702 510";"B01";"2";"1";"0";"2";"8";"1";"6";
"202000022575";"154 702 508";"A01";"1";"7";"13";"0";"2";"1";"1";
"202000022576";"154 702 507";"A01";"1";"7";"13";"0";"0";"18";"1";
"202000022577";"154 702 505";"A01";"2";"33";"0";"2";"1";"1";"1";
"202000022577";"154 702 506";"B01";"2";"33";"0";"2";"3";"1";"1";
"202000022578";"154 702 504";"A01";"3";"7";"0";"1";"3";"4";"1";
"202000022579";"154 702 502";"A01";"1";"7";"0";"2";"5";"15";"1";
"202000022579";"154 702 503";"B01";"2";"2";"0";"2";"1";"1";"1";
"202000022580";"154 702 498";"A01";"1";"7";"0";"2";"1";"9";"1";
"202000022580";"154 702 499";"B01";"2";"80";"0";"0";"7";"16";"5";
"202000022581";"154 702 497";"A01";"2";"10";"0";"1";"6";"4";"1";
"202000022582";"154 702 495";"B01";"3";"7";"0";"2";"2";"1";"1";
"202000022582";"154 702 496";"A01";"3";"1";"0";"2";"3";"9";"5";
"202000022583";"154 702 493";"B01";"2";"33";"0";"2";"1";"15";"1";
"202000022583";"154 702 494";"A01";"1";"7";"0";"2";"3";"1";"1";
"202000022584";"154 702 492";"A01";"2";"2";"0";"0";"0";"1";"1";
"202000022585";"154 702 490";"B01";"2";"7";"0";"2";"3";"1";"1";
"202000022585";"154 702 491";"A01";"1";"7";"0";"2";"1";"5";"1";
"202000022586";"154 702 488";"B01";"2";"33";"0";"2";"1";"6";"1";
"202000022586";"154 702 489";"A01";"1";"7";"0";"2";"1";"1";"1";