"Num_Acc";"id_vehicule";"num_veh";"senc";"catv";"obs";"obsm";"choc";"manv";"motor";"occutc"
"202000022795";"154 702 124";"A01";"2";"7";"0";"2";"1";"1";"1";
"202000022795";"154 702 125";"B01";"2";"15";"0";"0";"4";"2";"1";
"202000022796";"154 702 123";"A01";"2";"7";"0";"6";"1";"1";"1";
"202000022797";"154 702 119";"A01";"2";"43";"14";"0";"7";"17";"1";
"202000022797";"154 702 120";"B01";"2";"7";"12";"0";"2";"14";"1";
"202000022798";"154 702 116";"C01";"2";"7";"0";"2";"1";"1";"1";
"202000022798";"154 702 117";"B01";"2";"7";"0";"0";"8";"1";"1";
"202000022798";"154 702 118";"A01";"2";"7";"0";"2";"2";"17";"1";
"202000022799";"154 702 114";"A01";"1";"7";"0";"2";"3";"13";"1";
"202000022799";"154 702 115";"B01";"2";"15";"0";"2";"1";"21";"1";
"202000022800";"154 702 112";"B01";"2";"15";"0";"2";"4";"1";"1";
"202000022800";"154 702 113";"A01";"2";"7";"0";"2";"1";"1";"1";
"202000022801";"154 702 110";"A01";"2";"7";"0";"2";"1";"19";"1";
"202000022801";"154 702 111";"B01";"2";"17";"0";"2";"3";"19";"1";
"202000022802";"154 702 109";"A01";"1";"7";"0";"1";"1";"1";"1";
"202000022803";"154 702 107";"A01";"2";"7";"0";"2";"3";"9";"1";
"202000022803";"154 702 108";"B01";"2";"2";"0";"2";"5";"2";"1";
"202000022804";"154 702 106";"A01";"1";"7";"0";"1";"3";"1";"1";
"202000022805";"154 702 105";"A01";"2";"7";"6";"0";"2";"1";"0";
"202000022806";"154 702 103";"A01";"3";"7";"0";"2";"3";"17";"1";
"202000022806";"154 702 104";"B01";"3";"32";"0";"2";"3";"1";"1";
"202000022807";"154 702 101";"A01";"2";"7";"0";"2";"1";"17";"1";
"202000022807";"154 702 102";"B01";"1";"7";"0";"2";"1";"1";"1";
"202000022808";"154 702 100";"A01";"2";"7";"0";"5";"1";"19";"1";
"202000022809";"154 702 099";"A01";"1";"7";"0";"1";"8";"1";"1";
"202000022810";"154 702 098";"A01";"3";"7";"2";"0";"3";"14";"1";
"202000022811";"154 702 096";"A01";"2";"7";"0";"2";"3";"5";"1";
"202000022811";"154 702 097";"B01";"1";"15";"0";"2";"1";"1";"1";
"202000022812";"154 702 094";"B01";"1";"7";"0";"2";"2";"1";"0";
"202000022812";"154 702 095";"A01";"2";"1";"0";"2";"2";"1";"0";
"202000022813";"154 702 090";"B01";"1";"10";"0";"2";"4";"1";"1";
"202000022813";"154 702 091";"A01";"1";"10";"0";"2";"1";"26";"1";
"202000022813";"154 702 092";"C01";"1";"10";"0";"2";"4";"1";"1";
"202000022814";"154 702 088";"A01";"1";"7";"0";"2";"4";"23";"1";
"202000022814";"154 702 089";"B01";"1";"33";"0";"2";"1";"2";"1";
"202000022815";"154 702 086";"B01";"2";"14";"0";"2";"4";"1";"1";
"202000022815";"154 702 087";"A01";"2";"7";"0";"2";"1";"14";"1";
"202000022816";"154 702 084";"A01";"1";"7";"0";"0";"0";"11";"1";
"202000022816";"154 702 085";"B01";"1";"33";"0";"0";"2";"3";"1";
"202000022817";"154 702 082";"B01";"1";"7";"0";"2";"3";"21";"1";
"202000022817";"154 702 083";"A01";"1";"7";"0";"2";"5";"1";"1";
"202000022818";"154 702 080";"A01";"2";"7";"0";"2";"1";"26";"1";
"202000022818";"154 702 081";"B01";"2";"7";"0";"2";"6";"2";"1";
"202000022819";"154 702 076";"A01";"0";"7";"0";"2";"1";"1";"6";
"202000022819";"154 702 077";"B01";"3";"7";"0";"2";"4";"1";"6";
"202000022820";"154 702 075";"A01";"3";"7";"0";"1";"8";"1";"6";
"202000022821";"154 702 073";"B01";"0";"50";"0";"1";"8";"19";"3";
"202000022821";"154 702 074";"A01";"2";"7";"0";"2";"1";"1";"0";
"202000022822";"154 702 071";"A01";"3";"32";"0";"2";"8";"15";"1";
"202000022822";"154 702 072";"B01";"3";"7";"0";"2";"2";"1";"1";
"202000022823";"154 702 070";"A01";"1";"7";"0";"1";"1";"17";"1";
"202000022824";"154 702 068";"A01";"1";"2";"0";"2";"3";"13";"1";
"202000022824";"154 702 069";"B01";"1";"7";"0";"2";"1";"21";"1";
"202000022825";"154 702 066";"A01";"1";"31";"0";"2";"2";"21";"1";
"202000022825";"154 702 067";"B01";"1";"7";"0";"2";"4";"15";"1";
"202000022826";"154 702 064";"A01";"2";"7";"0";"2";"1";"13";"1";
"202000022826";"154 702 065";"B01";"2";"7";"0";"2";"3";"0";"1";
"202000022827";"154 702 063";"A01";"1";"7";"0";"1";"1";"15";"1";
"202000022828";"154 702 061";"B01";"2";"33";"0";"2";"1";"26";"1";
"202000022828";"154 702 062";"A01";"1";"7";"0";"2";"2";"15";"1";
"202000022829";"154 702 059";"A01";"1";"10";"1";"0";"0";"0";"1";
"202000022829";"154 702 060";"B01";"1";"33";"0";"2";"6";"1";"1";
"202000022830";"154 702 058";"A01";"1";"50";"0";"2";"0";"21";"3";
"202000022831";"154 702 057";"A01";"1";"7";"0";"1";"2";"1";"1";
"202000022832";"154 702 056";"A01";"3";"2";"1";"1";"1";"1";"1";
"202000022833";"154 702 055";"A01";"1";"7";"0";"1";"2";"1";"1";
"202000022834";"154 702 054";"A01";"3";"37";"0";"1";"1";"1";"2";"1"
"202000022835";"154 702 052";"B01";"3";"1";"0";"2";"4";"16";"5";
"202000022835";"154 702 053";"A01";"3";"7";"0";"2";"2";"16";"1";
"202000022836";"154 702 050";"B01";"3";"7";"0";"2";"1";"1";"1";
"202000022836";"154 702 051";"A01";"3";"7";"0";"2";"1";"26";"1";
"202000022837";"154 702 046";"D01";"1";"7";"0";"2";"5";"1";"1";
"202000022837";"154 702 047";"C01";"1";"7";"0";"2";"3";"1";"1";
"202000022837";"154 702 048";"B01";"1";"7";"0";"2";"8";"21";"1";
"202000022837";"154 702 049";"A01";"2";"7";"1";"2";"1";"5";"1";
"202000022838";"154 702 044";"A01";"2";"7";"0";"2";"6";"1";"1";
"202000022838";"154 702 045";"B01";"2";"7";"0";"2";"2";"1";"1";
"202000022839";"154 702 043";"A01";"3";"7";"0";"0";"0";"21";"1";
"202000022840";"154 702 042";"A01";"2";"30";"0";"1";"1";"16";"1";
"202000022841";"154 702 040";"B01";"1";"1";"0";"2";"1";"1";"5";
"202000022841";"154 702 041";"A01";"2";"10";"0";"2";"3";"26";"1";
"202000022842";"154 702 039";"A01";"2";"7";"0";"1";"1";"1";"1";
"202000022843";"154 702 038";"A01";"1";"7";"0";"1";"1";"1";"1";
"202000022844";"154 702 036";"A01";"2";"7";"0";"2";"1";"1";"1";
"202000022844";"154 702 037";"B01";"1";"7";"0";"2";"2";"15";"1";
"202000022845";"154 702 034";"B01";"1";"7";"0";"0";"0";"0";"0";
"202000022845";"154 702 035";"A01";"1";"7";"3";"2";"2";"9";"0";
"202000022846";"154 702 033";"A01";"3";"37";"0";"1";"2";"26";"6";"1"
"202000022847";"154 702 032";"A01";"1";"7";"14";"0";"1";"14";"1";
"202000022848";"154 702 031";"A01";"1";"30";"0";"0";"0";"21";"1";
"202000022849";"154 702 029";"B01";"1";"2";"0";"2";"1";"1";"1";
"202000022849";"154 702 030";"A01";"2";"7";"0";"2";"2";"15";"1";
"202000022850";"154 702 027";"B01";"1";"7";"0";"2";"2";"1";"1";
"202000022850";"154 702 028";"A01";"1";"1";"0";"2";"1";"1";"5";
"202000022851";"154 702 025";"A01";"3";"7";"0";"0";"0";"0";"0";
"202000022851";"154 702 026";"B01";"3";"7";"0";"0";"4";"23";"0";
"202000022852";"154 702 023";"A01";"1";"7";"0";"2";"3";"0";"1";
"202000022852";"154 702 024";"B01";"1";"1";"0";"2";"1";"0";"5";
"202000022853";"154 702 022";"A01";"0";"7";"0";"1";"1";"1";"1";
"202000022854";"154 702 019";"B01";"2";"7";"0";"2";"2";"1";"1";
"202000022854";"154 702 020";"A01";"2";"7";"9";"2";"6";"17";"1";
"202000022854";"154 702 021";"C01";"3";"7";"0";"2";"8";"26";"1";
"202000022855";"154 702 018";"A01";"0";"7";"0";"1";"1";"1";"1";
"202000022856";"154 702 016";"B01";"1";"2";"1";"0";"1";"2";"1";
"202000022856";"154 702 017";"A01";"1";"7";"1";"0";"4";"23";"1";
"202000022857";"154 702 015";"A01";"0";"1";"0";"1";"1";"0";"0";
"202000022858";"154 702 013";"B01";"0";"33";"0";"2";"7";"17";"1";
"202000022858";"154 702 014";"A01";"3";"7";"0";"2";"3";"17";"1";
"202000022859";"154 702 011";"B01";"0";"31";"0";"2";"8";"1";"1";
"202000022859";"154 702 012";"A01";"0";"7";"0";"2";"1";"19";"1";
"202000022860";"154 702 010";"A01";"1";"7";"0";"1";"3";"15";"1";
"202000022861";"154 702 008";"B01";"2";"32";"0";"2";"1";"1";"1";
"202000022861";"154 702 009";"A01";"1";"7";"0";"2";"2";"15";"1";
"202000022862";"154 702 006";"A01";"0";"7";"0";"2";"1";"1";"1";
"202000022862";"154 702 007";"B01";"0";"7";"0";"2";"7";"1";"1";
"202000022863";"154 702 005";"Z01";"1";"15";"0";"1";"0";"1";"0";
"202000022864";"154 702 003";"A01";"3";"7";"0";"2";"2";"1";"1";
"202000022864";"154 702 004";"B01";"1";"2";"0";"2";"7";"1";"1";
"202000022865";"154 702 002";"A01";"2";"7";"0";"1";"7";"16";"3";
"202000022866";"154 702 000";"A01";"2";"7";"0";"2";"6";"15";"1";
"202000022866";"154 702 001";"B01";"2";"31";"0";"2";"1";"17";"1";
"202000022867";"154 701 999";"A01";"1";"15";"0";"1";"0";"11";"1";
"202000022868";"154 701 997";"B01";"0";"7";"0";"2";"3";"1";"1";
"202000022868";"154 701 998";"A01";"3";"7";"0";"2";"2";"1";"1";
"202000022869";"154 701 995";"B01";"1";"10";"0";"2";"0";"26";"1";
"202000022869";"154 701 996";"A01";"1";"30";"0";"2";"0";"0";"1";
"202000022870";"154 701 993";"B01";"1";"7";"0";"0";"6";"15";"1";
"202000022870";"154 701 994";"A01";"1";"2";"0";"2";"2";"17";"1";
"202000022871";"154 701 991";"A01";"2";"7";"0";"2";"7";"16";"1";
"202000022871";"154 701 992";"B01";"3";"37";"0";"2";"2";"2";"1";"1"
"202000022872";"154 701 989";"A01";"1";"30";"0";"2";"1";"2";"1";
"202000022872";"154 701 990";"B01";"1";"7";"0";"2";"5";"23";"1";
"202000022873";"154 701 987";"Z01";"2";"7";"0";"0";"1";"1";"0";
"202000022873";"154 701 988";"B01";"1";"30";"0";"2";"8";"1";"1";
"202000022874";"154 701 986";"A01";"0";"7";"0";"1";"4";"9";"1";
"202000022875";"154 701 984";"A01";"1";"10";"0";"2";"3";"13";"1";
"202000022875";"154 701 985";"B01";"1";"33";"0";"2";"2";"1";"1";
"202000022876";"154 701 983";"A01";"1";"33";"0";"0";"0";"1";"1";
"202000022877";"154 701 981";"B01";"1";"15";"0";"2";"7";"1";"1";
"202000022877";"154 701 982";"A01";"0";"32";"0";"2";"1";"2";"1";
"202000022878";"154 701 980";"A01";"1";"17";"8";"0";"7";"15";"1";
"202000022879";"154 701 978";"B01";"1";"2";"0";"2";"2";"26";"1";
"202000022879";"154 701 979";"A01";"1";"7";"0";"9";"8";"15";"1";
"202000022880";"154 701 976";"A01";"1";"10";"0";"2";"2";"2";"1";
"202000022880";"154 701 977";"B01";"1";"2";"0";"2";"8";"2";"1";
"202000022881";"154 701 974";"A01";"1";"10";"0";"2";"1";"1";"1";
"202000022881";"154 701 975";"B01";"1";"10";"0";"2";"3";"9";"1";
"202000022882";"154 701 972";"A01";"3";"10";"0";"2";"1";"15";"1";
"202000022882";"154 701 973";"B01";"2";"7";"0";"2";"7";"1";"1";
"202000022883";"154 701 971";"A01";"0";"7";"0";"1";"3";"1";"1";
"202000022884";"154 701 969";"A01";"2";"31";"0";"2";"1";"13";"1";
"202000022884";"154 701 970";"B01";"1";"7";"0";"2";"1";"1";"1";
"202000022885";"154 701 968";"A01";"2";"7";"0";"1";"2";"1";"0";
"202000022886";"154 701 966";"B01";"3";"10";"0";"2";"2";"15";"1";
"202000022886";"154 701 967";"A01";"3";"33";"0";"2";"1";"1";"1";
"202000022887";"154 701 965";"A01";"1";"1";"1";"0";"1";"21";"5";
"202000022888";"154 701 963";"B01";"1";"7";"0";"2";"1";"1";"1";
"202000022888";"154 701 964";"A01";"1";"50";"0";"2";"7";"1";"3";
"202000022889";"154 701 961";"B01";"1";"50";"0";"2";"1";"2";"3";
"202000022889";"154 701 962";"A01";"2";"1";"0";"2";"1";"13";"5";
"202000022890";"154 701 960";"A01";"2";"7";"0";"1";"1";"15";"1";
"202000022891";"154 701 959";"A01";"1";"7";"0";"1";"1";"1";"2";
"202000022892";"154 701 957";"Z01";"1";"7";"0";"2";"0";"0";"0";
"202000022892";"154 701 958";"A01";"1";"1";"0";"2";"0";"1";"5";
"202000022893";"154 701 956";"A01";"2";"1";"0";"1";"1";"15";"5";
"202000022894";"154 701 954";"A01";"1";"7";"0";"2";"5";"22";"1";
"202000022894";"154 701 955";"B01";"1";"1";"0";"2";"1";"18";"5";
"202000022895";"154 701 952";"A01";"1";"7";"0";"2";"2";"15";"1";
"202000022895";"154 701 953";"B01";"2";"33";"0";"2";"1";"1";"1";
"202000022896";"154 701 951";"A01";"2";"33";"0";"0";"0";"0";"1";
"202000022897";"154 701 945";"A01";"3";"7";"0";"2";"8";"19";"1";
"202000022897";"154 701 946";"B01";"2";"31";"0";"2";"1";"1";"1";
"202000022897";"154 701 947";"C01";"1";"13";"0";"0";"1";"1";"1";
"202000022898";"154 701 943";"A01";"0";"3";"0";"2";"3";"1";"1";
"202000022898";"154 701 944";"B01";"0";"10";"0";"2";"3";"5";"1";
"202000022899";"154 701 942";"A01";"1";"33";"0";"0";"0";"0";"0";
"202000022900";"154 701 940";"A01";"1";"7";"0";"2";"3";"13";"1";
"202000022900";"154 701 941";"B01";"2";"7";"0";"2";"2";"1";"1";
"202000022901";"154 701 938";"A01";"1";"7";"0";"2";"3";"0";"0";
"202000022901";"154 701 939";"B01";"2";"7";"0";"2";"3";"13";"0";
"202000022902";"154 701 936";"A01";"2";"10";"0";"9";"3";"1";"1";
"202000022902";"154 701 937";"B01";"1";"1";"0";"0";"8";"19";"5";
"202000022903";"154 701 935";"A01";"2";"7";"0";"1";"3";"15";"1";
"202000022904";"154 701 933";"A01";"1";"7";"0";"2";"3";"1";"0";
"202000022904";"154 701 934";"B01";"1";"7";"0";"2";"3";"13";"0";
"202000022905";"154 701 931";"A01";"2";"30";"0";"2";"1";"5";"1";
"202000022905";"154 701 932";"B01";"1";"7";"0";"2";"3";"1";"1";
"202000022906";"154 701 929";"B01";"1";"7";"0";"2";"1";"1";"1";
"202000022906";"154 701 930";"A01";"1";"7";"0";"0";"4";"1";"1";
"202000022907";"154 701 928";"A01";"3";"7";"0";"1";"3";"1";"1";
"202000022908";"154 701 926";"A01";"1";"33";"0";"2";"2";"17";"1";
"202000022908";"154 701 927";"B01";"2";"7";"0";"2";"3";"15";"1";
"202000022909";"154 701 924";"B01";"1";"7";"14";"0";"3";"1";"1";
"202000022909";"154 701 925";"A01";"1";"7";"4";"0";"9";"1";"1";
"202000022910";"154 701 923";"A01";"3";"7";"0";"1";"5";"4";"1";
"202000022911";"154 701 922";"A01";"2";"32";"0";"0";"0";"21";"1";
"202000022912";"154 701 921";"A01";"2";"7";"1";"0";"2";"0";"1";
"202000022913";"154 701 919";"A01";"3";"7";"0";"9";"3";"1";"0";
"202000022913";"154 701 920";"B01";"3";"80";"0";"2";"7";"1";"3";
"202000022914";"154 701 917";"B01";"1";"1";"0";"2";"8";"1";"5";
"202000022914";"154 701 918";"A01";"1";"7";"0";"0";"3";"1";"1";
"202000022915";"154 701 915";"B01";"1";"7";"0";"2";"1";"24";"1";
"202000022915";"154 701 916";"A01";"1";"7";"1";"0";"1";"1";"1";
"202000022916";"154 701 914";"A01";"2";"33";"0";"0";"9";"17";"1";
"202000022917";"154 701 913";"A01";"2";"7";"4";"0";"3";"1";"1";
"202000022918";"154 701 911";"B01";"2";"7";"0";"2";"1";"2";"1";
"202000022918";"154 701 912";"A01";"2";"7";"0";"2";"4";"1";"1";
"202000022919";"154 701 909";"A01";"1";"7";"4";"2";"5";"2";"1";
"202000022919";"154 701 910";"B01";"2";"7";"4";"2";"3";"2";"1";
"202000022920";"154 701 907";"A01";"2";"7";"0";"2";"1";"17";"1";
"202000022920";"154 701 908";"B01";"2";"7";"0";"2";"6";"11";"1";
"202000022921";"154 701 905";"A01";"2";"15";"0";"2";"1";"2";"1";
"202000022921";"154 701 906";"B01";"2";"7";"0";"2";"6";"1";"1";
"202000022922";"154 701 903";"A01";"2";"33";"0";"2";"9";"2";"1";
"202000022922";"154 701 904";"B01";"1";"7";"0";"2";"0";"2";"1";
"202000022923";"154 701 901";"A01";"1";"7";"3";"2";"1";"2";"1";
"202000022923";"154 701 902";"B01";"1";"10";"0";"2";"4";"2";"1";
"202000022924";"154 701 900";"A01";"2";"7";"5";"0";"9";"2";"1";
"202000022925";"154 701 897";"C01";"2";"15";"0";"2";"1";"2";"1";
"202000022925";"154 701 898";"B01";"2";"7";"0";"2";"4";"2";"1";
"202000022925";"154 701 899";"A01";"2";"15";"0";"2";"1";"2";"1";
"202000022926";"154 701 895";"A01";"1";"7";"0";"2";"8";"11";"1";
"202000022926";"154 701 896";"B01";"1";"33";"0";"2";"3";"2";"1";
"202000022927";"154 701 893";"Z01";"0";"10";"0";"0";"0";"0";"0";
"202000022927";"154 701 894";"A01";"2";"33";"0";"2";"1";"14";"1";
"202000022928";"154 701 889";"A01";"1";"7";"0";"0";"0";"26";"1";
"202000022928";"154 701 890";"B01";"1";"7";"0";"0";"0";"23";"2";
"202000022928";"154 701 891";"C01";"1";"7";"0";"0";"0";"23";"2";
"202000022928";"154 701 892";"D01";"1";"7";"0";"0";"0";"2";"1";
"202000022929";"154 701 886";"A01";"1";"17";"0";"2";"2";"12";"1";
"202000022929";"154 701 887";"B01";"1";"7";"0";"2";"8";"1";"1";
"202000022929";"154 701 888";"C01";"1";"33";"0";"2";"7";"3";"1";
"202000022930";"154 701 885";"A01";"2";"7";"0";"1";"2";"1";"1";
"202000022931";"154 701 883";"A01";"2";"10";"0";"2";"1";"1";"1";
"202000022931";"154 701 884";"B01";"2";"2";"0";"2";"8";"1";"1";
"202000022932";"154 701 882";"A01";"1";"7";"0";"1";"8";"2";"1";
"202000022933";"154 701 880";"A01";"1";"7";"0";"2";"1";"2";"1";
"202000022933";"154 701 881";"B01";"1";"7";"0";"2";"4";"2";"1";
"202000022934";"154 701 879";"A01";"2";"10";"0";"1";"1";"19";"1";
"202000022935";"154 701 877";"B01";"3";"7";"0";"2";"1";"1";"2";
"202000022935";"154 701 878";"A01";"3";"7";"0";"2";"1";"1";"1";
"202000022936";"154 701 875";"A01";"1";"7";"0";"9";"8";"15";"6";
"202000022936";"154 701 876";"B01";"1";"1";"0";"2";"7";"1";"6";
"202000022937";"154 701 873";"A01";"2";"7";"0";"2";"2";"19";"1";
"202000022937";"154 701 874";"B01";"2";"32";"0";"2";"2";"19";"1";
"202000022938";"154 701 871";"B01";"1";"7";"0";"2";"2";"15";"1";
"202000022938";"154 701 872";"A01";"1";"33";"0";"2";"1";"7";"1";
"202000022939";"154 701 869";"B01";"3";"1";"0";"2";"0";"0";"5";
"202000022939";"154 701 870";"A01";"1";"7";"16";"0";"7";"9";"1";
"202000022940";"154 701 867";"B01";"2";"2";"0";"2";"1";"1";"1";
"202000022940";"154 701 868";"A01";"2";"7";"0";"2";"3";"16";"2";
"202000022941";"154 701 866";"A01";"1";"30";"0";"0";"0";"1";"0";
"202000022942";"154 701 864";"B01";"1";"7";"0";"2";"1";"15";"1";
"202000022942";"154 701 865";"A01";"2";"30";"0";"2";"1";"17";"1";
"202000022943";"154 701 862";"B01";"1";"1";"0";"2";"1";"16";"0";
"202000022943";"154 701 863";"A01";"1";"14";"0";"2";"5";"1";"1";
"202000022944";"154 701 860";"B01";"3";"1";"0";"2";"0";"0";"5";
"202000022944";"154 701 861";"A01";"3";"7";"0";"2";"1";"1";"1";
"202000022945";"154 701 858";"A01";"3";"7";"0";"2";"3";"0";"1";
"202000022945";"154 701 859";"B01";"3";"7";"0";"2";"3";"0";"1";
"202000022946";"154 701 857";"A01";"2";"34";"0";"0";"0";"26";"1";
"202000022947";"154 701 855";"A01";"1";"7";"0";"2";"1";"13";"0";
"202000022947";"154 701 856";"B01";"1";"7";"0";"2";"1";"1";"0";
"202000022948";"154 701 853";"B01";"3";"7";"0";"2";"1";"1";"1";
"202000022948";"154 701 854";"A01";"3";"30";"0";"2";"3";"15";"1";
"202000022949";"154 701 852";"A01";"1";"7";"0";"1";"1";"26";"1";
"202000022950";"154 701 851";"A01";"2";"10";"0";"1";"3";"26";"1";
"202000022951";"154 701 850";"A01";"3";"7";"0";"1";"1";"1";"1";
"202000022952";"154 701 849";"A01";"0";"7";"0";"1";"1";"15";"0";
"202000022953";"154 701 847";"B01";"1";"7";"0";"2";"3";"0";"0";
"202000022953";"154 701 848";"A01";"1";"7";"0";"2";"2";"26";"1";
"202000022954";"154 701 846";"A01";"3";"10";"0";"1";"6";"23";"1";
"202000022955";"154 701 844";"A01";"2";"7";"0";"9";"3";"1";"1";
"202000022955";"154 701 845";"B01";"1";"1";"0";"2";"1";"5";"0";
"202000022956";"154 701 842";"B01";"2";"33";"0";"2";"1";"1";"1";
"202000022956";"154 701 843";"A01";"2";"7";"0";"2";"8";"15";"1";
"202000022957";"154 701 840";"A01";"1";"7";"0";"2";"1";"5";"1";
"202000022957";"154 701 841";"B01";"2";"7";"0";"2";"1";"1";"1";
"202000022958";"154 701 839";"A01";"1";"7";"0";"1";"1";"1";"1";
"202000022959";"154 701 833";"A01";"3";"7";"0";"2";"3";"9";"1";
"202000022959";"154 701 834";"B01";"3";"7";"0";"2";"7";"26";"1";
"202000022960";"154 701 830";"C01";"2";"7";"0";"2";"1";"1";"1";
"202000022960";"154 701 831";"B01";"2";"2";"0";"2";"3";"1";"1";
"202000022960";"154 701 832";"A01";"1";"7";"0";"2";"1";"13";"1";
"202000022961";"154 701 828";"A01";"2";"7";"0";"0";"0";"15";"1";
"202000022961";"154 701 829";"B01";"1";"33";"0";"2";"0";"1";"1";
"202000022962";"154 701 827";"A01";"1";"7";"2";"0";"1";"0";"1";
"202000022963";"154 701 825";"B01";"2";"10";"0";"2";"8";"19";"1";
"202000022963";"154 701 826";"A01";"1";"7";"0";"2";"1";"1";"1";
"202000022964";"154 701 822";"C01";"0";"7";"0";"2";"1";"1";"1";
"202000022964";"154 701 823";"B01";"0";"7";"0";"2";"1";"1";"1";
"202000022964";"154 701 824";"A01";"0";"7";"0";"2";"1";"13";"1";
"202000022965";"154 701 821";"A01";"1";"31";"0";"0";"0";"26";"1";
"202000022966";"154 701 819";"A01";"2";"7";"0";"2";"6";"16";"1";
"202000022966";"154 701 820";"B01";"1";"1";"0";"2";"1";"1";"5";
"202000022967";"154 701 818";"A01";"0";"36";"15";"0";"3";"13";"1";
"202000022968";"154 701 816";"A01";"2";"7";"0";"2";"2";"16";"1";
"202000022968";"154 701 817";"B01";"2";"1";"0";"2";"4";"1";"5";
"202000022969";"154 701 814";"B01";"2";"32";"0";"0";"0";"0";" -1";
"202000022969";"154 701 815";"A01";"2";"7";"0";"2";"0";"19";"1";
"202000022970";"154 701 812";"A01";"1";"7";"0";"2";"2";"9";"1";
"202000022970";"154 701 813";"B01";"1";"7";"0";"2";"3";"1";"1";
"202000022971";"154 701 811";"A01";"2";"32";"12";"0";"0";"1";"1";
"202000022972";"154 701 809";"A01";"3";"1";"0";"2";"6";"1";"5";
"202000022972";"154 701 810";"B01";"1";"7";"0";"2";"3";"1";"1";
"202000022973";"154 701 807";"A01";"1";"7";"0";"9";"3";"19";"1";
"202000022973";"154 701 808";"B01";"1";"1";"0";"2";"8";"1";"5";
"202000022974";"154 701 805";"A01";"1";"7";"0";"2";"1";"1";"1";
"202000022974";"154 701 806";"B01";"2";"1";"0";"2";"6";"19";"5";
"202000022975";"154 701 803";"Z01";"0";"7";"0";"2";"0";"0";"0";
"202000022975";"154 701 804";"A01";"1";"1";"0";"2";"4";"0";"5";
"202000022976";"154 701 801";"A01";"1";"7";"0";"2";"2";"15";"1";
"202000022976";"154 701 802";"B01";"2";"99";"0";"2";"1";"21";"1";
"202000022977";"154 701 799";"A01";"1";"7";"0";"2";"1";"1";"1";
"202000022977";"154 701 800";"B01";"1";"7";"0";"2";"3";"1";"1";
"202000022978";"154 701 798";"A01";"1";"10";"0";"1";"8";"1";"1";
"202000022979";"154 701 796";"B01";"2";"7";"0";"2";"8";"1";"1";
"202000022979";"154 701 797";"A01";"1";"7";"0";"2";"1";"1";"1";
"202000022980";"154 701 794";"B01";"2";"10";"0";"2";"3";"1";"1";
"202000022980";"154 701 795";"A01";"1";"2";"0";"2";"1";"5";"1";
"202000022981";"154 701 792";"B01";"2";"30";"0";"2";"0";"0";"1";
"202000022981";"154 701 793";"A01";"1";"7";"0";"2";"3";"15";"1";
"202000022982";"154 701 791";"A01";"2";"7";"0";"1";"1";"1";"1";
"202000022983";"154 701 789";"B01";"1";"10";"0";"2";"6";"23";"1";
"202000022983";"154 701 790";"A01";"1";"33";"0";"2";"7";"17";"1";
"202000022984";"154 701 788";"A01";"3";"7";"1";"1";"2";"0";"0";
"202000022985";"154 701 787";"A01";"0";"1";"0";"2";"3";"26";"0";
"202000022986";"154 701 786";"A01";"0";"7";"0";"1";"1";"19";"0";
"202000022987";"154 701 784";"B01";"2";"30";"0";"0";"0";"1";"1";
"202000022987";"154 701 785";"A01";"1";"7";"0";"0";"0";"20";"0";
"202000022988";"154 701 782";"B01";"1";"7";"0";"2";"8";"1";"1";
"202000022988";"154 701 783";"A01";"1";"7";"0";"2";"1";"1";"1";
"202000022989";"154 701 780";"Z01";"2";"7";"0";"2";"3";"9";"0";
"202000022989";"154 701 781";"A01";"1";"1";"0";"2";"7";"1";"5";
"202000022990";"154 701 778";"B01";"2";"7";"0";"2";"2";"16";"1";
"202000022990";"154 701 779";"A01";"2";"2";"0";"2";"8";"16";"1";
"202000022991";"154 701 776";"B01";"2";"1";"0";"2";"7";"1";"5";
"202000022991";"154 701 777";"A01";"1";"7";"0";"2";"3";"9";"1";
"202000022992";"154 701 774";"A01";"1";"10";"0";"2";"2";"2";"1";
"202000022992";"154 701 775";"B01";"1";"33";"0";"2";"4";"23";"1";
"202000022993";"154 701 772";"B01";"3";"1";"0";"2";"1";"19";"5";
"202000022993";"154 701 773";"A01";"1";"7";"0";"2";"8";"1";"1";
"202000022994";"154 701 770";"A01";"3";"7";"0";"2";"8";"9";"1";
"202000022994";"154 701 771";"B01";"1";"34";"0";"2";"1";"1";"1";
"202000022995";"154 701 768";"B01";"1";"0";"0";"2";"1";"2";"0";
"202000022995";"154 701 769";"A01";"1";"7";"0";"2";"4";"2";"1";
"202000022996";"154 701 766";"B01";"3";"99";"0";"2";"1";"5";"5";
"202000022996";"154 701 767";"A01";"3";"7";"0";"2";"3";"13";"1";
"202000022997";"154 701 764";"A01";"2";"33";"0";"2";"1";"1";"0";
"202000022997";"154 701 765";"B01";"2";"7";"0";"2";"6";"1";"0";
"202000022998";"154 701 762";"A01";"1";"7";"0";"2";"1";"2";"1";
"202000022998";"154 701 763";"B01";"1";"32";"0";"2";"4";"2";"1";
"202000022999";"154 701 759";"A01";"3";"7";"0";"2";"3";"16";"1";
"202000022999";"154 701 760";"B01";"3";"1";"0";"2";"1";"19";"5";
"202000023000";"154 701 757";"B01";"1";"33";"0";"2";"1";"7";"1";
"202000023000";"154 701 758";"A01";"1";"7";"0";"2";"5";"16";"1";