"Num_Acc";"id_vehicule";"num_veh";"senc";"catv";"obs";"obsm";"choc";"manv";"motor";"occutc"
"202000023001";"154 701 755";"A01";"1";"7";"0";"2";"3";"2";"1";
"202000023001";"154 701 756";"B01";"1";"7";"0";"2";"4";"2";"1";
"202000023002";"154 701 753";"A01";"0";"7";"0";"2";"2";"26";"1";
"202000023002";"154 701 754";"B01";"0";"33";"0";"2";"1";"0";"1";
"202000023003";"154 701 751";"B01";"0";"7";"0";"2";"6";"1";"3";
"202000023003";"154 701 752";"A01";"3";"30";"0";"2";"1";"9";"1";
"202000023004";"154 701 749";"B01";"1";"7";"0";"2";"4";"23";"1";
"202000023004";"154 701 750";"A01";"1";"33";"0";"2";"1";"2";"1";
"202000023005";"154 701 748";"A01";"0";"33";"0";"1";"9";"18";"1";
"202000023006";"154 701 746";"B01";"1";"7";"0";"2";"7";"1";"1";
"202000023006";"154 701 747";"A01";"1";"7";"0";"2";"1";"9";"1";
"202000023007";"154 701 744";"B01";"3";"7";"0";"2";"3";"1";"1";
"202000023007";"154 701 745";"A01";"3";"3";"0";"2";"3";"13";"1";
"202000023008";"154 701 743";"A01";"3";"7";"6";"0";"1";"13";"1";
"202000023009";"154 701 742";"A01";"2";"7";"5";"0";"1";"12";"1";
"202000023010";"154 701 740";"B01";"0";"1";"0";"2";"0";"0";"5";
"202000023010";"154 701 741";"A01";"1";"7";"0";"2";"0";"0";"1";
"202000023011";"154 701 738";"A01";"1";"7";"0";"2";"2";"16";"1";
"202000023011";"154 701 739";"B01";"1";"2";"0";"2";"1";"1";"1";
"202000023012";"154 701 736";"B01";"1";"10";"0";"2";"2";"1";"1";
"202000023012";"154 701 737";"A01";"2";"1";"0";"2";"1";"5";"5";
"202000023013";"154 701 734";"A01";"0";"7";"0";"2";"3";"1";"1";
"202000023013";"154 701 735";"B01";"1";"7";"0";"2";"1";"1";"1";
"202000023014";"154 701 732";"A01";"0";"7";"0";"2";"1";"1";"1";
"202000023014";"154 701 733";"B01";"0";"1";"0";"2";"1";"25";"5";
"202000023015";"154 701 730";"A01";"2";"33";"0";"2";"1";"1";"1";
"202000023015";"154 701 731";"B01";"2";"7";"0";"2";"6";"15";"1";
"202000023016";"154 701 729";"Z01";"0";"7";"0";"1";"0";"0";"0";
"202000023017";"154 701 728";"A01";"1";"37";"0";"1";"1";"21";"1";"1"
"202000023018";"154 701 727";"A01";"3";"7";"0";"1";"1";"26";"1";
"202000023019";"154 701 725";"A01";"1";"7";"0";"2";"3";"9";"1";
"202000023019";"154 701 726";"B01";"2";"1";"0";"2";"1";"26";"0";
"202000023020";"154 701 724";"A01";"1";"7";"0";"1";"1";"9";"1";
"202000023021";"154 701 723";"A01";"3";"7";"0";"1";"3";"9";"1";
"202000023022";"154 701 721";"B01";"2";"7";"0";"2";"4";"0";"1";
"202000023022";"154 701 722";"A01";"2";"7";"0";"2";"3";"2";"1";
"202000023023";"154 701 720";"A01";"0";"7";"0";"1";"1";"15";"1";
"202000023024";"154 701 718";"B01";"1";"33";"0";"2";"1";"1";"1";
"202000023024";"154 701 719";"A01";"1";"7";"0";"2";"3";"9";"1";
"202000023025";"154 701 716";"B01";"1";"2";"0";"2";"7";"2";"1";
"202000023025";"154 701 717";"A01";"1";"10";"0";"2";"8";"15";"1";
"202000023026";"154 701 714";"A01";"3";"7";"0";"2";"3";"13";"0";
"202000023026";"154 701 715";"B01";"3";"7";"0";"2";"3";"1";"0";
"202000023027";"154 701 712";"B01";"3";"7";"0";"2";"1";"1";"1";
"202000023027";"154 701 713";"A01";"1";"30";"0";"2";"1";"1";"1";
"202000023028";"154 701 710";"B01";"1";"2";"0";"2";"1";"1";"1";
"202000023028";"154 701 711";"A01";"2";"7";"0";"2";"2";"15";"1";
"202000023029";"154 701 708";"A01";"1";"30";"0";"2";"1";"17";"1";
"202000023029";"154 701 709";"B01";"1";"7";"0";"2";"8";"15";"1";
"202000023030";"154 701 704";"D01";"1";"7";"0";"2";"6";"1";"1";
"202000023030";"154 701 705";"A01";"1";"34";"0";"2";"1";"3";"1";
"202000023030";"154 701 706";"B01";"1";"31";"0";"2";"4";"3";"1";
"202000023030";"154 701 707";"C01";"1";"32";"0";"2";"4";"1";"1";
"202000023031";"154 701 702";"A01";"2";"7";"0";"2";"2";"11";"1";
"202000023031";"154 701 703";"B01";"2";"7";"0";"2";"6";"1";"1";
"202000023032";"154 701 700";"B01";"2";"10";"0";"2";"3";"23";"1";
"202000023032";"154 701 701";"A01";"1";"1";"0";"2";"1";"13";"5";
"202000023033";"154 701 699";"A01";"2";"30";"0";"1";"1";"1";"1";
"202000023034";"154 701 698";"A01";"3";"50";"0";"0";"0";"1";"3";
"202000023035";"154 701 696";"A01";"2";"32";"0";"2";"1";"17";"1";
"202000023035";"154 701 697";"B01";"2";"10";"0";"2";"3";"15";"1";
"202000023036";"154 701 695";"A01";"2";"7";"0";"1";"2";"1";"1";
"202000023037";"154 701 693";"A01";"2";"1";"0";"2";"5";"1";"5";
"202000023037";"154 701 694";"Z01";"1";"30";"0";"2";"0";"13";"0";
"202000023038";"154 701 691";"A01";"1";"7";"0";"2";"3";"15";"1";
"202000023038";"154 701 692";"B01";"2";"33";"0";"2";"3";"1";"1";
"202000023039";"154 701 689";"A01";"1";"7";"0";"2";"2";"9";"1";
"202000023039";"154 701 690";"B01";"1";"31";"0";"2";"3";"1";"1";
"202000023040";"154 701 688";"A01";"0";"7";"2";"0";"1";"1";"1";
"202000023041";"154 701 687";"A01";"1";"30";"0";"1";"3";"1";"1";
"202000023042";"154 701 685";"A01";"2";"7";"0";"2";"2";"12";"1";
"202000023042";"154 701 686";"B01";"2";"1";"0";"2";"8";"7";"5";
"202000023043";"154 701 683";"B01";"2";"34";"0";"2";"7";"1";"1";
"202000023043";"154 701 684";"A01";"2";"10";"0";"2";"3";"10";"1";
"202000023044";"154 701 682";"A01";"3";"31";"0";"0";"8";"1";"1";
"202000023045";"154 701 681";"A01";"1";"1";"0";"0";"1";"21";"5";
"202000023046";"154 701 679";"B01";"2";"33";"0";"2";"0";"15";"1";
"202000023046";"154 701 680";"A01";"1";"7";"0";"2";"1";"19";"1";
"202000023047";"154 701 677";"A01";"2";"7";"0";"2";"3";"10";"1";
"202000023047";"154 701 678";"B01";"2";"2";"0";"2";"1";"17";"1";
"202000023048";"154 701 675";"B01";"1";"1";"0";"2";"8";"1";"5";
"202000023048";"154 701 676";"A01";"1";"7";"0";"2";"0";"0";"0";
"202000023049";"154 701 673";"A01";" -1";"32";"0";"2";"8";"16";"1";
"202000023049";"154 701 674";"B01";" -1";"7";"0";"2";"2";"1";"1";
"202000023050";"154 701 671";"B01";"2";"32";"0";"0";"2";"19";"1";
"202000023050";"154 701 672";"A01";"2";"7";"0";"2";"8";"22";"1";
"202000023051";"154 701 670";"A01";"1";"31";"0";"0";"1";"1";"1";
"202000023052";"154 701 668";"A01";"1";"7";"0";"2";"3";"26";"1";
"202000023052";"154 701 669";"B01";" -1";"80";"1";"2";"0";"0";"3";
"202000023053";"154 701 667";"A01";"1";"10";"8";"0";"1";"26";"0";
"202000023054";"154 701 666";"A01";"1";"7";"0";"1";"2";"26";"0";
"202000023055";"154 701 664";"B01";" -1";"7";"0";"0";"4";"2";"1";
"202000023055";"154 701 665";"A01";" -1";"7";"7";"2";"1";"2";"1";
"202000023056";"154 701 662";"A01";"2";"1";"1";"0";"1";"1";"5";
"202000023056";"154 701 663";"B01";"0";"7";"0";"0";"0";"22";"1";
"202000023057";"154 701 660";"B01";"2";"7";"0";"2";"4";"15";"1";
"202000023057";"154 701 661";"A01";"2";"1";"0";"2";"1";"2";"5";
"202000023058";"154 701 659";"A01";"2";"7";"15";"0";"1";"13";"2";
"202000023059";"154 701 657";"B01";"1";"7";"0";"2";"5";"26";"0";
"202000023059";"154 701 658";"A01";"1";"10";"0";"1";"3";"0";"0";
"202000023060";"154 701 655";"A01";"2";"7";"0";"2";"1";"2";"0";
"202000023060";"154 701 656";"B01";"2";"7";"0";"2";"4";"23";"0";
"202000023061";"154 701 654";"A01";"2";"1";"15";"1";"1";"13";"5";
"202000023062";"154 701 652";"A01";"1";"32";"0";"2";"1";"1";"1";
"202000023062";"154 701 653";"B01";"1";"10";"0";"2";"4";"20";"1";
"202000023063";"154 701 651";"A01";"1";"33";"0";"1";"1";"1";"1";
"202000023064";"154 701 649";"A01";"2";"7";"0";"2";"3";"24";"1";
"202000023064";"154 701 650";"Z01";"2";"7";"1";"0";"2";"0";"0";
"202000023065";"154 701 648";"A01";"0";"7";"0";"1";"1";"1";"1";
"202000023066";"154 701 647";"A01";"1";"7";"6";"0";"1";"1";"1";
"202000023067";"154 701 645";"A01";"2";"7";"0";"2";"1";"16";"1";
"202000023067";"154 701 646";"B01";"1";"1";"0";"0";"7";"19";"5";
"202000023068";"154 701 644";"A01";"3";"7";"0";"1";"2";"1";"1";
"202000023069";"154 701 642";"A01";"2";"7";"0";"2";"3";"0";"1";
"202000023069";"154 701 643";"B01";"1";"33";"0";"2";"1";"0";"1";
"202000023070";"154 701 640";"B01";"3";"7";"0";"2";"2";"1";"1";
"202000023070";"154 701 641";"A01";"3";"1";"0";"2";"8";"9";"5";
"202000023071";"154 701 639";"A01";"1";"7";"15";"0";"1";"1";"1";
"202000023072";"154 701 636";"A01";"2";"7";"3";"2";"1";"17";"1";
"202000023072";"154 701 637";"B01";"2";"7";"0";"2";"4";"11";"1";
"202000023072";"154 701 638";"C01";"2";"7";"3";"2";"6";"1";"1";
"202000023073";"154 701 635";"A01";"1";"7";"8";"0";"1";"1";"1";
"202000023074";"154 701 634";"A01";"2";"33";"13";"0";"7";"1";"1";
"202000023075";"154 701 633";"A01";"1";"33";"16";"0";"9";"1";"1";
"202000023076";"154 701 632";"A01";"2";"7";"17";"0";"3";"13";"1";
"202000023077";"154 701 631";"A01";"1";"7";"0";"1";"1";"1";"0";
"202000023078";"154 701 629";"A01";"2";"7";"0";"9";"8";"2";"1";
"202000023078";"154 701 630";"B01";"2";"1";"0";"2";"7";"2";"5";
"202000023079";"154 701 627";"A01";"3";"7";"0";"2";"0";"1";"1";
"202000023079";"154 701 628";"B01";"0";"1";"0";"2";"4";"1";"5";
"202000023080";"154 701 626";"A01";"3";"10";"0";"1";"4";"26";"1";
"202000023081";"154 701 624";"A01";"3";"7";"0";"2";"3";"19";"3";
"202000023081";"154 701 625";"B01";"1";"7";"0";"2";"2";"1";"1";
"202000023082";"154 701 622";"A01";"1";"7";"3";"2";"3";"17";"1";
"202000023082";"154 701 623";"B01";"2";"7";"0";"2";"3";"1";"1";
"202000023083";"154 701 620";"A01";"2";"7";"0";"2";"8";"10";"1";
"202000023083";"154 701 621";"B01";"2";"15";"0";"2";"2";"1";"1";
"202000023084";"154 701 618";"A01";"1";"7";"0";"2";"8";"19";"1";
"202000023084";"154 701 619";"B01";"1";"7";"0";"2";"1";"1";"1";
"202000023085";"154 701 616";"B01";"1";"7";"0";"2";"3";"1";"1";
"202000023085";"154 701 617";"A01";"2";"7";"0";"2";"2";"5";"1";
"202000023086";"154 701 615";"A01";"0";"7";"6";"0";"1";"13";"1";
"202000023087";"154 701 614";"A01";"2";"7";"0";"1";"1";"1";"1";
"202000023088";"154 701 612";"A01";"3";"7";"0";"1";"3";"1";"1";
"202000023089";"154 701 610";"B01";"1";"33";"0";"0";"3";"1";"0";
"202000023089";"154 701 611";"A01";"2";"7";"0";"2";"3";"9";"0";
"202000023090";"154 701 609";"A01";"1";"7";"0";"1";"2";"1";"1";
"202000023091";"154 701 607";"B01";"1";"7";"0";"0";"3";"1";"0";
"202000023091";"154 701 608";"A01";"1";"7";"0";"2";"3";"17";"0";
"202000023092";"154 701 605";"B01";"1";"34";"0";"2";"1";"1";"1";
"202000023092";"154 701 606";"A01";"2";"7";"0";"2";"1";"5";"1";
"202000023093";"154 701 603";"A01";"2";"43";"0";"2";"3";"1";"1";
"202000023093";"154 701 604";"Z01";"2";"7";"0";"2";"7";"16";"1";
"202000023094";"154 701 602";"A01";"1";"7";"0";"1";"4";"4";"0";
"202000023095";"154 701 599";"A01";"2";"7";"0";"2";"3";"15";"1";
"202000023095";"154 701 600";"B01";"1";"7";"0";"2";"6";"23";"2";
"202000023095";"154 701 601";"C01";"1";"33";"0";"2";"1";"17";"1";
"202000023096";"154 701 597";"B01";"1";"31";"0";"2";"2";"17";"1";
"202000023096";"154 701 598";"A01";"1";"14";"0";"2";"3";"10";"1";
"202000023097";"154 701 594";"A01";"1";"30";"0";"2";"7";"3";"3";
"202000023097";"154 701 595";"B01";"1";"7";"0";"2";"6";"16";"1";
"202000023097";"154 701 596";"C01";"1";"7";"0";"2";"5";"16";"1";
"202000023098";"154 701 592";"B01";"1";"7";"0";"2";"3";"1";"1";
"202000023098";"154 701 593";"A01";"1";"50";"0";"2";"7";"1";"3";
"202000023099";"154 701 591";"A01";"2";"50";"8";"0";"1";"25";"3";
"202000023100";"154 701 589";"A01";"1";"50";"0";"2";"1";"1";"3";
"202000023100";"154 701 590";"Z01";"2";"7";"0";"2";"0";"15";"1";
"202000023101";"154 701 587";"B01";"2";"7";"0";"2";"8";"1";"2";
"202000023101";"154 701 588";"A01";"2";"50";"0";"2";"7";"1";"3";
"202000023102";"154 701 585";"A01";"1";"7";"0";"2";"2";"1";"3";
"202000023102";"154 701 586";"B01";"2";"80";"0";"2";"1";"13";"3";
"202000023103";"154 701 583";"B01";"1";"33";"0";"2";"8";"13";"1";
"202000023103";"154 701 584";"A01";"1";"30";"0";"2";"2";"9";"0";
"202000023104";"154 701 577";"C01";"3";"7";"0";"2";"2";"5";"1";
"202000023104";"154 701 578";"B01";"3";"7";"0";"2";"3";"0";"1";
"202000023104";"154 701 579";"A01";"3";"33";"0";"2";"2";"3";"1";
"202000023105";"154 701 576";"A01";"0";"7";"0";"1";"7";"16";"0";
"202000023106";"154 701 574";"B01";"1";"99";"15";"0";"4";"16";"3";
"202000023106";"154 701 575";"A01";"1";"7";"15";"0";"3";"16";"1";
"202000023107";"154 701 572";"B01";"2";"10";"0";"2";"1";"16";"0";
"202000023107";"154 701 573";"A01";"2";"10";"0";"2";"7";"17";"0";
"202000023108";"154 701 570";"B01";"1";"7";"0";"2";"4";"2";"0";
"202000023108";"154 701 571";"A01";"1";"7";"0";"2";"1";"1";"0";
"202000023109";"154 701 569";"A01";"1";"10";"1";"1";"2";"1";"0";
"202000023110";"154 701 567";"A01";"3";"1";"0";"2";"3";"1";"5";
"202000023110";"154 701 568";"B01";"3";"30";"0";"2";"1";"19";"0";
"202000023111";"154 701 565";"A01";"1";"7";"0";"2";"1";"15";"1";
"202000023111";"154 701 566";"B01";"2";"33";"0";"2";"3";"2";"1";
"202000023112";"154 701 563";"A01";"2";"15";"0";"2";"1";"12";"1";
"202000023112";"154 701 564";"B01";"2";"7";"0";"2";"8";"1";"1";
"202000023113";"154 701 561";"B01";"0";"1";"0";"2";"1";"5";"5";
"202000023113";"154 701 562";"A01";"3";"7";"0";"2";"1";"1";"1";
"202000023114";"154 701 559";"B01";"2";"7";"0";"2";"1";"21";"1";
"202000023114";"154 701 560";"A01";"2";"7";"0";"2";"3";"15";"1";
"202000023115";"154 701 557";"B01";"1";"7";"3";"2";"8";"1";"1";
"202000023115";"154 701 558";"A01";"1";"10";"3";"2";"7";"17";"1";
"202000023116";"154 701 556";"A01";"1";"33";"0";"0";"7";"1";"1";
"202000023117";"154 701 554";"B01";"1";"7";"2";"2";"1";"1";"1";
"202000023117";"154 701 555";"A01";"2";"7";"0";"2";"1";"13";"1";
"202000023118";"154 701 553";"A01";"0";"7";"13";"0";"1";"17";"0";
"202000023119";"154 701 552";"A01";"1";"7";"0";"0";"0";"2";"6";
"202000023120";"154 701 551";"A01";"2";"7";"13";"0";"2";"1";"0";
"202000023121";"154 701 550";"A01";"1";"31";"9";"0";"1";"16";"1";
"202000023122";"154 701 549";"A01";"1";"7";"13";"0";"1";"18";"1";
"202000023123";"154 701 548";"A01";"1";"7";"13";"0";"0";"13";"1";
"202000023124";"154 701 547";"A01";"1";"33";"0";"0";"7";"1";"1";
"202000023125";"154 701 546";"A01";"3";"7";"6";"0";"1";"1";"1";
"202000023126";"154 701 545";"A01";"2";"7";"16";"0";"9";"13";"1";
"202000023127";"154 701 544";"A01";"1";"7";"1";"1";"7";"21";"1";
"202000023128";"154 701 543";"A01";"2";"1";"13";"0";"0";"21";"5";
"202000023129";"154 701 542";"A01";"1";"36";"6";"0";"3";"1";"1";
"202000023130";"154 701 540";"A01";"2";"7";"0";"2";"7";"17";"1";
"202000023130";"154 701 541";"B01";"2";"7";"0";"2";"8";"1";"1";
"202000023131";"154 701 539";"A01";"2";"7";"0";"1";"1";"1";"1";
"202000023132";"154 701 537";"B01";"2";"33";"0";"2";"1";"1";"1";
"202000023132";"154 701 538";"A01";"1";"7";"0";"2";"3";"15";"1";
"202000023133";"154 701 535";"A01";"3";"21";"0";"2";"3";"15";"1";
"202000023133";"154 701 536";"B01";"3";"2";"0";"2";"8";"21";"1";
"202000023134";"154 701 533";"A01";"1";"10";"0";"2";"1";"3";"1";
"202000023134";"154 701 534";"B01";"2";"33";"0";"2";"1";"26";"1";
"202000023135";"154 701 531";"A01";"1";"7";"0";"2";"1";"13";"1";
"202000023135";"154 701 532";"B01";"2";"7";"0";"2";"1";"1";"1";
"202000023136";"154 701 529";"B01";"1";"7";"0";"2";"3";"13";"1";
"202000023136";"154 701 530";"A01";"2";"7";"0";"2";"3";"1";"1";
"202000023137";"154 701 528";"A01";"1";"33";"8";"0";"7";"1";"1";
"202000023138";"154 701 527";"A01";"3";"1";"0";"0";"0";"0";"5";
"202000023139";"154 701 526";"A01";"2";"33";"13";"0";"1";"1";"1";
"202000023140";"154 701 525";"A01";"2";"7";"0";"0";"0";"0";"1";
"202000023141";"154 701 523";"B01";"2";"7";"0";"0";"5";"2";"1";
"202000023141";"154 701 524";"A01";"2";"33";"0";"2";"1";"2";"1";
"202000023142";"154 701 520";"C01";"2";"7";"0";"2";"3";"23";"1";
"202000023142";"154 701 521";"A01";"1";"7";"0";"2";"7";"19";"1";
"202000023142";"154 701 522";"B01";"1";"7";"7";"2";"1";"1";"1";
"202000023143";"154 701 519";"A01";"2";"2";"0";"1";"1";"1";"1";
"202000023144";"154 701 517";"A01";"3";"7";"0";"2";"6";"15";"1";
"202000023144";"154 701 518";"B01";"1";"34";"0";"2";"3";"0";"1";
"202000023145";"154 701 516";"A01";"1";"7";"8";"0";"3";"1";"1";
"202000023146";"154 701 515";"A01";"2";"7";"4";"0";"2";"1";"1";
"202000023147";"154 701 514";"A01";"2";"7";"0";"1";"0";"0";"1";
"202000023148";"154 701 511";"B01";"1";"33";"0";"2";"1";"0";"1";
"202000023148";"154 701 512";"A01";"2";"7";"0";"2";"1";"10";"1";
"202000023149";"154 701 510";"A01";"1";"7";"8";"0";"2";"1";"1";
"202000023150";"154 701 508";"A01";"1";"15";"0";"9";"5";"17";"1";
"202000023150";"154 701 509";"B01";"1";"1";"0";"2";"8";"1";"6";
"202000023151";"154 701 507";"A01";"2";"7";"6";"0";"1";"0";"1";
"202000023152";"154 701 505";"B01";"2";"33";"0";"2";"1";"1";"1";
"202000023152";"154 701 506";"A01";"1";"7";"0";"2";"1";"15";"1";
"202000023153";"154 701 503";"A01";"0";"7";"0";"2";"3";"17";"1";
"202000023153";"154 701 504";"B01";"0";"34";"0";"2";"1";"1";"1";
"202000023154";"154 701 501";"B01";"1";"7";"0";"2";"3";"1";"1";
"202000023154";"154 701 502";"A01";"2";"7";"0";"2";"1";"13";"1";
"202000023155";"154 701 499";"B01";"1";"33";"0";"2";"1";"1";"1";
"202000023155";"154 701 500";"A01";"2";"7";"0";"2";"2";"13";"1";
"202000023156";"154 701 497";"B01";"2";"33";"0";"0";"4";"2";"1";
"202000023156";"154 701 498";"A01";"2";"7";"0";"2";"1";"1";"1";
"202000023157";"154 701 495";"A01";"1";"7";"0";"9";"7";"16";"1";
"202000023157";"154 701 496";"B01";"1";"1";"0";"2";"8";"1";"5";
"202000023158";"154 701 494";"A01";"2";"7";"13";"0";"1";"0";"0";
"202000023159";"154 701 493";"A01";"2";"2";"13";"0";"0";"26";"1";
"202000023160";"154 701 492";"A01";"2";"33";"3";"0";"8";"1";"0";
"202000023161";"154 701 490";"B01";"2";"10";"0";"2";"1";"1";"1";
"202000023161";"154 701 491";"A01";"1";"7";"0";"2";"1";"1";"1";
"202000023162";"154 701 489";"A01";"1";"7";"6";"0";"9";"1";"1";
"202000023163";"154 701 488";"A01";"2";"7";"4";"0";"2";"0";"1";
"202000023164";"154 701 487";"A01";"1";"33";"12";"0";"0";"0";"1";
"202000023165";"154 701 486";"A01";"1";"7";"0";"0";"0";"1";"1";
"202000023166";"154 701 484";"B01";"2";"7";"0";"1";"1";"21";"1";
"202000023166";"154 701 485";"A01";"2";"17";"0";"1";"3";"21";"1";
"202000023167";"154 701 483";"A01";"3";"7";"13";"0";"0";"13";"1";
"202000023168";"154 701 481";"B01";"1";"7";"0";"2";"1";"2";"1";
"202000023168";"154 701 482";"A01";"2";"30";"0";"2";"1";"13";"1";
"202000023169";"154 701 480";"A01";"3";"2";"0";"0";"9";"1";"1";
"202000023170";"154 701 479";"A01";"2";"7";"0";"0";"7";"14";"1";
"202000023171";"154 701 477";"A01";"2";"7";"0";"9";"8";"1";"1";
"202000023171";"154 701 478";"B01";"1";"13";"0";"2";"0";"0";"0";
"202000023172";"154 701 475";"A01";"2";"7";"13";"0";"7";"1";"1";
"202000023172";"154 701 476";"B01";"1";"7";"0";"2";"1";"19";"1";
"202000023173";"154 701 474";"A01";"0";"7";"2";"0";"1";"1";"1";
"202000023174";"154 701 473";"A01";"2";"7";"13";"0";"1";"14";"1";
"202000023175";"154 701 471";"B01";"1";"7";"0";"2";"1";"2";"1";
"202000023175";"154 701 472";"A01";"1";"7";"0";"2";"4";"2";"1";
"202000023176";"154 701 470";"A01";"3";"36";"0";"1";"3";"1";"1";
"202000023177";"154 701 468";"B01";"1";"31";"0";"2";"1";"13";"1";
"202000023177";"154 701 469";"A01";"2";"7";"0";"2";"8";"1";"1";
"202000023178";"154 701 467";"A01";"1";"33";"13";"0";"1";"1";"1";
"202000023179";"154 701 466";"A01";"1";"7";"8";"0";"1";"1";"1";
"202000023180";"154 701 465";"A01";"1";"7";"14";"0";"9";"11";"1";
"202000023181";"154 701 463";"A01";"2";"10";"0";"0";"3";"23";"1";
"202000023181";"154 701 464";"B01";"2";"1";"1";"0";"1";"1";"5";
"202000023182";"154 701 461";"A01";"0";"7";"0";"0";"8";"15";"1";
"202000023182";"154 701 462";"B01";"0";"33";"0";"0";"2";"17";"1";
"202000023183";"154 701 458";"B01";"2";"7";"0";"2";"1";"1";"1";
"202000023183";"154 701 459";"A01";"2";"7";"0";"2";"3";"9";"1";
"202000023184";"154 701 456";"A01";"3";"7";"0";"9";"2";"2";"1";
"202000023184";"154 701 457";"B01";"3";"1";"0";"2";"3";"2";"5";
"202000023185";"154 701 454";"B01";"2";"7";"0";"2";"1";"1";"1";
"202000023185";"154 701 455";"A01";"1";"7";"0";"2";"1";"13";"1";
"202000023186";"154 701 452";"B01";"1";"7";"0";"2";"1";"1";"1";
"202000023186";"154 701 453";"A01";"2";"7";"0";"2";"1";"17";"1";
"202000023187";"154 701 450";"B01";"2";"7";"0";"2";"2";"13";"1";
"202000023187";"154 701 451";"A01";"1";"7";"0";"2";"1";"1";"1";
"202000023188";"154 701 448";"B01";"1";"10";"0";"2";"1";"2";"1";
"202000023188";"154 701 449";"A01";"1";"7";"0";"2";"4";"2";"1";
"202000023189";"154 701 447";"A01";"1";"7";"4";"0";"3";"13";"2";
"202000023190";"154 701 446";"A01";"2";"7";"4";"0";"1";"13";"1";
"202000023191";"154 701 445";"A01";"1";"7";"4";"0";"9";"21";"1";
"202000023192";"154 701 443";"B01";"2";"10";"0";"0";"6";"1";"1";
"202000023192";"154 701 444";"A01";"2";"31";"0";"2";"1";"26";"1";
"202000023193";"154 701 441";"A01";"2";"7";"0";"2";"1";"2";"1";
"202000023193";"154 701 442";"B01";"2";"7";"0";"2";"4";"1";"1";
"202000023194";"154 701 440";"A01";"1";"7";"0";"2";"9";"1";"1";
"202000023195";"154 701 439";"A01";"1";"7";"4";"0";"2";"14";"1";
"202000023196";"154 701 437";"B01";"1";"7";"0";" -1";"4";"1";"1";
"202000023196";"154 701 438";"A01";"1";"7";"0";"2";"1";"2";"1";
"202000023197";"154 701 435";"B01";"1";"7";"0";"2";"4";"2";"1";
"202000023197";"154 701 436";"A01";"1";"7";"0";"2";"1";"2";"1";
"202000023198";"154 701 433";"B01";"1";"7";"0";"2";"5";"12";"1";
"202000023198";"154 701 434";"A01";"1";"33";"0";"2";"3";"3";"1";
"202000023199";"154 701 432";"A01";"3";"15";"1";"0";"1";"26";"1";
"202000023200";"154 701 430";"A01";"3";"30";"0";"2";"8";"19";"0";
"202000023200";"154 701 431";"B01";"3";"7";"0";"2";"1";"1";"1";
"202000023201";"154 701 428";"B01";"2";"7";"0";"2";"3";"15";"1";
"202000023201";"154 701 429";"A01";"2";"30";"0";"2";"1";"17";"1";
"202000023202";"154 701 427";"A01";"1";"37";"0";"1";"7";"13";"1";"1"
"202000023203";"154 701 425";"B01";"1";"2";"0";"2";"7";"17";"1";
"202000023203";"154 701 426";"A01";"1";"7";"0";"2";"3";"20";"1";
"202000023204";"154 701 423";"A01";"3";"7";"0";"2";"8";"13";"0";
"202000023204";"154 701 424";"B01";"3";"7";"0";"2";"8";"1";"0";
"202000023205";"154 701 421";"A01";"2";"7";"0";"2";"8";"13";"1";
"202000023205";"154 701 422";"B01";"1";"7";"0";"2";"8";"1";"1";
"202000023206";"154 701 419";"B01";"2";"50";"1";"0";"1";"1";"3";
"202000023206";"154 701 420";"A01";"2";"7";"0";"9";"8";"24";"1";
"202000023207";"154 701 416";"C01";"1";"7";"0";"2";"1";"2";"1";
"202000023207";"154 701 417";"A01";"1";"7";"0";"2";"9";"2";"1";
"202000023207";"154 701 418";"B01";"1";"7";"0";"2";"4";"2";"1";
"202000023208";"154 701 414";"B01";"2";"1";"0";"2";"5";"19";"5";
"202000023208";"154 701 415";"A01";"2";"7";"0";"2";"3";"9";"1";
"202000023209";"154 701 412";"A01";"1";"7";"0";"2";"1";"1";"1";
"202000023209";"154 701 413";"B01";"1";"31";"0";"2";"7";"1";"1";
"202000023210";"154 701 411";"A01";"1";"7";"0";"1";"1";"1";"1";
"202000023211";"154 701 409";"A01";"3";"7";"0";"2";"1";"15";"1";
"202000023211";"154 701 410";"B01";"3";"33";"0";"2";"6";"16";"1";
"202000023212";"154 701 407";"A01";"2";"7";"1";"0";"3";"20";"1";
"202000023212";"154 701 408";"B01";"2";"7";"0";"2";"3";"24";"1";
"202000023213";"154 701 405";"A01";"2";"7";"14";"0";"1";"2";"0";
"202000023213";"154 701 406";"B01";"2";"7";"0";"2";"4";"23";"0";
"202000023214";"154 701 399";"A01";"2";"33";"0";"2";"1";"17";"1";
"202000023214";"154 701 400";"B01";"2";"7";"0";"2";"3";"15";"6";
"202000023215";"154 701 398";"A01";"2";"32";"0";"0";"0";"21";"1";
"202000023216";"154 701 396";"B01";"3";"7";"0";"2";"3";"16";"1";
"202000023216";"154 701 397";"A01";"1";"7";"0";"2";"1";"21";"1";
"202000023217";"154 701 394";"B01";"3";"7";"0";"2";"2";"19";"0";
"202000023217";"154 701 395";"A01";"1";"33";"0";"2";"1";"21";"0";
"202000023218";"154 701 393";"A01";"2";"32";"14";"0";"1";"17";"1";
"202000023219";"154 701 391";"B01";"3";"7";"0";"2";"1";"1";"0";