"Num_Acc";"id_vehicule";"num_veh";"senc";"catv";"obs";"obsm";"choc";"manv";"motor";"occutc"
"202000023219";"154 701 392";"A01";"3";"10";"0";"2";"7";"5";"0";
"202000023220";"154 701 389";"A01";"1";"7";"0";"2";"3";"15";"1";
"202000023220";"154 701 390";"B01";"2";"7";"0";"2";"3";"1";"1";
"202000023221";"154 701 387";"A01";"1";"7";"0";"0";"1";"1";"0";
"202000023221";"154 701 388";"B01";"1";"50";"0";"2";"4";"26";"3";
"202000023222";"154 701 382";"A01";"2";"32";"0";"2";"3";"11";"1";
"202000023222";"154 701 383";"B01";"2";"33";"0";"2";"2";"3";"1";
"202000023222";"154 701 384";"C01";"2";"10";"0";"2";"5";"1";"1";
"202000023223";"154 701 380";"A01";"2";"31";"0";"2";"1";"0";"1";
"202000023223";"154 701 381";"B01";"2";"7";"0";"2";"4";"26";"1";
"202000023224";"154 701 379";"A01";"3";"7";"0";"1";"1";"1";"1";
"202000023225";"154 701 378";"A01";"2";"99";"0";"1";"1";"16";"1";
"202000023226";"154 701 377";"A01";"1";"7";"0";"1";"0";"9";"0";
"202000023227";"154 701 375";"A01";"1";"10";"0";"2";"1";"2";"0";
"202000023227";"154 701 376";"B01";"1";"7";"0";"2";"9";"1";"0";
"202000023228";"154 701 373";"A01";"1";"7";"0";"2";"3";"1";"1";
"202000023228";"154 701 374";"B01";"1";"1";"0";"0";"0";"0";"0";
"202000023229";"154 701 371";"B01";"3";"7";"0";"0";"4";"20";"1";
"202000023229";"154 701 372";"A01";"3";"7";"0";"2";"2";"1";"1";
"202000023230";"154 701 385";"A01";"1";"33";"0";"2";"1";"1";"1";
"202000023230";"154 701 386";"B01";"1";"7";"0";"2";"3";"16";"1";
"202000023231";"154 701 369";"B01";"1";"7";"0";"2";"6";"15";"1";
"202000023231";"154 701 370";"A01";"1";"30";"0";"2";"1";"2";"1";
"202000023232";"154 701 362";"A01";"1";"20";"0";"2";"1";"2";"1";
"202000023232";"154 701 363";"B01";"1";"7";"6";"0";"4";"1";"0";
"202000023232";"154 701 364";"C01";"1";"7";"0";"2";"4";"1";"1";
"202000023232";"154 701 365";"D01";"1";"7";"0";"2";"9";"2";"1";
"202000023232";"154 701 366";"E01";"1";"10";"0";"2";"5";"2";"1";
"202000023233";"154 701 360";"A01";"1";"7";"0";"2";"3";"13";"1";
"202000023233";"154 701 361";"B01";"2";"7";"0";"2";"1";"1";"1";
"202000023234";"154 701 358";"B01";"2";"7";"0";"2";"2";"0";"1";
"202000023234";"154 701 359";"A01";"2";"7";"0";"2";"1";"2";"0";
"202000023235";"154 701 367";"A01";"1";"31";"0";"2";"1";"1";"1";
"202000023235";"154 701 368";"B01";"1";"33";"0";"2";"1";"12";"1";
"202000023236";"154 701 356";"A01";"3";"33";"0";"2";"2";"17";"0";
"202000023236";"154 701 357";"B01";"3";"7";"0";"2";"8";"15";"0";
"202000023237";"154 701 353";"A01";"3";"7";"0";"1";"1";"1";"1";
"202000023238";"154 701 354";"B01";"1";"7";"0";"2";"2";"15";"1";
"202000023238";"154 701 355";"A01";"2";"33";"0";"2";"1";"26";"1";
"202000023239";"154 701 350";"A01";"3";"30";"0";"2";"8";"21";"1";
"202000023239";"154 701 352";"B01";"3";"7";"0";"2";"8";"2";"1";
"202000023240";"154 701 349";"B01";"3";"10";"0";"2";"2";"1";"1";
"202000023240";"154 701 351";"A01";"3";"30";"11";"2";"8";"11";"1";
"202000023241";"154 701 348";"A01";"2";"60";"0";"1";"7";"26";"5";
"202000023242";"154 701 345";"A01";"1";"7";"0";"2";"1";"2";"1";
"202000023242";"154 701 347";"B01";"1";"2";"0";"2";"4";"23";"1";
"202000023243";"154 701 344";"A01";"1";"10";"0";"2";"1";"2";"1";
"202000023243";"154 701 346";"B01";"1";"7";"0";"2";"4";"23";"1";
"202000023244";"154 701 342";"B01";"1";"7";"1";"0";"8";"0";"0";
"202000023244";"154 701 343";"A01";"3";"7";"1";"0";"2";"14";"0";
"202000023245";"154 701 339";"A01";"1";"17";"0";"2";"2";"1";"1";
"202000023245";"154 701 341";"B01";"2";"10";"0";"2";"3";"1";"1";
"202000023246";"154 701 338";"A01";"1";"7";"0";"2";"1";"9";"1";
"202000023246";"154 701 340";"B01";"2";"7";"1";"1";"8";"1";"1";
"202000023247";"154 701 337";"A01";"2";"7";"0";"1";"1";"1";"1";
"202000023248";"154 701 336";"FA01";"1";"7";"0";"1";"6";"26";"1";
"202000023249";"154 701 333";"A01";"2";"7";"0";"2";"3";"1";"1";
"202000023249";"154 701 335";"B01";"1";"7";"0";"2";"2";"16";"1";
"202000023250";"154 701 331";"A01";"3";"7";"0";"1";"2";"14";"1";
"202000023251";"154 701 332";"B01";"3";"7";"0";"2";"4";"23";"1";
"202000023251";"154 701 334";"A01";"3";"7";"0";"2";"1";"1";"1";
"202000023252";"154 701 330";"A01";"3";"2";"8";"0";"1";"1";"1";
"202000023253";"154 701 328";"A01";"1";"33";"0";"2";"1";"1";"1";
"202000023253";"154 701 329";"B01";"2";"37";"0";"2";"2";"1";"1";"1"
"202000023254";"154 701 327";"A01";"3";"2";"12";"0";"1";"1";"1";
"202000023255";"154 701 325";"B01";"2";"1";"0";"2";"0";"25";"5";
"202000023255";"154 701 326";"A01";"3";"7";"0";"2";"0";"9";"1";
"202000023256";"154 701 323";"B01";"2";"34";"0";"2";"1";"1";"1";
"202000023256";"154 701 324";"A01";"2";"7";"0";"2";"3";"19";"1";
"202000023257";"154 701 320";"B01";"2";"33";"0";"2";"1";"17";"1";
"202000023257";"154 701 322";"A01";"2";"7";"0";"2";"3";"11";"1";
"202000023258";"154 701 319";"A01";"2";"34";"0";"2";"1";"17";"1";
"202000023258";"154 701 321";"B01";"1";"32";"0";"2";"1";"1";"1";
"202000023259";"154 701 318";"A01";"1";"1";"0";"1";"1";"1";"5";
"202000023260";"154 701 316";"A01";"1";"30";"0";"2";"1";"1";"1";
"202000023260";"154 701 317";"B01";"1";"7";"0";"2";"8";"1";"1";
"202000023261";"154 701 314";"B01";"1";"1";"0";"2";"8";"1";"5";
"202000023261";"154 701 315";"A01";"1";"7";"0";"2";"2";"17";"1";
"202000023262";"154 701 309";"C01";"0";"7";"0";"2";"4";"2";"1";
"202000023262";"154 701 311";"B01";"0";"7";"0";"2";"4";"0";"1";
"202000023262";"154 701 312";"A01";"0";"7";"0";"2";"1";"2";"1";
"202000023262";"154 701 313";"D01";"0";"7";"0";"2";"4";"2";"1";
"202000023263";"154 701 306";"B01";"0";"3";"2";"2";"2";"1";"3";
"202000023263";"154 701 307";"A01";"0";"7";"0";"2";"3";"10";"1";
"202000023264";"154 701 308";"B01";"3";"7";"0";"2";"2";"15";"1";
"202000023264";"154 701 310";"A01";"3";"31";"0";"2";"1";"25";"1";
"202000023265";"154 701 303";"A01";"1";"7";"0";"2";"1";"14";"1";
"202000023265";"154 701 305";"B01";"1";"7";"0";"0";"0";"0";"0";
"202000023266";"154 701 304";"A01";"2";"7";"13";"0";"2";"1";"1";
"202000023267";"154 701 299";"B01";"0";"7";"1";"0";"2";"1";"1";
"202000023267";"154 701 300";"A01";"3";"7";"0";"2";"1";"9";"1";
"202000023268";"154 701 297";"A01";"1";"7";"6";"2";"1";"1";"1";
"202000023268";"154 701 298";"B01";"1";"7";"0";"2";"7";"15";"1";
"202000023269";"154 701 295";"A01";"1";"10";"0";"1";"1";"15";"6";
"202000023270";"154 701 294";"B01";"1";"7";"0";"2";"1";"1";"1";
"202000023270";"154 701 296";"A01";"2";"7";"0";"2";"1";"13";"1";
"202000023271";"154 701 292";"A01";"1";"7";"0";"2";"1";"1";"1";
"202000023271";"154 701 293";"B01";"1";"7";"0";"2";"4";"1";"1";
"202000023272";"154 701 290";"A01";"1";"1";"0";"0";"0";"1";"5";
"202000023273";"154 701 289";"A01";"2";"32";"0";"2";"1";"2";"1";
"202000023274";"154 701 288";"B01";"2";"1";"0";"2";"7";"1";"0";
"202000023274";"154 701 291";"A01";"3";"10";"0";"2";"1";"9";"1";
"202000023275";"154 701 284";"A01";"1";"7";"0";"0";"0";"15";"1";
"202000023275";"154 701 287";"B01";"2";"31";"0";"0";"0";"1";"1";
"202000023276";"154 701 283";"A01";"1";"7";"0";"1";"1";"19";"1";
"202000023277";"154 701 285";"B01";"1";"33";"0";"2";"3";"17";"1";
"202000023277";"154 701 286";"A01";"1";"7";"0";"2";"2";"9";"1";
"202000023278";"154 701 278";"A01";"1";"7";"0";"2";"3";"26";"1";
"202000023278";"154 701 279";"B01";"1";"2";"0";"2";"3";"1";"1";
"202000023279";"154 701 277";"B01";"2";"37";"0";"2";"2";"1";"1";"1"
"202000023279";"154 701 280";"A01";"2";"7";"15";"2";"3";"1";"1";
"202000023280";"154 701 274";"A01";"1";"32";"0";"2";"2";"17";"1";
"202000023280";"154 701 275";"B01";"1";"7";"0";"2";"3";"15";"1";
"202000023281";"154 701 273";"A01";"2";"7";"0";"2";"6";"11";"1";
"202000023281";"154 701 276";"B01";"2";"17";"0";"2";"2";"17";"1";
"202000023282";"154 701 271";"C01";"1";"10";"0";"2";"4";"23";"6";
"202000023282";"154 701 272";"A01";"1";"7";"1";"0";"1";"1";"1";
"202000023283";"154 701 270";"Z01";"1";"7";"0";"1";"1";"15";"1";
"202000023284";"154 701 269";"A01";"1";"7";"0";"1";"0";"16";"1";
"202000023285";"154 701 267";"A01";"2";"99";"0";"1";"0";"26";"5";
"202000023286";"154 701 266";"B01";"3";"2";"0";"2";"1";"0";"0";
"202000023286";"154 701 268";"A01";"3";"7";"0";"2";"3";"1";"0";
"202000023287";"154 701 263";"B01";"2";"1";"0";"2";"1";"0";"5";
"202000023287";"154 701 264";"A01";"2";"7";"0";"2";"2";"16";"1";
"202000023288";"154 701 265";"A01";"2";"7";"0";"1";"2";"1";"1";
"202000023289";"154 701 261";"B01";"1";"7";"0";"2";"7";"0";"1";
"202000023289";"154 701 262";"A01";"1";"7";"0";"2";"1";"0";"1";
"202000023290";"154 701 258";"A01";"2";"1";"0";"2";"1";"15";"5";
"202000023290";"154 701 259";"B01";"1";"30";"0";"2";"1";"1";"1";
"202000023291";"154 701 256";"B01";"3";"7";"0";"2";"4";"1";"1";
"202000023291";"154 701 257";"A01";"3";"7";"0";"2";"1";"1";"1";
"202000023292";"154 701 255";"A01";"0";"7";"0";"2";"3";"9";"1";
"202000023292";"154 701 260";"B01";"0";"37";"0";"2";"3";"0";"4";"2"
"202000023293";"154 701 253";"B01";"3";"33";"0";"2";"1";"1";"1";
"202000023293";"154 701 254";"A01";"3";"7";"0";"2";"5";"15";"1";
"202000023294";"154 701 251";"B01";"1";"2";"0";"2";"1";"1";"1";
"202000023294";"154 701 252";"A01";"2";"7";"0";"2";"2";"15";"1";
"202000023295";"154 701 248";"A01";"1";"7";"12";"0";"9";"5";"1";
"202000023296";"154 701 246";"B01";"0";"7";"0";"2";"3";"1";"1";
"202000023296";"154 701 247";"A01";"0";"1";"0";"2";"1";"1";"5";
"202000023297";"154 701 242";"B01";"0";"7";"0";"2";"4";"1";"1";
"202000023297";"154 701 243";"A01";"0";"7";"0";"2";"1";"1";"1";
"202000023298";"154 701 244";"B01";"1";"7";"0";"2";"6";"9";"1";
"202000023298";"154 701 245";"A01";"1";"33";"0";"2";"0";"9";"1";
"202000023299";"154 701 239";"A01";"2";"1";"0";"2";"1";"17";"5";
"202000023299";"154 701 241";"B01";"1";"1";"0";"2";"1";"1";"5";
"202000023300";"154 701 240";"A01";"1";"7";"13";"0";"1";"14";"1";
"202000023301";"154 701 236";"A01";"2";"7";"0";"2";"1";"1";"1";
"202000023301";"154 701 237";"C01";"2";"10";"0";"2";"3";"1";"1";
"202000023301";"154 701 238";"B01";"2";"7";"0";"2";"8";"0";"1";
"202000023302";"154 701 234";"A01";"1";"7";"16";"0";"3";"13";"1";
"202000023303";"154 701 233";"B01";"1";"7";"0";"2";"7";"15";"0";
"202000023303";"154 701 235";"A01";"2";"30";"0";"2";"1";"1";"0";
"202000023304";"154 701 232";"A01";"1";"7";"1";"0";"1";"14";"1";
"202000023305";"154 701 231";"A01";"3";"10";"1";"1";"5";"4";"1";
"202000023306";"154 701 230";"A01";"1";"7";"0";"1";"3";"1";"1";
"202000023307";"154 701 226";"A01";"0";"7";"0";"2";"3";"9";"1";
"202000023307";"154 701 227";"B01";"0";"1";"0";"2";"1";"2";"5";
"202000023308";"154 701 222";"A01";"1";"33";"0";"2";"1";"1";"1";
"202000023308";"154 701 223";"B01";"2";"7";"0";"2";"1";"23";"1";
"202000023309";"154 701 224";"B01";"2";"7";"0";"2";"1";"1";"1";
"202000023309";"154 701 225";"A01";"1";"7";"0";"2";"2";"15";"1";
"202000023310";"154 701 218";"A01";"1";"7";"0";"2";"1";"1";"1";
"202000023310";"154 701 220";"B01";"2";"7";"0";"2";"1";"1";"1";
"202000023310";"154 701 221";"C01";"0";"32";"0";"2";"0";"0";"0";
"202000023311";"154 701 215";"A01";"2";"10";"0";"2";"3";"13";"1";
"202000023311";"154 701 216";"B01";"2";"1";"1";"2";"7";"2";"5";
"202000023312";"154 701 217";"A01";"0";"14";"0";"2";"7";"13";"1";
"202000023312";"154 701 219";"B01";"0";"1";"0";"2";"8";"0";"6";
"202000023313";"154 701 211";"C01";"1";"1";"0";"2";"4";"0";"0";
"202000023313";"154 701 212";"A01";"1";"7";"0";"2";"0";"0";"1";
"202000023313";"154 701 214";"B01";"1";"7";"0";"2";"3";"1";"1";
"202000023314";"154 701 213";"A01";"0";"7";"13";"0";"9";"1";"1";
"202000023315";"154 701 209";"A01";"1";"7";"0";"2";"8";"15";"1";
"202000023315";"154 701 210";"B01";"1";"33";"0";"2";"1";"1";"1";
"202000023316";"154 701 207";"B01";"3";"7";"0";"2";"4";"26";"0";
"202000023316";"154 701 208";"A01";"3";"7";"0";"2";"1";"2";"0";
"202000023317";"154 701 205";"B01";"1";"7";"0";"2";"1";"1";"1";
"202000023317";"154 701 206";"A01";"1";"33";"0";"2";"1";"13";"1";
"202000023318";"154 701 203";"Y01";"1";"1";"0";"0";"0";"1";"5";
"202000023319";"154 701 202";"A01";"1";"20";"0";"2";"6";"15";"1";
"202000023319";"154 701 204";"B01";"1";"30";"0";"2";"1";"17";"1";
"202000023320";"154 701 201";"A01";"1";"33";"0";"0";"1";"1";"1";
"202000023321";"154 701 199";"A01";"2";"30";"0";"2";"7";"1";"1";
"202000023321";"154 701 200";"B01";"1";"7";"0";"2";"7";"0";"1";
"202000023322";"154 701 198";"A01";"3";"30";"0";"0";"2";"1";"1";
"202000023323";"154 701 197";"A01";"2";"1";"0";"0";"0";"19";"5";
"202000023324";"154 701 194";"A01";"1";"7";"0";"2";"6";"11";"1";
"202000023324";"154 701 196";"B01";"1";"33";"0";"2";"2";"3";"1";
"202000023325";"154 701 192";"A01";"1";"7";"0";"2";"1";"1";"1";
"202000023325";"154 701 193";"B01";"2";"10";"0";"2";"5";"1";"1";
"202000023325";"154 701 195";"C01";"1";"7";"0";"2";"3";"1";"1";
"202000023326";"154 701 190";"B01";"1";"33";"0";"2";"8";"1";"1";
"202000023326";"154 701 191";"A01";"1";"7";"0";"2";"2";"16";"1";
"202000023327";"154 701 189";"A01";"2";"7";"0";"1";"0";"0";"0";
"202000023328";"154 701 188";"A01";"1";"37";"0";"1";"2";"7";"2";"1"
"202000023329";"154 701 183";"B01";"2";"1";"0";"2";"0";"1";"5";
"202000023329";"154 701 184";"A01";"2";"7";"0";"2";"2";"16";"1";
"202000023330";"154 701 185";"A01";"3";"7";"0";"2";"3";"19";"1";
"202000023330";"154 701 186";"C01";"3";"15";"0";"2";"3";"23";"1";
"202000023330";"154 701 187";"B01";"3";"7";"0";"2";"5";"1";"1";
"202000023331";"154 701 181";"Z01";"2";"10";"0";"1";"1";"1";"1";
"202000023332";"154 701 180";"B01";"1";"2";"0";"2";"7";"15";"6";
"202000023332";"154 701 182";"A01";"1";"7";"0";"2";"3";"1";"6";
"202000023333";"154 701 178";"A01";"1";"1";"0";"2";"1";"1";"5";
"202000023333";"154 701 179";"B01";"1";"7";"0";"2";"4";"23";"1";
"202000023334";"154 701 176";"B01";"3";"7";"0";"2";"3";"19";"0";
"202000023334";"154 701 177";"A01";"1";"33";"0";"2";"1";"13";"0";
"202000023335";"154 701 173";"B01";"2";"7";"0";"0";"6";"15";"1";
"202000023335";"154 701 174";"A01";"2";"33";"0";"2";"1";"17";"1";
"202000023336";"154 701 172";"A01";"2";"7";"0";"2";"1";"1";"1";
"202000023336";"154 701 175";"B01";"1";"43";"0";"2";"7";"1";"1";
"202000023337";"154 701 169";"A01";"2";"7";"0";"1";"2";"1";"1";
"202000023338";"154 701 170";"B01";"2";"2";"0";"2";"8";"1";"0";
"202000023338";"154 701 171";"A01";"1";"7";"0";"2";"3";"15";"0";
"202000023339";"154 701 166";"A01";"1";"7";"0";"2";"3";"15";"1";
"202000023339";"154 701 168";"B01";"2";"1";"0";"2";"1";"1";"5";
"202000023340";"154 701 167";"A01";"0";"7";"0";"1";"2";"16";"1";
"202000023341";"154 701 164";"A01";"2";"7";"0";"1";"3";"4";"1";
"202000023342";"154 701 163";"B01";"3";"7";"0";"2";"7";"26";"1";
"202000023342";"154 701 165";"A01";"2";"7";"0";"2";"1";"1";"1";
"202000023343";"154 701 161";"B01";"3";"7";"0";"2";"3";"16";"0";
"202000023343";"154 701 162";"A01";"3";"7";"8";"2";"1";"16";"1";
"202000023344";"154 701 158";"A01";"1";"1";"14";"0";"0";"12";"5";
"202000023345";"154 701 159";"B01";"2";"7";"0";"2";"2";"1";"0";
"202000023345";"154 701 160";"A01";"1";"7";"0";"2";"5";"15";"0";
"202000023346";"154 701 154";"B01";"2";"1";"0";"2";"3";"1";"5";
"202000023346";"154 701 156";"A01";"2";"7";"0";"2";"3";"15";"1";
"202000023347";"154 701 155";"A01";"2";"50";"0";"2";"3";"13";"3";
"202000023347";"154 701 157";"B01";"1";"1";"0";"2";"3";"1";"5";
"202000023348";"154 701 151";"A01";"1";"31";"0";"2";"1";"1";"1";
"202000023348";"154 701 153";"B01";"1";"7";"0";"2";"4";"23";"1";
"202000023349";"154 701 150";"Z01";"1";"7";"0";"2";"0";"15";"1";
"202000023349";"154 701 152";"A01";"2";"32";"0";"2";"1";"1";"1";
"202000023350";"154 701 149";"A01";"0";"7";"0";"1";"0";"17";"1";
"202000023351";"154 701 148";"A01";"1";"30";"0";"2";"8";"1";"1";
"202000023352";"154 701 146";"A01";"1";"7";"0";"2";"3";"9";"1";
"202000023352";"154 701 147";"B01";"1";"34";"0";"2";"1";"1";"1";
"202000023353";"154 701 145";"A01";"1";"30";"0";"0";"0";"1";"1";
"202000023354";"154 701 144";"A01";"3";"7";"0";"1";"4";"4";"2";
"202000023355";"154 701 142";"A01";"1";"1";"0";"1";"1";"1";"5";
"202000023356";"154 701 143";"A01";"1";"7";"0";"1";"2";"1";"1";
"202000023357";"154 701 140";"A01";"1";"43";"12";"0";"1";"1";"1";
"202000023358";"154 701 139";"A01";"1";"7";"0";"2";"1";"26";"1";
"202000023358";"154 701 141";"B01";"1";"7";"0";"2";"4";"23";"1";
"202000023359";"154 701 136";"A01";"1";"7";"0";"1";"1";"15";"1";
"202000023360";"154 701 137";"A01";"1";"50";"0";"2";"8";"13";"3";
"202000023360";"154 701 138";"B01";"1";"30";"0";"2";"3";"1";"1";
"202000023361";"154 701 134";"B01";"1";"7";"0";"2";"1";"9";"1";
"202000023361";"154 701 135";"A01";"1";"30";"0";"2";"7";"9";"1";
"202000023362";"154 701 133";"A01";"1";"10";"0";"1";"3";"16";"1";
"202000023363";"154 701 131";"A01";"1";"10";"0";"2";"7";"15";"1";
"202000023363";"154 701 132";"B01";"1";"32";"0";"2";"0";"0";"1";
"202000023364";"154 701 128";"A01";"1";"14";"0";"1";"2";"1";"1";
"202000023365";"154 701 126";"B01";"1";"1";"0";"2";"0";"0";"0";
"202000023365";"154 701 127";"A01";"1";"7";"0";"9";"1";"0";"0";
"202000023366";"154 701 123";"Z01";"1";"7";"0";"2";"0";"0";"0";
"202000023366";"154 701 124";"C01";"1";"7";"16";"0";"0";"0";"1";
"202000023366";"154 701 125";"B01";"2";"31";"0";"2";"7";"1";"0";
"202000023367";"154 701 129";"A01";"1";"7";"0";"2";"7";"1";"1";
"202000023367";"154 701 130";"B01";"1";"33";"0";"2";"3";"1";"1";
"202000023368";"154 701 121";"B01";"1";"1";"0";"2";"8";"16";"5";
"202000023368";"154 701 122";"A01";"1";"14";"0";"2";"7";"16";"1";
"202000023369";"154 701 118";"A01";"0";"7";"0";"2";"7";"1";"1";
"202000023369";"154 701 119";"B01";"0";"7";"0";"2";"1";"1";"1";
"202000023370";"154 701 120";"A01";"1";"7";"6";"0";"7";"14";"1";
"202000023371";"154 701 116";"B01";"1";"7";"0";"2";"4";"23";"1";
"202000023371";"154 701 117";"A01";"1";"7";"0";"2";"1";"2";"1";
"202000023372";"154 701 113";"A01";"2";"32";"0";"2";"9";"17";"1";
"202000023372";"154 701 115";"B01";"2";"7";"0";"2";"6";"1";"1";
"202000023373";"154 701 112";"B01";"1";"41";"0";"2";"1";"26";"6";
"202000023373";"154 701 114";"A01";"1";"7";"0";"0";"6";"9";"1";
"202000023374";"154 701 111";"A01";"2";"31";"0";"0";"0";"1";"1";
"202000023375";"154 701 109";"C01";"1";"10";"0";"2";"3";"2";"1";
"202000023375";"154 701 110";"A01";"1";"17";"0";"0";"0";"0";"1";
"202000023376";"154 701 108";"A01";"2";"7";"8";"0";"1";"0";"1";
"202000023377";"154 701 106";"A01";"1";"7";"0";"2";"6";"19";"1";
"202000023377";"154 701 107";"B01";"2";"2";"0";"2";"1";"1";"1";
"202000023378";"154 701 104";"A01";"2";"7";"0";"1";"1";"1";"1";
"202000023379";"154 701 105";"A01";"2";"7";"0";"1";"2";"1";"0";
"202000023380";"154 701 102";"A01";"1";"10";"3";"2";"3";"1";"1";
"202000023380";"154 701 103";"B01";"2";"7";"0";"2";"1";"1";"1";
"202000023381";"154 701 101";"A01";"0";"7";"0";"1";"2";"16";"1";
"202000023382";"154 701 099";"B01";"1";"2";"0";"2";"1";"2";"1";
"202000023382";"154 701 100";"A01";"1";"2";"0";"0";"8";"10";"1";
"202000023383";"154 701 098";"A01";"0";"1";"0";"1";"0";"0";"6";
"202000023384";"154 701 097";"A01";"2";"10";"2";"0";"2";"1";"1";
"202000023385";"154 701 096";"A01";"0";"2";"14";"0";"1";"1";"1";
"202000023386";"154 701 094";"A01";"1";"7";"0";"2";"5";"1";"1";
"202000023386";"154 701 095";"B01";"2";"7";"0";"2";"1";"1";"1";
"202000023387";"154 701 093";"A01";"1";"7";"17";"0";"1";"13";"1";
"202000023388";"154 701 092";"A01";"3";"7";"2";"0";"3";"1";"1";
"202000023389";"154 701 090";"A01";"3";"7";"0";"2";"1";"13";"1";
"202000023389";"154 701 091";"B01";"3";"7";"0";"2";"3";"21";"1";
"202000023390";"154 701 088";"B01";"0";"2";"0";"2";"1";"1";"1";
"202000023390";"154 701 089";"A01";"0";"1";"0";"0";"1";"5";"6";
"202000023391";"154 701 086";"B01";"1";"7";"0";"2";"3";"16";"1";
"202000023391";"154 701 087";"A01";"1";"33";"0";"0";"4";"16";"1";
"202000023392";"154 701 084";"A01";"3";"30";"0";"2";"7";"17";"1";
"202000023392";"154 701 085";"B01";"3";"10";"0";"2";"6";"15";"1";
"202000023393";"154 701 083";"A01";"1";"7";"2";"0";"1";"1";"1";
"202000023394";"154 701 082";"A01";"1";"33";"13";"0";"1";"26";"1";
"202000023395";"154 701 081";"A01";"1";"7";"16";"0";"2";"1";"1";
"202000023396";"154 701 080";"A01";"3";"7";"8";"0";"1";"0";"0";
"202000023397";"154 701 079";"A01";"1";"7";"2";"0";"3";"1";"1";
"202000023398";"154 701 078";"A01";"1";"2";"0";"0";"8";"1";"1";
"202000023399";"154 701 074";"A01";"2";"7";"0";"2";"1";"1";"1";
"202000023399";"154 701 075";"B01";"1";"7";"0";"2";"1";"1";"1";
"202000023399";"154 701 076";"C01";"1";"7";"0";"9";"1";"1";"1";
"202000023399";"154 701 077";"D01";"1";"7";"0";"2";"3";"1";"1";
"202000023400";"154 701 071";"A01";"2";"7";"2";"0";"8";"13";"1";
"202000023401";"154 701 068";"B01";"1";"7";"0";"2";"1";"1";"1";
"202000023401";"154 701 069";"A01";"2";"2";"0";"2";"1";"15";"1";
"202000023402";"154 701 067";"A01";"0";"1";"0";"0";"0";"1";"5";
"202000023403";"154 701 065";"B01";"0";"1";"0";"2";"1";"16";"5";
"202000023403";"154 701 066";"A01";"0";"7";"0";"2";"3";"1";"1";
"202000023404";"154 701 063";"B01";"1";"15";"0";"2";"2";"1";"1";
"202000023404";"154 701 064";"A01";"2";"7";"0";"2";"3";"15";"1";
"202000023405";"154 701 062";"A01";"1";"10";"2";"0";"3";"1";"1";
"202000023406";"154 701 061";"A01";"0";"7";"0";"1";"3";"1";"1";
"202000023407";"154 701 059";"A01";"1";"7";"0";"2";"8";"1";"1";
"202000023407";"154 701 060";"B01";"1";"7";"0";"2";"1";"1";"1";
"202000023408";"154 701 056";"A01";"1";"2";"12";"0";"7";"1";"1";
"202000023409";"154 701 054";"B01";"2";"34";"0";"2";"1";"17";"1";
"202000023409";"154 701 055";"A01";"2";"7";"0";"2";"8";"15";"1";
"202000023410";"154 701 053";"A01";"0";"33";"0";"0";"0";"0";"1";
"202000023411";"154 701 051";"B01";"1";"31";"0";"0";"0";"1";"1";
"202000023411";"154 701 052";"A01";"2";"7";"13";"2";"3";"1";"1";
"202000023412";"154 701 049";"A01";"2";"7";"0";"2";"0";"26";"1";
"202000023412";"154 701 050";"B01";"1";"1";"0";"2";"8";"1";"5";
"202000023413";"154 701 047";"A01";"2";"32";"12";"2";"7";"17";"1";
"202000023413";"154 701 048";"B01";"2";"14";"0";"2";"3";"13";"1";
"202000023414";"154 701 045";"B01";"3";"31";"0";"2";"8";"1";"1";
"202000023414";"154 701 046";"A01";"3";"7";"0";"2";"3";"19";"1";
"202000023415";"154 701 044";"A01";"2";"7";"17";"0";"2";"1";"1";
"202000023416";"154 701 042";"A01";"1";"7";"0";"0";"6";"1";"0";
"202000023416";"154 701 043";"B01";"2";"7";"0";"0";"8";"5";"0";
"202000023417";"154 701 040";"A01";"2";"7";"0";"2";"1";"13";"1";
"202000023417";"154 701 041";"B01";"1";"7";"0";"2";"2";"1";"1";
"202000023418";"154 701 039";"A01";"3";"7";"6";"0";"1";"0";"1";
"202000023419";"154 701 037";"A01";"2";"7";"0";"2";"4";"2";"1";
"202000023419";"154 701 038";"B01";"2";"7";"0";"2";"1";"2";"1";
"202000023420";"154 701 035";"B01";"1";"33";"0";"2";"7";"14";"1";
"202000023420";"154 701 036";"A01";"1";"10";"0";"2";"8";"13";"1";
"202000023421";"154 701 033";"B01";"1";"10";"0";"2";"8";"1";"1";
"202000023421";"154 701 034";"A01";"1";"17";"0";"2";"2";"14";"1";
"202000023422";"154 701 031";"A01";"1";"7";"4";"2";"3";"13";"0";
"202000023422";"154 701 032";"B01";"1";"37";"0";"2";"5";"1";"0";"1"
"202000023423";"154 701 030";"A01";"1";"10";"3";"0";"1";"14";"0";
"202000023424";"154 701 027";"B01";"1";"7";"0";"2";"1";"2";"1";
"202000023424";"154 701 028";"C01";"1";"99";"0";"2";"1";"2";"1";
"202000023424";"154 701 029";"A01";"1";"99";"0";"2";"4";"2";"1";
"202000023425";"154 701 024";"C01";"2";"7";"0";"2";"4";"2";"1";
"202000023425";"154 701 025";"B01";"2";"7";"0";"2";"5";"2";"1";
"202000023425";"154 701 026";"A01";"2";"7";"0";"2";"3";"2";"1";
"202000023426";"154 701 022";"B01";"1";"33";"0";"2";"1";"3";"1";