"Num_Acc";"id_vehicule";"num_veh";"senc";"catv";"obs";"obsm";"choc";"manv";"motor";"occutc"
"202000023426";"154 701 023";"A01";"1";"7";"0";"2";"6";"11";"3";
"202000023427";"154 701 020";"B01";"2";"15";"0";"2";"5";"2";"1";
"202000023427";"154 701 021";"A01";"2";"7";"0";"2";"1";"2";"1";
"202000023428";"154 701 017";"B01";"2";"7";"0";"2";"3";"15";"1";
"202000023428";"154 701 018";"A01";"2";"32";"0";"2";"1";"17";"1";
"202000023429";"154 701 015";"A01";"1";"7";"0";"2";"3";"1";"1";
"202000023429";"154 701 016";"B01";"2";"7";"0";"2";"2";"15";"1";
"202000023430";"154 701 013";"B01";"1";"10";"1";"0";"2";"1";"1";
"202000023430";"154 701 014";"Z01";"1";"10";"1";"0";"3";"1";"0";
"202000023431";"154 701 011";"A01";"1";"7";"0";"2";"3";"13";"1";
"202000023431";"154 701 012";"B01";"0";"7";"0";"2";"3";"1";"1";
"202000023432";"154 701 010";"A01";"2";"30";"1";"1";"8";"1";"1";
"202000023433";"154 701 008";"B01";"0";"7";"0";"2";"3";"15";"1";
"202000023433";"154 701 009";"A01";"0";"33";"0";"2";"1";"17";"1";
"202000023434";"154 701 006";"A01";"2";"7";"0";"2";"2";"13";"0";
"202000023434";"154 701 007";"B01";"2";"7";"0";"2";"6";"1";"3";
"202000023435";"154 701 004";"A01";"2";"10";"0";"2";"1";"1";"0";
"202000023435";"154 701 005";"B01";"1";"10";"0";"2";"6";"1";"0";
"202000023436";"154 701 003";"A01";"2";"2";"1";"0";"2";"14";"1";
"202000023437";"154 701 001";"A01";"2";"1";"0";"2";"1";"0";"5";
"202000023437";"154 701 002";"B01";"1";"50";"0";"2";"1";"0";"3";
"202000023438";"154 700 999";"B01";"2";"7";"0";"2";"3";"1";"1";
"202000023438";"154 701 000";"A01";"2";"30";"0";"2";"1";"9";"1";
"202000023439";"154 700 998";"A01";"1";"34";"9";"0";"5";"1";"1";
"202000023440";"154 700 996";"B01";"3";"1";"0";"2";"8";"1";"5";
"202000023440";"154 700 997";"A01";"3";"10";"0";"2";"3";"1";"1";
"202000023441";"154 700 994";"A01";"2";"32";"0";"2";"1";"19";"1";
"202000023441";"154 700 995";"B01";"2";"10";"0";"2";"8";"16";"1";
"202000023442";"154 700 993";"A01";"1";"36";"1";"0";"7";"1";"1";
"202000023443";"154 700 991";"B01";"2";"7";"0";"2";"3";"1";"1";
"202000023443";"154 700 992";"A01";"2";"7";"0";"2";"6";"1";"1";
"202000023444";"154 700 990";"A01";"2";"99";"15";"0";"1";"0";"0";
"202000023445";"154 700 988";"A01";"1";"10";"0";"2";"2";"15";"1";
"202000023445";"154 700 989";"B01";"2";"33";"0";"2";"1";"1";"0";
"202000023446";"154 700 986";"B01";"1";"7";"0";"2";"0";"0";"1";
"202000023446";"154 700 987";"A01";"1";"2";"0";"2";"8";"13";"1";
"202000023447";"154 700 984";"A01";"1";"7";"0";"2";"1";"2";"0";
"202000023447";"154 700 985";"B01";"1";"1";"0";"2";"4";"2";"0";
"202000023448";"154 700 981";"A01";"3";"30";"0";"2";"1";"21";"1";
"202000023448";"154 700 982";"B01";"3";"7";"0";"2";"1";"23";"1";
"202000023449";"154 700 979";"B01";"1";"7";"0";"2";"7";"1";"1";
"202000023449";"154 700 980";"A01";"3";"7";"0";"2";"3";"19";"1";
"202000023450";"154 700 978";"A01";"1";"7";"0";"1";"1";"15";"1";
"202000023451";"154 700 976";"A01";"1";"30";"14";"2";"1";"2";"1";
"202000023451";"154 700 977";"B01";"0";"7";"0";"0";"0";"0";"0";
"202000023452";"154 700 975";"A01";"1";"34";"8";"0";"1";"21";"1";
"202000023453";"154 700 974";"A01";"2";"34";"1";"0";"1";"2";"1";
"202000023454";"154 700 973";"A01";"0";"7";"8";"0";"2";"1";"1";
"202000023455";"154 700 971";"A01";"2";"34";"0";"2";"3";"1";"1";
"202000023455";"154 700 972";"B01";"1";"30";"0";"2";"5";"12";"1";
"202000023456";"154 700 969";"A01";"1";"7";"0";"2";"2";"9";"1";
"202000023456";"154 700 970";"B01";"1";"34";"0";"2";"8";"1";"1";
"202000023457";"154 700 968";"A01";"2";"14";"1";"0";"3";"13";"1";
"202000023458";"154 700 965";"Z01";"2";"7";"0";"2";"1";"12";"1";
"202000023458";"154 700 966";"A01";"2";"7";"0";"2";"4";"23";"1";
"202000023458";"154 700 967";"B01";"2";"10";"0";"2";"5";"1";"1";
"202000023459";"154 700 963";"A01";"1";"7";"0";"1";"1";"2";"1";
"202000023459";"154 700 964";"B01";"1";"7";"0";"2";"1";"2";"1";
"202000023460";"154 700 959";"Z01";"2";"30";"0";"2";"4";"3";"1";
"202000023460";"154 700 960";"A01";"2";"30";"0";"2";"1";"3";"1";
"202000023460";"154 700 961";"C01";"2";"7";"0";"2";"7";"23";"1";
"202000023460";"154 700 962";"B01";"2";"7";"0";"2";"8";"23";"1";
"202000023461";"154 700 958";"A01";"1";"32";"0";"1";"2";"1";"1";
"202000023462";"154 700 957";"A01";"2";"1";"12";"1";"1";"1";"5";
"202000023463";"154 700 955";"Z01";"0";"7";"0";"2";"1";"16";"0";
"202000023463";"154 700 956";"A01";"2";"1";"0";"2";"8";"19";"5";
"202000023464";"154 700 953";"A01";"2";"30";"0";"2";"1";"1";"3";
"202000023464";"154 700 954";"Z01";"2";"7";"0";"2";"7";"15";"1";
"202000023465";"154 700 951";"B01";"1";"33";"0";"2";"3";"7";"1";
"202000023465";"154 700 952";"A01";"2";"7";"0";"2";"1";"15";"1";
"202000023466";"154 700 949";"A01";"1";"7";"0";"2";"8";"22";"1";
"202000023466";"154 700 950";"B01";"1";"50";"0";"2";"1";"1";"3";
"202000023467";"154 700 947";"B01";"2";"30";"0";"2";"1";"1";"1";
"202000023467";"154 700 948";"A01";"2";"7";"0";"2";"2";"10";"1";
"202000023468";"154 700 945";"A01";"2";"7";"0";"2";"3";"2";"1";
"202000023468";"154 700 946";"B01";"2";"7";"0";"2";"5";"2";"1";
"202000023469";"154 700 944";"A01";"1";"37";"11";"0";"3";"7";"1";"5"
"202000023470";"154 700 943";"A01";"2";"32";"0";"1";"1";"1";"1";
"202000023471";"154 700 941";"Z01";"2";"7";"0";"0";"0";"26";"0";
"202000023471";"154 700 942";"A01";"2";"7";"15";"0";"3";"26";"1";
"202000023472";"154 700 939";"B01";"3";"32";"0";"2";"3";"1";"1";
"202000023472";"154 700 940";"A01";"3";"7";"0";"2";"5";"26";"1";
"202000023473";"154 700 938";"A01";"2";"7";"0";"1";"2";"14";"0";
"202000023474";"154 700 937";"A01";"1";"7";"0";"1";"0";"16";"1";
"202000023475";"154 700 936";"A01";"3";"7";"0";"1";"5";"9";"1";
"202000023476";"154 700 933";"B01";"3";"7";"0";"2";"3";"15";"1";
"202000023476";"154 700 934";"A01";"3";"2";"0";"2";"2";"17";"1";
"202000023477";"154 700 931";"A01";"1";"1";"0";"2";"1";"1";"5";
"202000023477";"154 700 932";"B01";"1";"7";"0";"2";"2";"1";"1";
"202000023478";"154 700 929";"B01";"0";"31";"0";"2";"2";"1";"1";
"202000023478";"154 700 930";"A01";"1";"7";"0";"2";"3";"1";"1";
"202000023479";"154 700 928";"A01";"3";"99";"0";"1";"4";"4";"6";
"202000023480";"154 700 926";"B01";"2";"7";"0";"2";"1";"1";"1";
"202000023480";"154 700 927";"A01";"1";"7";"0";"2";"5";"15";"1";
"202000023481";"154 700 925";"A01";"3";"7";"0";"1";"1";"26";"1";
"202000023482";"154 700 923";"A01";"0";"7";"0";"2";"1";"2";"1";
"202000023482";"154 700 924";"B01";"0";"7";"0";"2";"4";"23";"1";
"202000023483";"154 700 921";"B01";"3";"7";"0";"2";"0";"15";"1";
"202000023483";"154 700 922";"A01";"3";"1";"0";"2";"7";"1";"5";
"202000023484";"154 700 920";"A01";"2";"33";"13";"6";"1";"1";"1";
"202000023485";"154 700 919";"A01";"1";"32";"0";"0";"7";"1";"1";
"202000023486";"154 700 916";"A01";"1";"7";"0";"0";"4";"1";"1";
"202000023486";"154 700 918";"B01";"1";"7";"0";"2";"2";"12";"1";
"202000023487";"154 700 915";"A01";"0";"7";"0";"2";"3";"15";"1";
"202000023487";"154 700 917";"B01";"0";"33";"0";"2";"7";"17";"1";
"202000023488";"154 700 912";"B01";"1";"7";"0";"0";"3";"15";"1";
"202000023488";"154 700 914";"A01";"1";"33";"0";"0";"0";"17";"1";
"202000023489";"154 700 910";"A01";"1";"10";"0";"2";"3";"15";"1";
"202000023489";"154 700 911";"B01";"2";"1";"0";"2";"1";"1";"5";
"202000023490";"154 700 909";"A01";"3";"10";"0";"0";"7";"1";"1";
"202000023491";"154 700 908";"A01";"2";"30";"0";"0";"8";"2";"1";
"202000023492";"154 700 905";"B01";"1";"7";"0";"2";"2";"9";"1";
"202000023492";"154 700 907";"A01";"2";"7";"0";"2";"2";"11";"1";
"202000023493";"154 700 904";"A01";"1";"14";"0";"9";"0";"16";"1";
"202000023493";"154 700 906";"B01";"0";"1";"0";"2";"0";"0";"5";
"202000023494";"154 700 901";"A01";"2";"7";"0";"1";"1";"1";"0";
"202000023494";"154 700 902";"Y01";"0";"0";"0";"2";"1";"19";"0";
"202000023495";"154 700 900";"A01";"2";"33";"0";"2";"1";"1";"1";
"202000023495";"154 700 903";"B01";"2";"7";"0";"0";"8";"1";"1";
"202000023496";"154 700 898";"A01";"1";"7";"0";"2";"2";"1";"1";
"202000023496";"154 700 899";"B01";"1";"32";"0";"2";"1";"1";"1";
"202000023497";"154 700 896";"A01";"3";"10";"0";"2";"3";"16";"0";
"202000023497";"154 700 897";"B01";"1";"7";"5";"0";"2";"1";"0";
"202000023498";"154 700 895";"A01";"2";"32";"4";"0";"2";"14";"1";
"202000023499";"154 700 891";"A01";"1";"32";"0";"2";"2";"1";"1";
"202000023499";"154 700 893";"Z01";"1";"1";"0";"2";"3";"13";"0";
"202000023500";"154 700 892";"B01";"1";"7";"1";"0";"2";"14";"1";
"202000023500";"154 700 894";"A01";"1";"7";"0";"2";"6";"23";"1";
"202000023501";"154 700 890";"A01";"2";"37";"1";"1";"7";"16";"1";"1"
"202000023502";"154 700 889";"A01";"2";"30";"0";"1";"1";"1";"1";
"202000023503";"154 700 887";"A01";"1";"7";"0";"2";"1";"13";"1";
"202000023503";"154 700 888";"B01";"2";"33";"0";"2";"1";"17";"1";
"202000023504";"154 700 885";"A01";"1";"7";"0";"2";"1";"26";"1";
"202000023504";"154 700 886";"B01";"1";"7";"0";"2";"4";"1";"1";
"202000023505";"154 700 884";"A01";"1";"32";"0";"0";"0";"1";"1";
"202000023506";"154 700 883";"A01";"2";"32";"0";"0";"8";"1";"1";
"202000023507";"154 700 882";"A01";"2";"50";"0";"1";"1";"1";"3";
"202000023508";"154 700 879";"C01";"1";"7";"0";"2";"4";"2";"1";
"202000023508";"154 700 880";"B01";"2";"10";"0";"2";"4";"0";"1";
"202000023508";"154 700 881";"A01";"1";"7";"0";"2";"1";"2";"0";
"202000023509";"154 700 877";"A01";"1";"7";"0";"2";"7";"16";"1";
"202000023509";"154 700 878";"B01";"2";"1";"0";"2";"1";"1";"5";
"202000023510";"154 700 875";"B01";"0";"7";"0";"2";"2";"2";"1";
"202000023510";"154 700 876";"A01";"2";"7";"3";"2";"3";"1";"1";
"202000023511";"154 700 873";"B01";"2";"32";"0";"2";"4";"1";"1";
"202000023511";"154 700 874";"A01";"2";"32";"0";"2";"1";"1";"1";
"202000023512";"154 700 872";"A01";"2";"33";"0";"2";"0";"3";"1";
"202000023513";"154 700 868";"B01";"2";"7";"0";"2";"5";"12";"1";
"202000023513";"154 700 869";"A01";"2";"34";"0";"2";"1";"3";"1";
"202000023514";"154 700 865";"A01";"2";"33";"4";"2";"2";"3";"1";
"202000023514";"154 700 866";"B01";"2";"7";"0";"2";"8";"13";"1";
"202000023515";"154 700 863";"B01";"2";"7";"0";"2";"4";"2";"1";
"202000023515";"154 700 867";"A01";"2";"10";"0";"2";"1";"2";"1";
"202000023516";"154 700 862";"A01";"1";"7";"4";"2";"1";"9";"1";
"202000023516";"154 700 864";"B01";"1";"15";"0";"2";"1";"1";"1";
"202000023517";"154 700 861";"A01";"2";"31";"0";"0";"7";"21";"3";
"202000023518";"154 700 860";"A01";"2";"7";"4";"0";"0";"1";"1";
"202000023519";"154 700 858";"A01";"1";"7";"0";"2";"3";"9";"1";
"202000023520";"154 700 859";"A01";"3";"7";"12";"0";"1";"16";"1";
"202000023521";"154 700 853";"B01";"2";"7";"0";"2";"4";"2";"1";
"202000023521";"154 700 855";"C01";"2";"7";"0";"2";"5";"2";"1";
"202000023521";"154 700 857";"A01";"2";"7";"0";"2";"1";"2";"1";
"202000023522";"154 700 854";"B01";"1";"7";"0";"2";"4";"24";"1";
"202000023522";"154 700 856";"A01";"1";"1";"0";"2";"1";"1";"5";
"202000023523";"154 700 851";"B01";"2";"7";"0";"2";"7";"1";"1";
"202000023523";"154 700 852";"A01";"2";"31";"0";"2";"6";"3";"1";
"202000023524";"154 700 850";"A01";"0";"7";"0";"1";"1";"15";"1";
"202000023525";"154 700 847";"Z01";"1";"1";"0";"1";"1";"1";"5";
"202000023526";"154 700 848";"A01";"1";"15";"0";"2";"6";"23";"1";
"202000023526";"154 700 849";"B01";"1";"15";"1";"2";"2";"2";"1";
"202000023527";"154 700 845";"Y01";"2";"80";"0";"0";"1";"1";"3";
"202000023527";"154 700 846";"A01";"2";"7";"0";"9";"1";"16";"1";
"202000023528";"154 700 844";"A01";"1";"34";"0";"2";"4";"1";"1";
"202000023529";"154 700 842";"B01";"1";"7";"0";"2";"3";"1";"1";
"202000023529";"154 700 843";"A01";"1";"30";"0";"2";"1";"5";"1";
"202000023530";"154 700 841";"A01";"1";"33";"0";"1";"1";"1";"1";
"202000023531";"154 700 840";"A01";"1";"7";"0";"1";"2";"16";"2";
"202000023532";"154 700 838";"A01";"3";"7";"0";"2";"3";"9";"1";
"202000023532";"154 700 839";"B01";"3";"1";"0";"2";"3";"1";"6";
"202000023533";"154 700 837";"A01";"1";"2";"1";"0";"2";"26";"1";
"202000023534";"154 700 836";"A01";"1";"7";"0";"1";"8";"15";"1";
"202000023535";"154 700 833";"A01";"1";"7";"0";"0";"2";"15";"1";
"202000023535";"154 700 835";"B01";"2";"32";"0";"2";"3";"1";"1";
"202000023536";"154 700 832";"B01";"1";"32";"0";"2";"1";"2";"0";
"202000023536";"154 700 834";"A01";"2";"7";"0";"9";"7";"10";"1";
"202000023537";"154 700 831";"A01";"1";"7";"0";"1";"3";"9";"0";
"202000023538";"154 700 829";"B01";"2";"7";"0";"2";"4";"23";"1";
"202000023538";"154 700 830";"A01";"2";"7";"0";"2";"1";"2";"1";
"202000023539";"154 700 827";"A01";"1";"7";"17";"4";"3";"21";"1";
"202000023540";"154 700 826";"A01";"3";"7";"0";"2";"1";"1";"1";
"202000023540";"154 700 828";"B01";"3";"7";"0";"2";"2";"15";"1";
"202000023541";"154 700 825";"A01";"2";"7";"12";"0";"5";"26";"1";
"202000023542";"154 700 823";"BB01";"2";"7";"0";"0";"4";"2";"1";
"202000023542";"154 700 824";"A01";"2";"10";"14";"2";"1";"1";"1";
"202000023543";"154 700 821";"B01";"3";"7";"0";"2";"3";"1";"1";
"202000023543";"154 700 822";"A01";"3";"34";"0";"2";"3";"19";"1";
"202000023544";"154 700 816";"A01";"1";"7";"0";"2";"5";"17";"1";
"202000023544";"154 700 817";"D01";"1";"7";"0";"2";"8";"0";"1";
"202000023544";"154 700 818";"C01";"1";"7";"0";"2";"0";"0";"1";
"202000023544";"154 700 819";"B01";"1";"20";"0";"2";"8";"0";"1";
"202000023545";"154 700 814";"A01";"2";"7";"0";"2";"2";"15";"1";
"202000023545";"154 700 815";"B01";"1";"32";"0";"2";"0";"1";"1";
"202000023546";"154 700 812";"B01";"1";"7";"0";"2";"3";"1";"1";
"202000023546";"154 700 813";"A01";"1";"7";"8";"2";"2";"26";"1";
"202000023547";"154 700 820";"A01";"2";"7";"1";"0";"2";"1";"0";
"202000023548";"154 700 811";"A01";"1";"7";"0";"1";"3";"16";"1";
"202000023549";"154 700 808";"B01";"1";"2";"0";"2";"1";"16";"0";
"202000023549";"154 700 810";"A01";"1";"7";"0";"2";"1";"15";"2";
"202000023550";"154 700 807";"B01";"2";"7";"0";"2";"2";"15";"1";
"202000023550";"154 700 809";"A01";"2";"1";"0";"2";"8";"11";"5";
"202000023551";"154 700 804";"B01";"1";"30";"0";"2";"1";"1";"1";
"202000023551";"154 700 806";"A01";"1";"7";"0";"2";"8";"10";"1";
"202000023552";"154 700 800";"A01";"3";"33";"0";"2";"8";"1";"1";
"202000023552";"154 700 802";"B01";"3";"7";"0";"2";"4";"20";"1";
"202000023553";"154 700 799";"B01";"2";"34";"0";"2";"1";"1";"1";
"202000023553";"154 700 801";"A01";"2";"7";"0";"2";"8";"9";"1";
"202000023554";"154 700 796";"B01";"1";"38";"0";"2";"4";"2";"1";"1"
"202000023554";"154 700 798";"A01";"1";"7";"0";"2";"1";"2";"1";
"202000023555";"154 700 795";"A01";"2";"7";"0";"2";"3";"15";"0";
"202000023555";"154 700 797";"B01";"1";"33";"0";"2";"1";"1";"1";
"202000023556";"154 700 793";"B01";"3";"7";"8";"2";"3";"21";"1";
"202000023556";"154 700 794";"A01";"0";"7";"0";"2";"2";"19";"0";
"202000023557";"154 700 792";"A01";" -1";"7";"0";"1";"1";"1";"1";
"202000023558";"154 700 790";"A01";"1";"7";"6";"1";"1";"2";"1";
"202000023559";"154 700 789";"B01";"0";"7";"0";"1";"2";"1";"1";
"202000023559";"154 700 791";"A01";"0";"7";"0";"2";"1";"11";"1";
"202000023560";"154 700 787";"B01";"1";"10";"0";"9";"8";"2";"0";
"202000023560";"154 700 788";"A01";"1";"32";"0";"2";"7";"14";"0";
"202000023561";"154 700 786";"A01";"1";"7";"0";"1";"2";"1";"1";
"202000023562";"154 700 785";"A01";"1";"30";"1";"0";"1";"2";"1";
"202000023563";"154 700 782";"A01";"1";"7";"0";"2";"4";"26";"1";
"202000023563";"154 700 783";"B01";"1";"32";"0";"2";"1";"23";"1";
"202000023564";"154 700 784";"Z01";"1";"7";"0";"1";"0";"1";"1";
"202000023565";"154 700 780";"Z01";"3";"1";"0";"1";"0";"0";"5";
"202000023566";"154 700 779";"B01";"3";"2";"0";"2";"1";"1";"1";
"202000023566";"154 700 781";"A01";"3";"7";"0";"2";"3";"16";"1";
"202000023567";"154 700 778";"A01";"2";"7";"0";"1";"1";"26";"0";
"202000023568";"154 700 775";"A01";"2";"7";"1";"2";"3";"1";"1";
"202000023568";"154 700 777";"B01";"2";"32";"1";"2";"1";"1";"1";
"202000023569";"154 700 774";"B01";"2";"2";"0";"2";"8";"0";"1";
"202000023569";"154 700 776";"A01";"1";"7";"0";"9";"8";"0";"1";
"202000023570";"154 700 773";"A01";"3";"10";"6";"0";"3";"13";"1";
"202000023571";"154 700 772";"A01";"1";"7";"0";"1";"0";"1";"1";
"202000023572";"154 700 770";"B01";"3";"2";"0";"2";"1";"9";"1";
"202000023572";"154 700 771";"A01";"1";"7";"0";"0";"3";"1";"1";
"202000023573";"154 700 768";"A01";"1";"7";"0";"2";"0";"1";"1";
"202000023573";"154 700 769";"B01";"1";"50";"0";"2";"0";"0";"3";
"202000023574";"154 700 764";"A01";"3";"7";"0";"2";"3";"9";"1";
"202000023574";"154 700 765";"B01";"2";"2";"0";"2";"1";"1";"1";
"202000023575";"154 700 766";"B01";"2";"7";"0";"2";"1";"1";"1";
"202000023575";"154 700 767";"A01";"1";"10";"0";"0";"0";"1";"1";
"202000023576";"154 700 763";"A01";"3";"7";"0";"1";"1";"15";"1";
"202000023577";"154 700 762";"A01";"1";"7";"8";"9";"1";"0";"1";
"202000023578";"154 700 760";"B01";"1";"1";"0";"2";"7";"1";"5";
"202000023578";"154 700 761";"X01";"3";"10";"0";"2";"1";"0";"0";
"202000023579";"154 700 758";"B01";"1";"7";"0";"2";"1";"0";"1";
"202000023579";"154 700 759";"A01";"2";"7";"0";"2";"1";"13";"1";
"202000023580";"154 700 756";"B01";"2";"7";"0";"2";"1";"1";"1";
"202000023580";"154 700 757";"A01";"0";"30";"0";"2";"8";"9";"1";
"202000023581";"154 700 754";"A01";"1";"7";"0";"1";"2";"1";"1";
"202000023582";"154 700 753";"B01";"2";"33";"0";"2";"3";"1";"1";
"202000023582";"154 700 755";"A01";"1";"7";"0";"2";"3";"15";"1";
"202000023583";"154 700 751";"A01";"2";"37";"0";"9";"7";"17";"1";"1"
"202000023583";"154 700 752";"B01";"2";"1";"0";"2";"8";"13";"5";
"202000023584";"154 700 748";"A01";"1";"7";"3";"2";"8";"14";"1";
"202000023584";"154 700 749";"B01";"1";"7";"0";"2";"6";"1";"1";
"202000023585";"154 700 750";"A01";"1";"7";"1";"0";"2";"1";"1";
"202000023586";"154 700 747";"A01";"2";"7";"0";"0";"0";"0";"1";
"202000023587";"154 700 745";"A01";"2";"7";"0";"2";"8";"9";"1";
"202000023587";"154 700 746";"B01";"2";"31";"0";"2";"1";"1";"1";
"202000023588";"154 700 743";"A01";"2";"7";"0";"2";"1";"12";"1";
"202000023588";"154 700 744";"B01";"2";"13";"0";"2";"6";"1";"1";
"202000023589";"154 700 741";"B01";"0";"7";"0";"2";"4";"1";"1";
"202000023589";"154 700 742";"A01";"0";"30";"0";"2";"1";"1";"1";
"202000023590";"154 700 740";"A01";"0";"2";"11";"0";"1";"1";"1";
"202000023591";"154 700 738";"A01";"2";"7";"0";"2";"8";"1";"1";
"202000023591";"154 700 739";"B01";"1";"7";"0";"2";"1";"1";"1";
"202000023592";"154 700 735";"A01";"1";"7";"2";"0";"7";"0";"1";
"202000023593";"154 700 734";"A01";"1";"7";"6";"0";"7";"1";"1";
"202000023594";"154 700 733";"A01";"1";"7";"17";"0";"7";"1";"1";
"202000023595";"154 700 732";"A01";"2";"7";"0";"2";"1";"1";"1";
"202000023595";"154 700 737";"B01";"2";"7";"0";"0";"4";"1";"1";
"202000023596";"154 700 731";"A01";"2";"7";"2";"0";"1";"1";"1";
"202000023597";"154 700 729";"B01";"1";"7";"0";"2";"2";"19";"1";
"202000023597";"154 700 730";"A01";"1";"30";"0";"2";"3";"9";"1";
"202000023598";"154 700 726";"B01";"1";"7";"0";"2";"8";"17";"1";
"202000023598";"154 700 728";"A01";"1";"7";"0";"2";"7";"17";"6";
"202000023599";"154 700 723";"A01";"2";"7";"0";"2";"8";"13";"1";
"202000023599";"154 700 724";"B01";"1";"7";"0";"2";"3";"1";"1";
"202000023600";"154 700 725";"B01";"1";"1";"0";"2";"4";"2";"5";
"202000023600";"154 700 727";"A01";"1";"7";"0";"2";"1";"9";"1";
"202000023601";"154 700 722";"A01";"2";"7";"3";"0";"2";"1";"0";
"202000023602";"154 700 718";"A01";"3";"2";"0";"2";"1";"1";"1";
"202000023602";"154 700 719";"B01";"3";"10";"0";"2";"4";"15";"1";
"202000023603";"154 700 720";"B01";"1";"7";"0";"2";"1";"0";"0";
"202000023603";"154 700 721";"A01";"1";"7";"0";"2";"4";"0";"0";
"202000023604";"154 700 717";"A01";"2";"7";"13";"0";"1";"1";"1";
"202000023605";"154 700 715";"A01";"3";"1";"0";"2";"1";"26";"5";
"202000023605";"154 700 716";"B01";"3";"7";"0";"2";"1";"26";"1";
"202000023606";"154 700 713";"A01";"1";"7";"8";"0";"1";"15";"1";
"202000023607";"154 700 711";"Z01";"3";"7";"14";"1";"1";"1";"1";
"202000023608";"154 700 712";"A01";"1";"7";"2";"0";"2";"1";"1";
"202000023609";"154 700 709";"Z01";"0";"7";"0";"2";"1";"9";"1";
"202000023609";"154 700 710";"A01";"0";"7";"0";"2";"3";"1";"1";
"202000023610";"154 700 708";"A01";"1";"7";"6";"0";"1";"1";"1";
"202000023611";"154 700 705";"A01";"1";"7";"0";"2";"2";"9";"1";
"202000023611";"154 700 707";"B01";"1";"34";"0";"2";"1";"1";"1";
"202000023612";"154 700 704";"B01";"1";"7";"0";"2";"1";"1";"1";
"202000023612";"154 700 706";"A01";"2";"10";"0";"2";"1";"5";"1";
"202000023613";"154 700 702";"A01";"1";"3";"0";"2";"2";"15";"1";
"202000023613";"154 700 703";"B01";"1";"2";"0";"2";"1";"1";"1";
"202000023614";"154 700 699";"A01";"2";"7";"0";"0";"0";"16";"1";
"202000023614";"154 700 700";"B01";"2";"33";"0";"2";"8";"1";"1";
"202000023615";"154 700 694";"B01";"3";"2";"0";"2";"1";"21";"1";
"202000023615";"154 700 696";"A01";"3";"7";"0";"2";"6";"9";"1";
"202000023616";"154 700 695";"B01";"0";"2";"0";"2";"1";"1";"1";
"202000023616";"154 700 697";"A01";"0";"7";"0";"2";"8";"15";"1";
"202000023617";"154 700 690";"B01";"3";"34";"0";"2";"1";"9";"1";
"202000023617";"154 700 693";"A01";"3";"7";"0";"2";"2";"15";"1";
"202000023618";"154 700 689";"A01";"2";"7";"0";"2";"3";"13";"1";
"202000023618";"154 700 691";"B01";"1";"7";"0";"2";"3";"1";"1";
"202000023618";"154 700 692";"C01";"1";"7";"0";"2";"3";"1";"1";
"202000023619";"154 700 687";"A01";"2";"7";"2";"0";"8";"1";"1";
"202000023620";"154 700 686";"A01";" -1";"7";"0";"2";"8";"15";"1";
"202000023620";"154 700 688";"B01";" -1";"32";"0";"2";"1";"23";"1";
"202000023621";"154 700 680";"D01";"1";"7";"0";"2";"1";"1";"1";
"202000023621";"154 700 682";"C01";"1";"7";"0";"2";"4";"1";"1";
"202000023621";"154 700 684";"B01";"1";"7";"0";"2";"4";"1";"1";
"202000023621";"154 700 685";"A01";"1";"7";"0";"2";"4";"1";"1";
"202000023622";"154 700 681";"B01";"2";"10";"0";"2";"4";"23";"1";
"202000023622";"154 700 683";"A01";"2";"7";"0";"2";"1";"1";"1";
"202000023623";"154 700 678";"B01";"2";"7";"0";"2";"1";"1";"1";
"202000023623";"154 700 679";"A01";"1";"7";"0";"2";"8";"13";"1";
"202000023624";"154 700 674";"A01";"2";"33";"3";"0";"8";"1";"1";
"202000023625";"154 700 675";"B01";"1";"17";"0";"2";"3";"1";"1";
"202000023625";"154 700 676";"C01";"1";"7";"0";"2";"7";"1";"1";
"202000023625";"154 700 677";"A01";"1";"7";"0";"2";"3";"13";"1";
"202000023626";"154 700 670";"A01";"2";"15";"0";"2";"2";"12";"1";
"202000023626";"154 700 672";"B01";"2";"7";"0";"2";"6";"1";"1";
"202000023627";"154 700 666";"D01";"2";"7";"0";"2";"1";"0";"6";
"202000023627";"154 700 667";"C01";"2";"7";"0";"2";"1";"0";"6";
"202000023627";"154 700 668";"B01";"2";"7";"0";"2";"1";"0";"6";
"202000023627";"154 700 669";"A01";"2";"7";"3";"0";"1";"0";"1";
"202000023628";"154 700 663";"B01";"2";"7";"0";"2";"5";"1";"1";
"202000023628";"154 700 664";"C01";"2";"33";"0";"2";"8";"3";"1";
"202000023628";"154 700 665";"A01";"2";"43";"0";"2";"1";"2";"1";
"202000023629";"154 700 661";"A01";"2";"7";"0";"1";"1";"1";"1";
"202000023630";"154 700 657";"A01";"2";"21";"0";"0";"0";"26";"1";
"202000023631";"154 700 658";"A01";"2";"10";"0";"2";"5";"22";"1";
"202000023631";"154 700 659";"B01";"2";"1";"0";"2";"1";"1";"5";
"202000023632";"154 700 652";"A01";"2";"31";"0";"2";"8";"9";"1";
"202000023632";"154 700 655";"Z01";"2";"7";"0";"2";"2";"1";"0";
"202000023633";"154 700 651";"A01";"3";"7";"0";"1";"1";"19";"0";
"202000023634";"154 700 649";"A01";"1";"32";"15";"0";"7";"0";"1";
"202000023635";"154 700 648";"B01";"3";"2";"0";"2";"4";"20";"1";