"Num_Acc";"id_vehicule";"num_veh";"senc";"catv";"obs";"obsm";"choc";"manv";"motor";"occutc"
"202000023635";"154 700 650";"A01";"3";"10";"0";"2";"4";"4";"1";
"202000023636";"154 700 647";"A01";"2";"1";"4";"0";"1";"1";"5";
"202000023637";"154 700 644";"A01";"3";"7";"0";"1";"1";"2";"0";
"202000023638";"154 700 645";"A01";"1";"7";"0";"2";"1";"2";"1";
"202000023638";"154 700 646";"B01";"1";"7";"0";"2";"4";"1";"1";
"202000023639";"154 700 643";"A01";"2";"7";"3";"0";"1";"1";"1";
"202000023640";"154 700 641";"A01";"2";"10";"0";"2";"2";"1";"1";
"202000023640";"154 700 642";"B01";"1";"1";"0";"2";"2";"1";"5";
"202000023641";"154 700 637";"A01";"1";"1";"0";"1";"1";"25";"5";
"202000023642";"154 700 635";"A01";"1";"7";"0";"2";"2";"15";"1";
"202000023642";"154 700 636";"B01";"2";"31";"0";"2";"1";"1";"1";
"202000023643";"154 700 633";"B01";"3";"1";"0";"2";"2";"19";"5";
"202000023643";"154 700 634";"A01";"2";"34";"0";"2";"1";"1";"1";
"202000023644";"154 700 631";"B01";"3";"32";"0";"2";"1";"19";"1";
"202000023644";"154 700 632";"A01";"3";"7";"0";"2";"3";"15";"1";
"202000023645";"154 700 629";"A01";"2";"43";"0";"0";"1";"1";"1";
"202000023646";"154 700 628";"B01";"1";"2";"0";"2";"1";"15";"1";
"202000023646";"154 700 630";"A01";"1";"13";"0";"2";"6";"15";"1";
"202000023647";"154 700 626";"A01";"3";"7";"0";"1";"4";"26";"0";
"202000023648";"154 700 625";"B01";"1";"38";"0";"2";"1";"1";"1";"1"
"202000023648";"154 700 627";"A01";"2";"7";"0";"2";"5";"13";"1";
"202000023649";"154 700 623";"A01";"3";"7";"12";"2";"3";"15";"1";
"202000023649";"154 700 624";"B01";"3";"33";"0";"2";"8";"1";"1";
"202000023650";"154 700 621";"B01";"2";"7";"0";"2";"1";"1";"1";
"202000023650";"154 700 622";"A01";"1";"7";"0";"2";"8";"5";"1";
"202000023651";"154 700 620";"A01";"1";"7";"0";"1";"3";"0";"0";
"202000023652";"154 700 618";"A01";"3";"7";"0";"2";"3";"1";"0";
"202000023652";"154 700 619";"B01";"3";"7";"0";"2";"3";"1";"0";
"202000023653";"154 700 617";"A01";"1";"7";"2";"0";"1";"0";"1";
"202000023654";"154 700 616";"A01";" -1";"7";"0";"1";"3";"15";"0";
"202000023655";"154 700 615";"A01";"1";"2";"0";"0";"7";"16";"1";
"202000023656";"154 700 614";"A01";"0";"7";"0";"1";"7";"2";"1";
"202000023657";"154 700 613";"A01";"1";"10";"0";"1";"2";"1";"0";
"202000023658";"154 700 612";"A01";" -1";"7";"0";"1";"2";"16";"0";
"202000023659";"154 700 609";"B01";"2";"7";"0";"2";"2";"15";"1";
"202000023659";"154 700 611";"A01";"2";"32";"0";"2";"2";"21";"1";
"202000023660";"154 700 607";"B01";"1";"20";"0";"2";"3";"9";"1";
"202000023660";"154 700 610";"A01";"1";"2";"0";"2";"1";"1";"1";
"202000023661";"154 700 606";"A01";"1";"7";"0";"2";"2";"15";"1";
"202000023661";"154 700 608";"B01";"2";"33";"0";"2";"1";"1";"1";
"202000023662";"154 700 604";"B01";"1";"7";"0";"0";"4";"2";"1";
"202000023662";"154 700 605";"A01";"1";"7";"0";"2";"1";"2";"1";
"202000023663";"154 700 603";"A01";"3";"7";"0";"1";"8";"15";"0";
"202000023664";"154 700 602";"A01";"1";"7";"0";"1";"2";"1";"1";
"202000023665";"154 700 599";"A01";"2";"7";"0";"2";"4";"1";"1";
"202000023665";"154 700 601";"B01";"2";"7";"0";"2";"1";"2";"1";
"202000023666";"154 700 600";"A01";" -1";"37";"0";"1";"7";"1";"1";"1"
"202000023667";"154 700 598";"A01";"2";"33";"0";"0";"0";"1";"1";
"202000023668";"154 700 596";"B01";"2";"32";"0";"2";"0";"1";"1";
"202000023668";"154 700 597";"A01";"1";"30";"0";"2";"7";"21";"1";
"202000023669";"154 700 589";"A01";"1";"7";"0";"2";"4";"1";"1";
"202000023669";"154 700 590";"G01";"1";"7";"0";"2";"1";"2";"1";
"202000023669";"154 700 591";"F01";"1";"7";"0";"2";"1";"2";"1";
"202000023669";"154 700 592";"E01";"1";"7";"0";"2";"1";"2";"1";
"202000023669";"154 700 593";"D01";"1";"7";"0";"2";"1";"2";"1";
"202000023669";"154 700 594";"C01";"1";"7";"0";"2";"1";"2";"1";
"202000023669";"154 700 595";"B01";"1";"7";"0";"2";"1";"2";"1";
"202000023670";"154 700 588";"A01";"1";"7";"0";"1";"1";"15";"1";
"202000023671";"154 700 585";"A01";"2";"2";"8";"0";"1";"1";"1";
"202000023672";"154 700 586";"A01";"2";"10";"0";"2";"1";"2";"1";
"202000023672";"154 700 587";"B01";"2";"7";"0";"2";"4";"0";"1";
"202000023673";"154 700 584";"A01";"1";"7";"4";"0";"1";"1";"1";
"202000023674";"154 700 579";"C01";"2";"10";"0";"2";"4";"2";"1";
"202000023674";"154 700 580";"B01";"2";"7";"0";"2";"4";"2";"1";
"202000023674";"154 700 581";"A01";"2";"7";"0";"2";"1";"1";"1";
"202000023675";"154 700 576";"B01";"1";"7";"0";"2";"4";"2";"0";
"202000023675";"154 700 577";"A01";"1";"10";"0";"2";"1";"2";"1";
"202000023675";"154 700 578";"C01";"1";"7";"0";"2";"4";"2";"1";
"202000023676";"154 700 582";"A01";"2";"10";"0";"2";"6";"10";"1";
"202000023676";"154 700 583";"B01";"2";"7";"0";"2";"1";"1";"1";
"202000023677";"154 700 573";"A01";"1";"7";"0";"2";"1";"1";"1";
"202000023677";"154 700 575";"B01";"1";"7";"0";"2";"4";"1";"1";
"202000023678";"154 700 572";"B01";"3";"7";"0";"2";"2";"26";"1";
"202000023678";"154 700 574";"A01";"3";"10";"0";"2";"1";"0";"1";
"202000023679";"154 700 569";"C01";"2";"15";"0";"2";"3";"1";"1";
"202000023679";"154 700 570";"B01";"2";"38";"0";"2";"8";"1";"1";"1"
"202000023679";"154 700 571";"A01";"2";"10";"0";"2";"2";"1";"1";
"202000023680";"154 700 567";"A01";"2";"10";"4";"0";"8";"2";"1";
"202000023681";"154 700 564";"A01";"1";"7";"0";"2";"7";"1";"1";
"202000023681";"154 700 566";"B01";"1";"7";"0";"2";"8";"1";"1";
"202000023682";"154 700 563";"B01";"1";"10";"0";"9";"1";"1";"1";
"202000023682";"154 700 565";"A01";"1";"2";"0";"2";"5";"16";"1";
"202000023683";"154 700 562";"A01";"1";"7";"4";"0";"0";"1";"1";
"202000023684";"154 700 561";"A01";"1";"7";"4";"0";"1";"1";"1";
"202000023685";"154 700 558";"A01";"1";"7";"4";"0";"3";"1";"1";
"202000023686";"154 700 556";"A01";"1";"7";"0";"2";"1";"2";"1";
"202000023686";"154 700 557";"B01";"1";"7";"4";"2";"4";"1";"1";
"202000023687";"154 700 551";"A01";"2";"10";"0";"2";"3";"2";"1";
"202000023687";"154 700 552";"B01";"2";"10";"0";"2";"5";"2";"1";
"202000023687";"154 700 553";"E01";"2";"14";"0";"2";"8";"1";"1";
"202000023687";"154 700 554";"C01";"2";"10";"0";"2";"4";"2";"1";
"202000023687";"154 700 555";"D01";"2";"7";"0";"2";"7";"14";"1";
"202000023688";"154 700 549";"B01";"1";"33";"0";"2";"1";"1";"0";
"202000023688";"154 700 550";"A01";"2";"7";"0";"2";"1";"15";"5";
"202000023689";"154 700 548";"A01";"2";"10";"0";"1";"3";"21";"1";
"202000023690";"154 700 547";"A01";"1";"7";"13";"0";"1";"1";"1";
"202000023691";"154 700 543";"A01";"2";"7";"0";"2";"1";"1";"1";
"202000023691";"154 700 545";"B01";"1";"10";"0";"2";"4";"19";"1";
"202000023692";"154 700 541";"A01";"1";"7";"0";"2";"4";"26";"1";
"202000023692";"154 700 542";"D01";"1";"7";"0";"2";"1";"2";"1";
"202000023692";"154 700 544";"C01";"1";"7";"0";"2";"4";"2";"1";
"202000023692";"154 700 546";"B01";"1";"7";"0";"2";"4";"2";"1";
"202000023693";"154 700 537";"B01";"2";"7";"0";"2";"6";"2";"1";
"202000023693";"154 700 538";"A01";"2";"7";"0";"2";"2";"1";"1";
"202000023694";"154 700 539";"B01";"2";"15";"0";"2";"8";"1";"1";
"202000023694";"154 700 540";"A01";"1";"7";"0";"2";"3";"5";"1";
"202000023695";"154 700 535";"A01";"2";"7";"0";"2";"7";"9";"1";
"202000023695";"154 700 536";"B01";"2";"33";"0";"2";"1";"3";"1";
"202000023696";"154 700 533";"B01";"1";"33";"0";"2";"7";"17";"1";
"202000023696";"154 700 534";"A01";"1";"10";"0";"2";"8";"17";"1";
"202000023697";"154 700 530";"A01";"2";"33";"0";"2";"2";"3";"1";
"202000023697";"154 700 531";"B01";"2";"7";"0";"2";"3";"11";"1";
"202000023697";"154 700 532";"C01";"2";"7";"0";"2";"6";"1";"1";
"202000023698";"154 700 528";"A01";"2";"7";"0";"0";"7";"13";"1";
"202000023698";"154 700 529";"B01";"1";"38";"0";"0";"1";"14";"1";"7"
"202000023699";"154 700 526";"A01";"1";"10";"0";"0";"1";"14";"1";
"202000023700";"154 700 525";"A01";"1";"7";"0";"2";"1";"9";"1";
"202000023700";"154 700 527";"B01";"1";"1";"0";"2";"7";"1";"5";
"202000023701";"154 700 523";"A01";"0";"2";"0";"0";"2";"1";"1";
"202000023702";"154 700 522";"B01";"1";"7";"0";"2";"1";"1";"6";
"202000023702";"154 700 524";"A01";"1";"7";"5";"2";"2";"15";"1";
"202000023703";"154 700 521";"A01";"1";"7";"15";"0";"1";"1";"0";
"202000023704";"154 700 519";"A01";"2";"7";"0";"2";"1";"17";"1";
"202000023704";"154 700 520";"B01";"1";"7";"0";"2";"1";"1";"1";
"202000023705";"154 700 516";"A01";"1";"7";"1";"0";"2";"1";"1";
"202000023705";"154 700 517";"B01";"1";"7";"1";"0";"6";"22";"1";
"202000023706";"154 700 514";"A01";"1";"0";"0";"2";"1";"1";"0";
"202000023706";"154 700 515";"B01";"1";"10";"0";"2";"4";"23";"1";
"202000023707";"154 700 513";"A01";"2";"7";"0";"9";"9";"1";"0";
"202000023708";"154 700 518";"A01";"1";"7";"0";"0";"2";"0";"1";
"202000023709";"154 700 512";"A01";"1";"7";"3";"0";"4";"26";"1";
"202000023710";"154 700 510";"B01";"1";"7";"0";"0";"4";"15";"1";
"202000023710";"154 700 511";"A01";"1";"32";"0";"2";"1";"2";"1";
"202000023711";"154 700 509";"A01";"1";"50";" -1";" -1";" -1";" -1";"3";
"202000023712";"154 700 507";"A01";"1";"7";"0";"2";"1";"1";"1";
"202000023712";"154 700 508";"B01";"1";"1";"0";"2";"7";"1";"5";
"202000023713";"154 700 506";"A01";"3";"1";"0";"0";"0";"0";"5";
"202000023714";"154 700 505";"A01";"1";"7";"2";"0";"5";"1";"1";
"202000023715";"154 700 504";"A01";"1";"1";"0";"0";"0";"1";"5";
"202000023716";"154 700 501";"B01";"1";"2";"0";"2";"1";"1";"1";
"202000023716";"154 700 503";"A01";"2";"7";"0";"2";"2";"10";"1";
"202000023717";"154 700 500";"A01";"3";"1";"1";"0";"0";"25";"5";
"202000023717";"154 700 502";"B01";"3";"7";"0";"0";"0";"23";"1";
"202000023718";"154 700 498";"A01";"1";"7";"1";"1";"9";"20";"1";
"202000023719";"154 700 497";"B01";"1";"31";"0";"2";"1";"1";"1";
"202000023719";"154 700 499";"A01";"2";"7";"0";"2";"1";"15";"1";
"202000023720";"154 700 496";"A01";"1";"7";"0";"0";"9";"14";"1";
"202000023721";"154 700 494";"A01";"3";"7";"0";"9";"2";"22";"1";
"202000023721";"154 700 495";"B01";"3";"1";"1";"0";"3";"25";"5";
"202000023722";"154 700 492";"A01";"2";"7";"0";"2";"3";"1";"1";
"202000023722";"154 700 493";"B01";"1";"33";"0";"2";"1";"1";"1";
"202000023723";"154 700 490";"A01";"3";"7";"0";"2";"2";"1";"1";
"202000023723";"154 700 491";"B01";"1";"7";"0";"2";"1";"1";"1";
"202000023724";"154 700 488";"B01";"2";"7";"0";"2";"3";"1";"1";
"202000023724";"154 700 489";"A01";"1";"10";"0";"2";"2";"15";"1";
"202000023725";"154 700 486";"A01";"1";"33";"7";"0";"1";"13";"1";
"202000023726";"154 700 487";"A01";"2";"2";"0";"0";"8";"1";"3";
"202000023727";"154 700 485";"A01";"1";"32";"0";"0";"0";"1";"1";
"202000023728";"154 700 482";"A01";"1";"7";"0";"2";"3";"19";"0";
"202000023728";"154 700 484";"B01";"1";"7";"0";"2";"1";"1";"1";
"202000023729";"154 700 479";"A01";"1";"7";"0";"0";"7";"1";"1";
"202000023729";"154 700 480";"B01";"1";"7";"0";"0";"1";"1";"1";
"202000023730";"154 700 481";"B01";"0";"7";"0";"2";"4";"2";"1";
"202000023730";"154 700 483";"A01";"0";"7";"0";"2";"1";"2";"1";
"202000023731";"154 700 477";"B01";"1";"7";"0";"2";"1";"0";"1";
"202000023731";"154 700 478";"A01";"2";"7";"0";"2";"1";"0";"1";
"202000023732";"154 700 475";"A01";"1";"34";"0";"2";"1";"0";"1";
"202000023732";"154 700 476";"B01";"1";"7";"0";"2";"0";"0";"1";
"202000023733";"154 700 474";"A01";"3";"7";"6";"0";"2";"14";"0";
"202000023734";"154 700 473";"A01";"1";"7";"1";"2";"2";"1";"1";
"202000023735";"154 700 472";"A01";"3";"7";"0";"1";"8";"1";"1";
"202000023736";"154 700 470";"B01";"0";"7";"0";"2";"3";"26";"1";
"202000023736";"154 700 471";"A01";"0";"7";"0";"2";"2";"26";"1";
"202000023737";"154 700 466";"A01";"2";"33";"0";"0";"0";"1";"1";
"202000023738";"154 700 467";"B01";"2";"37";"0";"2";"3";"1";"1";"1"
"202000023738";"154 700 468";"A01";"1";"3";"0";"2";"1";"17";"1";
"202000023739";"154 700 462";"C01";"2";"7";"0";"2";"1";"1";"1";
"202000023739";"154 700 463";"B01";"2";"13";"0";"2";"4";"1";"1";
"202000023739";"154 700 465";"A01";"2";"7";"0";"2";"1";"1";"1";
"202000023740";"154 700 459";"B01";"2";"33";"0";"2";"2";"1";"0";
"202000023740";"154 700 460";"A01";"2";"10";"0";"2";"4";"11";"0";
"202000023741";"154 700 461";"B01";"3";"37";"0";"2";"5";"1";"3";"2"
"202000023741";"154 700 464";"A01";"1";"7";"0";"2";"1";"1";"1";
"202000023742";"154 700 457";"A01";"1";"7";"4";"2";"2";"17";"1";
"202000023742";"154 700 458";"B01";"1";"10";"5";"2";"6";"26";"1";
"202000023743";"154 700 456";"A01";"1";"7";"0";"1";"4";"20";"1";
"202000023744";"154 700 453";"A01";"3";"7";"0";"2";"0";"0";"0";
"202000023744";"154 700 454";"B01";"3";"50";"0";"2";"7";"1";"3";
"202000023745";"154 700 451";"B01";"2";"7";"0";"2";"6";"2";"1";
"202000023745";"154 700 452";"A01";"2";"32";"0";"2";"1";"2";"1";
"202000023746";"154 700 450";"A01";"2";"7";"0";"1";"3";"1";"1";
"202000023747";"154 700 448";"B01";"2";"7";"4";"0";"5";"1";"1";
"202000023747";"154 700 449";"A01";"2";"7";"4";"0";"1";"12";"1";
"202000023748";"154 700 446";"A01";"3";"10";"0";"2";"6";"19";"1";
"202000023748";"154 700 447";"B01";"1";"30";"0";"2";"1";"1";"1";
"202000023749";"154 700 445";"A01";"3";"34";"7";"0";"1";"7";"1";
"202000023750";"154 700 443";"A01";"1";"7";"0";"2";"1";"16";"1";
"202000023750";"154 700 444";"VB01";"2";"1";"0";"2";"8";"1";"0";
"202000023751";"154 700 438";"B01";"1";"33";"0";"2";"1";"1";"1";
"202000023751";"154 700 440";"A01";"1";"7";"0";"2";"4";"9";"1";
"202000023752";"154 700 437";"D01";"2";"7";"0";"2";"4";"23";"1";
"202000023752";"154 700 439";"C01";"2";"7";"0";"2";"7";"23";"1";
"202000023752";"154 700 441";"B01";"2";"7";"0";"2";"4";"23";"1";
"202000023752";"154 700 442";"A01";"2";"7";"0";"2";"1";"1";"1";
"202000023753";"154 700 436";"A01";"1";"7";"13";"0";"0";"1";"1";
"202000023754";"154 700 435";"Z01";"2";"30";"0";"1";"7";"1";"3";
"202000023755";"154 700 433";"B01";"2";"50";"0";"2";"1";"15";"3";
"202000023755";"154 700 434";"A01";"2";"7";"0";"9";"3";"1";"1";
"202000023756";"154 700 430";"A01";"3";"32";"12";"0";"1";"1";"1";
"202000023757";"154 700 431";"B01";"1";"2";"0";"2";"1";"1";"1";
"202000023757";"154 700 432";"A01";"1";"7";"0";"2";"1";"10";"1";
"202000023758";"154 700 427";"A01";"2";"7";"0";"2";"2";"1";"0";
"202000023758";"154 700 428";"B01";"2";"1";"0";"2";"0";"0";"5";
"202000023759";"154 700 425";"B01";"2";"7";"0";"2";"5";"1";"1";
"202000023759";"154 700 426";"A01";"2";"7";"0";"2";"3";"1";"1";
"202000023759";"154 700 429";"C01";"2";"7";"0";"2";"0";"9";"0";
"202000023760";"154 700 421";"A01";"3";"7";"1";"2";"1";"1";"1";
"202000023760";"154 700 423";"B01";"3";"7";"0";"2";"5";"19";"1";
"202000023761";"154 700 420";"A01";"3";"7";"0";"2";"1";"16";"1";
"202000023761";"154 700 422";"B01";"3";"7";"0";"2";"3";"1";"1";
"202000023762";"154 700 418";"B01";"2";"30";"0";"2";"3";"1";"1";
"202000023762";"154 700 419";"A01";"1";"7";"0";"2";"7";"15";"1";
"202000023763";"154 700 414";"A01";"2";"7";"1";"2";"1";"7";"1";
"202000023763";"154 700 416";"B01";"2";"7";"9";"0";"5";"16";"1";
"202000023763";"154 700 417";"C01";"2";"7";"0";"2";"7";"1";"1";
"202000023764";"154 700 413";"A01";"3";"33";"0";"2";"4";"23";"1";
"202000023764";"154 700 415";"Z01";"3";"7";"0";"2";"1";"1";"0";
"202000023765";"154 700 411";"A01";"3";"99";"0";"2";"3";"19";"0";
"202000023765";"154 700 412";"B01";"1";"7";"0";"2";"3";"9";"1";
"202000023766";"154 700 410";"A01";"3";"60";"0";"0";"0";"19";"5";
"202000023767";"154 700 408";"B01";"1";"7";"0";"2";"1";"1";"1";
"202000023767";"154 700 409";"A01";"2";"30";"0";"2";"1";"1";"1";
"202000023768";"154 700 406";"B01";"1";"32";"0";"2";"1";"17";"1";
"202000023768";"154 700 407";"A01";"1";"7";"0";"2";"4";"10";"1";
"202000023769";"154 700 404";"A01";"0";"7";"0";"1";"1";"1";"0";
"202000023770";"154 700 403";"A01";"1";"7";"0";"2";"3";"2";"1";
"202000023770";"154 700 405";"B01";"2";"50";"0";"2";"0";"19";"3";
"202000023771";"154 700 401";"A01";"1";"32";"0";"1";"3";"1";"1";
"202000023772";"154 700 400";"A01";"1";"30";"0";"2";"1";"1";"1";
"202000023772";"154 700 402";"B01";"1";"7";"0";"2";"3";"1";"1";
"202000023773";"154 700 399";"A01";"1";"7";"0";"1";"1";"15";"1";
"202000023774";"154 700 398";"A01";"3";"3";"1";"0";"2";"26";"1";
"202000023775";"154 700 395";"A01";"1";"1";"0";"2";"8";"19";"5";
"202000023775";"154 700 396";"B01";"2";"7";"0";"2";"1";"1";"1";
"202000023776";"154 700 394";"Z01";"1";"7";"0";"2";"3";"13";"1";
"202000023776";"154 700 397";"A01";"2";"30";"0";"2";"3";"1";"1";
"202000023777";"154 700 391";"A01";"1";"7";"0";"2";"7";"22";"1";
"202000023777";"154 700 393";"B01";"1";"50";"0";"2";"1";"1";"3";
"202000023778";"154 700 390";"A01";"1";"7";"8";"2";"1";"15";"0";
"202000023778";"154 700 392";"B01";"1";"7";"0";"2";"2";"23";"0";
"202000023779";"154 700 388";"A01";"2";"7";"0";"1";"2";"1";"1";
"202000023780";"154 700 387";"A01";"1";"7";"0";"2";"6";"15";"1";
"202000023780";"154 700 389";"B01";"1";"33";"0";"2";"1";"17";"0";
"202000023781";"154 700 384";"B01";"2";"7";"0";"2";"6";"1";"1";
"202000023781";"154 700 386";"A01";"2";"7";"6";"2";"1";"26";"1";
"202000023782";"154 700 383";"A01";"1";"7";"0";"2";"1";"19";"1";
"202000023782";"154 700 385";"B01";"2";"7";"0";"2";"1";"1";"1";
"202000023783";"154 700 381";"Z01";"2";"7";"0";"2";"2";"12";"1";
"202000023783";"154 700 382";"A01";"2";"33";"0";"2";"8";"1";"1";
"202000023784";"154 700 378";"B01";"1";"60";"0";"2";"3";"1";"5";
"202000023784";"154 700 379";"A01";"1";"7";"0";"2";"3";"1";"1";
"202000023785";"154 700 377";"A01";"3";"7";"0";"2";"2";"26";"1";
"202000023785";"154 700 380";"B01";"3";"1";"0";"0";"7";"26";"5";
"202000023786";"154 700 376";"A01";" -1";"32";"15";"0";"1";"1";"1";
"202000023787";"154 700 373";"B01";"1";"10";"0";"0";"3";"1";"1";
"202000023787";"154 700 375";"A01";"1";"2";"0";"2";"1";"1";"1";
"202000023788";"154 700 371";"A01";"1";"32";"15";"0";"1";"16";"1";
"202000023789";"154 700 372";"B01";"1";"30";"0";"2";"7";"26";"0";
"202000023789";"154 700 374";"A01";"1";"7";"0";"2";"2";"16";"0";
"202000023790";"154 700 369";"B01";"2";"7";"0";"2";"2";"1";"1";
"202000023790";"154 700 370";"A01";"1";"30";"0";"2";"3";"15";"1";
"202000023791";"154 700 367";"B01";"1";"30";"1";"0";"0";"0";"1";
"202000023791";"154 700 368";"A01";"1";"7";"1";"0";"0";"23";"1";
"202000023792";"154 700 365";"Z01";"3";"7";"0";"2";"0";"1";"1";
"202000023792";"154 700 366";"A01";"3";"1";"0";"2";"1";"1";"5";
"202000023793";"154 700 363";"B01";"1";"7";"0";"2";"5";"16";"1";
"202000023793";"154 700 364";"A01";"1";"32";"0";"2";"1";"1";"1";
"202000023794";"154 700 362";"A01";"2";"1";"0";"0";"0";"1";"5";
"202000023795";"154 700 360";"A01";"1";"10";"0";"1";"1";"15";"1";
"202000023796";"154 700 359";"A01";"3";"7";"0";"2";"1";"1";"1";
"202000023796";"154 700 361";"B01";"3";"7";"0";"2";"1";"1";"1";
"202000023797";"154 700 358";"A01";"1";"7";"0";"1";"1";"1";"1";
"202000023798";"154 700 357";"A01";"3";"2";"15";"0";"1";"14";"1";
"202000023799";"154 700 355";"B01";"1";"1";"0";"2";"1";"26";"6";
"202000023799";"154 700 356";"A01";"1";"34";"1";"9";"8";"9";"1";
"202000023800";"154 700 354";"A01";"1";"2";"0";"0";"7";"1";"0";
"202000023801";"154 700 352";"A01";"1";"7";"0";"2";"3";"15";"1";
"202000023801";"154 700 353";"B01";"1";"7";"0";"2";"1";"1";"1";
"202000023802";"154 700 348";"B01";"3";"2";"0";"2";"4";"1";"1";
"202000023802";"154 700 350";"A01";"3";"7";"0";"2";"1";"1";"1";
"202000023803";"154 700 346";"B01";"3";"7";"0";"2";"2";"1";"1";
"202000023803";"154 700 347";"A01";" -1";"30";"0";"2";"1";"16";"1";
"202000023804";"154 700 349";"A01";"3";"7";"13";"0";"1";"1";"1";
"202000023805";"154 700 344";"B01";"2";"32";"0";"9";"7";"1";"1";
"202000023805";"154 700 345";"A01";"2";"60";"0";"2";"8";"15";"5";
"202000023806";"154 700 342";"A01";"1";"10";"1";"0";"1";"0";"1";
"202000023807";"154 700 341";"A01";"2";"1";"0";"0";"0";"2";"0";
"202000023807";"154 700 343";"B01";"2";"1";"0";"0";"0";"2";"0";
"202000023808";"154 700 339";"A01";"1";"7";"0";"2";"1";"2";"0";
"202000023808";"154 700 340";"B01";"1";"2";"0";"0";"4";"2";"0";
"202000023809";"154 700 334";"B01";"2";"7";"0";"2";"1";"1";"1";
"202000023809";"154 700 335";"A01";"1";"7";"0";"2";"3";"15";"1";
"202000023810";"154 700 332";"A01";"1";"31";"0";"0";"8";"16";"1";
"202000023811";"154 700 331";"A01";"2";"7";"0";"2";"7";"13";"1";
"202000023811";"154 700 333";"B01";"1";"7";"0";"2";"1";"1";"1";
"202000023812";"154 700 329";"B01";"1";"7";"0";"0";"4";"15";"1";
"202000023812";"154 700 330";"A01";"1";"30";"0";"2";"1";"15";"1";
"202000023813";"154 700 326";"A01";"2";"7";"2";"0";"3";"0";"1";
"202000023814";"154 700 321";"B01";"2";"32";"0";"2";"2";"1";"1";
"202000023814";"154 700 322";"A01";"2";"7";"0";"0";"6";"11";"1";
"202000023815";"154 700 320";"C01";"2";"7";"0";"2";"4";"2";"1";
"202000023815";"154 700 323";"D01";"2";"7";"0";"2";"4";"2";"1";
"202000023815";"154 700 324";"F01";"2";"7";"0";"2";"4";"2";"1";
"202000023815";"154 700 325";"E01";"2";"7";"0";"2";"4";"2";"1";
"202000023815";"154 700 327";"B01";"2";"15";"0";"2";"4";"2";"1";
"202000023815";"154 700 328";"A01";"2";"15";"0";"2";"1";"2";"1";
"202000023816";"154 700 319";"A01";"3";"1";"0";"1";"1";"1";"5";
"202000023817";"154 700 318";"A01";"0";"7";"13";"0";"1";"1";"1";
"202000023818";"154 700 317";"A01";"1";"7";"6";"0";"8";"14";"1";
"202000023819";"154 700 315";"A01";"0";"7";"13";"0";"4";"4";"1";
"202000023819";"154 700 316";"B01";"0";"7";"13";"0";"4";"4";"1";
"202000023820";"154 700 313";"A01";"1";"7";"0";"2";"3";"2";"1";
"202000023820";"154 700 314";"B01";"2";"7";"0";"2";"3";"2";"1";
"202000023821";"154 700 312";"A01";"1";"7";"0";"1";"7";"1";"1";
"202000023822";"154 700 310";"B01";"2";"10";"0";"2";"1";"19";"1";
"202000023822";"154 700 311";"A01";"1";"7";"8";"2";"3";"1";"0";
"202000023823";"154 700 308";"A01";"2";"7";"0";"2";"2";"17";"1";
"202000023823";"154 700 309";"B01";"2";"1";"0";"2";"4";"2";"5";
"202000023824";"154 700 307";"A01";"2";"7";"2";"0";"1";"14";"1";
"202000023825";"154 700 305";"A01";"1";"7";"13";"0";"7";"1";"1";
"202000023826";"154 700 304";"B01";"1";"7";"8";"0";"3";"1";"1";
"202000023826";"154 700 306";"A01";"1";"7";"8";"0";"8";"1";"1";
"202000023827";"154 700 301";"A01";"1";"7";"0";"2";"7";"19";"1";
"202000023827";"154 700 303";"B01";"1";"7";"0";"2";"1";"1";"1";
"202000023828";"154 700 300";"A01";"2";"7";"0";"2";"1";"1";"1";
"202000023828";"154 700 302";"B01";"1";"1";"0";"2";"2";"19";"5";
"202000023829";"154 700 299";"A01";"1";"10";"0";"1";"5";"25";"1";
"202000023830";"154 700 296";"C01";"1";"7";"0";"0";"0";"15";"1";
"202000023830";"154 700 297";"B01";"1";"7";"0";"2";"4";"0";"1";
"202000023830";"154 700 298";"A01";"1";"7";"0";"2";"1";"2";"1";
"202000023831";"154 700 295";"A01";"3";"7";"16";"0";"3";"1";"1";
"202000023832";"154 700 292";"A01";"1";"7";"0";"2";"1";"0";"1";
"202000023832";"154 700 294";"B01";"2";"31";"0";"2";"0";"0";"1";
"202000023833";"154 700 291";"A01";"3";"13";"0";"2";"1";"19";"1";
"202000023833";"154 700 293";"B01";"0";"2";"0";"2";"1";"1";"1";
"202000023834";"154 700 290";"A01";"2";"7";"2";"0";"9";"1";"1";
"202000023835";"154 700 289";"A01";"2";"2";"14";"0";"1";"1";"1";
"202000023836";"154 700 288";"A01";"1";"7";"13";"0";"1";"1";"1";
"202000023837";"154 700 286";"B01";"1";"7";"0";"2";"1";"21";"1";
"202000023837";"154 700 287";"A01";"1";"3";"0";"2";"3";"9";"1";
"202000023838";"154 700 285";"A01";"2";"33";"6";"0";"1";"17";"1";
"202000023839";"154 700 283";"B01";"2";"7";"0";"2";"3";"1";"1";
"202000023839";"154 700 284";"A01";"1";"7";"0";"2";"3";"1";"1";
"202000023840";"154 700 279";"A01";"2";"33";"0";"2";"1";"1";"1";
"202000023840";"154 700 281";"B01";"2";"7";"0";"0";"5";"1";"1";