"Num_Acc";"id_vehicule";"num_veh";"senc";"catv";"obs";"obsm";"choc";"manv";"motor";"occutc"
"202000023841";"154 700 278";"A01";"1";"7";"0";"2";"3";"1";"1";
"202000023841";"154 700 280";"C01";"2";"13";"10";"0";"5";"2";"1";
"202000023841";"154 700 282";"B01";"1";"7";"0";"2";"1";"17";"1";
"202000023842";"154 700 276";"B01";"2";"7";"0";"2";"3";"1";"1";
"202000023842";"154 700 277";"A01";"1";"7";"0";"2";"3";"5";"1";
"202000023843";"154 700 275";"A01";"1";"7";"0";"0";"1";"1";"1";
"202000023844";"154 700 274";"A01";"1";"7";"13";"0";"2";"1";"1";
"202000023845";"154 700 272";"A01";"2";"7";"4";"0";"2";"1";"1";
"202000023846";"154 700 271";"A01";"3";"10";"0";"2";"3";"13";"1";
"202000023846";"154 700 273";"B01";"3";"80";"0";"2";"3";"1";"3";
"202000023847";"154 700 270";"A01";"2";"7";"2";"0";"2";"1";"1";
"202000023848";"154 700 268";"B01";"2";"7";"0";"2";"1";"1";"1";
"202000023848";"154 700 269";"A01";"1";"7";"0";"2";"3";"15";"1";
"202000023849";"154 700 265";"C01";"1";"7";"0";"2";"1";"1";"1";
"202000023849";"154 700 266";"B01";"1";"7";"0";"2";"6";"1";"1";
"202000023849";"154 700 267";"A01";"2";"10";"0";"2";"3";"15";"1";
"202000023850";"154 700 263";"B01";"2";"10";"0";"9";"6";"1";"1";
"202000023850";"154 700 264";"A01";"1";"2";"0";"2";"6";"26";"1";
"202000023851";"154 700 262";"A01";"1";"7";"13";"0";"1";"1";"1";
"202000023852";"154 700 259";"A01";"1";"7";"0";"2";"2";"12";"1";
"202000023852";"154 700 260";"B01";"1";"17";"0";"2";"6";"1";"1";
"202000023853";"154 700 258";"A01";"1";"7";"11";"0";"1";"14";"1";
"202000023854";"154 700 256";"A01";"1";"7";"3";"2";"7";"12";"1";
"202000023854";"154 700 257";"B01";"1";"33";"0";"2";"1";"1";"1";
"202000023855";"154 700 255";"A01";"1";"7";"4";"0";"9";"11";"1";
"202000023856";"154 700 252";"A01";"1";"2";"0";"2";"1";"1";"1";
"202000023856";"154 700 253";"B01";"2";"7";"0";"2";"3";"10";"1";
"202000023857";"154 700 250";"B01";"3";"1";"0";"2";"8";"1";"5";
"202000023857";"154 700 251";"A01";"3";"7";"0";"2";"2";"17";"1";
"202000023858";"154 700 248";"A01";"1";"7";"0";"2";"3";"15";"1";
"202000023858";"154 700 249";"B01";"2";"33";"0";"2";"1";"1";"1";
"202000023859";"154 700 246";"A01";"0";"7";"0";"2";"4";"23";"0";
"202000023859";"154 700 247";"B01";"3";"7";"0";"2";"1";"1";"0";
"202000023860";"154 700 244";"B01";"2";"1";"0";"2";"1";"1";"5";
"202000023860";"154 700 245";"A01";"1";"10";"0";"2";"1";"15";"1";
"202000023861";"154 700 242";"A01";"1";"7";"0";"0";"0";"13";"1";
"202000023861";"154 700 243";"B01";"1";"30";"0";"2";"0";"2";"1";
"202000023862";"154 700 239";"B01";"3";"33";"0";"2";"7";"21";"1";
"202000023862";"154 700 240";"A01";"1";"7";"0";"0";"0";"14";"1";
"202000023862";"154 700 241";"C01";"3";"7";"0";"2";"6";"23";"1";
"202000023863";"154 700 238";"A01";"2";"7";"0";"1";"1";"1";"1";
"202000023864";"154 700 236";"B01";"1";"7";"0";"2";"1";"1";"1";
"202000023864";"154 700 237";"A01";"2";"7";"0";"2";"6";"1";"1";
"202000023865";"154 700 234";"A01";"1";"7";"0";"2";"1";"13";"1";
"202000023865";"154 700 235";"B01";"2";"7";"0";"2";"1";"1";"6";
"202000023866";"154 700 232";"B01";"2";"15";"0";"2";"3";"1";"1";
"202000023866";"154 700 233";"A01";"1";"7";"0";"2";"3";"13";"1";
"202000023867";"154 700 229";"A01";"2";"17";"0";"2";"0";"11";"0";
"202000023867";"154 700 230";"B01";"2";"10";"0";"2";"4";"11";"1";
"202000023867";"154 700 231";"C01";"2";"17";"0";"0";"4";"1";"1";
"202000023868";"154 700 227";"B01";"2";"7";"0";"2";"3";"1";"1";
"202000023868";"154 700 228";"A01";"1";"33";"0";"2";"1";"5";"1";
"202000023869";"154 700 225";"B01";"2";"2";"0";"0";"4";"2";"1";
"202000023869";"154 700 226";"A01";"2";"7";"0";"2";"2";"1";"1";
"202000023870";"154 700 224";"A01";"0";"2";"15";"0";"2";"1";"0";
"202000023871";"154 700 223";"A01";"1";"7";"13";"0";"1";"14";"1";
"202000023872";"154 700 222";"A01";"3";"30";"6";"0";"1";"13";"1";
"202000023873";"154 700 221";"A01";"3";"7";"2";"0";"7";"15";"1";
"202000023874";"154 700 219";"B01";"1";"7";"0";"2";"1";"1";"1";
"202000023874";"154 700 220";"A01";"2";"7";"0";"2";"7";"1";"1";
"202000023875";"154 700 216";"A01";"2";"7";"13";"0";"7";"1";"1";
"202000023876";"154 700 214";"B01";"2";"50";"0";"0";"1";"9";"3";
"202000023876";"154 700 215";"A01";"1";"2";"0";"2";"1";"1";"1";
"202000023877";"154 700 213";"A01";"2";"1";"0";"0";"0";"1";"5";
"202000023878";"154 700 212";"A01";"2";"33";"13";"0";"3";"1";"1";
"202000023879";"154 700 210";"A01";"1";"7";"0";"2";"3";"13";"1";
"202000023879";"154 700 211";"B01";"2";"10";"0";"2";"3";"1";"0";
"202000023880";"154 700 208";"B01";"1";"10";"0";"2";"3";"1";"0";
"202000023880";"154 700 209";"A01";"2";"7";"0";"2";"2";"15";"0";
"202000023881";"154 700 206";"B01";"2";"7";"0";"2";"1";"1";"1";
"202000023881";"154 700 207";"A01";"1";"10";"0";"2";"2";"1";"1";
"202000023882";"154 700 205";"A01";"2";"7";"6";"0";"0";"1";"0";
"202000023883";"154 700 203";"B01";"2";"7";"0";"2";"9";"1";"1";
"202000023883";"154 700 204";"A01";"1";"7";"13";"2";"9";"13";"1";
"202000023884";"154 700 200";"A01";"1";"7";"6";"0";"1";"1";"1";
"202000023885";"154 700 199";"A01";"2";"7";"0";"1";"1";"1";"1";
"202000023886";"154 700 197";"A01";"1";"7";"1";"1";"3";"1";"1";
"202000023887";"154 700 196";"A01";"2";"33";"0";"6";"0";"1";"1";
"202000023888";"154 700 195";"A01";"2";"31";"0";"0";"1";"1";"1";
"202000023889";"154 700 193";"A01";"1";"7";"0";"2";"1";"13";"1";
"202000023889";"154 700 194";"B01";"2";"7";"0";"2";"1";"1";"1";
"202000023890";"154 700 192";"A01";"0";"2";"16";"0";"8";"16";"1";
"202000023891";"154 700 190";"B01";"2";"7";"0";"2";"1";"1";"1";
"202000023891";"154 700 191";"A01";"1";"7";"1";"2";"7";"15";"1";
"202000023892";"154 700 189";"A01";"1";"7";"13";"0";"1";"1";"1";
"202000023893";"154 700 187";"A01";"2";"7";"0";"2";"3";"15";"0";
"202000023893";"154 700 188";"B01";"1";"31";"0";"2";"8";"1";"0";
"202000023894";"154 700 185";"B01";"3";"7";"0";"2";"3";"1";"1";
"202000023894";"154 700 186";"A01";"3";"33";"0";"2";"1";"17";"1";
"202000023895";"154 700 184";"A01";"1";"7";"4";"0";"3";"9";"1";
"202000023896";"154 700 183";"A01";"2";"7";"3";"0";"1";"1";"1";
"202000023897";"154 700 182";"A01";"1";"33";"11";"0";"1";"17";"1";
"202000023898";"154 700 180";"B01";"3";"7";"0";"2";"2";"13";"1";
"202000023898";"154 700 181";"A01";"3";"7";"0";"2";"3";"1";"1";
"202000023899";"154 700 178";"A01";"2";"1";"0";"2";"0";"0";"5";
"202000023899";"154 700 179";"B01";"2";"0";"0";"2";"1";"0";"0";
"202000023900";"154 700 176";"A01";"0";"7";"0";"0";"2";"1";"1";
"202000023900";"154 700 177";"B01";"0";"1";"0";"2";"2";"0";"5";
"202000023901";"154 700 174";"B01";"2";"7";"4";"2";"1";"1";"1";
"202000023901";"154 700 175";"A01";"1";"7";"0";"2";"1";"5";"1";
"202000023902";"154 700 173";"A01";"1";"7";"6";"0";"1";"13";"1";
"202000023903";"154 700 171";"A01";"0";"2";"0";"2";"1";"2";"0";
"202000023903";"154 700 172";"B01";"0";"7";"0";"2";"4";"2";"0";
"202000023904";"154 700 170";"A01";"1";"7";"0";"0";"3";"0";"1";
"202000023905";"154 700 169";"A01";"0";"7";"8";"0";"1";"2";"1";
"202000023906";"154 700 168";"A01";"1";"7";"3";"0";"2";"3";"1";
"202000023907";"154 700 167";"A01";"3";"2";"0";"0";"1";"21";"1";
"202000023908";"154 700 165";"A01";"1";"7";"0";"2";"2";"13";"1";
"202000023908";"154 700 166";"B01";"2";"7";"0";"2";"1";"1";"1";
"202000023909";"154 700 161";"B01";"1";"7";"0";"2";"1";"1";"1";
"202000023909";"154 700 162";"A01";"1";"7";"0";"2";"4";"1";"1";
"202000023910";"154 700 158";"A01";"1";"7";"0";"2";"1";"2";"1";
"202000023910";"154 700 159";"B01";"1";"7";"0";"2";"4";"2";"1";
"202000023910";"154 700 160";"C01";"1";"7";"0";"2";"4";"2";"1";
"202000023911";"154 700 156";"A01";"2";"7";"0";"2";"4";"1";"1";
"202000023911";"154 700 157";"B01";"2";"7";"0";"2";"1";"2";"1";
"202000023912";"154 700 155";"A01";"2";"7";"12";"0";"2";"14";"1";
"202000023913";"154 700 152";"A01";"1";"31";"0";"2";"8";"3";"1";
"202000023913";"154 700 153";"B01";"1";"7";"0";"2";"7";"12";"1";
"202000023913";"154 700 154";"C01";"1";"7";"0";"2";"4";"1";"1";
"202000023914";"154 700 150";"A01";"1";"33";"0";"2";"1";"26";"1";
"202000023914";"154 700 151";"B01";"1";"10";"0";"2";"5";"1";"1";
"202000023915";"154 700 148";"B01";"1";"7";"0";"2";"8";"1";"0";
"202000023915";"154 700 149";"A01";"1";"15";"0";"2";"7";"12";"0";
"202000023916";"154 700 145";"A01";"1";"33";"0";"2";"3";"3";"1";
"202000023916";"154 700 146";"B01";"1";"7";"0";"2";"3";"1";"1";
"202000023916";"154 700 147";"C01";"1";"7";"0";"2";"5";"1";"1";
"202000023917";"154 700 144";"A01";"1";"7";"4";"0";"1";"1";"1";
"202000023918";"154 700 143";"A01";"2";"33";"4";"0";"1";"1";"1";
"202000023919";"154 700 142";"A01";"2";"7";"4";"0";"1";"1";"1";
"202000023920";"154 700 140";"A01";"2";"7";"0";"2";"8";"11";"1";
"202000023920";"154 700 141";"B01";"2";"33";"0";"2";"7";"3";"1";
"202000023921";"154 700 137";"C01";"2";"33";"0";"2";"6";"1";"1";
"202000023921";"154 700 138";"A01";"2";"7";"0";"2";"8";"11";"1";
"202000023921";"154 700 139";"B01";"2";"33";"0";"2";"2";"3";"1";
"202000023922";"154 700 136";"A01";"2";"7";"0";"1";"3";"1";"1";
"202000023923";"154 700 135";"A01";"1";"7";"6";"0";"2";"14";"1";
"202000023924";"154 700 133";"B01";"1";"7";"0";"2";"1";"1";"1";
"202000023924";"154 700 134";"A01";"2";"7";"0";"2";"7";"15";"1";
"202000023925";"154 700 132";"A01";"2";"31";"0";"0";"8";"21";"1";
"202000023926";"154 700 128";"SB01";"3";"2";"0";"2";"7";"1";"1";
"202000023926";"154 700 129";"PA01";"3";"10";"0";"2";"3";"15";"1";
"202000023927";"154 700 126";"A01";"1";"2";"0";"2";"8";"16";"1";
"202000023927";"154 700 127";"B01";"1";"7";"0";"9";"5";"16";"1";
"202000023928";"154 700 124";"B01";"1";"2";"0";"2";"0";"1";"1";
"202000023928";"154 700 125";"A01";"1";"7";"0";"2";"0";"16";"1";
"202000023929";"154 700 123";"A01";"3";"7";"0";"9";"2";"1";"1";
"202000023930";"154 700 121";"B01";"3";"7";"0";"2";"4";"1";"1";
"202000023930";"154 700 122";"A01";"3";"7";"0";"2";"1";"1";"1";
"202000023931";"154 700 118";"C01";"2";"7";"0";"2";"4";"23";"0";
"202000023931";"154 700 119";"B01";"2";"7";"0";"2";"4";"23";"1";
"202000023931";"154 700 120";"A01";"2";"7";"0";"2";"1";"2";"1";
"202000023932";"154 700 115";"C01";"2";"7";"0";"2";"4";"2";"6";
"202000023932";"154 700 116";"A01";"2";"7";"0";"2";"1";"2";"6";
"202000023932";"154 700 117";"B01";"2";"7";"0";"2";"4";"2";"6";
"202000023933";"154 700 113";"A01";"1";"10";"0";"9";"2";"2";"1";
"202000023933";"154 700 114";"B01";"1";"50";"0";"2";"0";"2";"3";
"202000023934";"154 700 111";"A01";"1";"7";"0";"2";"1";"15";"1";
"202000023934";"154 700 112";"B01";"2";"33";"0";"2";"1";"1";"1";
"202000023935";"154 700 110";"A01";"1";"7";"0";"1";"1";"1";"6";
"202000023936";"154 700 108";"B01";"1";"7";"0";"9";"1";"1";"1";
"202000023936";"154 700 109";"A01";"1";"1";"0";"2";"7";"0";"5";
"202000023937";"154 700 106";"B01";"2";"7";"0";"2";"2";"1";"1";
"202000023937";"154 700 107";"A01";"2";"7";"0";"2";"6";"1";"0";
"202000023938";"154 700 104";"A01";"1";"10";"0";"2";"5";"9";"1";
"202000023938";"154 700 105";"B01";"1";"7";"0";"2";"1";"9";"1";
"202000023939";"154 700 102";"B01";"3";"32";"0";"2";"8";"0";"1";
"202000023939";"154 700 103";"A01";"3";"7";"0";"2";"1";"15";"0";
"202000023940";"154 700 100";"A01";"2";"50";"0";"2";"1";"19";"3";
"202000023940";"154 700 101";"B01";"1";"7";"0";"2";"7";"1";"1";
"202000023941";"154 700 098";"A01";"1";"2";"0";"2";"7";"17";"1";
"202000023941";"154 700 099";"B01";"1";"17";"0";"2";"6";"1";"0";
"202000023942";"154 700 096";"A01";"1";"33";"0";"0";"8";"1";"0";
"202000023942";"154 700 097";"B01";"2";"10";"0";"0";"0";"15";"0";
"202000023943";"154 700 090";"B01";"1";"1";"0";"2";"1";"1";"5";
"202000023944";"154 700 088";"A01";"3";"7";"0";"2";"1";"2";"1";
"202000023944";"154 700 089";"B01";"0";"7";"0";"2";"4";"2";"1";
"202000023945";"154 700 087";"A01";"1";"7";"13";"0";"0";"26";"0";
"202000023946";"154 700 086";"A01";"2";"7";"6";"0";"1";"14";"1";
"202000023947";"154 700 084";"B01";"3";"7";"0";"2";"1";"1";"1";
"202000023947";"154 700 085";"A01";"3";"7";"0";"2";"2";"15";"1";
"202000023948";"154 700 082";"A01";"1";"7";"0";"2";"3";"15";"1";
"202000023948";"154 700 083";"B01";"2";"2";"0";"2";"8";"1";"1";
"202000023949";"154 700 080";"B01";"2";"1";"0";"2";"0";"0";"5";
"202000023949";"154 700 081";"A01";"1";"7";"0";"2";"0";"26";"1";
"202000023950";"154 700 078";"B01";"2";"7";"0";"2";"8";"1";"1";
"202000023950";"154 700 079";"A01";"1";"7";"0";"2";"3";"13";"1";
"202000023951";"154 700 076";"A01";"1";"7";"0";"2";"1";"9";"1";
"202000023951";"154 700 077";"B01";"2";"80";"0";"2";"5";"1";"3";
"202000023952";"154 700 075";"A01";"2";"7";"0";"1";"2";"1";"1";
"202000023953";"154 700 073";"A01";"1";"7";"0";"2";"1";"15";"1";
"202000023953";"154 700 074";"B01";"2";"34";"0";"2";"1";"1";"0";
"202000023954";"154 700 071";"A01";"1";"7";"0";"2";"7";"6";"1";
"202000023954";"154 700 072";"B01";"2";"30";"0";"2";"1";"1";"1";
"202000023955";"154 700 067";"A01";"2";"7";"0";"2";"1";"13";"1";
"202000023955";"154 700 068";"B01";"1";"7";"13";"0";"0";"21";"1";
"202000023955";"154 700 069";"C01";"1";"7";"3";"2";"7";"21";"1";
"202000023955";"154 700 070";"D01";"1";"7";"0";"2";"8";"1";"1";
"202000023956";"154 700 066";"A01";"2";"50";"0";"0";"0";"2";"3";
"202000023957";"154 700 064";"A01";"1";"7";"0";"2";"4";"2";"1";
"202000023957";"154 700 065";"B01";"1";"10";"0";"2";"4";"2";"1";
"202000023958";"154 700 062";"A01";"2";"7";"0";"2";"1";"2";"1";
"202000023958";"154 700 063";"B01";"2";"7";"0";"2";"4";"2";"1";
"202000023959";"154 700 061";"A01";"1";"7";"0";"1";"1";"1";"1";
"202000023960";"154 700 059";"A01";"1";"7";"0";"2";"1";"1";"1";
"202000023960";"154 700 060";"B01";"1";"1";"0";"2";"1";"1";"5";
"202000023961";"154 700 057";"A01";"1";"7";"0";"2";"1";"9";"1";
"202000023961";"154 700 058";"B01";"1";"7";"0";"0";"4";"23";"1";
"202000023962";"154 700 055";"B01";"1";"40";"0";"2";"2";"1";"3";
"202000023962";"154 700 056";"A01";"1";"7";"0";"4";"8";"10";"1";
"202000023963";"154 700 053";"A01";"3";"7";"0";"2";"3";"16";"1";
"202000023963";"154 700 054";"B01";"3";"7";"0";"2";"7";"1";"1";
"202000023964";"154 700 051";"B01";"1";"1";"0";"2";"7";"1";"5";
"202000023964";"154 700 052";"A01";"1";"7";"0";"2";"1";"16";"1";
"202000023965";"154 700 049";"A01";"1";"7";"0";"2";"4";"1";"1";
"202000023965";"154 700 050";"B01";"1";"7";"0";"2";"1";"1";"1";
"202000023966";"154 700 047";"A01";"1";"7";"0";"2";"7";"16";"1";
"202000023966";"154 700 048";"B01";"1";"15";"0";"2";"3";"1";"1";
"202000023967";"154 700 046";"A01";"0";"80";"0";"0";"1";"1";"3";
"202000023968";"154 700 043";"B01";"3";"7";"0";"2";"6";"1";"1";
"202000023968";"154 700 044";"A01";"3";"7";"1";"2";"8";"15";"1";
"202000023968";"154 700 045";"Z01";"3";"7";"0";"2";"0";"0";"1";
"202000023969";"154 700 041";"A01";"2";"10";"0";"2";"3";"15";"1";
"202000023969";"154 700 042";"B01";"2";"31";"0";"2";"1";"1";"1";
"202000023970";"154 700 039";"A01";"1";"31";"0";"2";"1";"18";"1";
"202000023970";"154 700 040";"B01";"2";"7";"0";"2";"6";"15";"1";
"202000023971";"154 700 037";"B01";"1";"10";"0";"2";"1";"19";"1";
"202000023971";"154 700 038";"A01";"1";"10";"0";"2";"2";"19";"1";
"202000023972";"154 700 035";"B01";"1";"2";"0";"2";"8";"1";"1";
"202000023972";"154 700 036";"A01";"1";"7";"0";"2";"7";"14";"1";
"202000023973";"154 700 034";"A01";"2";"7";"0";"0";"9";"13";"1";
"202000023974";"154 700 032";"A01";"1";"7";"0";"2";"7";"1";"1";
"202000023974";"154 700 033";"B01";"1";"2";"0";"2";"1";"1";"1";
"202000023975";"154 700 031";"A01";"1";"7";"0";"1";"1";"1";"1";
"202000023976";"154 700 030";"A01";"3";"37";"0";"1";"2";"1";"1";"1"
"202000023977";"154 700 029";"A01";"1";"7";"0";"1";"1";"0";"1";
"202000023978";"154 700 028";"A01";"1";"13";"0";"1";"3";"1";"1";
"202000023979";"154 700 027";"A01";"1";"7";"0";"1";"1";"1";"1";
"202000023980";"154 700 026";"A01";"1";"7";"0";"1";"1";"1";"1";
"202000023981";"154 700 024";"A01";"2";"7";"0";"2";"3";"13";"1";
"202000023981";"154 700 025";"B01";"2";"7";"0";"2";"3";"1";"1";
"202000023982";"154 700 023";"A01";"0";"10";"0";"1";"4";"4";"1";
"202000023983";"154 700 022";"Z01";"1";"3";"0";"1";"1";"1";"0";
"202000023984";"154 700 019";"C01";"1";"7";"0";"2";"4";"23";"1";
"202000023984";"154 700 020";"B01";"1";"7";"0";"2";"4";"1";"1";
"202000023984";"154 700 021";"A01";"1";"7";"0";"2";"1";"1";"1";
"202000023985";"154 700 016";"A01";"1";"7";"0";"2";"1";"2";"1";
"202000023985";"154 700 017";"B01";"1";"7";"0";"2";"4";"2";"1";
"202000023985";"154 700 018";"C01";"1";"15";"0";"2";"4";"2";"0";
"202000023986";"154 700 015";"A01";"1";"7";"0";"1";"1";"1";"1";
"202000023987";"154 700 014";"A01";"3";"7";"0";"1";"2";"1";"0";
"202000023988";"154 700 012";"B01";"1";"7";"0";"2";"1";"1";"1";
"202000023988";"154 700 013";"A01";"3";"7";"0";"2";"3";"9";"1";
"202000023989";"154 700 010";"A01";"2";"7";"0";"2";"1";"13";"1";
"202000023989";"154 700 011";"B01";"1";"7";"0";"2";"1";"1";"1";
"202000023990";"154 700 008";"B01";"1";"7";"0";"2";"5";"1";"1";
"202000023990";"154 700 009";"A01";"1";"32";"0";"2";"3";"12";"1";
"202000023991";"154 700 006";"B01";"1";"7";"0";"2";"4";"2";"1";
"202000023991";"154 700 007";"A01";"1";"33";"0";"2";"1";"2";"1";
"202000023992";"154 700 004";"A01";"2";"33";"0";"2";"1";"3";"1";
"202000023992";"154 700 005";"B01";"2";"7";"0";"2";"5";"12";"1";
"202000023993";"154 700 001";"B01";"1";"10";"0";"2";"3";"22";"1";
"202000023993";"154 700 002";"C01";"2";"37";"0";"2";"7";"23";"1";"1"
"202000023993";"154 700 003";"A01";"1";"33";"0";"2";"7";"18";"1";
"202000023994";"154 699 999";"A01";"1";"7";"0";"2";"7";"12";"1";
"202000023994";"154 700 000";"B01";"1";"1";"0";"2";"1";"1";"5";
"202000023995";"154 699 997";"A01";"2";"7";"0";"2";"1";"1";"1";
"202000023995";"154 699 998";"B01";"2";"50";"0";"2";"7";"1";"3";
"202000023996";"154 699 996";"A01";"1";"1";"0";"1";"1";"25";"5";
"202000023997";"154 699 995";"A01";"1";"7";"0";"1";"8";"1";"1";
"202000023998";"154 699 993";"Z01";"2";"1";"0";"2";"3";"15";"5";
"202000023998";"154 699 994";"B01";"2";"43";"0";"2";"2";"17";"1";
"202000023999";"154 699 991";"B01";"2";"1";"0";"2";"1";"1";"5";
"202000023999";"154 699 992";"A01";"2";"7";"0";"2";"2";"14";"2";
"202000024000";"154 699 989";"B01";"3";"14";"0";"2";"2";"1";"1";
"202000024000";"154 699 990";"A01";"3";"1";"0";"2";"7";"19";"5";
"202000024001";"154 699 988";"A01";"1";"1";"0";"0";"0";"1";"5";
"202000024002";"154 699 987";"A01";"2";"80";"0";"0";"0";"1";"3";
"202000024003";"154 699 985";"A01";"1";"32";"0";"2";"8";"16";"1";
"202000024003";"154 699 986";"B01";"1";"37";"0";"2";"2";"7";"1";"1"
"202000024004";"154 699 984";"A01";"2";"80";"1";"0";"2";"14";"3";
"202000024005";"154 699 982";"A01";"1";"33";"0";"2";"7";"17";"1";
"202000024005";"154 699 983";"B01";"1";"7";"0";"2";"0";"0";"1";
"202000024006";"154 699 981";"A01";"3";"0";"0";"1";"2";"0";"0";
"202000024007";"154 699 979";"B01";"2";"7";"0";"2";"8";"15";"1";
"202000024007";"154 699 980";"A01";"2";"32";"0";"2";"1";"3";"1";
"202000024008";"154 699 977";"B01";"1";"2";"0";"2";"1";"1";"1";
"202000024008";"154 699 978";"A01";"1";"10";"0";"2";"3";"16";"1";
"202000024009";"154 699 976";"A01";"1";"37";"1";"0";"7";"1";"0";"2"
"202000024010";"154 699 974";"A01";"2";"7";"0";"2";"2";"15";"1";
"202000024010";"154 699 975";"B01";"1";"1";"0";"2";"1";"1";"5";
"202000024011";"154 699 972";"A01";"1";"7";"0";"2";"2";"15";"1";
"202000024011";"154 699 973";"B01";"2";"30";"0";"2";"3";"1";"1";
"202000024012";"154 699 970";"B01";"1";"7";"0";"2";"1";"2";"1";
"202000024012";"154 699 971";"A01";"2";"7";"0";"2";"7";"15";"1";
"202000024013";"154 699 969";"A01";"2";"7";"0";"1";"4";"20";"1";
"202000024014";"154 699 967";"B01";"1";"7";"0";"2";"8";"2";"1";
"202000024014";"154 699 968";"A01";"1";"7";"0";"2";"1";"26";"1";
"202000024015";"154 699 965";"A01";"2";"7";"0";"2";"7";"15";"1";
"202000024015";"154 699 966";"B01";"1";"33";"0";"2";"1";"1";"1";
"202000024016";"154 699 963";"A01";" -1";"7";"0";"2";"7";"15";"1";
"202000024016";"154 699 964";"B01";" -1";"7";"0";"2";"1";"1";"1";
"202000024017";"154 699 961";"B01";"1";"7";"0";"2";"0";"0";"0";
"202000024017";"154 699 962";"A01";"2";"1";"0";"2";"0";"0";"0";
"202000024018";"154 699 959";"B01";"2";"30";"0";"2";"8";"19";"1";
"202000024018";"154 699 960";"A01";"1";"7";"0";"2";"2";"19";"1";
"202000024019";"154 699 957";"B01";"2";"34";"0";"2";"6";"23";"1";
"202000024019";"154 699 958";"A01";"2";"15";"0";"2";"7";"15";"1";
"202000024020";"154 699 955";"B01";"2";"32";"0";"2";"1";"2";"1";
"202000024020";"154 699 956";"A01";"2";"10";"0";"2";"4";"2";"1";
"202000024021";"154 699 954";"A01";"1";"7";"15";"5";"2";"15";"1";
"202000024022";"154 699 952";"A01";"1";"7";"1";"2";"3";"20";"1";
"202000024022";"154 699 953";"B01";"1";"30";"1";"2";"1";"1";"1";
"202000024023";"154 699 951";"A01";"1";"7";"0";"1";"1";"1";"1";
"202000024024";"154 699 949";"A01";"1";"7";"6";"2";"3";"19";"1";
"202000024024";"154 699 950";"B01";"1";"7";"6";"2";"1";"1";"1";
"202000024025";"154 699 947";"A01";"0";"7";"3";"0";"9";"26";"1";
"202000024025";"154 699 948";"B01";"0";"99";"0";"2";"0";"0";"0";
"202000024026";"154 699 945";"A01";"1";"7";"0";"0";"4";"15";"1";
"202000024026";"154 699 946";"B01";"2";"2";"0";"2";"8";"1";"1";
"202000024027";"154 699 943";"B01";"3";"7";"0";"2";"8";"1";"1";
"202000024027";"154 699 944";"A01";"3";"7";"0";"2";"8";"13";"1";
"202000024028";"154 699 942";"A01";"1";"7";"0";"1";"7";"1";"1";
"202000024029";"154 699 939";"A01";"2";"7";"0";"0";"0";"9";"0";
"202000024029";"154 699 940";"B01";"2";"7";"0";"2";"1";"21";"0";
"202000024029";"154 699 941";"C01";"1";"7";"0";"2";"7";"1";"0";
"202000024030";"154 699 937";"B01";"0";"7";"0";"2";"1";"1";"1";
"202000024030";"154 699 938";"A01";"0";"30";"0";"2";"1";"1";"1";
"202000024031";"154 699 934";"A01";"2";"10";"1";"0";"1";"23";"1";
"202000024031";"154 699 935";"B01";"2";"10";"0";"1";"4";"23";"1";
"202000024031";"154 699 936";"C01";"2";"7";"0";"1";"2";"23";"1";
"202000024032";"154 699 933";"A01";"1";"7";"0";"1";"3";"15";"1";
"202000024033";"154 699 931";"A01";"2";"7";"3";"0";"0";"0";"1";
"202000024033";"154 699 932";"B01";"2";"7";"4";"0";"3";"0";"1";
"202000024034";"154 699 929";"B01";"1";"10";"0";"2";"7";"11";"1";
"202000024034";"154 699 930";"A01";"1";"32";"0";"2";"3";"13";"1";
"202000024035";"154 699 926";"C01";"2";"13";"0";"2";"1";"1";"1";
"202000024035";"154 699 927";"A01";"2";"7";"0";"0";"4";"1";"1";
"202000024035";"154 699 928";"B01";"2";"7";"0";"2";"4";"1";"1";
"202000024036";"154 699 924";"B01";"2";"7";"0";"2";"1";"1";"0";
"202000024036";"154 699 925";"A01";"1";"7";"0";"2";"1";"1";"1";
"202000024037";"154 699 923";"A01";"3";"7";"0";"1";"3";"20";"1";
"202000024038";"154 699 921";"B01";"2";"7";"0";"0";"4";"2";"1";
"202000024038";"154 699 922";"A01";"2";"33";"0";"2";"1";"2";"1";
"202000024039";"154 699 919";"A01";"1";"7";"0";"2";"2";"13";"1";
"202000024039";"154 699 920";"B01";"2";"2";"0";"2";"1";"1";"1";
"202000024040";"154 699 918";"A01";"1";"7";"0";"0";"9";"1";"1";
"202000024041";"154 699 916";"B01";"3";"1";"0";"2";"2";"1";"5";
"202000024041";"154 699 917";"A01";"1";"7";"0";"2";"1";"9";"1";
"202000024042";"154 699 915";"A01";"3";"32";"12";"0";"1";"2";"1";
"202000024043";"154 699 914";"A01";"1";"7";"0";"1";"2";"1";"1";
"202000024044";"154 699 912";"A01";"2";"7";"0";"2";"1";"11";"1";
"202000024044";"154 699 913";"B01";"1";"33";"0";"2";"7";"1";"1";
"202000024045";"154 699 910";"A01";"2";"7";"0";"2";"5";"15";"1";
"202000024045";"154 699 911";"B01";"1";"33";"0";"2";"1";"1";"1";
"202000024046";"154 699 909";"A01";"2";"33";"13";"0";"1";"1";"4";