"Num_Acc";"id_vehicule";"num_veh";"senc";"catv";"obs";"obsm";"choc";"manv";"motor";"occutc"
"202000024488";"154 699 166";"B01";"2";"43";"0";"2";"5";"1";"1";
"202000024489";"154 699 163";"A01";"2";"7";"0";"9";"1";"1";"1";
"202000024489";"154 699 164";"B01";"2";"1";"0";"2";"8";"1";"5";
"202000024490";"154 699 162";"A01";"1";"30";"0";"1";"1";"18";"1";
"202000024491";"154 699 160";"A01";"1";"7";"0";"2";"7";"15";"1";
"202000024491";"154 699 161";"B01";"2";"7";"0";"2";"1";"1";"1";
"202000024492";"154 699 158";"B01";"2";"34";"0";"2";"2";"2";"0";
"202000024492";"154 699 159";"A01";"1";"7";"0";"2";"3";"9";"0";
"202000024493";"154 699 157";"A01";"2";"7";"0";"0";"1";"2";"1";
"202000024494";"154 699 156";"B01";"2";"33";"13";"0";"1";"17";"1";
"202000024495";"154 699 154";"B01";"1";"7";"0";"9";"2";"13";"1";
"202000024495";"154 699 155";"A01";"1";"1";"0";"2";"8";"19";"5";
"202000024496";"154 699 152";"A01";"2";"7";"2";"0";"2";"26";"1";
"202000024497";"154 699 150";"B01";"2";"7";"0";"2";"3";"1";"1";
"202000024497";"154 699 151";"A01";"1";"7";"0";"2";"8";"1";"1";
"202000024498";"154 699 149";"A01";"2";"7";"6";"1";"2";"16";"1";
"202000024499";"154 699 148";"A01";"2";"7";"15";"0";"0";"21";"0";
"202000024500";"154 699 147";"A01";"1";"7";"2";"0";"7";"1";"1";
"202000024501";"154 699 146";"A01";"1";"31";"0";"0";"1";"1";"1";
"202000024502";"154 699 145";"A01";"1";"10";"0";"1";"2";"0";"1";
"202000024503";"154 699 144";"A01";"1";"7";"4";"0";"2";"13";"1";
"202000024504";"154 699 142";"A01";"2";"7";"0";"2";"3";"1";"0";
"202000024504";"154 699 143";"B01";"2";"50";"0";"2";"2";"0";"3";
"202000024505";"154 699 141";"A01";"1";"7";"0";"1";"1";"2";"0";
"202000024506";"154 699 139";"A01";"2";"7";"0";"2";"2";"17";"1";
"202000024506";"154 699 140";"B01";"2";"7";"0";"2";"3";"15";"1";
"202000024507";"154 699 137";"B01";"1";"33";"0";"2";"1";"1";"1";
"202000024507";"154 699 138";"A01";"2";"7";"0";"0";"7";"15";"1";
"202000024508";"154 699 135";"A01";"1";"7";"0";"2";"8";"9";"1";
"202000024508";"154 699 136";"B01";"3";"1";"0";"2";"1";"1";"5";
"202000024509";"154 699 134";"A01";"2";"7";"2";"0";"1";"13";"1";
"202000024510";"154 699 130";"B01";"2";"2";"0";"0";"1";"1";"1";
"202000024510";"154 699 131";"A01";"3";"7";"0";"0";"3";"19";"1";
"202000024511";"154 699 128";"B01";"2";"7";"0";"2";"8";"13";"1";
"202000024511";"154 699 129";"A01";"1";"7";"0";"2";"8";"1";"1";
"202000024512";"154 699 126";"B01";"1";"7";"0";"2";"2";"17";"1";
"202000024512";"154 699 127";"A01";"1";"1";"0";"2";"8";"15";"5";
"202000024513";"154 699 124";"B01";"0";"10";"0";"2";"7";"19";"1";
"202000024513";"154 699 125";"A01";"2";"33";"0";"2";"1";"1";"1";
"202000024514";"154 699 122";"A01";"1";"2";"0";"2";"1";"1";"1";
"202000024514";"154 699 123";"B01";"2";"7";"0";"2";"3";"1";"1";
"202000024515";"154 699 119";"A01";"2";"2";"0";"0";"7";"1";"1";
"202000024516";"154 699 117";"A01";"1";"33";"7";"0";"9";"1";"1";
"202000024517";"154 699 115";"B01";"1";"7";"0";"2";"2";"2";"1";
"202000024517";"154 699 116";"A01";"1";"7";"13";"0";"6";"2";"1";
"202000024518";"154 699 114";"A01";"1";"33";"13";"0";"8";"0";"1";
"202000024519";"154 699 113";"A01";"1";"7";"0";"1";"3";"1";"1";
"202000024520";"154 699 112";"A01";"2";"2";"4";"0";"1";"12";"1";
"202000024521";"154 699 109";"C01";"3";"7";"0";"2";"1";"1";"1";
"202000024521";"154 699 110";"B01";"3";"2";"0";"2";"9";"13";"1";
"202000024521";"154 699 111";"A01";"3";"2";"0";"2";"9";"13";"1";
"202000024522";"154 699 107";"B01";"2";"33";"0";"2";"7";"1";"1";
"202000024522";"154 699 108";"A01";"2";"7";"0";"2";"1";"2";"1";
"202000024523";"154 699 105";"A01";"2";"7";"0";"2";"3";"13";"1";
"202000024523";"154 699 106";"B01";"1";"7";"0";"2";"3";"1";"1";
"202000024524";"154 699 103";"A01";"3";"7";"0";"1";"3";"1";"1";
"202000024525";"154 699 101";"A01";"1";"33";"0";"2";"1";"1";"1";
"202000024525";"154 699 102";"B01";"1";"10";"0";"2";"4";"1";"1";
"202000024526";"154 699 100";"A01";"2";"7";"8";"0";"2";"1";"1";
"202000024527";"154 699 098";"B01";"2";"2";"0";"2";"3";"1";"1";
"202000024527";"154 699 099";"A01";"3";"7";"0";"2";"5";"9";"1";
"202000024528";"154 699 097";"A01";"1";"7";"2";"0";"7";"1";"1";
"202000024529";"154 699 096";"A01";"2";"33";"0";"0";"0";"21";"1";
"202000024530";"154 699 094";"B01";"1";"7";"0";"2";"1";"1";"0";
"202000024530";"154 699 095";"A01";"2";"2";"0";"2";"8";"15";"1";
"202000024531";"154 699 093";"A01";"1";"33";"13";"0";"1";"1";"1";
"202000024532";"154 699 091";"A01";"2";"31";"0";"2";"1";"1";"1";
"202000024532";"154 699 092";"B01";"1";"7";"0";"2";"5";"15";"1";
"202000024533";"154 699 089";"B01";"2";"17";"0";"2";"4";"1";"1";
"202000024533";"154 699 090";"A01";"2";"7";"0";"2";"2";"1";"1";
"202000024534";"154 699 088";"A01";"2";"7";"16";"0";"9";"1";"1";
"202000024535";"154 699 087";"A01";"2";"7";"2";"0";"1";"2";"1";
"202000024536";"154 699 085";"A01";"2";"7";"0";"2";"8";"11";"1";
"202000024536";"154 699 086";"B01";"2";"33";"4";"2";"8";"2";"1";
"202000024537";"154 699 083";"A01";"1";"7";"0";"2";"1";"2";"1";
"202000024537";"154 699 084";"B01";"1";"7";"0";"2";"4";"1";"1";
"202000024538";"154 699 080";"B01";"1";"10";"0";"2";"3";"1";"1";
"202000024538";"154 699 081";"A01";"2";"10";"0";"2";"3";"13";"1";
"202000024538";"154 699 082";"C01";"2";"10";"0";"2";"3";"1";"1";
"202000024539";"154 699 079";"A01";"3";"7";"0";"1";"1";"1";"1";
"202000024540";"154 699 077";"B01";"1";"33";"0";"2";"7";"11";"1";
"202000024540";"154 699 078";"A01";"1";"7";"0";"2";"8";"17";"1";
"202000024541";"154 699 075";"B01";"1";"34";"10";"2";"2";"17";"1";
"202000024541";"154 699 076";"A01";"1";"7";"0";"2";"3";"15";"1";
"202000024542";"154 699 073";"A01";"3";"10";"8";"0";"8";"14";"1";
"202000024542";"154 699 074";"B01";"0";"7";"0";"2";"0";"0";"0";
"202000024543";"154 699 071";"A01";"0";"7";"0";"2";"3";"10";"0";
"202000024543";"154 699 072";"B01";"0";"33";"0";"2";"2";"17";"0";
"202000024544";"154 699 069";"A01";"0";"7";"0";"2";"8";"9";"0";
"202000024544";"154 699 070";"B01";"0";"7";"0";"2";"1";"1";"0";
"202000024545";"154 699 068";"A01";"1";"33";"5";"0";"7";"1";"1";
"202000024546";"154 699 067";"A01";"2";"13";"3";"0";"2";"1";"1";
"202000024547";"154 699 065";"B01";"2";"1";"0";"2";"1";"1";"5";
"202000024547";"154 699 066";"A01";"2";"7";"0";"9";"2";"1";"1";
"202000024548";"154 699 064";"A01";"1";"7";"2";"0";"1";"1";"1";
"202000024549";"154 699 063";"A01";"2";"33";"8";"0";"2";"1";"0";
"202000024550";"154 699 061";"B01";"2";"7";"0";"2";"1";"1";"3";
"202000024550";"154 699 062";"A01";"1";"7";"0";"2";"1";"17";"1";
"202000024551";"154 699 059";"B01";"3";"7";"0";"2";"3";"1";"1";
"202000024551";"154 699 060";"A01";"3";"7";"0";"2";"8";"15";"1";
"202000024552";"154 699 058";"A01";"2";"7";"0";"0";"2";"1";"1";
"202000024553";"154 699 055";"C01";"2";"10";"0";"0";"0";"15";"1";
"202000024553";"154 699 056";"A01";"1";"33";"0";"2";"1";"21";"1";
"202000024553";"154 699 057";"B01";"2";"7";"0";"2";"3";"1";"1";
"202000024554";"154 699 054";"A01";"2";"7";"0";"1";"3";"1";"1";
"202000024555";"154 699 053";"A01";"1";"7";"13";"0";"1";"1";"1";
"202000024556";"154 699 052";"A01";"0";"7";"0";"1";"1";"1";"1";
"202000024557";"154 699 051";"A01";"2";"7";"13";"0";"9";"1";"1";
"202000024558";"154 699 049";"A01";"0";"7";"0";"0";"1";"1";"1";
"202000024558";"154 699 050";"B01";"0";"7";"0";"0";"1";"1";"1";
"202000024559";"154 699 046";"C01";"1";"7";"0";"2";"4";"2";"1";
"202000024559";"154 699 047";"A01";"1";"7";"0";"2";"1";"2";"1";
"202000024559";"154 699 048";"B01";"1";"7";"0";"2";"4";"2";"1";
"202000024560";"154 699 042";"A01";"2";"17";"0";"2";"1";"2";"1";
"202000024560";"154 699 043";"B01";"2";"10";"0";"2";"4";"2";"1";
"202000024560";"154 699 044";"C01";"2";"7";"0";"2";"4";"2";"1";
"202000024561";"154 699 040";"A01";"1";"33";"0";"2";"1";"3";"1";
"202000024561";"154 699 041";"B01";"1";"7";"0";"2";"5";"1";"1";
"202000024562";"154 699 038";"B01";"2";"7";"0";"2";"4";"1";"1";
"202000024562";"154 699 039";"A01";"2";"7";"0";"2";"1";"2";"1";
"202000024563";"154 699 036";"A01";"2";"7";"0";"2";"1";"1";"1";
"202000024563";"154 699 037";"B01";"2";"7";"0";"2";"4";"1";"1";
"202000024564";"154 699 034";"B01";"2";"7";"0";"2";"7";"1";"1";
"202000024564";"154 699 035";"A01";"2";"7";"0";"2";"3";"11";"1";
"202000024565";"154 699 033";"A01";"2";"20";"0";"1";"4";"4";"1";
"202000024566";"154 699 031";"A01";"2";"7";"0";"2";"1";"1";"1";
"202000024566";"154 699 032";"B01";"2";"7";"0";"2";"4";"1";"1";
"202000024567";"154 699 028";"C01";"2";"7";"0";"2";"4";"2";"1";
"202000024567";"154 699 029";"Z01";"2";"7";"0";"2";"2";"12";"1";
"202000024567";"154 699 030";"B01";"2";"33";"0";"2";"4";"1";"1";
"202000024568";"154 699 026";"B01";"1";"7";"4";"2";"4";"0";"1";
"202000024568";"154 699 027";"A01";"1";"15";"0";"2";"1";"0";"1";
"202000024569";"154 699 024";"B01";"1";"33";"0";"2";"7";"3";"1";
"202000024569";"154 699 025";"A01";"1";"10";"0";"2";"8";"11";"1";
"202000024570";"154 699 022";"B01";"2";"33";"0";"2";"2";"3";"1";
"202000024570";"154 699 023";"A01";"2";"7";"0";"2";"3";"11";"1";
"202000024571";"154 699 019";"A01";"2";"34";"0";"2";"0";"12";"1";
"202000024571";"154 699 020";"C01";"2";"10";"0";"2";"3";"2";"1";
"202000024571";"154 699 021";"B01";"2";"7";"0";"2";"0";"2";"1";
"202000024572";"154 699 017";"B01";"1";"7";"0";"2";"4";"2";"1";
"202000024572";"154 699 018";"A01";"1";"7";"0";"2";"1";"1";"1";
"202000024573";"154 699 016";"A01";"2";"33";"0";"0";"9";"1";"1";
"202000024574";"154 699 012";"D01";"2";"33";"0";"2";"3";"1";"1";
"202000024574";"154 699 013";"C01";"2";"7";"0";"2";"5";"2";"1";
"202000024574";"154 699 014";"B01";"2";"43";"0";"2";"4";"2";"0";
"202000024574";"154 699 015";"A01";"2";"33";"0";"2";"1";"2";"1";
"202000024575";"154 699 007";"E01";"1";"7";"0";"2";"1";"2";"6";
"202000024575";"154 699 008";"A01";"1";"15";"0";"2";"1";"2";"0";
"202000024575";"154 699 009";"B01";"1";"7";"0";"2";"4";"2";"1";
"202000024575";"154 699 010";"C01";"1";"33";"0";"2";"1";"2";"1";
"202000024575";"154 699 011";"D01";"1";"33";"0";"2";"0";"2";"1";
"202000024576";"154 699 005";"B01";"1";"7";"0";"2";"5";"1";"1";
"202000024576";"154 699 006";"A01";"1";"33";"0";"2";"1";"3";"1";
"202000024577";"154 699 003";"A01";"2";"7";"0";"2";"5";"2";"1";
"202000024577";"154 699 004";"B01";"2";"15";"0";"2";"2";"2";"1";
"202000024578";"154 699 001";"B01";"2";"10";"0";"2";"6";"2";"1";
"202000024578";"154 699 002";"A01";"2";"33";"0";"2";"1";"2";"1";
"202000024579";"154 698 998";"B01";"1";"7";"0";"2";"4";"2";"1";
"202000024579";"154 698 999";"C01";"1";"7";"0";"2";"4";"2";"1";
"202000024579";"154 699 000";"A01";"1";"7";"0";"2";"1";"2";"1";
"202000024580";"154 698 996";"A01";"3";"7";"0";"1";"1";"1";"1";
"202000024581";"154 698 995";"A01";"2";"7";"0";"1";"3";"15";"0";
"202000024582";"154 698 993";"B01";"2";"7";"0";"2";"1";"1";"1";
"202000024582";"154 698 994";"A01";"2";"7";"0";"2";"5";"4";"1";
"202000024583";"154 698 991";"A01";"1";"7";"0";"2";"1";"2";"1";
"202000024583";"154 698 992";"B01";"2";"7";"0";"2";"4";"23";"1";
"202000024584";"154 698 988";"C01";"2";"1";"0";"2";"7";"19";"0";
"202000024584";"154 698 989";"B01";"1";"7";"0";"2";"1";"16";"1";
"202000024584";"154 698 990";"A01";"1";"7";"0";"2";"1";"16";"2";
"202000024585";"154 698 987";"A01";"1";"33";" -1";" -1";" -1";" -1";" -1";
"202000024586";"154 698 985";"B01";"1";"33";"0";"2";"1";"1";"1";
"202000024586";"154 698 986";"A01";"2";"7";"0";"2";"2";"1";"1";
"202000024587";"154 698 984";"A01";"1";"31";"3";"0";"0";"0";"0";
"202000024588";"154 698 983";"A01";"1";"1";"0";"1";"1";"1";"5";
"202000024589";"154 698 982";"A01";"2";"7";"0";"1";"3";"23";"1";
"202000024590";"154 698 980";"A01";"2";"7";"0";"2";"3";"13";"1";
"202000024590";"154 698 981";"B01";"1";"7";"0";"2";"0";"0";"0";
"202000024591";"154 698 978";"B01";"1";"7";"0";"2";"1";"19";"0";
"202000024591";"154 698 979";"A01";"1";"31";"0";"2";"8";"1";"1";
"202000024592";"154 698 976";"A01";"3";"7";"0";"1";"1";"1";"1";
"202000024593";"154 698 975";"A01";"0";"7";"0";"1";"2";"1";"1";
"202000024594";"154 698 974";"A01";"1";"2";"6";"0";"1";"1";"1";
"202000024595";"154 698 973";"A01";"3";"1";"14";"0";"1";"21";"5";
"202000024596";"154 698 971";"A01";"1";"7";"0";"2";"2";"13";"1";
"202000024596";"154 698 972";"B01";"1";"33";"0";"2";"4";"1";"1";
"202000024597";"154 698 970";"A01";"1";"7";"0";"1";"1";"1";"1";
"202000024598";"154 698 969";"A01";"2";"33";"0";"0";"1";"26";"1";
"202000024599";"154 698 967";"B01";"0";"1";"0";"2";"0";"1";"5";
"202000024599";"154 698 968";"A01";"0";"7";"0";"2";"3";"22";"1";
"202000024600";"154 698 965";"A01";"0";"2";"0";"2";"1";"1";"1";
"202000024600";"154 698 966";"B01";"0";"30";"0";"2";"4";"1";"1";
"202000024601";"154 698 962";"A01";"3";"33";"0";"2";"1";"1";"1";
"202000024601";"154 698 963";"B01";"3";"7";"0";"2";"2";"9";"1";
"202000024601";"154 698 964";"C01";"3";"10";"0";"2";"1";"23";"1";
"202000024602";"154 698 959";"A01";"2";"7";"11";"0";"1";"1";"1";
"202000024603";"154 698 958";"A01";"3";"7";"0";"1";"1";"1";"1";
"202000024604";"154 698 956";"A01";"2";"7";"0";"1";"3";"7";"0";
"202000024605";"154 698 954";"A01";"2";"7";"0";"2";"2";"19";"1";
"202000024605";"154 698 955";"B01";"1";"7";"0";"2";"1";"8";"1";
"202000024606";"154 698 952";"B01";"1";"31";"0";"2";"1";"1";"1";
"202000024606";"154 698 953";"A01";"3";"7";"0";"2";"3";"15";"1";
"202000024607";"154 698 951";"A01";"2";"7";"0";"1";"3";"15";"0";
"202000024608";"154 698 949";"B01";"2";"50";"0";"2";"7";"1";"3";
"202000024608";"154 698 950";"A01";"1";"7";"0";"2";"5";"4";"1";
"202000024609";"154 698 948";"A01";"2";"7";"6";"0";"1";"26";"1";
"202000024610";"154 698 947";"A01";"3";"30";"14";"0";"2";"14";"1";
"202000024611";"154 698 945";"B01";"2";"33";"0";"2";"1";"1";"1";
"202000024611";"154 698 946";"A01";"2";"7";"0";"2";"3";"19";"1";
"202000024612";"154 698 944";"A01";"3";"7";"0";"1";"4";"4";"1";
"202000024613";"154 698 943";"A01";"1";"37";"0";"1";"7";"1";"1";"1"
"202000024614";"154 698 941";"B01";"2";"2";"0";"2";"2";"17";"1";
"202000024614";"154 698 942";"A01";"2";"7";"0";"2";"3";"15";"1";
"202000024615";"154 698 939";"A01";"3";"30";"0";"2";"2";"15";"0";
"202000024615";"154 698 940";"B01";"3";"7";"0";"0";"3";"1";"0";
"202000024616";"154 698 937";"B01";"2";"1";"0";"2";"7";"5";"0";
"202000024616";"154 698 938";"A01";"2";"7";"0";"2";"3";"2";"0";
"202000024617";"154 698 935";"B01";"1";"7";"0";"2";"5";"15";"1";
"202000024617";"154 698 936";"A01";"1";"7";"0";"2";"7";"1";"1";
"202000024618";"154 698 933";"B01";"2";"7";"0";"2";"5";"2";"1";
"202000024618";"154 698 934";"A01";"2";"34";"0";"2";"8";"21";"1";
"202000024619";"154 698 931";"B01";"2";"7";"0";"2";"3";"1";"1";
"202000024619";"154 698 932";"A01";"2";"7";"0";"2";"1";"15";"1";
"202000024620";"154 698 929";"B01";"1";"7";"0";"2";"4";"23";"1";
"202000024620";"154 698 930";"A01";"1";"7";"0";"2";"1";"26";"1";
"202000024621";"154 698 928";"A01";"3";"7";"0";"1";"3";"15";"1";
"202000024622";"154 698 927";"Z01";"0";"10";"0";"1";"2";"11";"0";
"202000024623";"154 698 926";"A01";"1";"32";"0";"1";"3";"1";"1";
"202000024624";"154 698 924";"B01";"1";"10";"0";"2";"5";"1";"1";
"202000024624";"154 698 925";"A01";"3";"30";"0";"2";"2";"26";"1";
"202000024625";"154 698 922";"A01";"3";"10";"0";"2";"8";"1";"1";
"202000024625";"154 698 923";"B01";" -1";"10";"0";"2";"1";"1";"1";
"202000024626";"154 698 921";"A01";"1";"10";"0";"1";"4";"20";"1";
"202000024627";"154 698 919";"A01";"0";"7";"0";"2";"1";"19";"0";
"202000024627";"154 698 920";"B01";"2";"7";"0";"2";"0";"0";"0";
"202000024628";"154 698 917";"B01";"0";"7";"0";"2";"5";"0";"0";
"202000024628";"154 698 918";"A01";"0";"7";"0";"2";"1";"0";"0";
"202000024629";"154 698 915";"B01";"1";"33";"0";"2";"3";"1";"1";
"202000024629";"154 698 916";"A01";"1";"7";"0";"2";"2";"15";"1";
"202000024630";"154 698 913";"B01";"2";"2";"1";"0";"2";"17";"1";
"202000024630";"154 698 914";"A01";"2";"7";"0";"2";"3";"22";"1";
"202000024631";"154 698 912";"A01";"0";"30";"0";"1";"3";"9";"0";
"202000024632";"154 698 910";"A01";"2";"30";"0";"1";"3";"2";"1";
"202000024632";"154 698 911";"B01";"1";"37";"0";"2";"3";"2";"1";"1"
"202000024633";"154 698 908";"A01";"1";"7";"0";"2";"1";"1";"0";
"202000024633";"154 698 909";"B01";"1";"7";"0";"2";"3";"15";"0";
"202000024634";"154 698 907";"A01";"3";"7";"0";"1";"2";"2";"1";
"202000024635";"154 698 905";"B01";"1";"50";"0";"2";"0";"0";"3";
"202000024635";"154 698 906";"A01";"1";"7";"0";"9";"2";"9";"1";
"202000024636";"154 698 903";"B01";"2";"32";"0";"2";"3";"2";"0";
"202000024636";"154 698 904";"A01";"2";"7";"0";"2";"3";"15";"0";
"202000024637";"154 698 901";"A01";"1";"7";"0";"0";"0";"15";"1";
"202000024637";"154 698 902";"B01";"2";"32";"0";"0";"0";"1";"1";
"202000024638";"154 698 899";"A01";"1";"7";"0";"2";"7";"22";"1";
"202000024638";"154 698 900";"B01";"1";"2";"1";"0";"1";"18";"1";
"202000024639";"154 698 897";"A01";"2";"21";"0";"2";"7";"17";"1";
"202000024639";"154 698 898";"B01";"2";"1";"15";"2";"8";"2";"5";
"202000024640";"154 698 895";"B01";"0";"32";"0";"2";"7";"1";"0";
"202000024640";"154 698 896";"A01";"0";"7";"0";"2";"2";"9";"0";
"202000024641";"154 698 893";"B01";"3";"7";"0";"2";"8";"1";"6";
"202000024641";"154 698 894";"A01";"2";"7";"0";"2";"8";"1";"6";
"202000024642";"154 698 891";"B01";"1";"17";"0";"2";"1";"2";"1";
"202000024642";"154 698 892";"A01";"1";"7";"0";"0";"6";"23";"1";
"202000024643";"154 698 889";"B01";"2";"7";"0";"2";"1";"15";"1";
"202000024643";"154 698 890";"A01";"1";"34";"0";"2";"1";"1";"1";
"202000024644";"154 698 888";"A01";"1";"7";"0";"1";"1";"15";"1";
"202000024645";"154 698 886";"B01";"3";"2";"0";"2";"1";"1";"1";
"202000024645";"154 698 887";"A01";"3";"7";"0";"2";"3";"19";"1";
"202000024646";"154 698 885";"A01";"1";"7";"2";"0";"9";"0";"0";
"202000024647";"154 698 884";"A01";"2";"7";"2";"0";"8";"1";"1";
"202000024648";"154 698 882";"B01";"1";"2";"0";"2";"1";"1";"1";
"202000024648";"154 698 883";"A01";"1";"7";"0";"2";"6";"15";"1";
"202000024649";"154 698 880";"B01";"1";"7";"0";"2";"3";"1";"1";
"202000024649";"154 698 881";"A01";"2";"7";"0";"2";"3";"13";"1";
"202000024650";"154 698 878";"A01";"0";"2";"0";"2";"1";"15";"1";
"202000024650";"154 698 879";"B01";"0";"3";"0";"2";"3";"1";"1";
"202000024651";"154 698 876";"A01";"1";"2";"0";"2";"1";"2";"6";
"202000024651";"154 698 877";"B01";"2";"7";"0";"2";"3";"15";"6";
"202000024652";"154 698 874";"B01";"1";"7";"0";"2";"3";"1";"1";
"202000024652";"154 698 875";"A01";"2";"7";"0";"2";"3";"1";"1";
"202000024653";"154 698 873";"A01";"2";"7";"0";"1";"6";"1";"1";
"202000024654";"154 698 872";"A01";"3";"7";"0";"1";"1";"9";"1";
"202000024655";"154 698 871";"A01";"1";"7";"3";"0";"1";"13";"1";
"202000024656";"154 698 869";"B01";"2";"7";"0";"0";"4";"1";"1";
"202000024656";"154 698 870";"A01";"2";"7";"4";"2";"1";"21";"1";
"202000024657";"154 698 868";"A01";"1";"7";"0";"0";"9";"12";"1";
"202000024658";"154 698 864";"A01";"1";"33";"0";"2";"7";"17";"1";
"202000024658";"154 698 865";"B01";"1";"7";"0";"2";"6";"1";"1";
"202000024658";"154 698 866";"C01";"2";"7";"0";"0";"8";"1";"1";
"202000024658";"154 698 867";"D01";"2";"7";"0";"0";"3";"1";"1";
"202000024659";"154 698 862";"B01";"1";"15";"0";"2";"3";"1";"1";
"202000024659";"154 698 863";"A01";"2";"7";"6";"2";"3";"13";"1";
"202000024660";"154 698 861";"A01";"1";"33";"0";"2";"0";"0";"1";
"202000024661";"154 698 859";"B01";"2";"7";"0";"2";"1";"1";"0";
"202000024661";"154 698 860";"A01";"1";"7";"0";"2";"1";"9";"0";
"202000024662";"154 698 853";"A01";"2";"33";"0";"2";"1";"3";"1";
"202000024662";"154 698 854";"C01";"1";"10";"0";"2";"1";"1";"1";
"202000024662";"154 698 855";"B01";"2";"7";"0";"2";"6";"1";"1";
"202000024663";"154 698 852";"A01";"2";"7";"17";"0";"1";"14";"1";
"202000024664";"154 698 850";"A01";"0";"7";"0";"2";"2";"1";"1";
"202000024664";"154 698 851";"B01";"0";"7";"0";"2";"3";"15";"1";
"202000024665";"154 698 848";"A01";"1";"7";"0";"2";"7";"12";"1";
"202000024665";"154 698 849";"B01";"1";"33";"0";"2";"8";"1";"1";
"202000024666";"154 698 847";"A01";"2";"7";"4";"0";"2";"14";"1";
"202000024667";"154 698 845";"A01";"1";"15";"0";"2";"1";"2";"1";
"202000024667";"154 698 846";"B01";"1";"15";"0";"2";"6";"0";"1";
"202000024668";"154 698 844";"A01";"3";"7";"5";"0";"1";"2";"1";
"202000024669";"154 698 842";"A01";"1";"7";"0";"2";"1";"2";"1";
"202000024669";"154 698 843";"B01";"1";"7";"0";"0";"0";"0";"1";
"202000024670";"154 698 841";"A01";"3";"7";"16";"0";"8";"13";"1";
"202000024671";"154 698 839";"A01";"2";"10";"0";"2";"7";"12";"1";
"202000024671";"154 698 840";"B01";"2";"10";"3";"2";"3";"1";"1";
"202000024672";"154 698 838";"A01";"2";"7";"4";"0";"3";"19";"1";
"202000024673";"154 698 834";"D01";"1";"7";"0";"2";"4";"2";"1";
"202000024673";"154 698 835";"C01";"1";"15";"0";"2";"1";"2";"1";
"202000024673";"154 698 836";"B01";"1";"7";"0";"2";"1";"2";"1";
"202000024673";"154 698 837";"A01";"1";"7";"0";"2";"1";"2";"1";
"202000024674";"154 698 831";"B01";"1";"7";"0";"2";"8";"3";"1";
"202000024674";"154 698 832";"A01";"1";"7";"0";"2";"6";"1";"2";
"202000024674";"154 698 833";"C01";"1";"7";"0";"2";"2";"12";"1";
"202000024675";"154 698 828";"A01";"2";"7";"0";"2";"1";"2";"1";
"202000024675";"154 698 829";"B01";"2";"7";"0";"2";"4";"2";"1";
"202000024675";"154 698 830";"C01";"2";"7";"0";"2";"4";"2";"1";
"202000024676";"154 698 827";"A01";"3";"33";"0";"0";"0";"1";"1";
"202000024677";"154 698 825";"A01";"3";"7";"0";"2";"3";"2";"1";
"202000024677";"154 698 826";"B01";"1";"2";"0";"2";"4";"1";"1";
"202000024678";"154 698 823";"A01";"0";"30";"0";"0";"0";"0";"0";
"202000024678";"154 698 824";"B01";"3";"7";"0";"2";"6";"15";"1";
"202000024679";"154 698 821";"B01";"1";"7";"0";"2";"5";"16";"1";
"202000024679";"154 698 822";"A01";"1";"31";"0";"2";"1";"26";"1";
"202000024680";"154 698 819";"B01";"2";"1";"0";"2";"1";"25";"5";
"202000024680";"154 698 820";"A01";"1";"7";"0";"2";"1";"15";"1";
"202000024681";"154 698 817";"B01";"3";"7";"0";"2";"5";"1";"1";
"202000024681";"154 698 818";"A01";"3";"30";"0";"2";"5";"3";"1";
"202000024682";"154 698 815";"A01";"2";"10";"1";"0";"1";"14";"1";
"202000024682";"154 698 816";"B01";"2";"7";"0";"2";"4";"24";"1";
"202000024683";"154 698 813";"B01";"1";"7";"0";"5";"6";"2";"1";
"202000024683";"154 698 814";"A01";"2";"33";"0";"2";"1";"2";"1";
"202000024684";"154 698 810";"C01";"2";"7";"0";"2";"1";"1";"1";
"202000024684";"154 698 811";"B01";"2";"3";"0";"2";"1";"1";"2";
"202000024684";"154 698 812";"A01";"2";"7";"0";"2";"4";"1";"1";
"202000024685";"154 698 808";"B01";"3";"7";"0";"2";"0";"1";"0";
"202000024685";"154 698 809";"A01";"3";"30";"0";"2";"0";"21";"0";
"202000024686";"154 698 806";"A01";"0";"10";"0";"2";"8";"19";"1";
"202000024686";"154 698 807";"B01";"1";"7";"0";"2";"1";"15";"1";
"202000024687";"154 698 804";"B01";"1";"7";"0";"2";"4";"15";"1";
"202000024687";"154 698 805";"A01";"1";"30";"0";"2";"1";"1";"1";
"202000024688";"154 698 802";"A01";"1";"7";"0";"2";"5";"17";"1";
"202000024688";"154 698 803";"B01";"1";"2";"0";"2";"1";"1";"0";
"202000024689";"154 698 798";"B01";"1";"1";"0";"2";"4";"13";"5";
"202000024689";"154 698 799";"A01";"1";"2";"0";"2";"1";"2";"1";
"202000024690";"154 698 797";"B01";"3";"1";"0";"1";"1";"0";"0";
"202000024691";"154 698 795";"B01";"2";"1";"1";"0";"1";"2";"5";
"202000024691";"154 698 796";"A01";"2";"7";"0";"2";"3";"23";"1";
"202000024692";"154 698 794";"A01";"2";"7";"0";"1";"1";"1";"0";
"202000024693";"154 698 792";"B01";"2";"7";"0";"0";"0";"0";"1";