"Num_Acc";"id_vehicule";"num_veh";"senc";"catv";"obs";"obsm";"choc";"manv";"motor";"occutc"
"202000024693";"154 698 793";"A01";"3";"7";"0";"0";"1";"0";"1";
"202000024694";"154 698 790";"B01";"3";"7";"0";"2";"1";"1";"0";
"202000024694";"154 698 791";"A01";"3";"7";"0";"2";"5";"19";"0";
"202000024695";"154 698 789";"A01";"2";"7";"0";"1";"2";"1";"0";
"202000024696";"154 698 787";"A01";"3";"7";"0";"2";"1";"0";"0";
"202000024696";"154 698 788";"B01";"3";"50";"0";"2";"0";"0";"3";
"202000024697";"154 698 785";"B01";"2";"33";"0";"2";"1";"21";"1";
"202000024697";"154 698 786";"A01";"1";"7";"0";"2";"5";"15";"1";
"202000024698";"154 698 784";"A01";"1";"33";"0";"2";"1";"1";"1";
"202000024699";"154 698 782";"A01";"1";"31";"0";"2";"1";"0";"1";
"202000024699";"154 698 783";"B01";"1";"7";"14";"0";"2";"15";"1";
"202000024700";"154 698 780";"A01";"1";"7";"0";"2";"1";"1";"1";
"202000024700";"154 698 781";"B01";"2";"7";"0";"2";"1";"13";"1";
"202000024701";"154 698 778";"B01";"1";"7";"0";"2";"3";"1";"1";
"202000024701";"154 698 779";"A01";"1";"7";"0";"2";"1";"13";"1";
"202000024702";"154 698 776";"B01";"1";"30";"0";"2";"1";"1";"1";
"202000024702";"154 698 777";"A01";"1";"7";"0";"2";"8";"10";"1";
"202000024703";"154 698 774";"A01";"1";"7";"0";"2";"2";"26";"1";
"202000024703";"154 698 775";"B01";"1";"7";"0";"2";"6";"26";"1";
"202000024704";"154 698 773";"A01";"0";"30";"0";"0";"3";"2";"1";
"202000024705";"154 698 771";"B01";"1";"7";"0";"2";"4";"1";"1";
"202000024705";"154 698 772";"A01";"1";"7";"0";"2";"1";"1";"1";
"202000024706";"154 698 770";"A01";"2";"1";"0";"2";"8";"17";"5";
"202000024707";"154 698 768";"A01";"3";"7";"0";"2";"1";"1";"1";
"202000024707";"154 698 769";"B01";"3";"7";"0";"2";"8";"0";"1";
"202000024708";"154 698 767";"A01";"1";"7";"12";"0";"1";"1";"1";
"202000024709";"154 698 766";"A01";"2";"33";"0";"0";"9";"1";"1";
"202000024710";"154 698 765";"A01";"1";"7";"0";"1";"1";"1";"1";
"202000024711";"154 698 762";"C01";"1";"7";"0";"2";"4";"1";"1";
"202000024711";"154 698 763";"A01";"1";"7";"0";"2";"1";"12";"1";
"202000024711";"154 698 764";"B01";"1";"7";"0";"2";"9";"1";"1";
"202000024712";"154 698 761";"Z01";"3";"30";"0";"1";"1";"26";"1";
"202000024713";"154 698 760";"A01";"2";"30";"0";"1";"1";"1";"1";
"202000024714";"154 698 757";"C01";"1";"7";"0";"2";"1";"0";"1";
"202000024714";"154 698 758";"B01";"1";"31";"0";"2";"1";"3";"1";
"202000024714";"154 698 759";"A01";"2";"37";"0";"2";"3";"23";"1";"2"
"202000024715";"154 698 756";"A01";"3";"7";"0";"1";"1";"20";"1";
"202000024716";"154 698 755";"A01";"3";"7";"0";"1";"2";"1";"6";
"202000024717";"154 698 753";"B01";"0";"7";"0";"2";"0";"0";"0";
"202000024717";"154 698 754";"A01";"3";"31";"0";"2";"1";"1";"1";
"202000024718";"154 698 751";"B01";"3";"33";"0";"2";"7";"21";"5";
"202000024718";"154 698 752";"A01";"3";"7";"0";"2";"8";"19";"5";
"202000024719";"154 698 749";"B01";"2";"7";"0";"2";"3";"15";"1";
"202000024719";"154 698 750";"A01";"2";"33";"0";"2";"2";"17";"1";
"202000024720";"154 698 745";"A01";"1";"10";"0";"2";"2";"2";"0";
"202000024720";"154 698 746";"B01";"1";"10";"0";"2";"3";"20";"0";
"202000024720";"154 698 747";"D01";"1";"10";"8";"0";"0";"0";"0";
"202000024720";"154 698 748";"C01";"1";"10";"0";"1";"0";"0";"0";
"202000024721";"154 698 744";"A01";"2";"7";"8";"0";"1";"1";"1";
"202000024722";"154 698 742";"A01";"0";"31";"0";"2";"1";"26";"1";
"202000024722";"154 698 743";"B01";"0";"7";"0";"2";"5";"26";"1";
"202000024723";"154 698 741";"A01";"1";"7";"0";"1";"3";"1";"1";
"202000024724";"154 698 740";"A01";"3";"7";"6";"0";"0";"26";"1";
"202000024725";"154 698 739";"A01";"2";"7";"0";"1";"1";"16";"0";
"202000024726";"154 698 737";"A01";"3";"10";"0";"2";"2";"1";"1";
"202000024726";"154 698 738";"B01";"3";"7";"0";"2";"3";"1";"1";
"202000024727";"154 698 735";"B01";"2";"7";"0";"2";"6";"24";"1";
"202000024727";"154 698 736";"A01";"2";"7";"1";"0";"2";"1";"1";
"202000024728";"154 698 733";"A01";"1";"7";"0";"2";"1";"2";"1";
"202000024728";"154 698 734";"B01";"1";"7";"0";"2";"4";"23";"1";
"202000024729";"154 698 732";"A01";"1";"7";"0";"1";"1";"16";"3";
"202000024730";"154 698 731";"A01";"2";"7";"0";"1";"1";"15";"1";
"202000024731";"154 698 729";"A01";"1";"7";"0";"2";"1";"1";"0";
"202000024731";"154 698 730";"B01";"1";"2";"0";"2";"4";"1";"6";
"202000024732";"154 698 727";"B01";"3";"7";"0";"2";"3";"1";"1";
"202000024732";"154 698 728";"A01";"3";"2";"0";"2";"1";"1";"1";
"202000024733";"154 698 726";"A01";"0";"7";"1";"1";"7";"1";"0";
"202000024734";"154 698 725";"A01";"2";"7";"0";"1";"2";"1";"1";
"202000024735";"154 698 723";"A01";"1";"7";"0";"2";"4";"23";"1";
"202000024735";"154 698 724";"B01";"2";"7";"0";"2";"1";"21";"1";
"202000024736";"154 698 721";"A01";"1";"2";"2";"0";"1";"14";"1";
"202000024737";"154 698 719";"A01";"1";"7";"0";"2";"1";"9";"1";
"202000024737";"154 698 720";"B01";"1";"7";"0";"2";"1";"1";"1";
"202000024738";"154 698 717";"A01";"0";"50";"0";"0";"0";"0";"3";
"202000024738";"154 698 718";"B01";"0";"7";"0";"2";"1";"15";"1";
"202000024739";"154 698 716";"A01";"0";"7";"0";"0";"9";"1";"1";
"202000024740";"154 698 715";"A01";"0";"7";"0";"1";"3";"15";"1";
"202000024741";"154 698 714";"A01";"2";"1";"0";"0";"0";"1";"5";
"202000024742";"154 698 712";"B01";"1";"2";"0";"2";"8";"9";"1";
"202000024742";"154 698 713";"Z01";"1";"14";"0";"2";"5";"1";"1";
"202000024743";"154 698 710";"B01";"2";"7";"0";"2";"3";"1";"1";
"202000024743";"154 698 711";"A01";"1";"7";"0";"2";"1";"13";"1";
"202000024744";"154 698 709";"A01";"2";"7";"0";"1";"1";"1";"1";
"202000024745";"154 698 707";"B01";"1";"33";"0";"2";"1";"2";"0";
"202000024745";"154 698 708";"A01";"1";"7";"0";"2";"8";"10";"0";
"202000024746";"154 698 703";"B01";"2";"7";"0";"2";" -1";"1";" -1";
"202000024746";"154 698 704";"A01";"2";"7";"0";"2";"3";"9";"6";
"202000024747";"154 698 701";"B01";"2";"7";"0";"2";"3";"15";"1";
"202000024747";"154 698 702";"A01";"2";"33";"0";"2";"2";"17";"1";
"202000024748";"154 698 699";"A01";"2";"10";"1";"0";"1";"14";"1";
"202000024748";"154 698 700";"B01";"2";"17";"1";"2";"4";"24";"1";
"202000024749";"154 698 698";"A01";"3";"7";"8";"1";"1";"19";"1";
"202000024750";"154 698 696";"B01";"3";"7";"0";"2";"1";"1";"2";
"202000024750";"154 698 697";"A01";"3";"7";"0";"2";"1";"13";"1";
"202000024751";"154 698 694";"B01";"1";"7";"0";"2";"1";"13";"1";
"202000024751";"154 698 695";"A01";"2";"17";"0";"2";"1";"1";"1";
"202000024752";"154 698 692";"B01";"2";"7";"0";"2";"0";"0";"1";
"202000024752";"154 698 693";"A01";"1";"7";"0";"2";"8";"10";"1";
"202000024753";"154 698 689";"A01";"0";"7";"0";"2";"1";"1";"1";
"202000024753";"154 698 690";"B01";"0";"7";"0";"2";"1";"1";"1";
"202000024754";"154 698 687";"A01";"2";"7";"0";"2";"1";"13";"1";
"202000024754";"154 698 688";"B01";"1";"7";"0";"2";"1";"1";"1";
"202000024755";"154 698 685";"A01";"1";"7";"0";"2";"5";"15";"1";
"202000024755";"154 698 686";"B01";"2";"1";"0";"2";"1";"1";"5";
"202000024756";"154 698 683";"B01";"1";"7";"0";"2";"6";"1";"1";
"202000024756";"154 698 684";"A01";"1";"7";"0";"2";"2";"17";"1";
"202000024757";"154 698 682";"A01";"0";"7";"0";"1";"1";"1";"1";
"202000024758";"154 698 680";"B01";"0";"7";"1";"2";"6";"24";"1";
"202000024758";"154 698 681";"A01";"0";"7";"1";"1";"1";"15";"1";
"202000024759";"154 698 679";"A01";"3";"7";"0";"1";"1";"1";"1";
"202000024760";"154 698 678";"A01";"3";"7";"0";"1";"1";"1";"1";
"202000024761";"154 698 677";"B01";"1";"2";"0";"2";"3";"1";"1";
"202000024762";"154 698 675";"A01";"1";"7";"0";"2";"1";"1";"0";
"202000024762";"154 698 676";"B01";"2";"1";"0";"2";"8";"26";"0";
"202000024763";"154 698 673";"A01";"1";"33";"0";"2";"7";"19";"1";
"202000024763";"154 698 674";"B01";"1";"7";"0";"2";"1";"1";"1";
"202000024764";"154 698 672";"A01";"3";"7";"0";"1";"0";"1";"1";
"202000024765";"154 698 670";"A01";"1";"7";"0";"2";"2";"15";"1";
"202000024765";"154 698 671";"B01";"1";"7";"0";"2";"1";"1";"1";
"202000024766";"154 698 668";"A01";"3";"10";"0";"2";"2";"1";"0";
"202000024766";"154 698 669";"B01";"3";"2";"0";"2";"1";"1";"0";
"202000024767";"154 698 667";"A01";"1";"7";"1";"0";"3";"13";"1";
"202000024768";"154 698 665";"B01";"2";"1";"0";"2";"0";"0";"5";
"202000024768";"154 698 666";"A01";"1";"2";"0";"2";"0";"0";"1";
"202000024769";"154 698 663";"A01";"1";"7";"0";"2";"1";"2";"1";
"202000024769";"154 698 664";"B01";"1";"7";"0";"2";"4";"2";"1";
"202000024770";"154 698 661";"B01";"1";"7";"0";"2";"3";"9";"1";
"202000024770";"154 698 662";"A01";"1";"32";"0";"2";"1";"1";"1";
"202000024771";"154 698 659";"B01";"1";"33";"0";"2";"1";"17";"1";
"202000024771";"154 698 660";"A01";"1";"7";"0";"2";"3";"15";"1";
"202000024772";"154 698 656";"C01";"2";"7";"0";"2";"6";"1";"1";
"202000024772";"154 698 657";"A01";"2";"7";"0";"2";"1";"17";"1";
"202000024772";"154 698 658";"B01";"1";"7";"0";"2";"1";"1";"1";
"202000024773";"154 698 654";"B01";"1";"7";"0";"2";"4";"23";"1";
"202000024773";"154 698 655";"A01";"1";"30";"0";"2";"1";"2";"1";
"202000024774";"154 698 652";"A01";"1";"7";"0";"2";"1";"16";"1";
"202000024774";"154 698 653";"B01";"2";"7";"0";"2";"1";"1";"1";
"202000024775";"154 698 649";"A01";"1";"7";"0";"2";"3";"15";"1";
"202000024775";"154 698 650";"B01";"2";"30";"0";"2";"1";"17";"1";
"202000024775";"154 698 651";"C01";"2";"30";"0";"2";"0";"1";"1";
"202000024776";"154 698 647";"B01";"1";"1";"0";"2";"1";"1";"5";
"202000024776";"154 698 648";"A01";"1";"7";"0";"2";"2";"16";"1";
"202000024777";"154 698 645";"A01";"1";"7";"0";"2";"2";"10";"1";
"202000024777";"154 698 646";"B01";"1";"7";"0";"2";"8";"1";"1";
"202000024778";"154 698 643";"B01";"1";"33";"0";"2";"8";"0";"1";
"202000024778";"154 698 644";"A01";"1";"7";"0";"2";"3";"6";"1";
"202000024779";"154 698 641";"A01";"1";"33";"0";"2";"6";"13";"1";
"202000024779";"154 698 642";"B01";"2";"7";"0";"2";"3";"1";"1";
"202000024780";"154 698 640";"A01";"3";"30";"0";"0";"8";"15";"1";
"202000024781";"154 698 639";"A01";"2";"30";"0";"0";"8";"1";"1";
"202000024782";"154 698 637";"A01";"1";"30";"0";"2";"1";"1";"1";
"202000024782";"154 698 638";"B01";"1";"30";"0";"2";"4";"1";"1";
"202000024783";"154 698 636";"A01";"1";"33";"0";"0";"8";"1";"1";
"202000024784";"154 698 634";"A01";"0";"10";"0";"2";"1";"2";"1";
"202000024784";"154 698 635";"B01";"0";"7";"0";"2";"4";"2";"1";
"202000024785";"154 698 632";"B01";"2";"33";"0";"2";"7";"1";"1";
"202000024785";"154 698 633";"A01";"1";"7";"0";"2";"2";"15";"1";
"202000024786";"154 698 630";"B01";"1";"7";"0";"2";"1";"1";"1";
"202000024786";"154 698 631";"A01";"0";"1";"0";"2";"1";"1";"5";
"202000024787";"154 698 628";"B01";"0";"10";"0";"2";"2";"1";"1";
"202000024787";"154 698 629";"A01";"0";"7";"1";"2";"9";"20";"1";
"202000024788";"154 698 627";"A01";"1";"7";"0";"1";"7";"1";"1";
"202000024789";"154 698 625";"B01";"1";"2";"0";"2";"1";"15";"1";
"202000024789";"154 698 626";"A01";"1";"7";"0";"2";"2";"1";"1";
"202000024790";"154 698 624";"A01";"2";"2";"0";"0";"0";"0";"1";
"202000024791";"154 698 622";"A01";"1";"7";"0";"2";"1";"1";"1";
"202000024791";"154 698 623";"B01";"3";"7";"0";"2";"6";"1";"1";
"202000024792";"154 698 620";"B01";"0";"7";"0";"2";"3";"1";"1";
"202000024792";"154 698 621";"A01";"0";"7";"0";"2";"3";"13";"1";
"202000024793";"154 698 619";"A01";"3";"7";"0";"1";"3";"19";"0";
"202000024794";"154 698 616";"A01";"2";"33";"0";"2";"2";"1";"1";
"202000024794";"154 698 617";"C01";"1";"7";"0";"2";"3";"1";"1";
"202000024794";"154 698 618";"B01";"2";"7";"0";"2";"3";"20";"1";
"202000024795";"154 698 614";"A01";"1";"33";"0";"2";"7";"17";"1";
"202000024795";"154 698 615";"B01";"1";"7";"0";"2";"8";"15";"1";
"202000024796";"154 698 613";"A01";"2";"10";"0";"1";"1";"15";"1";
"202000024797";"154 698 612";"A01";"2";"3";"0";"1";"8";"1";"1";
"202000024798";"154 698 610";"A01";"0";"7";"0";"2";"7";"19";"1";
"202000024798";"154 698 611";"B01";"0";"30";"0";"2";"1";"1";"1";
"202000024799";"154 698 609";"A01";"1";"7";"0";"1";"1";"1";" -1";
"202000024800";"154 698 607";"B01";"3";"99";"0";"2";"4";"9";"3";
"202000024800";"154 698 608";"A01";"3";"7";"0";"9";"1";"9";"0";
"202000024801";"154 698 606";"A01";"3";"10";"0";"1";"1";"1";"1";
"202000024802";"154 698 604";"B01";"2";"1";"0";"2";"0";"1";"5";
"202000024802";"154 698 605";"A01";"2";"7";"0";"2";"1";"19";"1";
"202000024803";"154 698 602";"B01";"1";"7";"0";"2";"4";"2";"1";
"202000024803";"154 698 603";"A01";"1";"7";"0";"2";"1";"2";"1";
"202000024804";"154 698 601";"A01";"1";"7";"0";"1";"1";"16";"1";
"202000024805";"154 698 599";"A01";"1";"7";"0";"2";"1";"1";"1";
"202000024805";"154 698 600";"B01";"3";"30";"0";"2";"8";"19";"1";
"202000024806";"154 698 598";"A01";"1";"33";"6";"0";"8";"13";"1";
"202000024807";"154 698 597";"A01";"1";"7";"0";"1";"1";"26";"1";
"202000024808";"154 698 596";"A01";"2";"7";"0";"1";"2";"2";"1";
"202000024809";"154 698 594";"B01";"3";"7";"0";"2";"1";"19";"0";
"202000024809";"154 698 595";"A01";"3";"32";"0";"2";"8";"18";"1";
"202000024810";"154 698 592";"B01";"2";"1";"0";"2";"8";"13";"5";
"202000024810";"154 698 593";"A01";"2";"7";"0";"2";"2";"17";"1";
"202000024811";"154 698 590";"A01";"3";"7";"0";"2";"2";"1";"0";
"202000024811";"154 698 591";"B01";"3";"7";"0";"2";"3";"1";"1";
"202000024812";"154 698 586";"A01";"2";"7";"0";"2";"2";"2";"1";
"202000024812";"154 698 587";"B01";"2";"34";"0";"2";"4";"2";"1";
"202000024813";"154 698 583";"C01";"3";"7";"0";"2";"8";"1";"1";
"202000024813";"154 698 584";"B01";"3";"7";"0";"2";"5";"15";"1";
"202000024813";"154 698 585";"A01";"3";"10";"0";"2";"1";"1";"1";
"202000024814";"154 698 581";"A01";"2";"7";"0";"2";"7";"15";"1";
"202000024814";"154 698 582";"B01";"1";"1";"0";"2";"1";"1";"5";
"202000024815";"154 698 579";"B01";"2";"7";"0";"2";"4";"15";"1";
"202000024815";"154 698 580";"A01";"2";"33";"0";"2";"1";"2";"1";
"202000024816";"154 698 578";"A01";"2";"7";"0";"0";"0";"1";"1";
"202000024817";"154 698 577";"A01";"3";"1";"2";"0";"1";"13";"5";
"202000024818";"154 698 575";"A01";"2";"7";"13";"2";"1";"3";"1";
"202000024818";"154 698 576";"B01";"1";"7";"0";"2";"1";"1";"1";
"202000024819";"154 698 573";"A01";"3";"1";"0";"2";"1";"15";"5";
"202000024819";"154 698 574";"B01";"3";"7";"0";"2";"2";"1";"1";
"202000024820";"154 698 571";"A01";"1";"33";"0";"2";"1";"21";"1";
"202000024820";"154 698 572";"B01";"2";"7";"0";"2";"3";"1";"1";
"202000024821";"154 698 569";"B01";"2";"13";"0";"2";"4";"1";"6";
"202000024821";"154 698 570";"A01";"2";"2";"0";"2";"1";"1";"6";
"202000024822";"154 698 568";"A01";"1";"7";"6";"0";"1";"1";"1";
"202000024823";"154 698 564";"A01";"3";"1";"0";"0";"0";"1";"5";
"202000024824";"154 698 562";"A01";"2";"7";"4";"0";"1";"12";"1";
"202000024825";"154 698 560";"A01";"2";"15";"0";"2";"1";"2";"1";
"202000024825";"154 698 561";"B01";"2";"33";"0";"2";"4";"2";"1";
"202000024826";"154 698 558";"A01";"2";"7";"1";"0";"1";"2";"1";
"202000024826";"154 698 559";"B01";"2";"10";"3";"1";"4";"23";"1";
"202000024827";"154 698 556";"B01";"2";"7";"0";"0";"3";"1";"1";
"202000024827";"154 698 557";"A01";"1";"7";"0";"0";"2";"9";"1";
"202000024828";"154 698 554";"B01";"1";"1";"0";"2";"1";"19";"5";
"202000024828";"154 698 555";"A01";"1";"7";"0";"0";"2";"16";"1";
"202000024829";"154 698 552";"B01";"1";"7";"0";"2";"1";"1";"0";
"202000024829";"154 698 553";"A01";"0";"7";"0";"2";"8";"1";"0";
"202000024830";"154 698 550";"A01";"3";"7";"0";"2";"3";"15";"1";
"202000024830";"154 698 551";"B01";"3";"34";"0";"0";"7";"1";"1";
"202000024831";"154 698 549";"A01";"3";"7";"7";"0";"1";"1";"1";
"202000024832";"154 698 547";"B01";"1";"7";"0";"2";"3";"1";"1";
"202000024832";"154 698 548";"A01";"1";"1";"0";"2";"1";"1";"5";
"202000024833";"154 698 545";"A01";"2";"7";"0";"2";"1";"13";"1";
"202000024833";"154 698 546";"B01";"1";"10";"0";"2";"1";"1";"1";
"202000024834";"154 698 543";"B01";"1";"7";"0";"2";"1";"1";"1";
"202000024834";"154 698 544";"A01";"2";"7";"0";"2";"1";"13";"1";
"202000024835";"154 698 542";"A01";"3";"7";"2";"0";"3";"13";"1";
"202000024836";"154 698 541";"A01";"2";"33";"0";"0";"0";"1";"1";
"202000024837";"154 698 539";"A01";"1";"7";"0";"0";"2";"10";"1";
"202000024837";"154 698 540";"B01";"2";"33";"0";"2";"1";"2";"1";
"202000024838";"154 698 537";"A01";"3";"7";"0";"1";"5";"4";"1";
"202000024839";"154 698 536";"A01";"1";"7";"0";"1";"1";"1";"1";
"202000024840";"154 698 533";"C01";"2";"7";"0";"0";"0";"1";"1";
"202000024840";"154 698 534";"B01";"1";"1";"0";"2";"8";"1";"5";
"202000024840";"154 698 535";"A01";"2";"33";"0";"2";"1";"17";"1";
"202000024841";"154 698 531";"A01";"2";"33";"7";"2";"1";"5";"1";
"202000024841";"154 698 532";"B01";"2";"7";"0";"2";"3";"15";"1";
"202000024842";"154 698 530";"A01";"3";"7";"0";"1";"7";"1";"1";
"202000024843";"154 698 529";"A01";"2";"7";"2";"0";"9";"1";"1";
"202000024844";"154 698 527";"B01";"2";"21";"0";"2";"3";"15";"1";
"202000024844";"154 698 528";"A01";"2";"33";"0";"2";"1";"17";"1";
"202000024845";"154 698 525";"A01";"3";"7";"0";"2";"3";"15";"1";
"202000024845";"154 698 526";"B01";"3";"33";"0";"2";"3";"16";"1";
"202000024846";"154 698 521";"D01";"1";"10";"0";"2";"1";"1";"1";
"202000024846";"154 698 522";"C01";"1";"10";"0";"2";"4";"23";"1";
"202000024846";"154 698 523";"B01";"1";"7";"0";"2";"4";"23";"1";
"202000024846";"154 698 524";"A01";"1";"7";"0";"2";"4";"23";"1";
"202000024847";"154 698 520";"A01";"1";"7";"12";"0";"1";"1";"1";
"202000024848";"154 698 517";"B01";"1";"7";"0";"2";"4";"2";"1";
"202000024848";"154 698 518";"C01";"1";"7";"0";"2";"1";"2";"1";
"202000024848";"154 698 519";"A01";"1";"7";"0";"2";"4";"1";"1";
"202000024849";"154 698 514";"A01";"1";"10";"0";"2";"7";"14";"1";
"202000024849";"154 698 515";"B01";"1";"31";"0";"2";"3";"14";"1";
"202000024849";"154 698 516";"C01";"1";"7";"0";"2";"8";"1";"1";
"202000024850";"154 698 511";"A01";"2";"7";"0";"2";"1";"1";"1";
"202000024850";"154 698 512";"B01";"2";"7";"0";"2";"4";"23";"1";
"202000024850";"154 698 513";"C01";"2";"7";"0";"2";"4";"23";"1";
"202000024851";"154 698 509";"A01";"1";"7";"0";"2";"1";"1";"1";
"202000024851";"154 698 510";"B01";"1";"7";"0";"2";"4";"1";"1";
"202000024852";"154 698 507";"A01";"2";"7";"0";"2";"2";"12";"1";
"202000024852";"154 698 508";"B01";"2";"33";"0";"2";"8";"3";"1";
"202000024853";"154 698 505";"A01";"2";"7";"0";"2";"3";"9";"1";
"202000024853";"154 698 506";"B01";"2";"17";"0";"2";"2";"1";"1";
"202000024854";"154 698 502";"C01";"2";"7";"0";"2";"4";"1";"1";
"202000024854";"154 698 503";"B01";"2";"7";"0";"2";"4";"1";"1";
"202000024854";"154 698 504";"A01";"2";"7";"0";"2";"1";"2";"1";
"202000024855";"154 698 500";"B01";"1";"33";"0";"2";"3";"1";"1";
"202000024855";"154 698 501";"A01";"1";"10";"0";"2";"2";"12";"1";
"202000024856";"154 698 498";"B01";"2";"7";"0";"2";"5";"1";"1";
"202000024856";"154 698 499";"A01";"2";"33";"0";"2";"1";"3";"1";
"202000024857";"154 698 496";"B01";"1";"33";"0";"2";"3";"21";"1";
"202000024857";"154 698 497";"A01";"1";"7";"0";"2";"5";"12";"1";
"202000024858";"154 698 494";"A01";"2";"7";"0";"2";"3";"2";"1";
"202000024858";"154 698 495";"B01";"2";"7";"0";"2";"5";"2";"1";
"202000024859";"154 698 492";"B01";"1";"7";"0";"0";"0";"0";"1";
"202000024859";"154 698 493";"A01";"1";"33";"0";"2";"3";"11";"1";
"202000024860";"154 698 489";"B01";"1";"10";"0";"2";"8";"11";"1";
"202000024860";"154 698 490";"C01";"1";"33";"0";"2";"4";"1";"1";
"202000024860";"154 698 491";"Z01";"1";"34";"0";"2";"7";"3";"1";
"202000024861";"154 698 486";"A01";"1";"14";"0";"2";"1";"2";"1";
"202000024861";"154 698 487";"B01";"1";"7";"0";"2";"4";"2";"1";
"202000024861";"154 698 488";"C01";"1";"7";"0";"2";"4";"2";"1";
"202000024862";"154 698 484";"B01";"1";"7";"0";"2";"6";"2";"1";
"202000024862";"154 698 485";"A01";"1";"33";"0";"2";"1";"2";"1";
"202000024863";"154 698 483";"A01";"2";"7";"0";"0";"9";"13";"1";
"202000024864";"154 698 480";"C01";"1";"43";"0";"2";"1";"2";"1";
"202000024864";"154 698 481";"B01";"1";"7";"0";"2";"4";"2";"1";
"202000024864";"154 698 482";"A01";"1";"7";"0";"2";"4";"2";"1";
"202000024865";"154 698 479";"A01";"2";"7";"16";"0";"9";"16";"1";
"202000024866";"154 698 477";"A01";"1";"7";"0";"2";"3";"11";"0";
"202000024866";"154 698 478";"B01";"1";"33";"0";"2";"7";"3";"1";
"202000024867";"154 698 475";"A01";"2";"7";"0";"2";"7";"12";"1";
"202000024867";"154 698 476";"B01";"2";"33";"0";"2";"3";"18";"0";
"202000024868";"154 698 471";"A01";"2";"7";"0";"2";"1";"1";"1";
"202000024868";"154 698 472";"D01";"2";"7";"0";"2";"4";"1";"1";
"202000024868";"154 698 473";"C01";"2";"7";"0";"2";"4";"1";"1";
"202000024868";"154 698 474";"B01";"2";"10";"0";"2";"1";"1";"1";
"202000024869";"154 698 470";"A01";"2";"33";"0";"0";"8";"21";"1";
"202000024870";"154 698 467";"A01";"3";"7";"0";"1";"1";"26";"1";
"202000024871";"154 698 465";"A01";"3";"7";"0";"2";"1";"1";"1";
"202000024871";"154 698 466";"B01";"3";"7";"0";"2";"2";"1";"1";
"202000024872";"154 698 464";"A01";"1";"2";"0";"1";"1";"1";"0";
"202000024873";"154 698 463";"A01";"2";"50";"0";"0";"0";"0";"3";
"202000024874";"154 698 462";"A01";"2";"40";"0";"1";"1";"1";"3";
"202000024875";"154 698 459";"B01";"2";"7";"0";"2";"4";"1";"6";
"202000024875";"154 698 460";"C01";"2";"7";"0";"2";"4";"1";"6";
"202000024875";"154 698 461";"A01";"2";"7";"0";"2";"1";"9";"0";
"202000024876";"154 698 456";"Z01";"2";"33";"0";"2";"4";"26";"0";
"202000024876";"154 698 457";"B01";"2";"7";"0";"2";"1";"1";"1";
"202000024876";"154 698 458";"A01";"2";"7";"0";"2";"4";"26";"1";
"202000024877";"154 698 454";"B01";"1";"33";"0";"2";"1";"1";"1";
"202000024877";"154 698 455";"A01";"1";"7";"0";"2";"6";"12";"1";
"202000024878";"154 698 453";"A01";"1";"7";"0";"1";"1";"19";"1";
"202000024879";"154 698 452";"A01";"2";"7";"9";"0";"1";"1";"1";
"202000024880";"154 698 451";"A01";"1";"33";"5";"0";"7";"1";"1";
"202000024881";"154 698 450";"A01";"0";"7";"0";"1";"3";"15";"1";
"202000024882";"154 698 448";"A01";"0";"7";"0";"2";"3";"15";"1";
"202000024882";"154 698 449";"B01";"0";"7";"0";"2";"3";"0";"1";
"202000024883";"154 698 446";"A01";"1";"7";"0";"2";"2";"15";"1";
"202000024883";"154 698 447";"B01";"2";"1";"0";"2";"7";"1";"5";
"202000024884";"154 698 444";"A01";"2";"7";"0";"2";"8";"10";"1";
"202000024884";"154 698 445";"B01";"1";"10";"0";"2";"1";"1";"1";
"202000024885";"154 698 443";"A01";"1";"7";"0";"1";"1";"1";"1";
"202000024886";"154 698 441";"B01";"0";"7";"0";"2";"1";"1";"1";
"202000024886";"154 698 442";"A01";"0";"7";"0";"2";"1";"1";"1";
"202000024887";"154 698 440";"A01";"0";"7";"0";"1";"3";"1";"1";
"202000024888";"154 698 437";"A01";"0";"7";"0";"2";"1";"1";"1";
"202000024888";"154 698 438";"B01";"0";"7";"0";"2";"4";"1";"1";
"202000024888";"154 698 439";"C01";"0";"7";"0";"2";"4";"1";"1";
"202000024889";"154 698 435";"A01";"1";"2";"0";"2";"4";"1";"0";
"202000024889";"154 698 436";"B01";"3";"7";"0";"2";"1";"1";"1";
"202000024890";"154 698 434";"A01";"0";"7";"0";"1";"2";"1";"0";
"202000024891";"154 698 432";"B01";"0";"10";"0";"2";"2";"1";"3";
"202000024891";"154 698 433";"A01";"0";"7";"0";"2";"1";"16";"1";
"202000024892";"154 698 430";"A01";"2";"30";"0";"2";"1";"0";"1";
"202000024892";"154 698 431";"B01";"2";"7";"0";"2";"3";"0";"1";
"202000024893";"154 698 429";"A01";"3";"2";"0";"2";"8";"1";"1";
"202000024894";"154 698 426";"B01";"3";"50";"0";"2";"7";"15";"3";
"202000024894";"154 698 427";"A01";"3";"10";"0";"9";"3";"9";"1";
"202000024895";"154 698 424";"B01";"2";"7";"0";"2";"8";"2";"1";
"202000024895";"154 698 425";"A01";"2";"33";"12";"2";"7";"17";"1";
"202000024896";"154 698 422";"B01";"1";"10";"0";"2";"3";"15";"1";