"Num_Acc";"id_vehicule";"num_veh";"senc";"catv";"obs";"obsm";"choc";"manv";"motor";"occutc"
"202000024896";"154 698 423";"A01";"1";"7";"0";"2";"3";"1";"1";
"202000024897";"154 698 420";"B01";"1";"50";"0";"2";"1";"5";"3";
"202000024897";"154 698 421";"A01";"1";"7";"0";"2";"1";"1";"1";
"202000024898";"154 698 418";"A01";"1";"7";"0";"2";"1";"9";"1";
"202000024898";"154 698 419";"B01";"1";"30";"0";"2";"1";"1";"1";
"202000024899";"154 698 416";"B01";"1";"33";"0";"2";"1";"1";"0";
"202000024899";"154 698 417";"A01";"1";"10";"0";"2";"5";"1";"1";
"202000024900";"154 698 415";"A01";"2";"7";"3";"0";"1";"1";"1";
"202000024901";"154 698 413";"A01";"1";"7";"0";"2";"2";"15";"1";
"202000024901";"154 698 414";"B01";"1";"2";"0";"2";"1";"1";"1";
"202000024902";"154 698 411";"B01";"2";"7";"0";"2";"5";"1";"1";
"202000024902";"154 698 412";"A01";"2";"30";"0";"2";"1";"9";"1";
"202000024903";"154 698 408";"B01";"2";"7";"0";"2";"4";"23";"1";
"202000024903";"154 698 409";"C01";"2";"7";"0";"2";"4";"23";"1";
"202000024903";"154 698 410";"A01";"2";"7";"0";"2";"1";"2";"1";
"202000024904";"154 698 406";"B01";"1";"7";"0";"2";"4";"2";"1";
"202000024904";"154 698 407";"A01";"1";"33";"0";"2";"1";"2";"1";
"202000024905";"154 698 405";"A01";"2";"33";"16";"0";"8";"1";"1";
"202000024906";"154 698 403";"A01";"1";"7";"0";"2";"1";"2";"1";
"202000024906";"154 698 404";"B01";"1";"33";"0";"2";"4";"1";"1";
"202000024907";"154 698 401";"A01";"2";"7";"0";"2";"1";"15";"1";
"202000024907";"154 698 402";"B01";"1";"2";"0";"2";"1";"1";"1";
"202000024908";"154 698 400";"A01";"3";"7";"0";"1";"1";"1";"1";
"202000024909";"154 698 398";"A01";"1";"7";"0";"2";"0";"0";"1";
"202000024909";"154 698 399";"B01";"3";"34";"0";"2";"0";"0";"1";
"202000024910";"154 698 397";"A01";"1";"7";"0";"1";"1";"2";"1";
"202000024911";"154 698 395";"B01";"0";"2";"0";"2";"1";"1";"1";
"202000024911";"154 698 396";"A01";"0";"1";"0";"2";"1";"19";"5";
"202000024912";"154 698 394";"A01";"3";"7";"6";"0";"1";"26";"1";
"202000024913";"154 698 392";"A01";"1";"37";"0";"2";"1";"9";"1";"1"
"202000024913";"154 698 393";"B01";"1";"31";"0";"2";"4";"0";"1";
"202000024914";"154 698 391";"A01";"1";"33";"0";"0";"8";"19";"1";
"202000024915";"154 698 389";"A01";"3";"10";"0";"2";"3";"1";"1";
"202000024915";"154 698 390";"B01";"3";"30";"0";"2";"4";"1";"1";
"202000024916";"154 698 387";"B01";"3";"33";"0";"2";"8";"0";"1";
"202000024916";"154 698 388";"A01";"3";"7";"0";"2";"2";"15";"1";
"202000024917";"154 698 385";"B01";"3";"33";"0";"2";"2";"1";"1";
"202000024917";"154 698 386";"A01";"2";"7";"0";"2";"8";"9";"1";
"202000024918";"154 698 381";"A01";"3";"7";"0";"2";"1";"2";"1";
"202000024918";"154 698 382";"B01";"3";"7";"0";"2";"4";"1";"1";
"202000024919";"154 698 379";"A01";"2";"32";"0";"2";"1";"26";"1";
"202000024919";"154 698 380";"B01";"3";"1";"0";"2";"0";"0";"0";
"202000024920";"154 698 377";"B01";"2";"40";"0";"2";"2";"1";"3";
"202000024920";"154 698 378";"A01";"3";"1";"0";"4";"2";"19";"5";
"202000024921";"154 698 375";"B01";"2";"1";"0";"2";"1";"1";"5";
"202000024921";"154 698 376";"A01";"2";"7";"0";"2";"1";"19";"1";
"202000024922";"154 698 374";"A01";"2";"7";"0";"1";"2";"15";"1";
"202000024923";"154 698 373";"A01";"1";"7";"0";"1";"1";"9";"1";
"202000024924";"154 698 372";"A01";"1";"30";"0";"1";"1";"14";"1";
"202000024925";"154 698 370";"B01";"2";"2";"0";"2";"1";"1";"1";
"202000024925";"154 698 371";"A01";"2";"7";"0";"2";"1";"16";"1";
"202000024926";"154 698 368";"B01";"2";"2";"0";"2";"1";"1";"1";
"202000024926";"154 698 369";"A01";"1";"7";"0";"2";"2";"15";"1";
"202000024927";"154 698 366";"B01";"0";"1";"0";"2";"1";"1";"5";
"202000024927";"154 698 367";"A01";"0";"7";"0";"2";"2";"16";"1";
"202000024928";"154 698 365";"A01";"0";"7";"0";"1";"2";"1";"1";
"202000024929";"154 698 363";"B01";"1";"7";"0";"2";"4";"1";"1";
"202000024929";"154 698 364";"A01";"1";"33";"0";"2";"1";"1";"1";
"202000024930";"154 698 361";"B01";"2";"1";"0";"2";"1";"1";"5";
"202000024930";"154 698 362";"A01";"2";"7";"0";"2";"6";"10";"1";
"202000024931";"154 698 360";"A01";"0";"7";"0";"1";"2";"9";"1";
"202000024932";"154 698 359";"A01";"1";"7";"0";"1";"1";"9";"0";
"202000024933";"154 698 357";"A01";"1";"7";"0";"9";"1";"15";"1";
"202000024933";"154 698 358";"B01";"1";"1";"0";"2";"0";"0";"5";
"202000024934";"154 698 356";"A01";"1";"30";"0";"0";"0";"15";"1";
"202000024935";"154 698 354";"A01";"3";"7";"0";"2";"3";"2";"1";
"202000024935";"154 698 355";"B01";"3";"1";"0";"2";"7";"19";"5";
"202000024936";"154 698 351";"C01";"0";"1";"0";"2";"1";"1";"5";
"202000024936";"154 698 352";"B01";"0";"1";"0";"2";"1";"1";"5";
"202000024936";"154 698 353";"A01";"3";"7";"0";"0";"2";"15";"0";
"202000024937";"154 698 349";"B01";"1";"20";"0";"2";"3";"15";"1";
"202000024937";"154 698 350";"A01";"1";"31";"0";"2";"8";"17";"1";
"202000024938";"154 698 347";"B01";"2";"7";"13";"2";"1";"1";"1";
"202000024938";"154 698 348";"A01";"1";"7";"0";"2";"2";"15";"1";
"202000024939";"154 698 346";"A01";"3";"7";"1";"0";"1";"1";"1";
"202000024940";"154 698 345";"A01";"1";"7";"1";"0";"1";"14";"0";
"202000024941";"154 698 344";"A01";"1";"7";"0";"1";"3";"26";"1";
"202000024942";"154 698 342";"B01";"0";"7";"0";"2";"1";"1";"1";
"202000024942";"154 698 343";"A01";"1";"7";"0";"2";"5";"1";"1";
"202000024943";"154 698 341";"B01";"3";"99";"0";"2";"1";"21";"1";
"202000024944";"154 698 339";"B01";"2";"1";"0";"2";"3";"1";"5";
"202000024944";"154 698 340";"A01";"1";"7";"0";"2";"2";"15";"1";
"202000024945";"154 698 338";"A01";"0";"7";"2";"0";"1";"1";"1";
"202000024946";"154 698 336";"B01";"1";"10";"0";"2";"4";"1";"1";
"202000024946";"154 698 337";"A01";"1";"7";"0";"2";"1";"2";"1";
"202000024947";"154 698 334";"B01";"1";"32";"0";"2";"2";"0";"1";
"202000024947";"154 698 335";"A01";"1";"7";"0";"2";"3";"9";"1";
"202000024948";"154 698 333";"A01";"2";"7";"0";"1";"2";"1";"1";
"202000024949";"154 698 332";"A01";"2";"10";"0";"1";"2";"1";"1";
"202000024950";"154 698 330";"B01";"1";"33";"0";"2";"7";"3";"1";
"202000024950";"154 698 331";"A01";"1";"7";"0";"2";"3";"11";"1";
"202000024951";"154 698 329";"A01";"2";"33";"0";"0";"1";"3";"1";
"202000024952";"154 698 327";"A01";"1";"7";"0";"2";"5";"12";"1";
"202000024952";"154 698 328";"B01";"1";"31";"0";"2";"8";"3";"1";
"202000024953";"154 698 325";"A01";"2";"7";"0";"2";"2";"12";"1";
"202000024953";"154 698 326";"B01";"2";"31";"0";"2";"3";"3";"1";
"202000024954";"154 698 324";"A01";"2";"7";"0";"1";"2";"1";"1";
"202000024955";"154 698 323";"A01";"1";"1";"0";"1";"1";"1";"5";
"202000024956";"154 698 321";"B01";"1";"1";"0";"2";"3";"18";"5";
"202000024956";"154 698 322";"A01";"1";"7";"0";"2";"5";"22";"1";
"202000024957";"154 698 320";"A01";"1";"30";"0";"1";"2";"16";"1";
"202000024958";"154 698 318";"A01";"1";"7";"0";"2";"2";"14";"1";
"202000024958";"154 698 319";"B01";"1";"80";"0";"2";"3";"1";"3";
"202000024959";"154 698 316";"A01";"1";"32";"0";"2";"3";"7";"1";
"202000024959";"154 698 317";"B01";"1";"7";"0";"2";"2";"16";"1";
"202000024960";"154 698 314";"B01";"2";"7";"0";"2";"5";"15";"1";
"202000024960";"154 698 315";"A01";"1";"1";"0";"2";"1";"8";"5";
"202000024961";"154 698 313";"A01";"1";"7";"0";"1";"2";"7";"1";
"202000024962";"154 698 311";"A01";"1";"7";"0";"2";"3";"15";"1";
"202000024962";"154 698 312";"B01";"2";"1";"0";"2";"1";"1";"5";
"202000024963";"154 698 309";"A01";"2";"7";"0";"2";"3";"22";"2";
"202000024963";"154 698 310";"B01";"2";"1";"0";"2";"1";"1";"5";
"202000024964";"154 698 307";"A01";"2";"7";"0";"2";"5";"15";"1";
"202000024964";"154 698 308";"B01";"1";"1";"0";"2";"1";"1";"5";
"202000024965";"154 698 305";"A01";"2";"7";"0";"2";"1";"1";"3";
"202000024965";"154 698 306";"B01";"2";"1";"0";"2";"1";"1";"5";
"202000024966";"154 698 303";"A01";"2";"7";"0";"2";"0";"14";"1";
"202000024966";"154 698 304";"B01";"2";"1";"0";"2";"0";"1";"5";
"202000024967";"154 698 301";"B01";"1";"32";"0";"2";"3";"1";"1";
"202000024967";"154 698 302";"A01";"1";"7";"0";"2";"1";"1";"1";
"202000024968";"154 698 299";"B01";"2";"37";"0";"2";"2";"7";"1";"1"
"202000024968";"154 698 300";"A01";"1";"7";"9";"1";"1";"8";"1";
"202000024969";"154 698 297";"B01";"3";"50";"0";"2";"1";"1";"3";
"202000024969";"154 698 298";"A01";"3";"7";"0";"9";"3";"1";"1";
"202000024970";"154 698 296";"A01";"1";"7";"0";"1";"1";"0";"1";
"202000024971";"154 698 294";"A01";"1";"7";"0";"2";"2";"16";"1";
"202000024971";"154 698 295";"B01";"1";"1";"0";"2";"3";"16";"5";
"202000024972";"154 698 291";"B01";"2";"33";"1";"2";"3";"21";"1";
"202000024972";"154 698 292";"C01";"2";"30";"0";"2";"7";"1";"0";
"202000024972";"154 698 293";"A01";"2";"7";"0";"2";"0";"24";"0";
"202000024973";"154 698 289";"A01";"2";"10";"0";"2";"3";"17";"1";
"202000024973";"154 698 290";"B01";"2";"10";"0";"2";"3";"15";"0";
"202000024974";"154 698 287";"B01";"1";"33";"16";"0";"1";"17";"1";
"202000024974";"154 698 288";"A01";"1";"33";"16";"0";"1";"17";"1";
"202000024975";"154 698 285";"B01";"1";"7";"0";"2";"3";"15";"1";
"202000024975";"154 698 286";"A01";"2";"1";"0";"2";"1";"1";"5";
"202000024976";"154 698 284";"A01";"2";"14";"0";"1";"2";"1";"1";
"202000024977";"154 698 282";"B01";"2";"30";"1";"0";"8";"0";"6";
"202000024977";"154 698 283";"A01";"2";"7";"1";"0";"2";"26";"6";
"202000024978";"154 698 280";"B01";" -1";"33";"0";"2";"3";"16";"0";
"202000024978";"154 698 281";"A01";" -1";"7";"0";"2";"3";"15";"0";
"202000024979";"154 698 279";"A01";"1";"7";"0";"1";"2";"16";"1";
"202000024980";"154 698 277";"B01";"0";"33";"0";"0";"0";"0";"1";
"202000024980";"154 698 278";"A01";"3";"10";"0";"2";"1";"2";"0";
"202000024981";"154 698 275";"B01";"2";"32";"0";"2";"1";"1";"1";
"202000024981";"154 698 276";"A01";"1";"7";"0";"2";"7";"15";"0";
"202000024982";"154 698 273";"A01";"1";"7";"1";"2";"0";"1";"0";
"202000024982";"154 698 274";"B01";"2";"60";"0";"2";"0";"0";"5";
"202000024983";"154 698 271";"B01";"1";"7";"0";"2";"5";"16";"1";
"202000024983";"154 698 272";"A01";"1";"2";"0";"2";"1";"19";"1";
"202000024984";"154 698 269";"B01";"2";"10";"0";"2";"8";"13";"1";
"202000024984";"154 698 270";"A01";"2";"34";"0";"2";"7";"1";"1";
"202000024985";"154 698 266";"C01";"2";"10";"8";"0";"1";"1";"1";
"202000024985";"154 698 267";"B01";"2";"32";"14";"0";"1";"1";"1";
"202000024985";"154 698 268";"A01";"2";"14";"15";"0";"1";"16";"1";
"202000024986";"154 698 264";"B01";"1";"34";"0";"9";"2";"13";"1";
"202000024986";"154 698 265";"A01";"1";"1";"0";"2";"8";"19";"5";
"202000024987";"154 698 262";"B01";"2";"37";"1";"2";"3";"1";"0";"4"
"202000024987";"154 698 263";"A01";"1";"7";"1";"2";"3";"13";"1";
"202000024988";"154 698 261";"A01";"1";"7";"1";"1";"1";"1";"1";
"202000024989";"154 698 260";"A01";"1";"1";"0";"0";"0";"0";"5";
"202000024990";"154 698 258";"A01";"0";"7";"0";"2";"2";"1";"1";
"202000024990";"154 698 259";"B01";"0";"1";"0";"2";"4";"16";"5";
"202000024991";"154 698 255";"A01";"1";"7";"2";"0";"1";"1";"1";
"202000024992";"154 698 253";"A01";"1";"7";"0";"2";"3";"1";"1";
"202000024992";"154 698 254";"B01";"2";"17";"0";"2";"3";"1";"1";
"202000024993";"154 698 251";"A01";"1";"33";"0";"2";"2";"1";"0";
"202000024993";"154 698 252";"B01";"2";"7";"0";"0";"5";"15";"0";
"202000024994";"154 698 249";"A01";"2";"2";"13";"0";"4";"14";"1";
"202000024995";"154 698 248";"A01";"1";"7";"13";"0";"1";"12";"1";
"202000024996";"154 698 246";"A01";"2";"7";"7";"2";"2";"17";"1";
"202000024996";"154 698 247";"B01";"2";"7";"0";"2";"6";"15";"1";
"202000024997";"154 698 244";"A01";"2";"7";"0";"2";"3";"13";"1";
"202000024997";"154 698 245";"B01";"1";"7";"0";"2";"3";"0";"0";
"202000024998";"154 698 243";"A01";"3";"2";"11";"0";"7";"1";"1";
"202000024999";"154 698 241";"A01";"1";"7";"0";"2";"1";"26";"1";
"202000024999";"154 698 242";"B01";"1";"13";"0";"0";"4";"0";"1";
"202000025000";"154 698 239";"A01";"0";"33";"0";"2";"3";"1";"1";
"202000025000";"154 698 240";"B01";"0";"7";"0";"2";"2";"1";"1";
"202000025001";"154 698 237";"A01";"0";"7";"1";"0";"3";"15";"2";
"202000025001";"154 698 238";"B01";"1";"50";"0";"2";"1";"5";"3";
"202000025002";"154 698 235";"GA01";"0";"10";"0";"2";"1";"1";"1";
"202000025002";"154 698 236";"B01";"1";"2";"0";"2";"7";"19";"1";
"202000025003";"154 698 233";"A01";"1";"30";"0";"2";"1";"1";"1";
"202000025003";"154 698 234";"B01";"1";"7";"0";"2";"4";"23";"1";
"202000025004";"154 698 231";"A01";"1";"33";"0";"2";"1";"1";"1";
"202000025004";"154 698 232";"B01";"2";"7";"0";"2";"4";"15";"1";
"202000025005";"154 698 230";"A01";"1";"41";"14";"0";"7";"13";"0";
"202000025006";"154 698 229";"A01";"1";"1";"0";"0";"0";"1";"5";
"202000025007";"154 698 228";"A01";"1";"7";"0";"1";"2";"1";"1";
"202000025008";"154 698 227";"A01";"2";"7";"0";"0";"9";"0";"1";
"202000025009";"154 698 225";"B01";"3";"33";"0";"2";"1";"1";"1";
"202000025009";"154 698 226";"A01";"3";"7";"0";"0";"3";"19";"1";
"202000025010";"154 698 224";"A01";"2";"7";"9";"0";"8";"1";"1";
"202000025011";"154 698 223";"A01";"2";"7";"0";"0";"9";"0";"1";
"202000025012";"154 698 218";"B01";"1";"7";"0";"2";"1";"1";"1";
"202000025012";"154 698 219";"C01";"1";"7";"0";"0";"4";"1";"1";
"202000025012";"154 698 220";"A01";"1";"7";"4";"0";"4";"1";"1";
"202000025012";"154 698 221";"E01";"1";"7";"0";"2";"1";"1";"1";
"202000025012";"154 698 222";"D01";"1";"7";"0";"2";"1";"1";"1";
"202000025013";"154 698 216";"A01";"1";"7";"0";"2";"1";"0";"1";
"202000025013";"154 698 217";"B01";"2";"7";"6";"2";"1";"0";"1";
"202000025014";"154 698 213";"C01";"1";"7";"0";"2";"3";"1";"1";
"202000025014";"154 698 214";"B01";"2";"7";"0";"2";"1";"1";"2";
"202000025014";"154 698 215";"A01";"1";"7";"0";"2";"1";"17";"1";
"202000025015";"154 698 211";"A01";"2";"33";"0";"0";"7";"17";"1";
"202000025015";"154 698 212";"B01";"2";"7";"0";"0";"8";"17";"1";
"202000025016";"154 698 209";"B01";"2";"31";"0";"2";"3";"2";"0";
"202000025016";"154 698 210";"A01";"2";"7";"0";"2";"7";"19";"0";
"202000025017";"154 698 208";"A01";"1";"7";"0";"0";"1";"2";"1";
"202000025018";"154 698 206";"A01";"1";"7";"0";"0";"8";"15";"1";
"202000025018";"154 698 207";"B01";"1";"33";"0";"2";"9";"17";"1";
"202000025019";"154 698 205";"A01";"3";"7";"0";"1";"1";"1";"1";
"202000025020";"154 698 203";"A01";"1";"7";"0";"2";"5";"24";"1";
"202000025020";"154 698 204";"B01";"2";"7";"1";"0";"1";"1";"1";
"202000025021";"154 698 202";"A01";"1";"7";"13";"0";"2";"1";"1";
"202000025022";"154 698 201";"A01";"2";"1";"0";"1";"1";"1";"5";
"202000025023";"154 698 199";"B01";"2";"7";"0";"2";"3";"1";"1";
"202000025023";"154 698 200";"A01";"1";"7";"0";"2";"3";"5";"1";
"202000025024";"154 698 198";"A01";"1";"7";"13";"0";"2";"1";"1";
"202000025025";"154 698 196";"A01";"2";"7";"0";"2";"1";"17";"1";
"202000025025";"154 698 197";"B01";"1";"7";"0";"2";"1";"1";"1";
"202000025026";"154 698 195";"A01";"0";"2";"17";"0";"1";"26";"1";
"202000025027";"154 698 194";"A01";"1";"7";"6";"0";"3";"1";"1";
"202000025028";"154 698 191";"A01";"2";"7";"0";"0";"3";"1";"1";
"202000025028";"154 698 192";"B01";"1";"7";"0";"0";"3";"1";"1";
"202000025028";"154 698 193";"C01";"2";"7";"0";"9";"1";"1";"1";
"202000025029";"154 698 190";"A01";"1";"31";"0";"6";"1";"1";"1";
"202000025030";"154 698 188";"B01";"1";"7";"0";"0";"4";"23";"1";
"202000025030";"154 698 189";"A01";"1";"2";"0";"2";"1";"1";"1";
"202000025031";"154 698 186";"A01";"1";"7";"0";"9";"2";"2";"1";
"202000025031";"154 698 187";"B01";"1";"1";"13";"0";"4";"2";"6";
"202000025032";"154 698 185";"A01";"1";"7";"2";"0";"1";"0";"0";
"202000025033";"154 698 183";"A01";"2";"7";"0";"2";"1";"1";"1";
"202000025033";"154 698 184";"B01";"2";"33";"0";"2";"4";"1";"1";
"202000025034";"154 698 180";"A01";"1";"7";"0";"0";"6";"26";"1";
"202000025034";"154 698 181";"B01";"1";"2";"0";"2";"2";"21";"1";
"202000025035";"154 698 178";"A01";"0";"31";"0";"2";"1";"1";"1";
"202000025035";"154 698 179";"B01";"0";"7";"0";"2";"8";"1";"1";
"202000025036";"154 698 177";"A01";"1";"33";"2";"0";"1";"1";"1";
"202000025037";"154 698 175";"A01";"1";"33";"0";"2";"1";"1";"1";
"202000025037";"154 698 176";"B01";"3";"13";"0";"2";"7";"15";"1";
"202000025038";"154 698 173";"A01";"0";"7";"0";"2";"3";"5";"1";
"202000025038";"154 698 174";"B01";"0";"7";"0";"2";"8";"1";"1";
"202000025039";"154 698 172";"A01";"3";"7";"13";"0";"2";"1";"1";
"202000025040";"154 698 171";"A01";"1";"7";"7";"0";"1";"1";"1";
"202000025041";"154 698 169";"A01";"1";"2";"0";"2";"1";"1";"1";
"202000025041";"154 698 170";"B01";"2";"7";"0";"2";"5";"15";"1";
"202000025042";"154 698 168";"A01";"2";"7";"2";"0";"1";"1";"1";
"202000025043";"154 698 166";"A01";"1";"7";"2";"0";"1";"13";"1";
"202000025044";"154 698 165";"A01";"1";"7";"8";"0";"1";"1";"1";
"202000025045";"154 698 164";"A01";"2";"7";"13";"0";"2";"14";"1";
"202000025046";"154 698 163";"A01";"1";"7";"0";"1";"3";"1";"1";
"202000025047";"154 698 161";"A01";"1";"7";"0";"2";"2";"15";"1";
"202000025047";"154 698 162";"B01";"2";"33";"0";"2";"2";"1";"1";
"202000025048";"154 698 160";"A01";"2";"7";"0";"1";"8";"1";"1";
"202000025049";"154 698 158";"A01";"1";"7";"0";"0";"5";"16";"1";
"202000025049";"154 698 159";"B01";"1";"1";"0";"2";"1";"1";"5";
"202000025050";"154 698 156";"A01";"2";"7";"0";"2";"6";"17";"1";
"202000025050";"154 698 157";"B01";"1";"7";"0";"2";"1";"1";"1";
"202000025051";"154 698 154";"B01";"2";"13";"0";"2";"3";"2";"1";
"202000025051";"154 698 155";"A01";"1";"7";"0";"2";"1";"11";"0";
"202000025052";"154 698 153";"A01";"1";"7";"0";"1";"7";"1";"0";
"202000025053";"154 698 152";"A01";"1";"7";"13";"0";"0";"17";"1";
"202000025054";"154 698 150";"A01";"2";"7";"0";"2";"2";"17";"1";
"202000025054";"154 698 151";"B01";"2";"7";"0";"0";"6";"1";"1";
"202000025055";"154 698 148";"B01";"1";"17";"0";"0";"6";"1";"1";
"202000025055";"154 698 149";"A01";"1";"7";"0";"2";"2";"1";"2";
"202000025056";"154 698 147";"A01";"1";"15";"0";"1";"2";"2";"1";
"202000025057";"154 698 143";"B01";"1";"33";"0";"2";"4";"16";"1";
"202000025057";"154 698 144";"A01";"1";"7";"0";"2";"2";"1";"1";
"202000025058";"154 698 141";"A01";"1";"2";"0";"2";"0";"1";"1";
"202000025058";"154 698 142";"B01";"1";"7";"0";"2";"2";"17";"1";
"202000025059";"154 698 140";"A01";"1";"2";"0";"0";"0";"1";"0";
"202000025060";"154 698 137";"A01";"1";"7";"0";"2";"1";"1";"0";
"202000025060";"154 698 138";"B01";"2";"7";"0";"2";"3";"1";"0";
"202000025060";"154 698 139";"C01";"2";"7";"0";"2";"1";"1";"0";
"202000025061";"154 698 135";"B01";"1";"33";"0";"2";"8";"13";"1";
"202000025061";"154 698 136";"A01";"2";"7";"0";"2";"8";"1";"1";
"202000025062";"154 698 132";"C01";"2";"7";"0";"2";"5";"14";"1";
"202000025062";"154 698 133";"A01";"2";"33";"0";"2";"1";"2";"1";
"202000025062";"154 698 134";"B01";"2";"7";"0";"2";"1";"2";"1";
"202000025063";"154 698 131";"A01";"1";"7";"6";"0";"1";"1";"1";
"202000025064";"154 698 129";"B01";"2";"7";"6";"0";"1";"1";"1";
"202000025064";"154 698 130";"A01";"0";"10";"0";"0";"0";"1";"0";
"202000025065";"154 698 128";"A01";"2";"1";"5";"9";"2";"0";"5";
"202000025066";"154 698 125";"C01";"2";"1";"0";"2";"1";"1";"5";
"202000025066";"154 698 126";"B01";"2";"1";"0";"2";"1";"1";"5";
"202000025066";"154 698 127";"A01";"1";"7";"0";"2";"2";"14";"1";
"202000025067";"154 698 123";"A01";"2";"7";"0";"2";"3";"15";"1";
"202000025067";"154 698 124";"B01";"2";"2";"0";"2";"2";"17";"1";
"202000025068";"154 698 122";"A01";"1";"7";"15";"0";"1";"1";"1";
"202000025069";"154 698 119";"A01";"3";"7";"2";"0";"2";"1";"1";
"202000025070";"154 698 118";"A01";"1";"33";"3";"0";"8";"0";"0";
"202000025071";"154 698 117";"A01";"1";"7";"0";"0";"2";"1";"1";
"202000025072";"154 698 115";"A01";"1";"2";"0";"2";"3";"1";"1";
"202000025072";"154 698 116";"B01";"2";"1";"0";"2";"3";"1";"5";
"202000025073";"154 698 113";"B01";"1";"7";"0";"2";"2";"1";"1";
"202000025073";"154 698 114";"A01";"2";"7";"0";"2";"2";"13";"1";
"202000025074";"154 698 111";"A01";"2";"7";"0";"2";"5";"15";"1";
"202000025074";"154 698 112";"B01";"2";"31";"0";"2";"1";" -1";"1";
"202000025075";"154 698 110";"A01";"3";"7";"0";"1";"1";"15";"1";
"202000025076";"154 698 108";"B01";"1";"7";"0";"2";"6";"1";"1";
"202000025076";"154 698 109";"A01";"1";"7";"0";"2";"2";"1";"1";
"202000025077";"154 698 104";"D01";"2";"10";"0";"2";"1";"2";"1";
"202000025077";"154 698 105";"C01";"2";"7";"0";"2";"4";"23";"1";
"202000025077";"154 698 106";"B01";"2";"7";"0";"2";"4";"23";"1";
"202000025077";"154 698 107";"A01";"2";"7";"0";"2";"4";"23";"1";
"202000025078";"154 698 102";"A01";"2";"7";"0";"2";"1";"2";"1";
"202000025078";"154 698 103";"B01";"2";"7";"0";"2";"4";"1";"1";
"202000025079";"154 698 099";"B01";"1";"33";"0";"2";"1";"3";"1";
"202000025079";"154 698 100";"C01";"1";"7";"0";"2";"7";"1";"1";
"202000025079";"154 698 101";"A01";"1";"10";"0";"2";"6";"11";"1";
"202000025080";"154 698 098";"A01";"2";"7";"5";"0";"1";"2";"1";
"202000025081";"154 698 096";"A01";"1";"7";"0";"2";"1";"1";"1";
"202000025081";"154 698 097";"B01";"1";"32";"0";"2";"4";"2";"1";
"202000025082";"154 698 089";"A01";"1";"7";"0";"2";"1";"1";"1";
"202000025082";"154 698 090";"B01";"1";"7";"0";"2";"2";"0";"1";
"202000025083";"154 698 088";"A01";"1";"31";"0";"0";"8";"0";"1";
"202000025084";"154 698 087";"A01";"1";"7";"12";"0";"1";"26";"1";
"202000025085";"154 698 085";"A01";"1";"30";"0";"9";"0";"1";"0";
"202000025085";"154 698 086";"B01";"3";"1";"0";"2";"8";"0";"5";
"202000025086";"154 698 083";"B01";"1";"33";"0";"2";"7";"1";"1";
"202000025086";"154 698 084";"A01";"1";"7";"0";"2";"8";"11";"1";
"202000025087";"154 698 081";"A01";"1";"7";"0";"2";"1";"2";"1";
"202000025087";"154 698 082";"B01";"1";"7";"0";"0";"4";"2";"1";
"202000025088";"154 698 079";"B01";"1";"7";"0";"2";"0";"1";"1";
"202000025088";"154 698 080";"A01";"1";"7";"0";"2";"2";"15";"1";
"202000025089";"154 698 076";"C01";"1";"7";"0";"2";"5";"15";"1";
"202000025089";"154 698 077";"B01";"1";"10";"0";"2";"4";"1";"1";
"202000025089";"154 698 078";"A01";"1";"7";"0";"2";"1";"1";"1";
"202000025090";"154 698 075";"A01";"2";"7";"8";"0";"1";"14";"1";
"202000025091";"154 698 073";"A01";"1";"32";"0";"2";"8";"1";"1";
"202000025091";"154 698 074";"B01";"3";"7";"0";"2";"8";"1";"1";
"202000025092";"154 698 071";"Y01";"1";"1";"0";"2";"1";"18";"0";
"202000025092";"154 698 072";"A01";"1";"7";"0";"1";"5";"16";"1";
"202000025093";"154 698 070";"A01";"2";"30";"12";"2";"1";"2";"6";
"202000025094";"154 698 068";"A01";"2";"7";"1";"0";"3";"1";"1";
"202000025094";"154 698 069";"B01";"2";"7";"0";"2";"6";"24";"1";
"202000025095";"154 698 066";"B01";"3";"34";"0";"2";"1";"1";"1";
"202000025095";"154 698 067";"A01";"3";"7";"0";"2";"3";"9";"1";
"202000025096";"154 698 064";"B01";"3";"7";"0";"2";"0";"0";"0";
"202000025096";"154 698 065";"A01";"3";"7";"0";"0";"0";"0";" -1";
"202000025097";"154 698 063";"A01";"1";"7";"1";"1";"7";"17";"1";
"202000025098";"154 698 061";"B01";"1";"33";"0";"2";"1";"1";"1";
"202000025098";"154 698 062";"A01";"2";"7";"0";"2";"1";"15";"1";
"202000025099";"154 698 059";"A01";"3";"7";"0";"2";"1";"9";"1";
"202000025099";"154 698 060";"B01";"3";"2";"0";"2";"1";"2";"1";
"202000025100";"154 698 057";"A01";"3";"1";"0";"2";"1";"19";"5";
"202000025100";"154 698 058";"B01";"3";"7";"0";"2";"0";"0";"1";
"202000025101";"154 698 056";"A01";"2";"7";"0";"1";"2";"1";"1";
"202000025102";"154 698 055";"A01";"1";"7";"2";"0";"2";"14";"1";
"202000025103";"154 698 053";"A01";"1";"31";"0";"2";"1";"2";"1";
"202000025103";"154 698 054";"B01";"1";"7";"0";"2";"4";"1";"2";
"202000025104";"154 698 051";"B01";"2";"2";"0";"2";"4";"15";"1";
"202000025104";"154 698 052";"A01";"1";"7";"0";"2";"0";"9";"1";