"Num_Acc";"id_vehicule";"num_veh";"senc";"catv";"obs";"obsm";"choc";"manv";"motor";"occutc"
"202000025313";"154 697 684";"A01";"2";"7";"0";"2";"1";"1";"1";
"202000025314";"154 697 681";"A01";"2";"7";"0";"1";"1";"26";"1";
"202000025315";"154 697 678";"A01";"1";"7";"0";"2";"4";"1";"1";
"202000025315";"154 697 679";"B01";"1";"7";"0";"2";"6";"1";"1";
"202000025315";"154 697 680";"C01";"1";"7";"4";"2";"1";"0";"1";
"202000025316";"154 697 675";"A01";"1";"7";"0";"2";"8";"19";"1";
"202000025316";"154 697 677";"B01";"2";"33";"0";"2";"1";"1";"1";
"202000025317";"154 697 674";"A01";"1";"7";"0";"2";"4";"2";"1";
"202000025317";"154 697 676";"Z01";"1";"10";"0";"2";"1";"2";"1";
"202000025318";"154 697 669";"A01";"1";"10";"0";"2";"1";"11";"1";
"202000025318";"154 697 671";"B01";"1";"7";"0";"2";"6";"1";"1";
"202000025318";"154 697 672";"C01";"1";"7";"0";"2";"8";"2";"1";
"202000025318";"154 697 673";"D01";"1";"7";"0";"2";"5";"1";"1";
"202000025319";"154 697 668";"A01";"2";"7";"0";"2";"1";"2";"1";
"202000025319";"154 697 670";"B01";"2";"7";"0";"2";"4";"2";"1";
"202000025320";"154 697 666";"B01";"2";"1";"0";"2";"4";"1";"5";
"202000025320";"154 697 667";"A01";"2";"7";"0";"2";"1";"14";"1";
"202000025321";"154 697 665";"B01";"3";"30";"0";"1";"1";"26";"1";
"202000025322";"154 697 664";"A01";"1";"7";"0";"1";"7";"9";"1";
"202000025323";"154 697 661";"A01";" -1";"31";"0";"2";"2";"9";"1";
"202000025323";"154 697 662";"B01";"1";"7";"0";"2";"6";"1";"1";
"202000025324";"154 697 660";"A01";"1";"7";"0";"1";"4";"4";"1";
"202000025325";"154 697 657";"A01";"3";"7";"0";"2";"1";"13";"1";
"202000025325";"154 697 659";"B01";"3";"7";"0";"2";"2";"1";"1";
"202000025326";"154 697 653";"A01";"2";"2";"0";"2";"2";"17";"1";
"202000025326";"154 697 655";"B01";"2";"10";"0";"2";"3";"15";"1";
"202000025327";"154 697 650";"B01";"2";"50";"1";"2";"1";"1";"3";
"202000025327";"154 697 652";"A01";"2";"7";"1";"9";"3";"1";"1";
"202000025328";"154 697 649";"A01";"3";"7";"0";"2";"1";"26";"1";
"202000025328";"154 697 651";"B01";"3";"2";"14";"2";"7";"26";"0";
"202000025329";"154 697 647";"A01";"1";"10";"0";"1";"0";"1";"1";
"202000025330";"154 697 646";"A01";"3";"7";"0";"2";"8";"15";"1";
"202000025330";"154 697 648";"B01";"3";"31";"0";"2";"1";"26";"1";
"202000025331";"154 697 644";"B01";"1";"7";"0";"2";"1";"1";"0";
"202000025331";"154 697 645";"A01";"2";"7";"0";"2";"4";"1";"0";
"202000025332";"154 697 640";"B01";"1";"7";"0";"2";"7";"14";"1";
"202000025332";"154 697 641";"A01";"1";"30";"0";"2";"8";"3";"1";
"202000025333";"154 697 639";"A01";"2";"37";"0";"1";"7";"9";"1";"1"
"202000025334";"154 697 637";"A01";"1";"50";"0";"2";"1";"26";"3";
"202000025334";"154 697 638";"B01";"1";"7";"0";"2";"3";"1";"1";
"202000025335";"154 697 636";"A01";"2";"7";"0";"9";"8";"24";"1";
"202000025335";"154 697 643";"B01";"2";"1";"1";"9";"1";"1";"0";
"202000025336";"154 697 634";"A01";"2";"50";"0";"1";"1";"18";"3";
"202000025337";"154 697 633";"A01";"3";"33";"0";"2";"1";"17";"1";
"202000025337";"154 697 635";"B01";"3";"7";"0";"2";"3";"15";"1";
"202000025338";"154 697 632";"A01";"1";"7";"4";"0";"9";"14";"1";
"202000025339";"154 697 630";"B01";"0";"7";"0";"2";"1";"1";"1";
"202000025339";"154 697 631";"A01";"0";"7";"0";"2";"7";"1";"1";
"202000025340";"154 697 628";"B01";"1";"7";"0";"2";"0";"0";"1";
"202000025340";"154 697 629";"A01";"1";"32";"14";"2";"7";"12";"1";
"202000025341";"154 697 626";"B01";"0";"1";"0";"2";"1";"1";"0";
"202000025341";"154 697 627";"A01";"0";"7";"0";"2";"6";"9";"1";
"202000025342";"154 697 625";"A01";"1";"32";"1";"0";"6";"0";"1";
"202000025343";"154 697 624";"A01";"1";"14";"0";"1";"3";"1";"0";
"202000025344";"154 697 622";"B01";"1";"7";"0";"2";"1";"13";"1";
"202000025344";"154 697 623";"A01";"1";"7";"0";"2";"1";"21";"1";
"202000025345";"154 697 620";"A01";"1";"7";"0";"2";"8";"9";"1";
"202000025345";"154 697 621";"B01";"1";"80";"0";"2";"1";"1";"3";
"202000025346";"154 697 618";"A01";"1";"7";"0";"2";"6";"15";"1";
"202000025346";"154 697 619";"B01";"1";"2";"0";"2";"7";"1";"1";
"202000025347";"154 697 616";"A01";"1";"7";"6";"0";"2";"26";"1";
"202000025348";"154 697 614";"A01";"3";"2";"0";"2";"1";"17";"1";
"202000025348";"154 697 615";"B01";"3";"7";"0";"2";"3";"15";"1";
"202000025349";"154 697 611";"A01";"1";"1";"0";"2";"1";"19";"5";
"202000025349";"154 697 612";"B01";"2";"7";"0";"2";"2";"1";"3";
"202000025350";"154 697 613";"A01";"0";"7";"0";"1";"8";"26";"1";
"202000025351";"154 697 609";"B01";"1";"31";"0";"2";"1";"0";"1";
"202000025351";"154 697 610";"A01";"1";"7";"0";"2";"1";"0";"1";
"202000025352";"154 697 608";"A01";"1";"7";"0";"1";"1";"1";"1";
"202000025353";"154 697 607";"A01";"1";"7";"8";"0";"7";"14";"1";
"202000025354";"154 697 605";"B01";"1";"2";"0";"2";"1";"17";"1";
"202000025354";"154 697 606";"A01";"1";"10";"0";"2";"3";"10";"1";
"202000025355";"154 697 603";"A01";"1";"7";"0";"2";"3";"15";"1";
"202000025355";"154 697 604";"B01";"2";"2";"0";"2";"1";"1";"0";
"202000025356";"154 697 601";"B01";"1";"1";"0";"2";"6";"2";"5";
"202000025356";"154 697 602";"A01";"1";"7";"0";"2";"3";"13";"1";
"202000025357";"154 697 599";"A01";"1";"7";"0";"1";"1";"17";"1";
"202000025358";"154 697 598";"B01";"1";"7";"0";"2";"3";"1";"1";
"202000025358";"154 697 600";"A01";"2";"7";"0";"2";"3";"15";"1";
"202000025359";"154 697 596";"B01";"2";"7";"0";"2";"2";"1";"1";
"202000025359";"154 697 597";"A01";"1";"30";"0";"2";"1";"1";"1";
"202000025360";"154 697 595";"A01";"1";"99";"0";"1";"6";"16";"0";
"202000025361";"154 697 594";"A01";"1";"7";"0";"1";"1";"1";"1";
"202000025362";"154 697 592";"A01";"1";"7";"0";"2";"1";"1";"1";
"202000025362";"154 697 593";"B01";"1";"7";"0";"2";"4";"1";"1";
"202000025363";"154 697 590";"A01";"1";"7";"0";"2";"3";"20";"1";
"202000025363";"154 697 591";"B01";"1";"2";"0";"2";"1";"1";"1";
"202000025364";"154 697 586";"A01";"1";"7";"0";"2";"2";"1";"1";
"202000025364";"154 697 587";"B01";"1";"7";"0";"2";"3";"1";"0";
"202000025365";"154 697 585";"C01";"3";"7";"0";"2";"6";"1";"1";
"202000025365";"154 697 588";"B01";"3";"7";"0";"2";"1";"1";"1";
"202000025365";"154 697 589";"A01";"3";"7";"0";"2";"1";"13";"1";
"202000025366";"154 697 584";"A01";"1";"10";"0";"1";"3";"1";"1";
"202000025367";"154 697 582";"A01";"1";"7";"0";"1";"2";"1";"1";
"202000025368";"154 697 581";"A01";"2";"50";"0";"2";"4";"19";"3";
"202000025368";"154 697 583";"B01";"2";"7";"0";"2";"7";"1";"1";
"202000025369";"154 697 577";"A01";"3";"30";"0";"2";"3";"9";"1";
"202000025369";"154 697 579";"B01";"3";"7";"0";"2";"3";"1";"1";
"202000025370";"154 697 575";"B01";"0";"1";"0";"2";"0";"0";"0";
"202000025370";"154 697 576";"A01";"0";"7";"0";"2";"7";"16";"1";
"202000025371";"154 697 578";"B01";"3";"7";"0";"0";"0";"16";"1";
"202000025371";"154 697 580";"A01";"3";"30";"0";"2";"0";"16";"1";
"202000025372";"154 697 573";"A01";"2";"33";"12";"0";"8";"13";"1";
"202000025373";"154 697 574";"A01";"1";"1";"1";"0";"1";"14";"5";
"202000025374";"154 697 571";"B01";"1";"33";"0";"2";"1";"1";"1";
"202000025374";"154 697 572";"A01";"1";"7";"0";"2";"2";"26";"1";
"202000025375";"154 697 569";"B01";"1";"7";"0";"2";"1";"0";"1";
"202000025375";"154 697 570";"A01";"1";"3";"0";"2";"1";"5";"1";
"202000025376";"154 697 568";"A01";"1";"7";"0";"1";"7";"1";"1";
"202000025377";"154 697 566";"B01";"1";"7";"0";"9";"3";"26";"1";
"202000025377";"154 697 567";"A01";"2";"1";"0";"2";"1";"5";"5";
"202000025378";"154 697 564";"B01";"3";"1";"0";"2";"7";"1";"0";
"202000025378";"154 697 565";"A01";"2";"7";"0";"2";"2";"9";"1";
"202000025379";"154 697 561";"B01";"1";"10";"0";"2";"4";"1";"1";
"202000025379";"154 697 563";"A01";"1";"10";"0";"2";"1";"2";"1";
"202000025380";"154 697 560";"A01";"0";"7";"0";"2";"2";"2";"1";
"202000025380";"154 697 562";"B01";"0";"2";"0";"2";"4";"1";"1";
"202000025381";"154 697 557";"A01";"1";"7";"0";"1";"1";"1";"1";
"202000025382";"154 697 558";"B01";"3";"7";"0";"2";"4";"2";"1";
"202000025382";"154 697 559";"A01";"3";"7";"0";"2";"1";"1";"1";
"202000025383";"154 697 553";"B01";"3";"1";"0";"2";"1";"1";"5";
"202000025383";"154 697 555";"A01";"3";"7";"0";"2";"1";"16";"1";
"202000025384";"154 697 552";"A01";"0";"7";"0";"1";"1";"9";"1";
"202000025385";"154 697 549";"B01";"3";"1";"0";"2";"1";"1";"5";
"202000025385";"154 697 550";"A01";"3";"31";"0";"2";"1";"1";"1";
"202000025386";"154 697 548";"B01";"3";"7";"0";"2";"1";"1";"1";
"202000025386";"154 697 551";"A01";"3";"1";"0";"2";"1";"2";"5";
"202000025387";"154 697 546";"B01";"1";"7";"0";"2";"0";"0";"1";
"202000025387";"154 697 547";"A01";"1";"7";"0";"2";"0";"1";"1";
"202000025388";"154 697 545";"A01";"1";"7";"0";"1";"1";"1";"4";
"202000025389";"154 697 542";"B01";"3";"1";"0";"2";"3";"15";"5";
"202000025389";"154 697 543";"A01";"3";"7";"0";"2";"2";"17";"1";
"202000025390";"154 697 544";"A01";"2";"34";"6";"0";"1";"2";"1";
"202000025391";"154 697 540";"B01";"0";"33";"0";"2";"8";"15";"1";
"202000025391";"154 697 541";"A01";"0";"7";"0";"2";"2";"1";"1";
"202000025392";"154 697 539";"Z01";"3";"0";"0";"1";"0";"0";"0";
"202000025393";"154 697 537";"A01";"3";"7";"0";"2";"2";"17";"1";
"202000025393";"154 697 538";"B01";"3";"30";"0";"2";"3";"11";"1";
"202000025394";"154 697 536";"A01";"2";"33";"0";"1";"1";"8";"0";
"202000025395";"154 697 533";"A01";"1";"7";"0";"1";"1";"1";"1";
"202000025396";"154 697 531";"B01";"3";"7";"0";"2";"4";"23";"1";
"202000025396";"154 697 532";"A01";"3";"7";"0";"2";"1";"1";"1";
"202000025397";"154 697 529";"A01";"2";"7";"0";"2";"1";"1";"1";
"202000025397";"154 697 530";"B01";"2";"7";"0";"2";"6";"9";"1";
"202000025398";"154 697 534";"A01";"0";"7";"0";"2";"2";"26";"1";
"202000025398";"154 697 535";"B01";"0";"7";"0";"2";"1";"26";"1";
"202000025399";"154 697 526";"A01";"2";"7";"1";"0";"9";"14";"1";
"202000025400";"154 697 527";"B01";"3";"1";"0";"2";"8";"1";"5";
"202000025400";"154 697 528";"A01";"0";"7";"0";"9";"0";"15";"1";
"202000025401";"154 697 523";"B01";"1";"7";"0";"2";"1";"1";"1";
"202000025401";"154 697 525";"A01";"2";"7";"0";"2";"2";"15";"1";
"202000025402";"154 697 518";"B01";"2";"31";"0";"2";"3";"1";"1";
"202000025402";"154 697 519";"A01";"1";"7";"0";"2";"0";"1";"1";
"202000025403";"154 697 520";"B01";"1";"2";"0";"2";"1";"15";"1";
"202000025403";"154 697 521";"A01";"1";"7";"0";"2";"3";"2";"1";
"202000025404";"154 697 516";"A01";"2";"7";"1";"1";"2";"14";"1";
"202000025405";"154 697 515";"B01";"3";"2";"0";"2";"1";"1";"1";
"202000025405";"154 697 517";"A01";"3";"7";"0";"2";"1";"1";"1";
"202000025406";"154 697 512";"A01";"2";"32";"0";"2";"1";"2";"1";
"202000025406";"154 697 514";"B01";"2";"10";"0";"2";"4";"2";"1";
"202000025407";"154 697 511";"B01";"3";"1";"0";"4";"1";"1";"5";
"202000025407";"154 697 513";"A01";"3";"40";"0";"2";"1";"1";"3";
"202000025408";"154 697 508";"A01";"2";"33";"0";"2";"2";"1";"1";
"202000025408";"154 697 510";"B01";"2";"7";"0";"2";"6";"11";"2";
"202000025409";"154 697 507";"B01";"0";"1";"0";"2";"9";"1";"5";
"202000025409";"154 697 509";"A01";"0";"10";"0";"2";"1";"9";"1";
"202000025410";"154 697 505";"A01";"3";"7";"2";"0";"3";"13";"1";
"202000025411";"154 697 504";"A01";"1";"37";"0";"2";"7";"15";"1";"1"
"202000025411";"154 697 506";"B01";"1";"33";"0";"2";"1";"1";"1";
"202000025412";"154 697 503";"A01";"2";"7";"0";"1";"8";"16";"1";
"202000025413";"154 697 502";"A01";"2";"30";"0";"1";"1";"5";"1";
"202000025414";"154 697 499";"B01";"1";"33";"0";"2";"1";"23";"1";
"202000025414";"154 697 501";"A01";"1";"10";"0";"2";"6";"4";"1";
"202000025415";"154 697 498";"A01";"0";"7";"0";"1";"1";"1";"1";
"202000025416";"154 697 496";"B01";"1";"7";"0";"2";"1";"1";"1";
"202000025416";"154 697 497";"A01";"1";"7";"0";"2";"4";"13";"1";
"202000025417";"154 697 494";"A01";"1";"7";"14";"1";"7";"1";"1";
"202000025417";"154 697 495";"B01";"1";"7";"0";"2";"8";"22";"1";
"202000025418";"154 697 491";"B01";"3";"30";"0";"2";"1";"1";"1";
"202000025418";"154 697 493";"A01";"3";"10";"0";"2";"3";"5";"1";
"202000025419";"154 697 492";"A01";"1";"30";"0";"1";"8";"17";"1";
"202000025420";"154 697 489";"B01";"0";"7";"0";"2";"1";"1";"1";
"202000025420";"154 697 490";"A01";"0";"7";"0";"2";"1";"5";"1";
"202000025421";"154 697 487";"A01";"3";"7";"3";"1";"1";"1";"1";
"202000025422";"154 697 484";"B01";"1";"10";"0";"2";"1";"1";"1";
"202000025422";"154 697 485";"A01";"1";"10";"0";"2";"8";"7";"1";
"202000025423";"154 697 486";"A01";"1";"1";"0";"2";"1";"5";"5";
"202000025423";"154 697 488";"B01";"1";"7";"0";"2";"3";"15";"1";
"202000025424";"154 697 482";"Z01";"2";"32";"0";"1";"1";"1";"1";
"202000025425";"154 697 481";"B01";"1";"99";"1";"2";"3";"13";"0";
"202000025425";"154 697 483";"A01";"1";"99";"0";"2";"1";"20";"0";
"202000025426";"154 697 478";"A01";"1";"7";"13";"0";"1";"13";"1";
"202000025427";"154 697 479";"Z01";"2";"37";"0";"2";"0";"18";"1";"0"
"202000025427";"154 697 480";"A01";"2";"50";"0";"2";"7";"1";"3";
"202000025428";"154 697 474";"B01";"2";"1";"0";"2";"1";"1";"5";
"202000025428";"154 697 477";"A01";"1";"7";"0";"2";"6";"1";"1";
"202000025429";"154 697 475";"B01";"1";"7";"0";"2";"8";"15";"1";
"202000025429";"154 697 476";"A01";"1";"33";"0";"2";"1";"17";"1";
"202000025430";"154 697 470";"A01";"1";"30";"0";"2";"1";"2";"1";
"202000025430";"154 697 471";"B01";"1";"7";"0";"2";"6";"2";"1";
"202000025431";"154 697 469";"B01";"1";"33";"0";"0";"4";"23";"1";
"202000025431";"154 697 472";"A01";"1";"7";"0";"2";"1";"1";"1";
"202000025432";"154 697 468";"A01";"2";"1";"0";"2";"8";"7";"5";
"202000025432";"154 697 473";"Z01";"2";"7";"0";"2";"7";"16";"0";
"202000025433";"154 697 465";"A01";"3";"7";"0";"2";"1";"9";"1";
"202000025433";"154 697 467";"B01";"3";"1";"0";"2";"4";"16";"5";
"202000025434";"154 697 461";"A01";"2";"43";"0";"0";"8";"1";"1";
"202000025435";"154 697 464";"A01";"2";"7";"0";"2";"3";"13";"1";
"202000025435";"154 697 466";"B01";"1";"7";"0";"2";"3";"1";"1";
"202000025436";"154 697 460";"A01";"2";"33";"4";"0";"7";"13";"1";
"202000025437";"154 697 459";"A01";"1";"7";"0";"1";"1";"1";"1";
"202000025438";"154 697 457";"A01";"1";"7";"0";"2";"3";"10";"1";
"202000025438";"154 697 458";"B01";"1";"32";"0";"2";"1";"1";"1";
"202000025439";"154 697 462";"A01";"2";"7";"0";"2";"3";"22";"1";
"202000025439";"154 697 463";"B01";"2";"1";"0";"2";"2";"1";"5";
"202000025440";"154 697 455";"A01";"1";"1";"14";"0";"7";"12";"5";
"202000025441";"154 697 454";"B01";"1";"1";"0";"2";"6";"2";"5";
"202000025441";"154 697 456";"A01";"1";"7";"0";"2";"2";"14";"1";
"202000025442";"154 697 452";"A01";"1";"32";"0";"2";"7";"21";"1";
"202000025443";"154 697 450";"A01";"1";"7";"0";"2";"3";"1";"1";
"202000025443";"154 697 453";"B01";"2";"80";"0";"2";"3";"1";"3";
"202000025444";"154 697 451";"A01";"1";"7";"0";"1";"1";"1";"2";
"202000025445";"154 697 449";"A01";"2";"7";"13";"0";"2";"1";"1";
"202000025446";"154 697 448";"A01";"1";"7";"0";"1";"3";"1";"1";
"202000025447";"154 697 447";"A01";"3";"33";"6";"0";"3";"13";"1";
"202000025448";"154 697 444";"A01";"1";"7";"0";"2";"7";"13";"1";
"202000025448";"154 697 446";"B01";"2";"7";"0";"2";"1";"1";"1";
"202000025449";"154 697 443";"A01";"2";"30";"0";"1";"1";"1";"1";
"202000025450";"154 697 442";"B01";"2";"1";"0";"2";"1";"1";"0";
"202000025450";"154 697 445";"A01";"3";"7";"0";"2";"8";"9";"1";
"202000025451";"154 697 441";"A01";"1";"7";"0";"0";"9";"21";"1";
"202000025452";"154 697 439";"B01";"1";"50";"0";"2";"1";"7";"3";
"202000025452";"154 697 440";"A01";"1";"10";"0";"2";"8";"22";"1";
"202000025453";"154 697 437";"B01";"1";"7";"0";"2";"3";"1";"1";
"202000025453";"154 697 438";"A01";"2";"7";"0";"2";"2";"9";"1";
"202000025454";"154 697 434";"B01";"3";"2";"0";"2";"1";"9";"1";
"202000025454";"154 697 436";"A01";"0";"7";"0";"2";"6";"0";"1";
"202000025455";"154 697 432";"B01";"2";"10";"0";"2";"3";"16";"1";
"202000025455";"154 697 435";"A01";"2";"1";"0";"2";"2";"1";"5";
"202000025456";"154 697 430";"A01";"0";"7";"0";"1";"1";"17";"1";
"202000025457";"154 697 427";"A01";"2";"7";"0";"2";"1";"13";"1";
"202000025457";"154 697 428";"B01";"1";"14";"0";"2";"3";"1";"1";
"202000025458";"154 697 429";"A01";"2";"1";"0";"0";"0";"1";"5";
"202000025459";"154 697 431";"A01";"3";"7";"0";"2";"3";"9";"0";
"202000025459";"154 697 433";"B01";"3";"30";"0";"2";"1";"2";"0";
"202000025460";"154 697 422";"B01";"1";"3";"0";"2";"1";"0";"0";
"202000025460";"154 697 424";"A01";"1";"3";"0";"2";"4";"0";"0";
"202000025461";"154 697 423";"A01";"1";"7";"0";"2";"7";"16";"1";
"202000025461";"154 697 425";"B01";"1";"50";"0";"2";"0";"1";"3";
"202000025462";"154 697 421";"A01";"1";"10";"0";"9";"2";"16";"1";
"202000025462";"154 697 426";"B01";"1";"1";"0";"2";"1";"21";"5";
"202000025463";"154 697 420";"A01";"3";"7";"0";"1";"4";"4";"1";
"202000025464";"154 697 418";"A01";"3";"7";"0";"2";"3";"15";"1";
"202000025464";"154 697 419";"B01";"3";"33";"0";"2";"1";"17";"1";
"202000025465";"154 697 417";"A01";"1";"7";"8";"0";"1";"0";"0";
"202000025466";"154 697 414";"A01";"2";"7";"0";"2";"8";"1";"1";
"202000025466";"154 697 415";"B01";"2";"7";"8";"2";"1";"2";"1";
"202000025467";"154 697 412";"A01";"2";"7";"3";"0";"1";"1";"1";
"202000025468";"154 697 413";"B01";"1";"7";"0";"0";"6";"1";"1";
"202000025468";"154 697 416";"A01";"0";"7";"0";"2";"1";"1";"1";
"202000025469";"154 697 409";"A01";"1";"10";"0";"2";"1";"9";"1";
"202000025469";"154 697 410";"B01";"1";"7";"0";"2";"4";"0";"1";
"202000025469";"154 697 411";"C01";"1";"7";"0";"2";"4";"0";"1";
"202000025470";"154 697 405";"A01";"2";"7";"3";"2";"0";"11";"1";
"202000025470";"154 697 408";"B01";"2";"7";"0";"2";"6";"1";"1";
"202000025471";"154 697 406";"A01";"1";"30";"0";"0";"8";"26";"1";
"202000025472";"154 697 402";"A01";"2";"33";"2";"0";"0";"1";"0";
"202000025473";"154 697 404";"A01";"2";"7";"3";"0";"1";"2";"1";
"202000025474";"154 697 401";"A01";"1";"7";"0";"2";"6";"13";"0";
"202000025474";"154 697 403";"B01";"1";"2";"2";"2";"2";"17";"0";
"202000025475";"154 697 400";"A01";"1";"7";"0";"1";"3";"1";"6";
"202000025476";"154 697 399";"A01";"2";"7";"13";"0";"0";"1";"1";
"202000025477";"154 697 396";"A01";"3";"1";"1";"2";"1";"15";"0";
"202000025477";"154 697 398";"B01";"1";"37";"0";"2";"1";"1";"0";"2"
"202000025478";"154 697 397";"A01";"2";"7";"8";"0";"0";"2";"1";
"202000025479";"154 697 391";"A01";"2";"32";"0";"2";"1";"1";"1";
"202000025479";"154 697 393";"B01";"2";"7";"0";"2";"3";"15";"1";
"202000025480";"154 697 392";"A01";"3";"2";"6";"0";"1";"13";"0";
"202000025481";"154 697 385";"A01";"0";"7";"1";"1";"3";"14";"1";
"202000025481";"154 697 388";"B01";"3";"7";"0";"1";"5";"24";"1";
"202000025482";"154 697 387";"A01";"1";"33";"1";"2";"7";"1";"0";
"202000025482";"154 697 389";"B01";"2";"7";"12";"0";"3";"23";"0";
"202000025483";"154 697 386";"A01";"3";"7";"0";"2";"2";"1";"3";
"202000025483";"154 697 390";"B01";"3";"32";"0";"2";"8";"1";"1";
"202000025484";"154 697 384";"A01";"2";"7";"9";"0";"0";"0";"1";
"202000025485";"154 697 382";"A01";"2";"7";"0";"2";"1";"2";"1";
"202000025485";"154 697 383";"B01";"1";"1";"0";"2";"1";"2";"5";
"202000025486";"154 697 379";"A01";" -1";"7";"0";"1";"1";"23";"1";
"202000025487";"154 697 378";"A01";"1";"7";"0";"2";"1";"17";"1";
"202000025487";"154 697 380";"B01";"2";"7";"0";"2";"1";"1";"1";
"202000025488";"154 697 377";"A01";"2";"7";"0";"2";"8";"13";"1";
"202000025488";"154 697 381";"B01";"1";"7";"0";"2";"1";"1";"1";
"202000025489";"154 697 376";"A01";"1";"7";"0";"1";"6";"4";"1";
"202000025490";"154 697 375";"A01";"3";"7";"0";"1";"1";"21";"1";
"202000025491";"154 697 372";"A01";"1";"10";"9";"2";"1";"1";"1";
"202000025491";"154 697 373";"B01";" -1";"7";"0";"2";"1";"1";"1";
"202000025492";"154 697 369";"A01";"1";"7";"0";"1";"3";"1";"1";
"202000025493";"154 697 368";"C01";"1";"7";"0";"2";"3";"1";"1";
"202000025493";"154 697 370";"B01";"1";"7";"3";"2";"2";"21";"1";
"202000025493";"154 697 371";"A01";"2";"7";"0";"2";"9";"13";"1";
"202000025494";"154 697 367";"A01";"3";"7";"0";"1";"1";"16";"1";
"202000025495";"154 697 365";"A01";"1";"7";"0";"2";"1";"13";"1";
"202000025495";"154 697 366";"B01";"2";"7";"0";"2";"1";"1";"1";
"202000025496";"154 697 364";"A01";"1";"37";"0";"0";"0";"26";"0";"2"
"202000025497";"154 697 361";"B01";"0";"33";"0";"2";"1";"1";"1";
"202000025497";"154 697 363";"A01";"0";"10";"0";"2";"1";"15";"1";
"202000025498";"154 697 360";"A01";"1";"33";"0";"2";"2";"26";"6";
"202000025498";"154 697 362";"Z01";"1";"32";"0";"0";"0";"0";"0";
"202000025499";"154 697 356";"B01";"3";"7";"0";"2";"1";"1";"1";
"202000025499";"154 697 357";"A01";"3";"1";"0";"2";"8";"19";"5";
"202000025500";"154 697 358";"A01";"2";"7";"0";"2";"2";"15";"1";
"202000025500";"154 697 359";"B01";"1";"33";"0";"2";"1";"1";"1";
"202000025501";"154 697 353";"A01";"2";"31";"0";"0";"8";"1";"1";
"202000025502";"154 697 351";"B01";"3";"15";"0";"0";"6";"23";"1";
"202000025502";"154 697 354";"A01";"3";"7";"1";"0";"8";"17";"1";
"202000025503";"154 697 348";"B01";"1";"10";"0";"2";"2";"15";"1";
"202000025503";"154 697 350";"A01";"2";"31";"0";"2";"2";"1";"1";
"202000025504";"154 697 346";"A01";"1";"7";"0";"2";"4";"1";"1";
"202000025504";"154 697 347";"B01";"1";"7";"0";"2";"4";"1";"1";
"202000025504";"154 697 349";"C01";"1";"7";"0";"2";"1";"1";"1";
"202000025505";"154 697 345";"A01";"2";"7";"2";"0";"7";"1";"1";
"202000025506";"154 697 352";"B01";"1";"1";"0";"2";"8";"15";"5";
"202000025506";"154 697 355";"Z01";"1";"3";"0";"2";"0";"0";"0";
"202000025507";"154 697 344";"A01";"2";"7";"4";"0";"1";"1";"1";
"202000025508";"154 697 342";"A01";"1";"30";"0";"2";"1";"2";"1";
"202000025508";"154 697 343";"B01";"1";"7";"0";"2";"4";"2";"1";
"202000025509";"154 697 338";"D01";"1";"10";"0";"2";"1";"2";"1";
"202000025509";"154 697 339";"C01";"1";"10";"0";"2";"3";"2";"1";
"202000025509";"154 697 340";"B01";"1";"7";"0";"2";"4";"2";"1";
"202000025509";"154 697 341";"A01";"1";"7";"0";"2";"4";"2";"1";
"202000025510";"154 697 336";"A01";"1";"33";"8";"0";"1";"14";"1";
"202000025511";"154 697 334";"A01";"0";"1";"0";"0";"1";"0";"5";
"202000025512";"154 697 335";"A01";"1";"7";"3";"0";"1";"0";"1";
"202000025513";"154 697 332";"A01";"2";"10";"4";"0";"3";"0";"1";
"202000025514";"154 697 333";"A01";"2";"7";"2";"0";"7";"0";"1";
"202000025515";"154 697 337";"A01";"2";"20";"0";"1";"5";"1";"1";
"202000025516";"154 697 328";"A01";"1";"7";"0";"2";"4";"1";"1";
"202000025516";"154 697 331";"Z01";"1";"7";"0";"2";"1";"1";"0";
"202000025517";"154 697 325";"A01";"2";"33";"6";"0";"3";"16";"1";
"202000025518";"154 697 326";"A01";"1";"32";"9";"0";"5";"16";"1";
"202000025518";"154 697 327";"B01";"1";"7";"0";"0";"0";"0";"0";
"202000025519";"154 697 323";"A01";"2";"7";"0";"1";"1";"13";"1";
"202000025520";"154 697 329";"B01";"3";"7";"0";"2";"1";"1";"1";
"202000025520";"154 697 330";"A01";"3";"33";"0";"2";"1";"1";"1";
"202000025521";"154 697 321";"A01";"2";"7";"0";"2";"1";"21";"0";
"202000025521";"154 697 322";"B01";"2";"7";"0";"2";"5";"2";"0";
"202000025521";"154 697 324";"C01";"2";"7";"0";"2";"8";"1";"0";
"202000025522";"154 697 320";"A01";"2";"2";"0";"0";"1";"1";"0";
"202000025523";"154 697 317";"A01";"2";"7";"2";"0";"0";"1";"1";
"202000025524";"154 697 318";"B01";"2";"7";"0";"2";"4";"1";"1";
"202000025524";"154 697 319";"A01";"2";"7";"0";"2";"1";"11";"1";
"202000025525";"154 697 316";"A01";"3";"7";"0";"1";"3";"1";"1";
"202000025526";"154 697 314";"A01";"1";"7";"0";"2";"1";"1";"1";
"202000025527";"154 697 312";"A01";"2";"7";"4";"0";"0";"26";"1";
"202000025528";"154 697 311";"A01";"1";"7";"4";"0";"3";"1";"1";
"202000025529";"154 697 310";"A01";"0";"7";"0";"1";"1";"1";"0";