"Num_Acc";"id_vehicule";"num_veh";"senc";"catv";"obs";"obsm";"choc";"manv";"motor";"occutc"
"202000025530";"154 697 309";"A01";"2";"7";"0";"0";"4";"23";"1";
"202000025530";"154 697 315";"B01";"2";"7";"0";"2";"1";"2";"1";
"202000025531";"154 697 306";"A01";"2";"7";"7";"0";"7";"1";"1";
"202000025532";"154 697 313";"A01";"1";"7";"6";"0";"7";"1";"1";
"202000025533";"154 697 307";"A01";"1";"7";"4";"0";"0";"0";"0";
"202000025533";"154 697 308";"B01";"1";"7";"4";"0";"0";"0";"0";
"202000025534";"154 697 304";"A01";"2";"3";"13";"0";"2";"2";"1";
"202000025535";"154 697 302";"B01";"2";"7";"0";"2";"1";"1";"1";
"202000025535";"154 697 305";"A01";"1";"7";"0";"2";"1";"15";"1";
"202000025536";"154 697 301";"B01";"3";"7";"0";"2";"4";"1";"0";
"202000025536";"154 697 303";"A01";"2";"7";"0";"2";"1";"1";"1";
"202000025537";"154 697 299";"A01";"1";"33";"13";"0";"7";"1";"1";
"202000025538";"154 697 297";"A01";"0";"7";"13";"0";"9";"1";"1";
"202000025539";"154 697 296";"A01";"0";"7";"0";"2";"1";"1";"1";
"202000025539";"154 697 298";"B01";"0";"2";"0";"0";"7";"17";"1";
"202000025540";"154 697 294";"B01";"1";"10";"0";"2";"1";"1";"1";
"202000025540";"154 697 295";"A01";"2";"7";"0";"2";"1";"15";"1";
"202000025541";"154 697 293";"A01";"1";"7";"0";"1";"3";"1";"1";
"202000025542";"154 697 292";"A01";"1";"7";"4";"0";"3";"1";"1";
"202000025543";"154 697 288";"A01";"2";"7";"0";"2";"3";"9";"1";
"202000025543";"154 697 300";"B01";"2";"7";"0";"2";"2";"1";"1";
"202000025544";"154 697 287";"A01";"2";"7";"13";"0";"2";"14";"1";
"202000025545";"154 697 286";"A01";"1";"7";"0";"0";"9";"14";"1";
"202000025546";"154 697 290";"A01";"1";"7";"0";"2";"1";"1";"1";
"202000025546";"154 697 291";"B01";"1";"7";"0";"2";"4";"1";"0";
"202000025547";"154 697 282";"B01";"2";"7";"12";"2";"2";"19";"1";
"202000025547";"154 697 285";"A01";"1";"7";"14";"2";"1";"1";"1";
"202000025548";"154 697 279";"E01";"1";"7";"0";"2";"0";"0";"0";
"202000025548";"154 697 280";"D01";"1";"7";"0";"2";"0";"2";"0";
"202000025548";"154 697 281";"B01";"1";"7";"0";"2";"6";"2";"0";
"202000025548";"154 697 283";"A01";"1";"7";"0";"2";"1";"1";"0";
"202000025548";"154 697 284";"C01";"1";"7";"0";"2";"0";"2";"0";
"202000025549";"154 697 278";"A01";"1";"7";"2";"0";"1";"0";"0";
"202000025550";"154 697 276";"A01";"1";"7";"0";"2";"4";"26";"0";
"202000025550";"154 697 277";"B01";"1";"7";"0";"2";"1";"26";"0";
"202000025551";"154 697 272";"A01";"0";"7";"13";"0";"1";"1";"1";
"202000025552";"154 697 271";"A01";"1";"33";"0";"5";"1";"1";"1";
"202000025553";"154 697 289";"A01";"1";"7";"0";"1";"3";"1";"1";
"202000025554";"154 697 269";"B01";"2";"31";"0";"2";"1";"1";"1";
"202000025554";"154 697 270";"A01";"1";"21";"0";"2";"3";"15";"1";
"202000025555";"154 697 268";"A01";"1";"33";"0";"0";"9";"1";"1";
"202000025556";"154 697 265";"B01";"1";"10";"0";"2";"1";"15";"1";
"202000025556";"154 697 267";"A01";"2";"34";"0";"2";"1";"1";"1";
"202000025557";"154 697 261";"B01";"2";"7";"0";"2";"3";"9";"1";
"202000025557";"154 697 262";"A01";"1";"31";"0";"2";"1";"1";"1";
"202000025558";"154 697 266";"B01";"2";"7";"1";"2";"6";"19";"1";
"202000025558";"154 697 273";"A01";"1";"7";"0";"2";"1";"19";"1";
"202000025559";"154 697 259";"B01";"2";"7";"0";"2";"4";"1";"1";
"202000025559";"154 697 260";"A01";"2";"7";"3";"2";"1";"1";"1";
"202000025560";"154 697 255";"B01";"1";"10";"0";"2";"4";"2";"1";
"202000025560";"154 697 257";"A01";"1";"10";"0";"2";"1";"2";"1";
"202000025560";"154 697 258";"C01";"1";"10";"0";"2";"4";"2";"0";
"202000025561";"154 697 254";"A01";"1";"32";"0";"2";"1";"21";"1";
"202000025561";"154 697 256";"B01";"1";"10";"0";"2";"8";"9";"1";
"202000025562";"154 697 252";"B01";"2";"1";"0";"2";"0";"0";"5";
"202000025562";"154 697 253";"A01";"2";"0";"0";"2";"1";"0";"0";
"202000025563";"154 697 250";"A01";"1";"7";"13";"0";"8";"5";"1";
"202000025564";"154 697 249";"A01";"0";"2";"0";"0";"0";"0";"0";
"202000025565";"154 697 248";"A01";"1";"7";"0";"9";"9";"26";"1";
"202000025566";"154 697 244";"B01";"1";"7";"0";"2";"3";"1";"1";
"202000025566";"154 697 245";"A01";"2";"7";"0";"2";"3";"13";"1";
"202000025567";"154 697 243";"A01";"3";"7";"0";"9";"1";"16";"1";
"202000025567";"154 697 251";"B01";"3";"1";"0";"2";"1";"26";"5";
"202000025568";"154 697 241";"B01";"3";"10";"0";"2";"2";"2";"1";
"202000025568";"154 697 242";"A01";"1";"2";"0";"2";"8";"2";"1";
"202000025569";"154 697 246";"B01";"3";"15";"0";"2";"1";"1";"1";
"202000025569";"154 697 247";"A01";"3";"7";"0";"2";"1";"5";"1";
"202000025570";"154 697 240";"A01";"1";"7";"0";"1";"3";"1";"1";
"202000025571";"154 697 236";"A01";"2";"14";"0";"2";"1";"2";"1";
"202000025571";"154 697 237";"B01";"2";"7";"0";"2";"4";"2";"1";
"202000025572";"154 697 238";"B01";"2";"7";"0";"2";"3";"15";"1";
"202000025572";"154 697 239";"A01";"2";"34";"0";"2";"1";"17";"1";
"202000025573";"154 697 233";"B01";"2";"7";"0";"0";"4";"1";"1";
"202000025573";"154 697 234";"C01";"2";"7";"0";"0";"4";"1";"1";
"202000025573";"154 697 235";"A01";"2";"7";"0";"2";"1";"1";"1";
"202000025574";"154 697 232";"A01";"2";"7";"0";"1";"1";"1";"1";
"202000025575";"154 697 231";"A01";"1";"7";"3";"0";"0";"21";"1";
"202000025576";"154 697 228";"A01";"0";"7";"0";"2";"1";"1";"1";
"202000025576";"154 697 229";"C01";"0";"7";"0";"2";"0";"1";"1";
"202000025576";"154 697 230";"B01";"0";"2";"0";"2";"4";"1";"1";
"202000025577";"154 697 227";"A01";"3";"33";"0";"0";"8";"1";"1";
"202000025578";"154 697 223";"B01";"1";"7";"0";"2";"8";"1";"0";
"202000025578";"154 697 225";"A01";"2";"7";"0";"2";"1";"1";"1";
"202000025579";"154 697 220";"C01";"1";"7";"0";"2";"3";"1";"1";
"202000025579";"154 697 221";"B01";"1";"33";"0";"2";"8";"1";"1";
"202000025579";"154 697 222";"A01";"2";"3";"0";"2";"3";"13";"1";
"202000025580";"154 697 218";"B01";"3";"7";"0";"2";"4";"1";"1";
"202000025580";"154 697 219";"A01";"3";"7";"0";"2";"1";"2";"1";
"202000025581";"154 697 216";"B01";"2";"2";"0";"2";"1";"13";"1";
"202000025581";"154 697 217";"A01";"1";"10";"0";"2";"1";"1";"1";
"202000025582";"154 697 213";"Z01";"1";"7";"0";"2";"1";"2";"0";
"202000025582";"154 697 214";"B01";"1";"31";"0";"2";"4";"2";"1";
"202000025582";"154 697 215";"C01";"1";"7";"0";"2";"6";"2";"1";
"202000025583";"154 697 211";"B01";"2";"7";"0";"2";"3";"1";"1";
"202000025583";"154 697 212";"A01";"1";"7";"0";"2";"3";"13";"1";
"202000025584";"154 697 209";"A01";"2";"2";"0";"2";"3";"15";"1";
"202000025584";"154 697 210";"B01";"1";"7";"0";"2";"2";"2";"1";
"202000025585";"154 697 205";"A01";"2";"7";"0";"0";"3";"9";"0";
"202000025585";"154 697 207";"B01";"2";"7";"0";"2";"1";"1";"0";
"202000025585";"154 697 208";"C01";"1";"7";"0";"2";"1";"1";"0";
"202000025586";"154 697 224";"A01";"1";"7";"0";"2";"2";"2";"1";
"202000025586";"154 697 226";"B01";"1";"1";"0";"2";"8";"2";"5";
"202000025587";"154 697 204";"B01";"1";"7";"0";"2";"4";"1";"1";
"202000025587";"154 697 206";"Z01";"1";"7";"0";"0";"0";"0";"1";
"202000025588";"154 697 202";"B01";"2";"21";"0";"2";"1";"1";"1";
"202000025588";"154 697 203";"A01";"1";"7";"0";"2";"1";"13";"1";
"202000025589";"154 697 200";"A01";"3";"33";"12";"0";"1";"9";"1";
"202000025590";"154 697 198";"A01";"2";"7";"0";"2";"4";"2";"1";
"202000025590";"154 697 199";"B01";"2";"13";"0";"2";"1";"2";"1";
"202000025591";"154 697 197";"A01";"2";"7";"15";"0";"1";"16";"2";
"202000025592";"154 697 195";"A01";"1";"7";"0";"2";"2";"14";"1";
"202000025592";"154 697 196";"B01";"1";"7";"0";"2";"3";"9";"1";
"202000025593";"154 697 193";"A01";"2";"7";"9";"2";"2";"2";"1";
"202000025593";"154 697 201";"B01";"2";"2";"9";"2";"4";"0";"1";
"202000025594";"154 697 191";"A01";"2";"7";"0";"2";"1";"0";"1";
"202000025595";"154 697 192";"B01";"1";"7";"0";"0";"5";"1";"1";
"202000025595";"154 697 194";"A01";"1";"7";"0";"2";"3";"2";"1";
"202000025596";"154 697 189";"B01";"2";"7";"0";"2";"8";"1";"1";
"202000025596";"154 697 190";"A01";"1";"7";"0";"2";"3";"1";"1";
"202000025597";"154 697 188";"A01";"0";"30";"8";"0";"1";"24";"1";
"202000025598";"154 697 187";"A01";"1";"10";"0";"0";"9";"1";"1";
"202000025599";"154 697 186";"A01";"3";"10";"0";"1";"3";"15";"1";
"202000025600";"154 697 184";"A01";"3";"7";"0";"1";"2";"1";"1";
"202000025601";"154 697 181";"A01";"1";"7";"1";"0";"1";"26";"0";
"202000025601";"154 697 182";"C01";"1";"7";"0";"2";"4";"23";"0";
"202000025601";"154 697 183";"B01";"1";"7";"0";"2";"4";"1";"0";
"202000025602";"154 697 185";"A01";"1";"33";"0";"0";"0";"1";"1";
"202000025603";"154 697 178";"A01";"3";"7";"0";"2";"1";"1";"1";
"202000025603";"154 697 179";"C01";"3";"3";"0";"2";"4";"1";"1";
"202000025603";"154 697 180";"B01";"3";"7";"0";"2";"4";"1";"1";
"202000025604";"154 697 177";"A01";"2";"7";"10";"0";"2";"1";"1";
"202000025605";"154 697 175";"B01";"1";"7";"0";"2";"4";"2";"1";
"202000025605";"154 697 176";"A01";"1";"7";"0";"2";"1";"2";"1";
"202000025606";"154 697 174";"A01";"3";"2";"15";"0";"1";"14";"1";
"202000025607";"154 697 172";"A01";"1";"1";"0";"2";"4";"1";"5";
"202000025607";"154 697 173";"B01";"1";"10";"0";"2";"4";"1";"1";
"202000025608";"154 697 170";"B01";"0";"2";"0";"2";"8";"2";"1";
"202000025608";"154 697 171";"A01";"0";"2";"6";"2";"7";"2";"1";
"202000025609";"154 697 167";"A01";"3";"7";"16";"0";"9";"1";"1";
"202000025610";"154 697 168";"B01";"3";"7";"0";"2";"7";"16";"1";
"202000025610";"154 697 169";"A01";"3";"30";"0";"2";"3";"18";"1";
"202000025611";"154 697 164";"B01";"1";"33";"0";"0";"0";"0";"1";
"202000025611";"154 697 166";"A01";"1";"0";"0";"2";"0";"0";"0";
"202000025612";"154 697 165";"A01";"2";"7";"3";"0";"2";"1";"1";
"202000025613";"154 697 160";"A01";"1";"7";"0";"2";"4";"1";"1";
"202000025613";"154 697 163";"B01";"1";"7";"0";"2";"1";"2";"1";
"202000025614";"154 697 159";"B01";"1";"7";"8";"2";"1";"1";"1";
"202000025614";"154 697 161";"C01";"2";"7";"0";"2";"2";"0";"1";
"202000025614";"154 697 162";"A01";"1";"7";"0";"2";"0";"26";"1";
"202000025615";"154 697 158";"A01";"1";"7";"4";"0";"1";"14";"1";
"202000025616";"154 697 157";"A01";"2";"7";"4";"0";"2";"14";"1";
"202000025617";"154 697 155";"A01";"2";"30";"2";"0";"1";"1";"1";
"202000025618";"154 697 154";"A01";"1";"32";"0";"2";"8";"3";"1";
"202000025618";"154 697 156";"B01";"1";"7";"0";"2";"7";"1";"1";
"202000025619";"154 697 153";"A01";"1";"33";"14";"0";"1";"1";"1";
"202000025620";"154 697 152";"A01";"1";"7";"4";"0";"1";"13";"1";
"202000025621";"154 697 150";"A01";"2";"33";"0";"0";"0";"1";"1";
"202000025621";"154 697 151";"B01";"2";"7";"0";"0";"0";"1";"1";
"202000025622";"154 697 146";"B01";"2";"7";"0";"2";"5";"9";"1";
"202000025622";"154 697 149";"A01";"2";"7";"0";"2";"2";"1";"1";
"202000025623";"154 697 145";"C01";"1";"7";"0";"2";"4";"9";"1";
"202000025623";"154 697 147";"B01";"1";"7";"0";"2";"4";"1";"1";
"202000025623";"154 697 148";"A01";"1";"7";"0";"2";"1";"1";"1";
"202000025624";"154 697 144";"A01";"3";"7";"0";"1";"7";"1";"1";
"202000025625";"154 697 143";"A01";"1";"80";"0";"1";"1";"1";"3";
"202000025626";"154 697 141";"A01";"1";"7";"0";"2";"1";"1";"1";
"202000025626";"154 697 142";"B01";"1";"7";"0";"2";"4";"1";"1";
"202000025627";"154 697 137";"A01";"1";"7";"0";"2";"1";"1";"1";
"202000025627";"154 697 139";"B01";"1";"7";"0";"2";"4";"1";"1";
"202000025628";"154 697 135";"A01";"1";"7";"0";"2";"1";"1";"1";
"202000025628";"154 697 136";"B01";"2";"7";"0";"2";"1";"1";"1";
"202000025629";"154 697 133";"B01";"1";"31";"0";"2";"1";"0";"0";
"202000025629";"154 697 134";"A01";"1";"7";"0";"0";"7";"16";"1";
"202000025630";"154 697 138";"A01";"3";"7";"9";"2";"8";"19";"1";
"202000025630";"154 697 140";"B01";"3";"7";"15";"1";"1";"19";"1";
"202000025631";"154 697 129";"B01";"1";"7";"1";"2";"7";"1";"1";
"202000025631";"154 697 131";"C01";"3";"7";"0";"2";"5";"0";"1";
"202000025631";"154 697 132";"A01";"3";"7";"0";"2";"1";"9";"1";
"202000025632";"154 697 130";"A01";"1";"7";"8";"0";"2";"25";"1";
"202000025633";"154 697 126";"B01";"1";"32";"0";"2";"3";"9";"0";
"202000025633";"154 697 128";"A01";"2";"7";"0";"2";"7";"10";"1";
"202000025634";"154 697 127";"A01";"3";"33";"11";"0";"1";"13";"1";
"202000025635";"154 697 125";"A01";"1";"7";"15";"0";"1";"1";"6";
"202000025636";"154 697 124";"A01";"1";"7";"13";"0";"1";"1";"1";
"202000025637";"154 697 123";"A01";"1";"7";"2";"0";"1";"13";"1";
"202000025638";"154 697 120";"B01";"3";"1";"0";"2";"2";"1";"5";
"202000025638";"154 697 122";"A01";"3";"10";"0";"2";"2";"16";"0";
"202000025639";"154 697 118";"A01";"1";"7";"0";"1";"4";"20";"1";
"202000025640";"154 697 119";"B01";"0";"2";"0";"2";"7";"0";"0";
"202000025640";"154 697 121";"A01";"1";"7";"0";"9";"1";"1";"0";
"202000025641";"154 697 116";"A01";"1";"7";"11";"0";"3";"13";"1";
"202000025642";"154 697 115";"B01";"3";"1";"0";"2";"1";"1";"5";
"202000025642";"154 697 117";"A01";"3";"7";"0";"2";"2";"1";"0";
"202000025643";"154 697 113";"A01";"1";"7";"6";"0";"1";"13";"1";
"202000025644";"154 697 111";"B01";"3";"10";"0";"2";"6";"16";"0";
"202000025644";"154 697 112";"A01";"2";"34";"0";"2";"1";"19";"1";
"202000025645";"154 697 109";"A01";"2";"7";"1";"0";"2";"21";"1";
"202000025645";"154 697 110";"B01";"2";"7";"0";"2";"6";"24";"1";
"202000025646";"154 697 107";"B01";"1";"33";"9";"2";"8";"1";"1";
"202000025646";"154 697 108";"A01";"1";"15";"0";"2";"7";"12";"0";
"202000025647";"154 697 114";"A01";"3";"7";"16";"0";"9";"0";"1";
"202000025648";"154 697 104";"A01";"3";"7";"0";"1";"3";"1";"1";
"202000025649";"154 697 105";"A01";"0";"7";"0";"2";"3";"15";"1";
"202000025649";"154 697 106";"B01";"0";"1";"0";"2";"1";"1";"0";
"202000025650";"154 697 102";"A01";"2";"7";"0";"2";"2";"13";"1";
"202000025650";"154 697 103";"B01";"1";"10";"0";"2";"2";"1";"1";
"202000025651";"154 697 098";"A01";"1";"7";"0";"2";"1";"2";"1";
"202000025651";"154 697 100";"B01";"1";"7";"0";"2";"4";"2";"1";
"202000025652";"154 697 099";"A01";"2";"30";"0";"2";"1";"17";"1";
"202000025652";"154 697 101";"Z01";"2";"7";"0";"2";"3";"15";"1";
"202000025653";"154 697 095";"A01";"1";"7";"1";"1";"4";"4";"1";
"202000025653";"154 697 096";"B01";"2";"7";"0";"2";"2";"24";"1";
"202000025653";"154 697 097";"E01";"2";"7";"0";"2";"1";"0";"1";
"202000025654";"154 697 094";"A01";"1";"7";"0";"1";"3";"1";"1";
"202000025655";"154 697 090";"A01";"1";"32";"0";"2";"3";"1";"1";
"202000025655";"154 697 092";"Z01";"1";"7";"0";"2";"7";"10";"1";
"202000025656";"154 697 087";"A01";"1";"10";"0";"2";"8";"10";"1";
"202000025656";"154 697 088";"B01";"1";"30";"0";"2";"1";"1";"1";
"202000025657";"154 697 084";"B01";"0";"10";"0";"2";"3";"1";"1";
"202000025657";"154 697 085";"A01";"0";"80";"0";"2";"5";"1";"3";
"202000025658";"154 697 083";"A01";"3";"7";"0";"2";"1";"2";"2";
"202000025658";"154 697 086";"Z01";"3";"7";"0";"2";"6";"23";"0";
"202000025659";"154 697 081";"B01";"2";"33";"0";"2";"1";"1";"0";
"202000025659";"154 697 082";"A01";"1";"7";"0";"2";"8";"19";"0";
"202000025660";"154 697 079";"B01";"3";"7";"0";"2";"5";"23";"2";
"202000025660";"154 697 080";"A01";"3";"7";"0";"2";"1";"1";"1";
"202000025661";"154 697 075";"C01";"1";"7";"0";"2";"6";"2";"1";
"202000025661";"154 697 077";"B01";"1";"7";"0";"2";"5";"1";"1";
"202000025661";"154 697 078";"A01";"1";"7";"0";"2";"1";"2";"1";
"202000025662";"154 697 074";"B01";"1";"32";"0";"2";"7";"17";"1";
"202000025662";"154 697 076";"A01";"1";"7";"0";"2";"3";"10";"1";
"202000025663";"154 697 072";"A01";"2";"7";"0";"1";"1";"2";"0";
"202000025664";"154 697 071";"A01";"1";"7";"0";"2";"1";"15";"1";
"202000025664";"154 697 073";"B01";"2";"34";"0";"2";"8";"1";"1";
"202000025665";"154 697 070";"A01";"2";"17";"0";"1";"3";"9";"1";
"202000025666";"154 697 069";"A01";"1";"10";"0";"1";"4";"25";"1";
"202000025667";"154 697 068";"A01";"1";"7";"0";"1";"3";"1";"1";
"202000025668";"154 697 065";"A01";"3";"7";"0";"2";"8";"11";"1";
"202000025668";"154 697 066";"B01";"3";"10";"0";"2";"7";"1";"1";
"202000025668";"154 697 067";"C01";"3";"7";"0";"2";"6";"1";"1";
"202000025669";"154 697 064";"A01";"2";"7";"2";"0";"8";"14";"1";
"202000025670";"154 697 062";"Z01";"3";"7";"0";"2";"3";"1";"0";
"202000025670";"154 697 063";"A01";"3";"1";"0";"2";"7";"1";"5";
"202000025671";"154 697 060";"B01";"0";"7";"0";"2";"5";"1";"0";
"202000025671";"154 697 061";"A01";"0";"30";"0";"2";"1";"26";"1";
"202000025672";"154 697 058";"B01";"2";"7";"0";"2";"1";"1";"1";
"202000025672";"154 697 059";"A01";"1";"33";"0";"2";"7";"13";"1";
"202000025673";"154 697 056";"A01";"1";"1";"0";"1";"1";"1";"5";
"202000025674";"154 697 055";"B01";"3";"7";"0";"0";"3";"1";"6";
"202000025674";"154 697 057";"A01";"3";"7";"0";"0";"1";"5";"6";
"202000025675";"154 697 053";"Z01";"1";"7";"0";"2";"2";"15";"1";
"202000025675";"154 697 054";"A01";"1";"43";"0";"2";"8";"18";"1";
"202000025676";"154 697 051";"A01";"1";"10";"0";"1";"2";"1";"1";
"202000025677";"154 697 050";"B01";"1";"32";"0";"2";"1";"1";"1";
"202000025677";"154 697 052";"A01";"1";"7";"0";"2";"3";"15";"1";
"202000025678";"154 697 048";"B01";"2";"10";"0";"2";"8";"9";"1";
"202000025678";"154 697 049";"A01";"2";"10";"0";"2";"1";"1";"1";
"202000025679";"154 697 046";"B01";"2";"10";"1";"0";"1";"2";"1";
"202000025679";"154 697 047";"A01";"2";"10";"0";"2";"4";"23";"1";
"202000025680";"154 697 043";"A01";"3";"34";"0";"2";"1";"1";"1";
"202000025680";"154 697 045";"B01";"3";"7";"0";"2";"3";"16";"1";
"202000025681";"154 697 042";"A01";"1";"2";"0";"2";"4";"1";"6";
"202000025681";"154 697 044";"B01";"1";"7";"0";"2";"2";"1";"6";
"202000025682";"154 697 040";"A01";"1";"13";"0";"2";"2";"2";"1";
"202000025682";"154 697 041";"B01";"1";"80";"0";"2";"8";"2";"3";
"202000025683";"154 697 038";"B01";"2";"1";"0";"2";"1";"1";"5";
"202000025683";"154 697 039";"A01";"2";"7";"0";"2";"0";"0";"3";
"202000025684";"154 697 037";"Z01";"1";"7";"0";"1";"0";"1";"1";
"202000025685";"154 697 036";"A01";"2";"7";"0";"1";"7";"1";"1";
"202000025686";"154 697 033";"B01";"1";"7";"0";"2";"4";"1";"1";
"202000025686";"154 697 034";"C01";"1";"7";"0";"2";"4";"1";"1";
"202000025686";"154 697 035";"A01";"1";"7";"0";"2";"1";"1";"1";
"202000025687";"154 697 031";"A01";"1";"7";"0";"2";"3";"26";"1";
"202000025687";"154 697 032";"B01";"0";"32";"0";"0";"0";"0";"1";
"202000025688";"154 697 029";"B01";"3";"7";"0";"2";"1";"1";"6";
"202000025688";"154 697 030";"A01";"3";"7";"8";"2";"3";"1";"6";
"202000025689";"154 697 027";"B01";"1";"7";"0";"2";"1";"1";"0";
"202000025689";"154 697 028";"A01";"1";"31";"0";"2";"8";"1";"0";
"202000025690";"154 697 025";"A01";"3";"7";"0";"2";"2";"15";"1";
"202000025690";"154 697 026";"B01";" -1";"33";"0";"2";"3";"1";"1";
"202000025691";"154 697 023";"B01";"1";"7";"0";"2";"1";"1";"0";
"202000025691";"154 697 024";"A01";"1";"7";"0";"2";"2";"1";"0";
"202000025692";"154 697 021";"B01";"1";"7";"0";"2";"2";"1";"1";
"202000025692";"154 697 022";"A01";"1";"32";"0";"2";"3";"9";"1";
"202000025693";"154 697 019";"A01";"3";"7";"14";"0";"5";"12";"1";
"202000025693";"154 697 020";"B01";"3";"32";"0";"2";"8";"1";"1";
"202000025694";"154 697 017";"A01";"2";"50";"0";"2";"1";"19";"3";
"202000025694";"154 697 018";"B01";"2";"7";"0";"9";"2";"1";"1";
"202000025695";"154 697 016";"A01";"1";"50";"0";"1";"8";"1";"3";
"202000025696";"154 697 015";"A01";"1";"30";"8";"0";"7";"26";"1";
"202000025697";"154 697 014";"A01";"1";"7";"0";"1";"2";"16";"1";
"202000025698";"154 697 011";"C01";"1";"7";"0";"2";"4";"2";"1";
"202000025698";"154 697 012";"B01";"1";"7";"0";"2";"4";"2";"6";
"202000025698";"154 697 013";"A01";"1";"7";"0";"2";"1";"2";"2";
"202000025699";"154 697 009";"B01";"1";"3";"0";"2";"4";"1";"1";
"202000025699";"154 697 010";"A01";"1";"10";"0";"2";"1";"1";"1";
"202000025700";"154 697 007";"B01";"2";"7";"0";"2";"4";"1";"1";
"202000025700";"154 697 008";"A01";"2";"32";"0";"2";"1";"1";"1";
"202000025701";"154 697 005";"B01";"2";"10";"0";"2";"7";"16";"1";
"202000025701";"154 697 006";"A01";"2";"32";"0";"2";"1";"1";"1";
"202000025702";"154 697 003";"B01";"2";"7";"0";"2";"1";"1";"1";
"202000025702";"154 697 004";"A01";"1";"7";"12";"2";"5";"14";"1";
"202000025703";"154 697 002";"A01";"2";"33";"12";"0";"1";"1";"1";
"202000025704";"154 697 001";"A01";"2";"17";"3";"0";"3";"1";"1";
"202000025705";"154 697 000";"A01";"1";"15";"0";"1";"3";"15";"1";
"202000025706";"154 696 996";"B01";"2";"7";"0";"2";"4";"2";"1";
"202000025706";"154 696 997";"D01";"2";"7";"0";"0";"4";"2";"1";
"202000025706";"154 696 998";"C01";"2";"7";"0";"2";"4";"2";"1";
"202000025706";"154 696 999";"A01";"2";"7";"0";"2";"1";"2";"1";
"202000025707";"154 696 994";"A01";"3";"33";"0";"2";"1";"16";"0";
"202000025707";"154 696 995";"B01";"3";"7";"0";"2";"8";"15";"0";
"202000025708";"154 696 992";"A01";"2";"7";"0";"2";"2";"2";"1";
"202000025708";"154 696 993";"B01";"2";"30";"0";"0";"4";"2";"1";
"202000025709";"154 696 991";"A01";"2";"33";"11";"0";"0";"2";"1";
"202000025710";"154 696 989";"B01";"3";"7";"0";"9";"7";"1";"1";
"202000025710";"154 696 990";"A01";"1";"1";"0";"2";"7";"15";"5";
"202000025711";"154 696 988";"A01";"2";"7";"0";"1";"3";"1";"1";
"202000025712";"154 696 987";"A01";"1";"7";"3";"0";"2";"1";"1";
"202000025713";"154 696 985";"B01";"1";"7";"0";"2";"2";"19";"1";
"202000025713";"154 696 986";"A01";"2";"7";"0";"2";"1";"1";"1";
"202000025714";"154 696 984";"A01";"1";"7";"2";"0";"9";"1";"1";
"202000025715";"154 696 983";"A01";"3";"2";"0";"0";"8";"1";"1";
"202000025716";"154 696 982";"A01";"1";"7";"0";"1";"2";"1";"1";
"202000025717";"154 696 980";"A01";"3";"33";"0";"2";"1";"13";"1";
"202000025717";"154 696 981";"B01";"3";"7";"0";"2";"8";"1";"0";
"202000025718";"154 696 978";"B01";"3";"31";"0";"2";"1";"1";"1";
"202000025718";"154 696 979";"A01";"3";"13";"0";"2";"2";"15";"1";
"202000025719";"154 696 977";"A01";"1";"7";"2";"0";"1";"1";"1";
"202000025720";"154 696 976";"A01";"2";"7";"17";"0";"7";"21";"1";
"202000025721";"154 696 975";"A01";"2";"7";"6";"0";"3";"1";"1";
"202000025722";"154 696 973";"B01";"2";"7";"0";"2";"7";"1";"1";
"202000025722";"154 696 974";"A01";"2";"7";"2";"2";"8";"1";"1";
"202000025723";"154 696 971";"A01";"2";"7";"0";"2";"7";"13";"1";
"202000025723";"154 696 972";"B01";"1";"7";"0";"2";"1";"1";"1";
"202000025724";"154 696 969";"A01";"1";"7";"0";"2";"2";"1";"1";
"202000025724";"154 696 970";"B01";"2";"50";"0";"2";"1";"1";"3";
"202000025725";"154 696 968";"A01";"1";"7";"0";"1";"2";"1";"1";
"202000025726";"154 696 967";"A01";"1";"7";"0";"0";"9";"13";"1";
"202000025727";"154 696 966";"A01";"0";"2";"0";"0";"0";"0";"1";
"202000025728";"154 696 965";"A01";"2";"7";"13";"0";"9";"1";"1";
"202000025729";"154 696 964";"A01";"1";"2";"0";"0";"1";"1";"0";
"202000025730";"154 696 963";"A01";"1";"10";"13";"0";"2";"1";"1";
"202000025731";"154 696 961";"A01";"2";"7";"0";"2";"1";"1";"1";
"202000025731";"154 696 962";"B01";"1";"7";"0";"2";"1";"13";"1";
"202000025732";"154 696 960";"A01";"2";"2";"0";"0";"0";"14";"1";
"202000025733";"154 696 959";"A01";"1";"7";"4";"0";"2";"1";"1";
"202000025734";"154 696 957";"B01";"1";"15";"0";"2";"2";"1";"0";
"202000025734";"154 696 958";"A01";"1";"7";"0";"2";"8";"9";"0";
"202000025735";"154 696 955";"A01";"1";"7";"3";"0";"1";"1";"6";
"202000025735";"154 696 956";"B01";"1";"33";"0";"0";"0";"1";"6";
"202000025736";"154 696 953";"A01";"1";"7";"3";"0";"9";"1";"1";
"202000025737";"154 696 952";"A01";"2";"7";"3";"0";"2";"14";"1";
"202000025738";"154 696 951";"A01";"1";"10";"13";"0";"9";"14";"1";
"202000025739";"154 696 950";"A01";"0";"10";"0";"0";"9";"26";"6";
"202000025740";"154 696 948";"B01";"2";"10";"0";"2";"3";"1";"1";
"202000025740";"154 696 949";"A01";"1";"7";"0";"2";"1";"15";"1";