"Num_Acc";"id_vehicule";"num_veh";"senc";"catv";"obs";"obsm";"choc";"manv";"motor";"occutc"
"202000026579";"154 695 479";"A01";"2";"7";"0";"2";"2";"15";"1";
"202000026579";"154 695 480";"B01";"0";"31";"0";"2";"1";"0";"1";
"202000026580";"154 695 477";"B01";"1";"7";"0";"2";"1";"1";"1";
"202000026580";"154 695 478";"A01";"1";"15";"0";"2";"1";"16";"1";
"202000026581";"154 695 475";"B01";"2";"7";"0";"2";"4";"1";"1";
"202000026581";"154 695 476";"A01";"2";"7";"0";"2";"1";"1";"1";
"202000026582";"154 695 474";"A01";"0";"31";"10";"0";"1";"1";"1";
"202000026583";"154 695 473";"A01";"1";"2";"0";"0";"1";"9";"1";
"202000026584";"154 695 471";"A01";"1";"7";"0";"2";"3";"13";"1";
"202000026584";"154 695 472";"B01";"2";"7";"0";"2";"3";"1";"1";
"202000026585";"154 695 470";"A01";"1";"7";"13";"0";"2";"14";"1";
"202000026586";"154 695 469";"A01";"1";"37";"0";"1";"1";"15";"0";"1"
"202000026587";"154 695 468";"A01";"2";"33";"3";"0";"1";"1";"1";
"202000026588";"154 695 466";"A01";"1";"7";"0";"2";"1";"16";"1";
"202000026588";"154 695 467";"B01";"2";"99";"0";"2";"7";"1";"3";
"202000026589";"154 695 464";"B01";"1";"7";"0";"2";"1";"0";"1";
"202000026589";"154 695 465";"A01";"1";"7";"7";"2";"1";"0";"1";
"202000026590";"154 695 460";"B01";"2";"2";"0";"2";"2";"1";"1";
"202000026590";"154 695 461";"A01";"2";"7";"0";"2";"8";"20";"1";
"202000026591";"154 695 459";"A01";"0";"7";"0";"1";"1";"1";"1";
"202000026592";"154 695 457";"A01";"2";"7";"0";"2";"1";"2";"1";
"202000026592";"154 695 458";"B01";"2";"3";"0";"2";"4";"2";"1";
"202000026593";"154 695 455";"B01";"2";"7";"0";"2";"1";"1";"1";
"202000026593";"154 695 456";"A01";"1";"3";"0";"2";"1";"11";"1";
"202000026594";"154 695 454";"A01";"1";"7";"0";"1";"1";"16";"1";
"202000026595";"154 695 453";"A01";"2";"7";"0";"1";"1";"1";"1";
"202000026596";"154 695 451";"B01";"1";"2";"0";"2";"1";"1";"1";
"202000026596";"154 695 452";"A01";"1";"7";"0";"2";"2";"15";"1";
"202000026597";"154 695 449";"A01";"1";"7";"0";"2";"1";"1";"1";
"202000026597";"154 695 450";"B01";"1";"7";"0";"2";"4";"1";"1";
"202000026598";"154 695 448";"A01";"2";"7";"3";"0";"3";"1";"1";
"202000026599";"154 695 446";"A01";"2";"33";"0";"2";"2";"17";"1";
"202000026599";"154 695 447";"B01";"2";"10";"0";"2";"8";"15";"1";
"202000026600";"154 695 444";"A01";"1";"31";"0";"0";"0";"1";"1";
"202000026600";"154 695 445";"B01";"0";"7";"0";"0";"0";"0";"0";
"202000026601";"154 695 441";"B01";"2";"33";"0";"2";"1";"1";"0";
"202000026601";"154 695 442";"A01";"1";"7";"0";"2";"2";"15";"0";
"202000026601";"154 695 443";"C01";"2";"7";"0";"2";"3";"1";"0";
"202000026602";"154 695 439";"B01";"2";"7";"0";"2";"1";"1";"1";
"202000026602";"154 695 440";"A01";"1";"7";"0";"2";"1";"1";"1";
"202000026603";"154 695 438";"A01";"1";"7";"0";"1";"1";"1";"0";
"202000026604";"154 695 437";"A01";"3";"7";"8";"0";"2";"1";"1";
"202000026605";"154 695 436";"A01";"1";"7";"9";"0";"1";"13";"0";
"202000026606";"154 695 434";"B01";"0";"7";"0";"2";"4";"23";"1";
"202000026606";"154 695 435";"A01";"0";"7";"0";"2";"1";"1";"1";
"202000026607";"154 695 432";"B01";"2";"10";"0";"2";"1";"1";"1";
"202000026607";"154 695 433";"A01";"1";"7";"0";"2";"0";"0";"1";
"202000026608";"154 695 431";"A01";"1";"7";"0";"1";"1";"1";"1";
"202000026609";"154 695 428";"A01";"1";"7";"0";"2";"1";"2";"0";
"202000026609";"154 695 429";"B01";"1";"7";"0";"2";"4";"2";"0";
"202000026609";"154 695 430";"C01";"1";"7";"0";"0";"4";"2";"0";
"202000026610";"154 695 426";"B01";"2";"7";"0";"2";"4";"23";"1";
"202000026610";"154 695 427";"A01";"2";"7";"0";"2";"1";"2";"1";
"202000026611";"154 695 424";"B01";"1";"7";"0";"2";"3";"11";"1";
"202000026611";"154 695 425";"A01";"1";"33";"0";"2";"2";"17";"1";
"202000026612";"154 695 423";"A01";"1";"7";"0";"1";"1";"15";"1";
"202000026613";"154 695 422";"A01";"1";"2";"0";"0";"0";"21";"1";
"202000026614";"154 695 420";"B01";"1";"7";"0";"2";"3";"14";"1";
"202000026614";"154 695 421";"A01";"1";"7";"0";"2";"2";"1";"1";
"202000026615";"154 695 419";"A01";"1";"7";"0";"9";"9";"1";"1";
"202000026616";"154 695 418";"A01";"1";"7";"0";"9";"8";"1";"1";
"202000026617";"154 695 415";"C01";"1";"7";"0";"2";"4";"2";"1";
"202000026617";"154 695 416";"B01";"1";"33";"0";"2";"4";"2";"1";
"202000026617";"154 695 417";"A01";"1";"7";"0";"2";"1";"2";"1";
"202000026618";"154 695 414";"A01";"1";"7";"13";"0";"9";"13";"1";
"202000026619";"154 695 412";"A01";"1";"7";"0";"9";"2";"16";"1";
"202000026619";"154 695 413";"B01";"2";"80";"0";"2";"3";"5";"3";
"202000026620";"154 695 410";"B01";"2";"7";"0";"2";"1";"2";"1";
"202000026620";"154 695 411";"A01";"2";"1";"0";"2";"8";"19";"5";
"202000026621";"154 695 408";"A01";"2";"7";"0";"2";"6";"1";"1";
"202000026621";"154 695 409";"B01";"3";"7";"0";"2";"1";"1";"1";
"202000026622";"154 695 407";"A01";"2";"7";"0";"1";"3";"1";"1";
"202000026623";"154 695 406";"A01";"1";"32";"9";"0";"2";"14";"1";
"202000026624";"154 695 405";"A01";"3";"1";"0";"0";"0";"26";"6";
"202000026625";"154 695 403";"B01";"0";"32";"0";"2";"1";"1";"1";
"202000026625";"154 695 404";"A01";"0";"7";"0";"2";"1";"15";"1";
"202000026626";"154 695 402";"A01";"2";"7";"1";"1";"2";"17";"1";
"202000026627";"154 695 401";"A01";"0";"14";"3";"0";"9";"1";"0";
"202000026628";"154 695 400";"A01";"1";"30";"0";"1";"1";"17";"1";
"202000026629";"154 695 398";"A01";"1";"7";"0";"2";"2";"15";"1";
"202000026629";"154 695 399";"B01";"2";"7";"0";"2";"1";"1";"1";
"202000026630";"154 695 396";"B01";"2";"7";"0";"2";"4";"2";"1";
"202000026630";"154 695 397";"A01";"2";"7";"0";"2";"1";"2";"1";
"202000026631";"154 695 395";"A01";"0";"10";"0";"1";"1";"1";" -1";
"202000026632";"154 695 392";"B01";"3";"10";"0";"2";"7";"20";"0";
"202000026632";"154 695 393";"C01";"3";"10";"1";"1";"8";"0";"0";
"202000026632";"154 695 394";"A01";"3";"10";"1";"2";"3";"18";"0";
"202000026633";"154 695 391";"A01";"3";"30";"0";"1";"1";"1";"1";
"202000026634";"154 695 390";"A01";"1";"7";"0";"1";"2";"1";"1";
"202000026635";"154 695 389";"A01";"2";"7";"0";"1";"2";"1";"1";
"202000026636";"154 695 388";"A01";"1";"7";"0";"1";"0";"13";"1";
"202000026637";"154 695 386";"B01";"2";"7";"0";"2";"1";"1";"1";
"202000026637";"154 695 387";"A01";"1";"7";"0";"2";"1";"19";"1";
"202000026638";"154 695 384";"A01";"1";"7";"0";"2";"7";"15";"1";
"202000026638";"154 695 385";"B01";"2";"7";"0";"2";"2";"1";"0";
"202000026639";"154 695 382";"A01";"1";"50";"11";"0";"1";"13";"3";
"202000026640";"154 695 381";"A01";"1";"2";"14";"0";"0";"1";"1";
"202000026641";"154 695 379";"B01";"1";"10";"0";"2";"2";"15";"1";
"202000026641";"154 695 380";"A01";"2";"30";"0";"2";"1";"1";"1";
"202000026642";"154 695 377";"A01";"1";"33";"0";"2";"3";"18";"1";
"202000026642";"154 695 378";"B01";"1";"7";"0";"2";"2";"16";"1";
"202000026643";"154 695 376";"A01";"1";"10";"0";"1";"1";"4";"1";
"202000026644";"154 695 374";"A01";"1";"7";"0";"2";"2";"10";"1";
"202000026644";"154 695 375";"B01";"2";"33";"0";"2";"1";"1";"1";
"202000026645";"154 695 372";"A01";"1";"33";"0";"2";"7";"1";"1";
"202000026645";"154 695 373";"Z01";"2";"7";"0";"2";"8";"15";"1";
"202000026646";"154 695 371";"A01";"3";"7";"0";"1";"1";"15";"1";
"202000026647";"154 695 370";"A01";"1";"10";"0";"1";"7";"22";"1";
"202000026648";"154 695 369";"A01";"1";"7";"0";"1";"3";"15";"2";
"202000026649";"154 695 368";"A01";"2";"1";"1";"0";"4";"1";"5";
"202000026650";"154 695 366";"A01";"2";"7";"0";"2";"5";"24";"2";
"202000026650";"154 695 367";"B01";"2";"31";"0";"2";"3";"18";"1";
"202000026651";"154 695 364";"B01";"2";"30";"0";"2";"1";"1";"1";
"202000026651";"154 695 365";"A01";"2";"7";"0";"2";"5";"16";"1";
"202000026652";"154 695 363";"A01";"1";"10";"0";"1";"5";"16";"1";
"202000026653";"154 695 362";"A01";"1";"7";"0";"1";"2";"9";"1";
"202000026654";"154 695 359";"A01";"3";"7";"1";"0";"2";"9";"1";
"202000026654";"154 695 360";"C01";"3";"7";"1";"0";"0";"0";"0";
"202000026654";"154 695 361";"B01";"3";"14";"0";"2";"3";"1";"1";
"202000026655";"154 695 357";"B01";"1";"33";"0";"0";"0";"0";"1";
"202000026655";"154 695 358";"A01";"1";"10";"0";"2";"3";"15";"0";
"202000026656";"154 695 354";"A01";"1";"7";"0";"2";"1";"1";"1";
"202000026656";"154 695 355";"B01";"1";"7";"0";"2";"4";"1";"1";
"202000026656";"154 695 356";"C01";"1";"7";"0";"0";"4";"1";"1";
"202000026657";"154 695 353";"A01";" -1";"30";"0";"1";"1";"0";"0";
"202000026658";"154 695 351";"A01";" -1";"7";"0";"0";"1";"19";"1";
"202000026658";"154 695 352";"B01";" -1";"7";"0";"0";"2";"1";"1";
"202000026659";"154 695 350";"Z01";"3";"7";"0";"1";"1";"26";"0";
"202000026660";"154 695 349";"A01";"1";"7";"0";"1";"2";"1";"1";
"202000026661";"154 695 347";"B01";"1";"7";"0";"2";"1";"1";"1";
"202000026661";"154 695 348";"A01";"1";"7";"0";"2";"8";"1";"1";
"202000026662";"154 695 345";"B01";"2";"7";"0";"2";"8";"20";"1";
"202000026662";"154 695 346";"A01";"2";"33";"0";"2";"1";"1";"1";
"202000026663";"154 695 343";"A01";"3";"7";"0";"2";"4";"9";"1";
"202000026663";"154 695 344";"B01";"1";"32";"0";"2";"1";"2";"1";
"202000026664";"154 695 342";"A01";"3";"7";"0";"1";"2";"16";"0";
"202000026665";"154 695 341";"A01";"1";"7";"0";"1";"2";"1";"0";
"202000026666";"154 695 339";"A01";"2";"7";"0";"2";"5";"2";"1";
"202000026666";"154 695 340";"B01";"2";"7";"0";"2";"0";"2";"0";
"202000026667";"154 695 338";"A01";"1";"15";"0";"1";"7";"17";"0";
"202000026668";"154 695 337";"A01";"0";"7";"0";"1";"1";"19";"1";
"202000026669";"154 695 335";"A01";"2";"7";"0";"2";"1";"10";"0";
"202000026669";"154 695 336";"B01";"1";"7";"0";"2";"1";"2";"1";
"202000026670";"154 695 333";"B01";"1";"32";"0";"2";"4";"2";"1";
"202000026670";"154 695 334";"A01";"1";"7";"0";"2";"1";"1";"1";
"202000026671";"154 695 331";"B01";"1";"7";"0";"2";"8";"1";"1";
"202000026671";"154 695 332";"A01";"1";"7";"0";"2";"3";"1";"1";
"202000026672";"154 695 330";"A01";"1";"32";"0";"0";"0";"0";"1";
"202000026673";"154 695 329";"A01";"2";"7";"1";"0";"2";"14";"1";
"202000026674";"154 695 328";"A01";"3";"7";"0";"1";"4";"4";"0";
"202000026675";"154 695 326";"B01";"1";"1";"0";"0";"0";"0";"0";
"202000026675";"154 695 327";"A01";"1";"7";"0";"2";"2";"17";"1";
"202000026676";"154 695 324";"A01";"0";"7";"0";"9";"3";"11";"1";
"202000026676";"154 695 325";"B01";"0";"1";"0";"2";"0";"1";"0";
"202000026677";"154 695 322";"A01";"3";"7";"0";"9";"8";"9";"1";
"202000026677";"154 695 323";"B01";"2";"1";"0";"2";"1";"2";"5";
"202000026678";"154 695 320";"A01";"1";"7";"5";"2";"3";"0";"1";
"202000026678";"154 695 321";"B01";"1";"14";"0";"2";"6";"1";"1";
"202000026679";"154 695 319";"A01";"2";"7";"2";"0";"3";"1";"1";
"202000026680";"154 695 317";"B01";"2";"14";"0";"0";"6";"2";"1";
"202000026680";"154 695 318";"A01";"2";"7";"0";"2";"2";"2";"1";
"202000026681";"154 695 316";"A01";"2";"7";"0";"0";"2";"1";"1";
"202000026682";"154 695 314";"A01";"1";"7";"0";"2";"2";"2";"1";
"202000026682";"154 695 315";"B01";"1";"7";"0";"0";"4";"2";"1";
"202000026683";"154 695 312";"B01";"2";"7";"0";"2";"1";"0";"1";
"202000026683";"154 695 313";"A01";"1";"10";"0";"2";"1";"17";"1";
"202000026684";"154 695 311";"A01";"0";"7";"0";"1";"2";"19";"0";
"202000026685";"154 695 309";"B01";"2";"7";"0";"0";"6";"15";"1";
"202000026685";"154 695 310";"A01";"1";"7";"0";"2";"3";"15";"1";
"202000026686";"154 695 308";"A01";"2";"7";"2";"0";"1";"1";"6";
"202000026687";"154 695 306";"A01";"2";"7";"0";"2";"1";"13";"1";
"202000026687";"154 695 307";"B01";"1";"10";"0";"2";"1";"1";"1";
"202000026688";"154 695 304";"A01";"3";"7";"0";"2";"3";"1";"1";
"202000026688";"154 695 305";"B01";"3";"7";"0";"2";"3";"1";"1";
"202000026689";"154 695 303";"A01";"0";"36";"0";"0";"0";"0";"1";
"202000026690";"154 695 301";"B01";"1";"21";"0";"2";"6";"1";"1";
"202000026690";"154 695 302";"A01";"2";"7";"0";"2";"1";"1";"1";
"202000026691";"154 695 300";"A01";"1";"7";"15";"0";"1";"1";"1";
"202000026692";"154 695 299";"A01";"1";"7";"14";"0";"1";"1";"1";
"202000026693";"154 695 297";"B01";"1";"30";"0";"2";"4";"2";"1";
"202000026693";"154 695 298";"A01";"1";"7";"0";"2";"1";"2";"1";
"202000026694";"154 695 296";"A01";"1";"7";"17";"0";"3";"1";"1";
"202000026695";"154 695 294";"A01";"1";"7";"0";"2";"3";"1";"1";
"202000026695";"154 695 295";"B01";"2";"7";"0";"2";"3";"1";"1";
"202000026696";"154 695 292";"B01";"1";"7";"8";"2";"3";"21";"1";
"202000026696";"154 695 293";"A01";"2";"7";"6";"2";"3";"13";"1";
"202000026697";"154 695 291";"A01";"1";"7";"0";"1";"2";"1";"1";
"202000026698";"154 695 290";"A01";"0";"7";"0";"1";"2";"1";"0";
"202000026699";"154 695 289";"A01";"1";"7";"2";"0";"8";"14";"1";
"202000026700";"154 695 288";"A01";"1";"7";"2";"0";"1";"1";"1";
"202000026701";"154 695 287";"A01";"2";"2";"0";"0";"1";"1";"1";
"202000026702";"154 695 286";"A01";"2";"7";"16";"0";"0";"1";"1";
"202000026703";"154 695 284";"B01";"1";"20";"0";"0";"6";"1";"1";
"202000026703";"154 695 285";"A01";"2";"7";"0";"2";"3";"1";"1";
"202000026704";"154 695 283";"A01";"2";"10";"15";"0";"1";"1";"1";
"202000026705";"154 695 282";"A01";"3";"2";"0";"0";"7";"1";"1";
"202000026706";"154 695 281";"A01";"2";"7";"0";"0";"0";"1";"0";
"202000026707";"154 695 279";"B01";"2";"1";"0";"2";"8";"2";"5";
"202000026707";"154 695 280";"A01";"2";"10";"0";"9";"5";"17";"1";
"202000026708";"154 695 278";"A01";"2";"7";"0";"0";"1";"0";"1";
"202000026709";"154 695 277";"A01";"3";"7";"9";"0";"1";"1";"1";
"202000026710";"154 695 271";"A01";"2";"7";"0";"2";"8";"17";"1";
"202000026710";"154 695 272";"B01";"1";"7";"0";"2";"3";"21";"1";
"202000026711";"154 695 269";"B01";"1";"7";"13";"2";"8";"10";"1";
"202000026711";"154 695 270";"A01";"1";"15";"0";"2";"2";"1";"1";
"202000026712";"154 695 267";"B01";"1";"7";"0";"2";"2";"15";"1";
"202000026712";"154 695 268";"A01";"2";"2";"0";"2";"1";"1";"1";
"202000026713";"154 695 265";"B01";"1";"15";"0";"2";"3";"1";"1";
"202000026713";"154 695 266";"A01";"2";"7";"0";"2";"3";"13";"1";
"202000026714";"154 695 264";"A01";"2";"7";"11";"0";"1";"1";"1";
"202000026715";"154 695 262";"B01";"0";"7";"0";"2";"0";"1";"1";
"202000026715";"154 695 263";"A01";"0";"7";"0";"2";"1";"1";"1";
"202000026716";"154 695 260";"A01";"2";"7";"0";"2";"3";"13";"1";
"202000026716";"154 695 261";"B01";"1";"7";"0";"2";"3";"1";"1";
"202000026717";"154 695 259";"A01";"1";"7";"0";"1";"2";"1";"1";
"202000026718";"154 695 257";"A01";"1";"7";"0";"2";"2";"11";"1";
"202000026718";"154 695 258";"B01";"2";"7";"0";"2";"2";"12";"1";
"202000026719";"154 695 256";"A01";"1";"7";"0";"1";"1";"1";"1";
"202000026720";"154 695 255";"A01";"1";"7";"2";"0";"1";"1";"1";
"202000026721";"154 695 254";"A01";"3";"7";"6";"0";"1";"1";"0";
"202000026722";"154 695 252";"B01";"1";"33";"0";"2";"2";"9";"1";
"202000026722";"154 695 253";"A01";"1";"7";"0";"0";"4";"9";"1";
"202000026723";"154 695 250";"A01";"1";"7";"0";"2";"1";"1";"1";
"202000026723";"154 695 251";"B01";"2";"7";"0";"2";"3";"9";"1";
"202000026724";"154 695 247";"C01";"1";"15";"0";"2";"8";"2";"0";
"202000026724";"154 695 248";"B01";"1";"7";"0";"2";"0";"1";"0";
"202000026724";"154 695 249";"A01";"2";"7";"0";"2";"0";"5";"0";
"202000026725";"154 695 244";"A01";"1";"7";"0";"2";"4";"9";"1";
"202000026725";"154 695 245";"C01";"2";"7";"0";"2";"2";"2";"1";
"202000026725";"154 695 246";"B01";"2";"7";"0";"2";"6";"2";"1";
"202000026726";"154 695 242";"A01";"2";"10";"0";"2";"2";"1";"1";
"202000026726";"154 695 243";"B01";"2";"7";"0";"2";"6";"13";"1";
"202000026727";"154 695 239";"C01";"1";"15";"0";"2";"3";"9";"1";
"202000026727";"154 695 240";"B01";"1";"7";"0";"2";"5";"2";"1";
"202000026727";"154 695 241";"A01";"1";"7";"0";"2";"4";"2";"1";
"202000026728";"154 695 238";"A01";"2";"7";"0";"0";"9";"1";"1";
"202000026729";"154 695 236";"A01";"2";"7";"0";"2";"2";"12";"1";
"202000026729";"154 695 237";"B01";"2";"33";"0";"2";"3";"3";"1";
"202000026730";"154 695 234";"A01";"1";"7";"0";"2";"1";"5";"1";
"202000026730";"154 695 235";"B01";"1";"7";"0";"2";"1";"1";"3";
"202000026731";"154 695 228";"D01";"1";"33";"0";"2";"1";"3";"1";
"202000026731";"154 695 229";"E01";"1";"10";"0";"2";"1";"1";"1";
"202000026731";"154 695 230";"F01";"1";"7";"0";"2";"1";"1";"1";
"202000026731";"154 695 231";"A01";"1";"7";"0";"2";"4";"1";"1";
"202000026731";"154 695 232";"B01";"1";"7";"0";"2";"1";"1";"1";
"202000026731";"154 695 233";"C01";"1";"7";"0";"2";"1";"1";"1";
"202000026732";"154 695 225";"C01";"1";"10";"0";"2";"4";"2";"1";
"202000026732";"154 695 226";"B01";"1";"7";"0";"2";"4";"2";"1";
"202000026732";"154 695 227";"A01";"1";"7";"0";"2";"1";"2";"1";
"202000026733";"154 695 222";"C01";"1";"7";"0";"2";"4";"2";"1";
"202000026733";"154 695 223";"B01";"1";"7";"0";"2";"4";"2";"1";
"202000026733";"154 695 224";"A01";"1";"7";"0";"2";"1";"26";"1";
"202000026734";"154 695 220";"A01";"1";"7";"0";"2";"6";"23";"1";
"202000026734";"154 695 221";"B01";"1";"10";"1";"0";"2";"1";"1";
"202000026735";"154 695 217";"B01";"2";"7";"0";"2";"4";"23";"1";
"202000026735";"154 695 218";"A01";"2";"7";"0";"2";"1";"1";"1";
"202000026735";"154 695 219";"C01";"2";"7";"0";"2";"4";"23";"1";
"202000026736";"154 695 215";"A01";"0";"7";"0";"2";"3";"1";"0";
"202000026736";"154 695 216";"B01";"0";"33";"0";"2";"2";"2";"0";
"202000026737";"154 695 211";"A01";"1";"7";"0";"2";"1";"1";"1";
"202000026737";"154 695 212";"B01";"0";"21";"0";"2";"2";"19";"1";
"202000026738";"154 695 210";"A01";"2";"10";"10";"0";"1";"14";"1";
"202000026739";"154 695 209";"A01";"1";"31";"0";"0";"8";"21";"1";
"202000026740";"154 695 207";"B01";"1";"7";"0";"2";"4";"1";"1";
"202000026740";"154 695 208";"A01";"1";"2";"0";"2";"1";"1";"1";
"202000026741";"154 695 206";"A01";"2";"33";"3";"0";"0";"0";"1";
"202000026742";"154 695 204";"B01";"1";"1";"0";"0";"4";"1";"5";
"202000026742";"154 695 205";"A01";"1";"10";"0";"2";"2";"1";"1";
"202000026743";"154 695 201";"B01";"2";"7";"10";"2";"4";"23";"1";
"202000026743";"154 695 202";"C01";"2";"7";"0";"2";"4";"23";"1";
"202000026743";"154 695 203";"A01";"2";"7";"1";"0";"1";"2";"1";
"202000026744";"154 695 200";"A01";"1";"36";"6";"0";"2";"0";"1";
"202000026745";"154 695 198";"A01";"2";"7";"0";"2";"3";"1";"1";
"202000026745";"154 695 199";"B01";"1";"33";"0";"2";"3";"1";"1";
"202000026746";"154 695 196";"B01";"2";"2";"0";"2";"1";"15";"1";
"202000026746";"154 695 197";"A01";"2";"7";"0";"2";"3";"16";"1";
"202000026747";"154 695 194";"A01";"2";"33";"6";"2";"1";"17";"0";
"202000026747";"154 695 195";"B01";"2";"7";"0";"2";"3";"15";"0";
"202000026748";"154 695 193";"A01";"2";"33";"13";"0";"8";"14";"1";
"202000026749";"154 695 192";"A01";"3";"1";"0";"1";"2";"0";" -1";
"202000026750";"154 695 190";"A01";"3";"7";"0";"0";"5";"20";"1";
"202000026750";"154 695 191";"B01";"3";"2";"0";"2";"1";"18";"3";
"202000026751";"154 695 189";"A01";"1";"7";"0";"1";"2";"1";"0";
"202000026752";"154 695 188";"A01";"2";"7";"2";"0";"9";"21";"1";
"202000026753";"154 695 186";"B01";"1";"32";"0";"2";"7";"1";"1";
"202000026753";"154 695 187";"A01";"0";"7";"0";"2";"3";"26";"1";
"202000026754";"154 695 184";"A01";"2";"33";"0";"2";"1";"17";"1";
"202000026754";"154 695 185";"B01";"1";"21";"0";"0";"6";"15";"1";
"202000026755";"154 695 183";"A01";"2";"7";"0";"0";"1";"1";"1";
"202000026756";"154 695 182";"A01";"1";"7";"13";"0";"1";"13";"0";
"202000026757";"154 695 179";"C01";"2";"10";"0";"0";"8";"23";"1";
"202000026757";"154 695 180";"A01";"2";"7";"0";"2";"5";"1";"1";
"202000026757";"154 695 181";"B01";"2";"10";"0";"2";"2";"1";"1";
"202000026758";"154 695 177";"A01";"1";"17";"0";"9";"2";"23";"1";
"202000026758";"154 695 178";"B01";"2";"1";"0";"0";"0";"16";"5";
"202000026759";"154 695 175";"B01";"2";"1";"0";"2";"1";"1";"5";
"202000026759";"154 695 176";"A01";"1";"7";"0";"2";"7";"15";"1";
"202000026760";"154 695 173";"B01";"1";"7";"0";"2";"1";"5";"1";
"202000026760";"154 695 174";"A01";"2";"7";"0";"2";"1";"13";"1";
"202000026761";"154 695 171";"B01";"3";"7";"0";"2";"3";"1";"1";
"202000026761";"154 695 172";"A01";"3";"2";"0";"2";"8";"13";"1";
"202000026762";"154 695 168";"C01";"0";"15";"0";"2";"0";"1";"1";
"202000026762";"154 695 169";"B01";"0";"7";"0";"0";"6";"2";"1";
"202000026762";"154 695 170";"A01";"0";"32";"0";"2";"0";"17";"1";
"202000026763";"154 695 166";"A01";"2";"7";"0";"2";"1";"2";"1";
"202000026763";"154 695 167";"B01";"2";"7";"0";"2";"4";"2";"1";
"202000026764";"154 695 165";"A01";"3";"38";"0";"1";"7";"16";"1";"1"
"202000026765";"154 695 162";"A01";"2";"7";"0";"0";"4";"2";"1";
"202000026765";"154 695 163";"B01";"2";"7";"0";"2";"4";"2";"1";
"202000026765";"154 695 164";"C01";"2";"33";"0";"2";"4";"2";"1";
"202000026766";"154 695 160";"A01";"2";"7";"0";"2";"1";"15";"1";
"202000026766";"154 695 161";"B01";"1";"7";"0";"2";"1";"1";"1";
"202000026767";"154 695 155";"C01";"2";"7";"0";"2";"5";"2";"1";
"202000026767";"154 695 156";"E01";"2";"7";"0";"0";"4";"2";"1";
"202000026767";"154 695 157";"B01";"2";"7";"0";"2";"4";"2";"1";
"202000026767";"154 695 158";"D01";"2";"7";"0";"2";"4";"2";"1";
"202000026767";"154 695 159";"A01";"2";"7";"0";"2";"1";"2";"0";
"202000026768";"154 695 153";"B01";"1";"15";"0";"2";"2";"1";"1";
"202000026768";"154 695 154";"A01";"2";"7";"0";"2";"5";"15";"1";
"202000026769";"154 695 152";"A01";"1";"1";"0";"0";"0";"1";"5";
"202000026770";"154 695 151";"A01";"1";"7";"4";"0";"1";"18";"1";
"202000026771";"154 695 149";"A01";"3";"7";"0";"2";"4";"4";"1";
"202000026771";"154 695 150";"B01";"0";"2";"0";"2";"6";"1";"1";
"202000026772";"154 695 145";"A01";"2";"7";"0";"2";"2";"13";"1";
"202000026772";"154 695 146";"B01";"1";"37";"0";"2";"3";"1";"1";"1"
"202000026773";"154 695 143";"B01";"1";"7";"0";"2";"3";"2";"6";
"202000026773";"154 695 144";"A01";"1";"33";"0";"2";"2";"17";"6";
"202000026774";"154 695 141";"A01";"1";"7";"0";"0";"4";"1";"1";
"202000026774";"154 695 142";"B01";"1";"33";"0";"2";"1";"2";"1";
"202000026775";"154 695 140";"A01";"1";"33";"0";"0";"8";"1";"1";
"202000026776";"154 695 138";"A01";"0";"10";"2";"0";"2";"1";"1";
"202000026777";"154 695 137";"A01";"1";"7";"0";"1";"1";"1";"1";
"202000026778";"154 695 136";"A01";"1";"33";"2";"0";"1";"0";"1";
"202000026779";"154 695 135";"A01";"1";"33";"7";"0";"0";"0";"1";
"202000026780";"154 695 134";"A01";"3";"7";"0";"1";"5";"4";"1";
"202000026781";"154 695 128";"B01";"2";"7";"0";"2";"3";"1";"1";
"202000026781";"154 695 129";"A01";"1";"2";"0";"2";"3";"13";"1";
"202000026782";"154 695 126";"B01";"2";"7";"0";"2";"8";"21";"1";
"202000026782";"154 695 127";"A01";"1";"7";"0";"2";"2";"13";"1";
"202000026783";"154 695 124";"A01";"1";"15";"0";"9";"5";"17";"1";
"202000026783";"154 695 125";"B01";"1";"1";"0";"2";"8";"1";" -1";
"202000026784";"154 695 122";"B01";"2";"7";"0";"2";"7";"1";"1";
"202000026784";"154 695 123";"A01";"3";"7";"0";"2";"7";"19";"1";
"202000026785";"154 695 120";"B01";"2";"3";"0";"2";"6";"23";"1";
"202000026785";"154 695 121";"A01";"2";"10";"0";"2";"1";"2";"1";
"202000026786";"154 695 117";"C01";"1";"7";"0";"2";"4";"1";"1";
"202000026786";"154 695 118";"B01";"1";"33";"0";"2";"1";"1";"1";
"202000026786";"154 695 119";"A01";"1";"7";"0";"2";"4";"11";"1";
"202000026787";"154 695 115";"B01";"2";"14";"0";"2";"4";"0";"0";
"202000026787";"154 695 116";"A01";"2";"10";"0";"2";"1";"2";"1";
"202000026788";"154 695 113";"B01";"1";"10";"0";"2";"4";"2";"1";
"202000026788";"154 695 114";"A01";"1";"33";"0";"2";"1";"2";"1";
"202000026789";"154 695 112";"A01";"2";"7";"0";"0";"9";"1";"1";
"202000026790";"154 695 110";"B01";"1";"7";"0";"2";"5";"9";"1";
"202000026790";"154 695 111";"A01";"1";"34";"0";"2";"1";"9";"1";