"Num_Acc";"id_vehicule";"num_veh";"senc";"catv";"obs";"obsm";"choc";"manv";"motor";"occutc"
"202000027003";"154 694 741";"A01";"1";"7";"0";"2";"1";"2";"1";
"202000027003";"154 694 743";"B01";"1";"7";"0";"2";"4";"2";"1";
"202000027003";"154 694 746";"C01";"1";"7";"0";"2";"4";"1";"1";
"202000027004";"154 694 736";"A01";"1";"30";"0";"2";"2";"14";"1";
"202000027004";"154 694 739";"B01";"1";"10";"0";"2";"3";"1";"3";
"202000027005";"154 694 738";"A01";"1";"7";"0";"2";"1";"14";"1";
"202000027005";"154 694 740";"B01";"1";"7";"0";"2";"6";"1";"2";
"202000027006";"154 694 735";"B01";"1";"7";"0";"2";"3";"11";"1";
"202000027006";"154 694 737";"A01";"1";"33";"4";"2";"2";"26";"1";
"202000027007";"154 694 734";"Z01";"2";"1";"0";"1";"1";"1";"5";
"202000027008";"154 694 732";"A01";"2";"7";"0";"2";"6";"1";"3";
"202000027008";"154 694 733";"B01";"2";"15";"0";"2";"2";"12";"6";
"202000027009";"154 694 730";"B01";"1";"10";"0";"2";"3";"2";"1";
"202000027009";"154 694 731";"A01";"1";"7";"3";"2";"1";"13";"1";
"202000027010";"154 694 729";"A01";"2";"10";"1";"0";"1";"13";"1";
"202000027011";"154 694 727";"A01";"2";"33";"6";"0";"3";"2";"1";
"202000027012";"154 694 722";"B01";"2";"10";"0";"2";"2";"16";"1";
"202000027012";"154 694 724";"A01";"2";"30";"0";"2";"3";"7";"3";
"202000027013";"154 694 723";"D01";"2";"7";"0";"2";"1";"26";"1";
"202000027013";"154 694 725";"C01";"2";"7";"14";"2";"1";"26";"1";
"202000027013";"154 694 726";"B01";"2";"7";"0";"2";"8";"26";"1";
"202000027013";"154 694 728";"A01";"2";"15";"0";"0";"0";"26";"1";
"202000027014";"154 694 721";"A01";"1";"32";"14";"0";"2";"1";"1";
"202000027015";"154 694 720";"A01";"1";"10";"7";"0";"5";"4";"1";
"202000027016";"154 694 718";"A01";"1";"33";"0";"2";"1";"11";"1";
"202000027016";"154 694 719";"B01";"2";"7";"0";"2";"1";"15";"1";
"202000027017";"154 694 715";"A01";"2";"17";"0";"2";"2";"2";"1";
"202000027017";"154 694 717";"B01";"2";"7";"0";"2";"6";"2";"1";
"202000027018";"154 694 714";"A01";"1";"7";"0";"1";"2";"26";"1";
"202000027018";"154 694 716";"B01";"1";"10";"0";"2";"3";"21";"1";
"202000027019";"154 694 710";"C01";"2";"7";"0";"2";"1";"1";"1";
"202000027019";"154 694 711";"B01";"2";"17";"0";"2";"1";"1";"1";
"202000027019";"154 694 713";"A01";"2";"7";"0";"2";"4";"11";"1";
"202000027020";"154 694 708";"A01";"3";"33";"0";"2";"2";"2";"1";
"202000027020";"154 694 712";"B01";"3";"7";"0";"2";"4";"1";"1";
"202000027021";"154 694 707";"A01";"1";"7";"4";"2";"6";"1";"1";
"202000027021";"154 694 709";"Z01";"1";"7";"0";"2";"1";"1";"0";
"202000027022";"154 694 706";"A01";"0";"7";"0";"1";"6";"20";"1";
"202000027023";"154 694 704";"Z01";"1";"0";"0";"2";"0";"0";"0";
"202000027023";"154 694 705";"A01";"1";"33";"7";"0";"1";"3";"1";
"202000027024";"154 694 699";"A01";"3";"7";"0";"2";"2";"1";"1";
"202000027024";"154 694 701";"B01";"3";"7";"0";"2";"8";"1";"1";
"202000027025";"154 694 700";"A01";"1";"33";"0";"2";"1";"19";"1";
"202000027025";"154 694 703";"B01";"2";"2";"0";"2";"8";"1";"0";
"202000027026";"154 694 698";"A01";"2";"7";"0";"2";"2";"16";"1";
"202000027026";"154 694 702";"B01";"1";"2";"0";"2";"1";"1";"1";
"202000027027";"154 694 693";"B01";"1";"7";"0";"2";"7";"15";"1";
"202000027027";"154 694 696";"A01";"2";"30";"0";"2";"0";"0";"0";
"202000027028";"154 694 694";"A01";"2";"34";"0";"2";"6";"18";"0";
"202000027028";"154 694 697";"B01";"2";"7";"0";"2";"5";"16";"1";
"202000027029";"154 694 695";"A01";"2";"10";"0";"1";"2";"16";"1";
"202000027030";"154 694 691";"B01";"2";"7";"0";"2";"5";"1";"1";
"202000027030";"154 694 692";"A01";"2";"2";"0";"2";"1";"21";"1";
"202000027031";"154 694 690";"A01";"1";"13";"6";"0";"1";"1";"1";
"202000027032";"154 694 687";"A01";"1";"7";"0";"1";"1";"16";"1";
"202000027033";"154 694 688";"A01";"2";"7";"0";"2";"2";"10";"1";
"202000027033";"154 694 689";"B01";"1";"31";"0";"2";"1";"1";"1";
"202000027034";"154 694 686";"A01";"2";"7";"0";"1";"2";"1";"1";
"202000027035";"154 694 684";"A01";"2";"7";"12";"0";"1";"26";"1";
"202000027036";"154 694 685";"A01";"1";"7";"6";"0";"1";"2";"1";
"202000027037";"154 694 679";"B01";"1";"7";"0";"2";"6";"2";"1";
"202000027037";"154 694 681";"A01";"1";"32";"0";"2";"2";"2";"1";
"202000027038";"154 694 680";"A01";"2";"13";"1";"0";"1";"1";"1";
"202000027038";"154 694 683";"B01";"2";"13";"1";"0";"4";"24";"1";
"202000027039";"154 694 678";"B01";"1";"17";"0";"2";"3";"1";"1";
"202000027039";"154 694 682";"A01";"2";"7";"0";"2";"1";"13";"1";
"202000027040";"154 694 672";"A01";"1";"2";"0";"2";"1";"1";"1";
"202000027040";"154 694 675";"B01";"1";"7";"0";"0";"8";"1";"1";
"202000027041";"154 694 673";"A01";"3";"7";"0";"2";"2";"26";"1";
"202000027041";"154 694 676";"B01";"1";"7";"0";"2";"1";"1";"1";
"202000027042";"154 694 671";"A01";"1";"7";"13";"0";"8";"13";"1";
"202000027043";"154 694 670";"B01";"2";"7";"0";"2";"3";"1";"1";
"202000027043";"154 694 674";"A01";"1";"7";"0";"2";"1";"13";"1";
"202000027044";"154 694 667";"B01";"1";"7";"0";"2";"2";"9";"1";
"202000027044";"154 694 669";"A01";"1";"31";"0";"2";"7";"5";"1";
"202000027045";"154 694 668";"A01";"1";"31";"13";"0";"0";"1";"1";
"202000027046";"154 694 666";"A01";"1";"7";"0";"1";"3";"17";"0";
"202000027047";"154 694 663";"A01";"2";"7";"2";"0";"3";"11";"0";
"202000027048";"154 694 664";"B01";"2";"1";"0";"2";"2";"1";"5";
"202000027048";"154 694 665";"A01";"2";"7";"0";"2";"1";"9";"6";
"202000027049";"154 694 660";"B01";"2";"7";"0";"2";"8";"21";"1";
"202000027049";"154 694 661";"C01";"2";"7";"0";"2";"2";"1";"1";
"202000027049";"154 694 662";"A01";"2";"7";"0";"2";"6";"1";"1";
"202000027050";"154 694 658";"A01";"2";"7";"2";"0";"7";"1";"0";
"202000027051";"154 694 657";"A01";"3";"30";"0";"2";"1";"26";"1";
"202000027051";"154 694 659";"B01";"3";"37";"0";"2";"6";"23";"1";"1"
"202000027052";"154 694 656";"A01";"3";"7";"0";"1";"5";"1";"1";
"202000027053";"154 694 655";"A01";"2";"32";"0";"0";"0";"1";"1";
"202000027054";"154 694 652";"A01";"2";"7";"13";"0";"1";"1";"1";
"202000027055";"154 694 651";"B01";"0";"1";"0";"2";"4";"1";"5";
"202000027055";"154 694 654";"A01";"0";"14";"0";"2";"3";"10";"1";
"202000027056";"154 694 650";"A01";"1";"7";"0";"2";"1";"15";"1";
"202000027056";"154 694 653";"B01";"1";"2";"0";"2";"1";"1";"1";
"202000027057";"154 694 649";"A01";"0";"7";"2";"0";"2";"0";"0";
"202000027058";"154 694 646";"A01";"1";"34";"0";"2";"1";"17";"0";
"202000027058";"154 694 648";"B01";"1";"7";"0";"2";"0";"26";"0";
"202000027059";"154 694 645";"B01";"0";"32";"0";"2";"7";"1";"1";
"202000027059";"154 694 647";"A01";"0";"7";"0";"2";"1";"1";"1";
"202000027060";"154 694 643";"B01";"2";"7";"0";"2";"3";"1";"1";
"202000027060";"154 694 644";"A01";"1";"7";"0";"0";"6";"15";"1";
"202000027061";"154 694 641";"A01";"0";"7";"0";"1";"2";"1";"1";
"202000027062";"154 694 639";"B01";"3";"7";"0";"2";"1";"14";"0";
"202000027062";"154 694 640";"A01";"3";"7";"0";"2";"6";"15";"0";
"202000027063";"154 694 638";"A01";"3";"7";"0";"1";"1";"0";"1";
"202000027064";"154 694 637";"A01";"3";"7";"6";"1";"1";"26";"0";
"202000027065";"154 694 634";"T01";"1";"7";"13";"2";"0";"2";"1";
"202000027065";"154 694 636";"A01";"1";"10";"12";"1";"2";"17";"1";
"202000027066";"154 694 633";"A01";"1";"7";"0";"2";"7";"15";"1";
"202000027066";"154 694 635";"B01";"2";"33";"0";"2";"1";"1";"1";
"202000027067";"154 694 630";"A01";"0";"7";"0";"2";"1";"1";"1";
"202000027067";"154 694 631";"B01";"0";"10";"0";"2";"2";"1";"1";
"202000027068";"154 694 629";"A01";"1";"1";"0";"0";"9";"1";"5";
"202000027069";"154 694 626";"A01";"2";"7";"0";"2";"3";"0";"1";
"202000027069";"154 694 627";"B01";"2";"33";"0";"2";"1";"0";"1";
"202000027070";"154 694 625";"A01";"2";"7";"6";"0";"1";"1";"1";
"202000027071";"154 694 623";"A01";"1";"33";"0";"2";"1";"1";"1";
"202000027072";"154 694 624";"A01";"1";"7";"0";"1";"8";"1";"0";
"202000027073";"154 694 622";"Z01";"0";"7";"0";"1";"1";"1";"0";
"202000027074";"154 694 621";"A01";"1";"43";"0";"0";"1";"1";"1";
"202000027075";"154 694 617";"A01";"1";"7";"3";"0";"3";"1";"1";
"202000027076";"154 694 616";"A01";"2";"7";"0";"2";"3";"9";"1";
"202000027076";"154 694 619";"B01";"2";"2";"0";"2";"5";"1";"1";
"202000027077";"154 694 615";"C01";"1";"7";"0";"2";"6";"0";"1";
"202000027077";"154 694 618";"B01";"2";"33";"1";"2";"7";"1";"1";
"202000027077";"154 694 620";"A01";"1";"7";"0";"2";"2";"17";"1";
"202000027078";"154 694 614";"A01";"3";"32";"7";"0";"1";"1";"1";
"202000027079";"154 694 610";"A01";"1";"7";"0";"2";"8";"2";"1";
"202000027079";"154 694 611";"B01";"1";"33";"0";"2";"5";"2";"1";
"202000027080";"154 694 612";"A01";"1";"10";"4";"0";"9";"13";"1";
"202000027081";"154 694 613";"A01";"1";"10";"6";"0";"1";"1";"1";
"202000027082";"154 694 609";"A01";"1";"7";"0";"1";"2";"1";"1";
"202000027083";"154 694 608";"A01";"1";"30";"0";"1";"1";"1";"1";
"202000027084";"154 694 607";"A01";"2";"7";"0";"1";"1";"26";"1";
"202000027085";"154 694 606";"A01";"1";"7";"14";"0";"1";"1";"1";
"202000027086";"154 694 605";"A01";"1";"7";"8";"0";"1";"9";"1";
"202000027087";"154 694 604";"A01";"2";"36";"0";"0";"8";"1";"1";
"202000027088";"154 694 598";"B01";"2";"7";"0";"2";"1";"16";"1";
"202000027088";"154 694 602";"A01";"1";"7";"0";"2";"3";"17";"1";
"202000027089";"154 694 600";"A01";"1";"7";"0";"2";"6";"15";"1";
"202000027089";"154 694 603";"B01";"1";"33";"0";"2";"1";"13";"1";
"202000027090";"154 694 597";"A01";"1";"31";"6";"1";"2";"1";"1";
"202000027091";"154 694 599";"B01";"2";"1";"0";"2";"1";"1";"5";
"202000027091";"154 694 601";"A01";"1";"1";"0";"2";"1";"17";"5";
"202000027092";"154 694 595";"A01";"1";"7";"0";"2";"1";"23";"1";
"202000027092";"154 694 596";"B01";"1";"7";"0";"2";"0";"0";"1";
"202000027093";"154 694 594";"A01";"3";"32";"8";"0";"1";"14";"1";
"202000027094";"154 694 592";"Z01";"1";"7";"0";"2";"1";"1";"1";
"202000027094";"154 694 593";"B01";"1";"7";"0";"2";"4";"1";"1";
"202000027095";"154 694 587";"A01";"1";"32";"0";"2";"8";"15";"1";
"202000027095";"154 694 590";"B01";"2";"33";"0";"2";"1";"1";"1";
"202000027096";"154 694 589";"A01";"1";"7";"0";"2";"3";"13";"0";
"202000027096";"154 694 591";"B01";"2";"7";"0";"0";"3";"1";"0";
"202000027097";"154 694 584";"A01";"2";"32";"0";"2";"0";"17";"1";
"202000027097";"154 694 585";"B01";"2";"99";"0";"0";"0";"0";"0";
"202000027098";"154 694 581";"A01";"1";"7";"0";"2";"1";"2";"1";
"202000027098";"154 694 582";"C01";"1";"7";"0";"2";"4";"2";"1";
"202000027098";"154 694 583";"B01";"1";"7";"0";"2";"9";"2";"1";
"202000027099";"154 694 578";"C01";"2";"7";"0";"2";"4";"1";"1";
"202000027099";"154 694 579";"B01";"2";"7";"0";"2";"4";"1";"1";
"202000027099";"154 694 580";"A01";"2";"7";"0";"2";"1";"1";"1";
"202000027100";"154 694 574";"B01";"3";"7";"0";"2";"1";"2";"1";
"202000027100";"154 694 575";"A01";"3";"7";"0";"2";"1";"26";"1";
"202000027101";"154 694 573";"A01";"3";"30";"0";"0";"8";"1";"1";
"202000027102";"154 694 572";"A01";"1";"10";"0";"1";"2";"9";"3";
"202000027103";"154 694 576";"A01";"2";"7";"0";"2";"1";"9";"1";
"202000027103";"154 694 577";"B01";"1";"7";"0";"2";"1";"1";"1";
"202000027104";"154 694 570";"B01";"1";"7";"0";"2";"3";"10";"1";
"202000027104";"154 694 571";"A01";"1";"30";"0";"2";"1";"1";"1";
"202000027105";"154 694 567";"A01";"2";"7";"0";"0";"4";"1";"1";
"202000027105";"154 694 569";"B01";"2";"7";"0";"2";"1";"1";"1";
"202000027106";"154 694 568";"A01";"1";"7";"0";"1";"1";"1";"1";
"202000027107";"154 694 586";"A01";"2";"7";"0";"2";"3";"13";"1";
"202000027107";"154 694 588";"B01";"1";"7";"0";"2";"3";"13";"1";
"202000027108";"154 694 565";"A01";"1";"7";"0";"1";"1";"1";"0";
"202000027109";"154 694 564";"B01";"2";"7";"0";"2";"6";"15";"0";
"202000027109";"154 694 566";"A01";"2";"7";"0";"2";"1";"1";"1";
"202000027110";"154 694 561";"A01";"1";"1";"0";"2";"0";"0";"0";
"202000027110";"154 694 563";"B01";"1";"10";"0";"2";"2";"2";"1";
"202000027111";"154 694 559";"B01";"1";"99";"0";"2";"4";"0";"0";
"202000027111";"154 694 562";"C01";"1";"7";"0";"2";"0";"0";"1";
"202000027112";"154 694 560";"A01";"2";"10";"0";"1";"1";"15";"0";
"202000027113";"154 694 556";"A01";"3";"2";"0";"0";"0";"15";"1";
"202000027113";"154 694 558";"B01";"3";"7";"0";"0";"9";"1";"1";
"202000027114";"154 694 555";"A01";"3";"30";"11";"0";"1";"1";"1";
"202000027115";"154 694 552";"B01";"2";"7";"0";"2";"4";"1";"0";
"202000027115";"154 694 553";"A01";"2";"15";"0";"2";"1";"1";"0";
"202000027116";"154 694 551";"A01";"3";"7";"0";"2";"8";"10";"1";
"202000027116";"154 694 557";"B01";"3";"30";"0";"2";"1";"1";"1";
"202000027117";"154 694 549";"A01";"3";"7";"0";"2";"2";"21";"1";
"202000027117";"154 694 550";"B01";"3";"7";"0";"0";"6";"2";"1";
"202000027117";"154 694 554";"C01";"3";"10";"0";"0";"0";"23";"1";
"202000027118";"154 694 547";"B01";"0";"7";"0";"2";"2";"21";"1";
"202000027118";"154 694 548";"A01";"0";"7";"0";"2";"1";"10";"1";
"202000027119";"154 694 544";"A01";"1";"7";"3";"0";"3";"1";"1";
"202000027120";"154 694 541";"B01";"1";"33";"0";"2";"8";"1";"1";
"202000027120";"154 694 542";"A01";"1";"7";"0";"2";"5";"9";"1";
"202000027121";"154 694 540";"A01";"1";"31";"14";"0";"1";"1";"1";
"202000027122";"154 694 537";"A01";"2";"15";"0";"2";"3";"15";"0";
"202000027122";"154 694 539";"B01";"1";"32";"0";"2";"1";"1";"1";
"202000027123";"154 694 536";"A01";"3";"13";"0";"2";"3";"15";"1";
"202000027123";"154 694 538";"B01";"3";"7";"0";"2";"1";"1";"1";
"202000027124";"154 694 546";"A01";"1";"1";"1";"0";"1";"14";"5";
"202000027125";"154 694 533";"A01";"3";"7";"0";"1";"2";"1";"1";
"202000027126";"154 694 532";"A01";"1";"10";"0";"1";"5";"4";"1";
"202000027127";"154 694 531";"A01";"3";"7";"0";"1";"3";"1";"1";
"202000027128";"154 694 529";"A01";"3";"32";"0";"9";"3";"26";"1";
"202000027129";"154 694 528";"A01";"3";"7";"0";"2";"6";"19";"0";
"202000027129";"154 694 530";"B01";"2";"2";"0";"2";"6";"0";"0";
"202000027130";"154 694 526";"A01";"2";"33";"1";"0";"1";"17";"1";
"202000027131";"154 694 523";"B01";"1";"7";"0";"2";"3";"1";"1";
"202000027131";"154 694 524";"A01";"2";"7";"0";"2";"3";"13";"0";
"202000027132";"154 694 534";"B01";"2";"80";"0";"2";"1";"1";"3";
"202000027132";"154 694 535";"A01";"1";"1";"0";"2";"1";"21";"5";
"202000027133";"154 694 525";"C01";"2";"7";"0";"2";"1";"1";"1";
"202000027133";"154 694 527";"B01";"1";"33";"0";"1";"0";"1";"1";
"202000027134";"154 694 521";"B01";"1";"7";"0";"2";"7";"15";"1";
"202000027134";"154 694 522";"A01";"2";"2";"0";"2";"1";"2";"1";
"202000027135";"154 694 519";"A01";"0";"10";"0";"9";"1";"0";"0";
"202000027135";"154 694 520";"B01";"0";"1";"0";"2";"1";"0";"5";
"202000027136";"154 694 518";"A01";"3";"36";"0";"1";"1";"26";"0";
"202000027137";"154 694 516";"A01";"2";"2";"0";"0";"1";"5";"1";
"202000027138";"154 694 513";"A01";"2";"7";"4";"0";"1";"1";"1";
"202000027139";"154 694 511";"B01";"1";"7";"0";"2";"4";"1";"1";
"202000027139";"154 694 512";"C01";"1";"7";"0";"2";"1";"1";"1";
"202000027139";"154 694 514";"D01";"1";"7";"0";"2";"4";"1";"1";
"202000027139";"154 694 515";"A01";"1";"7";"0";"2";"1";"17";"1";
"202000027140";"154 694 507";"A01";"3";"7";"0";"2";"1";"1";"1";
"202000027140";"154 694 509";"B01";"3";"10";"0";"2";"8";"1";"1";
"202000027141";"154 694 517";"A01";"2";"7";"13";"0";"2";"2";"1";
"202000027142";"154 694 506";"B01";"0";"7";"0";"0";"4";"1";"1";
"202000027142";"154 694 508";"A01";"0";"1";"0";"2";"1";"1";"5";
"202000027143";"154 694 504";"B01";"2";"2";"0";"2";"1";"17";"1";
"202000027143";"154 694 505";"A01";"2";"3";"0";"2";"8";"15";"1";
"202000027144";"154 694 503";"A01";"2";"30";"0";"0";"0";"13";"1";
"202000027145";"154 694 501";"A01";"0";"21";"13";"0";"2";"14";"1";
"202000027146";"154 694 500";"A01";"3";"7";"0";"1";"3";"1";"0";
"202000027147";"154 694 499";"B01";"1";"7";"2";"2";"2";"2";"1";
"202000027147";"154 694 502";"A01";"1";"7";"0";"2";"3";"10";"1";
"202000027148";"154 694 497";"A01";"2";"7";"0";"1";"1";"15";"1";
"202000027149";"154 694 498";"A01";"1";"7";"0";"0";"1";"1";"1";
"202000027150";"154 694 495";"A01";"1";"7";"0";"2";"1";"15";"1";
"202000027150";"154 694 496";"B01";"2";"33";"0";"2";"3";"1";"1";
"202000027151";"154 694 492";"B01";"1";"31";"0";"2";"1";"1";"0";
"202000027151";"154 694 493";"A01";"2";"7";"0";"2";"2";"17";"0";
"202000027152";"154 694 491";"A01";"0";"7";"13";"0";"3";"1";"0";
"202000027153";"154 694 490";"A01";"2";"3";"9";"0";"3";"13";"1";
"202000027154";"154 694 488";"A01";"2";"10";"0";"2";"2";"14";"1";
"202000027154";"154 694 489";"B01";"1";"7";"0";"2";"1";"1";"1";
"202000027155";"154 694 487";"A01";"0";"7";"0";"1";"4";"26";"1";
"202000027156";"154 694 486";"A01";"1";"7";"13";"0";"1";"1";"1";
"202000027157";"154 694 484";"A01";"1";"33";"0";"2";"3";"3";"1";
"202000027157";"154 694 485";"Z01";"1";"33";"0";"2";"7";"17";"0";
"202000027158";"154 694 483";"A01";"3";"7";"13";"0";"0";"1";"1";
"202000027159";"154 694 480";"A01";"2";"33";"0";"2";"1";"11";"1";
"202000027159";"154 694 481";"B01";"2";"33";"0";"2";"4";"3";"1";
"202000027159";"154 694 482";"C01";"2";"7";"0";"2";"6";"1";"1";
"202000027160";"154 694 479";"A01";"2";"33";"0";"0";"0";"1";"1";
"202000027161";"154 694 476";"A01";"1";"7";"0";"2";"3";"2";"1";
"202000027161";"154 694 478";"B01";"1";"7";"0";"1";"4";"23";"1";
"202000027162";"154 694 474";"A01";"3";"7";"0";"2";"1";"15";"1";
"202000027162";"154 694 477";"B01";"3";"33";"0";"2";"1";"1";"1";
"202000027163";"154 694 472";"A01";"2";"10";"0";"1";"1";"1";"1";
"202000027164";"154 694 475";"A01";"2";"7";"8";"0";"3";"1";"1";
"202000027165";"154 694 473";"B01";"0";"7";"0";"2";"4";"23";"1";
"202000027166";"154 694 470";"A01";"2";"7";"0";"2";"3";"16";"1";
"202000027166";"154 694 471";"B01";"1";"7";"0";"2";"1";"17";"1";
"202000027167";"154 694 467";"A01";"1";"7";"0";"1";"3";"15";"1";
"202000027168";"154 694 466";"A01";"3";"33";"0";"0";"8";"0";"1";
"202000027169";"154 694 462";"A01";"3";"31";"0";"2";"1";"0";"0";
"202000027169";"154 694 464";"B01";"3";"0";"0";"1";"4";"0";"6";
"202000027170";"154 694 463";"B01";"2";"7";"0";"2";"4";"23";"1";
"202000027170";"154 694 465";"Z01";"2";"7";"0";"2";"1";"1";"0";
"202000027171";"154 694 459";"B01";"1";"17";"0";"2";"4";"2";"1";
"202000027171";"154 694 460";"A01";"1";"10";"0";"2";"1";"2";"1";
"202000027172";"154 694 468";"B01";"2";"30";"0";"2";"1";"1";"1";
"202000027172";"154 694 469";"A01";"1";"10";"0";"2";"1";"15";"1";
"202000027173";"154 694 458";"B01";"1";"7";"0";"2";"3";"1";"1";
"202000027173";"154 694 461";"A01";"1";"33";"0";"2";"1";"1";"1";
"202000027174";"154 694 456";"A01";"1";"10";"0";"1";"2";"1";"1";
"202000027175";"154 694 455";"A01";"2";"1";"0";"2";"3";"1";"5";
"202000027175";"154 694 457";"Z01";"2";"7";"0";"2";"1";"19";"1";
"202000027176";"154 694 451";"A01";"3";"10";"0";"1";"4";"4";"1";
"202000027177";"154 694 452";"B01";"1";"7";"0";"2";"2";"16";"1";
"202000027177";"154 694 453";"A01";"1";"7";"0";"2";"3";"15";"1";
"202000027178";"154 694 450";"B01";"1";"10";"0";"2";"3";"10";"1";
"202000027178";"154 694 454";"A01";"1";"43";"0";"2";"1";"1";"1";
"202000027179";"154 694 448";"B01";"1";"7";"0";"2";"3";"1";"1";
"202000027179";"154 694 449";"A01";"2";"33";"0";"2";"1";"1";"1";
"202000027180";"154 694 446";"A01";"3";"7";"0";"2";"5";"16";"1";
"202000027180";"154 694 447";"B01";"3";"33";"0";"2";"3";"16";"1";
"202000027181";"154 694 444";"A01";"1";"7";"0";"2";"2";"16";"1";
"202000027181";"154 694 445";"B01";"1";"32";"0";"2";"3";"7";"1";
"202000027182";"154 694 443";"A01";"2";"7";"9";"0";"0";"0";"0";
"202000027183";"154 694 441";"A01";"1";"7";"0";"1";"1";"1";"2";
"202000027184";"154 694 440";"A01";"1";"7";"0";"2";"3";"22";"1";
"202000027184";"154 694 442";"B01";"1";"1";"0";"2";"1";"1";"5";
"202000027185";"154 694 436";"A01";"1";"33";"0";"2";"3";"17";"1";
"202000027185";"154 694 438";"B01";"2";"1";"0";"2";"3";"1";"5";
"202000027186";"154 694 433";"A01";"2";"32";"0";"1";"1";"1";"1";
"202000027187";"154 694 434";"A01";"2";"33";"0";"2";"8";"13";"0";
"202000027187";"154 694 439";"C01";"2";"7";"0";"2";"8";"1";"0";
"202000027188";"154 694 435";"B01";"2";"33";"0";"2";"3";"1";"1";
"202000027188";"154 694 437";"A01";"1";"7";"0";"2";"8";"26";"1";
"202000027189";"154 694 432";"A01";"2";"31";"14";"0";"1";"14";"1";
"202000027190";"154 694 430";"B01";"2";"33";"0";"0";"3";"2";"1";
"202000027190";"154 694 431";"A01";"2";"33";"0";"0";"5";"2";"1";
"202000027191";"154 694 429";"A01";"2";"30";"0";"0";"0";"1";"1";
"202000027192";"154 694 428";"A01";"3";"10";"0";"1";"3";"15";"1";
"202000027193";"154 694 426";"A01";"0";"33";"6";"0";"1";"1";"1";
"202000027194";"154 694 423";"A01";"3";"7";"0";"2";"1";"1";"1";
"202000027194";"154 694 425";"B01";"3";"1";"0";"2";"7";"1";"5";
"202000027195";"154 694 424";"B01";"1";"7";"0";"2";"2";"16";"1";
"202000027195";"154 694 427";"A01";"1";"7";"0";"2";"1";"2";"1";
"202000027196";"154 694 422";"A01";"1";"7";"4";"0";"2";"0";"1";
"202000027197";"154 694 420";"A01";"2";"7";"4";"0";"1";"21";"1";
"202000027198";"154 694 419";"A01";"1";"30";"0";"2";"8";"1";"0";
"202000027199";"154 694 418";"B01";"1";"34";"0";"2";"3";"0";"1";
"202000027199";"154 694 421";"A01";"2";"7";"0";"2";"3";"13";"0";
"202000027200";"154 694 417";"A01";"2";"33";"4";"0";"1";"13";"1";
"202000027201";"154 694 415";"B01";"1";"7";"0";"0";"3";"1";"1";
"202000027201";"154 694 416";"A01";"2";"33";"0";"2";"3";"13";"1";
"202000027202";"154 694 410";"A01";"2";"7";"4";"0";"3";"26";"1";
"202000027203";"154 694 411";"B01";"0";"50";"0";"2";"1";"0";"3";
"202000027203";"154 694 413";"A01";"1";"7";"0";"2";"1";"0";"1";
"202000027204";"154 694 412";"B01";"2";"7";"0";"2";"6";"9";"1";
"202000027204";"154 694 414";"A01";"2";"32";"0";"2";"1";"14";"2";
"202000027205";"154 694 409";"A01";"1";"10";"15";"1";"1";"1";"1";
"202000027206";"154 694 406";"B01";"2";"7";"0";"2";"4";"2";"1";
"202000027206";"154 694 407";"A01";"2";"7";"0";"2";"1";"2";"1";
"202000027207";"154 694 402";"B01";"1";"7";"0";"2";"4";"2";"1";
"202000027207";"154 694 408";"A01";"2";"7";"0";"2";"1";"2";"2";
"202000027208";"154 694 401";"A01";"1";"31";"11";"0";"1";"26";"1";
"202000027209";"154 694 403";"B01";"1";"7";"0";"2";"5";"23";"1";
"202000027209";"154 694 405";"A01";"1";"43";"0";"2";"1";"2";"1";
"202000027210";"154 694 396";"B01";"1";"1";"0";"2";"0";"1";"5";
"202000027210";"154 694 399";"A01";"2";"50";"0";"2";"1";"13";"3";
"202000027211";"154 694 398";"A01";"2";"7";"4";"0";"1";"26";"1";
"202000027212";"154 694 394";"A01";" -1";"10";"0";"1";"2";"20";"1";
"202000027213";"154 694 397";"A01";"2";"1";"1";"0";"2";"14";"5";
"202000027214";"154 694 400";"B01";"1";"33";"0";"2";"1";"1";"1";
"202000027214";"154 694 404";"A01";"1";"10";"0";"0";"0";"0";"1";
"202000027215";"154 694 393";"A01";"1";"10";"0";"2";"1";"2";"1";
"202000027215";"154 694 395";"B01";"1";"10";"0";"2";"4";"2";"1";
"202000027216";"154 694 391";"A01";"2";"80";"1";"2";"1";"1";"3";
"202000027217";"154 694 390";"A01";"1";"7";"0";"2";"2";"26";"1";
"202000027217";"154 694 392";"MB01";"2";"7";"0";"2";"3";"26";"1";
"202000027218";"154 694 382";"A01";"1";"33";"0";"2";"1";"1";"1";
"202000027218";"154 694 384";"B01";"2";"7";"0";"2";"2";"1";"1";
"202000027218";"154 694 386";"C01";"3";"7";"0";"2";"1";"15";"1";
"202000027219";"154 694 385";"B01";"3";"33";"0";"2";"7";"1";"1";
"202000027219";"154 694 387";"A01";"2";"7";"0";"2";"1";"9";"1";
"202000027220";"154 694 388";"B01";"2";"7";"4";"0";"1";"21";"2";
"202000027220";"154 694 389";"A01";"2";"7";"4";"0";"1";"9";"1";
"202000027221";"154 694 379";"Z01";"2";"0";"0";"1";"3";"2";"0";
"202000027222";"154 694 381";"B01";"1";"43";"0";"2";"1";"1";"1";