"Num_Acc";"id_vehicule";"num_veh";"senc";"catv";"obs";"obsm";"choc";"manv";"motor";"occutc"
"202000027434";"154 694 016";"A01";"1";"7";"0";"9";"7";"13";"1";
"202000027434";"154 694 017";"B01";"1";"1";"0";"2";"1";"1";"5";
"202000027435";"154 694 015";"A01";"3";"33";"1";"0";"2";"26";"1";
"202000027436";"154 694 013";"B01";"2";"17";"0";"2";"3";"14";"1";
"202000027436";"154 694 014";"A01";"2";"7";"0";"2";"8";"18";"1";
"202000027437";"154 694 011";"A01";"1";"37";"13";"0";"2";"1";"1";"6"
"202000027438";"154 694 012";"A01";"2";"7";"12";"0";"3";"21";"1";
"202000027439";"154 694 009";"A01";"1";"7";"0";"1";"3";"1";"1";
"202000027440";"154 694 008";"B01";"1";"7";"0";"2";"3";"1";"1";
"202000027440";"154 694 010";"A01";"2";"7";"0";"2";"1";"1";"1";
"202000027441";"154 694 007";"A01";"1";"7";"1";"0";"1";"13";"1";
"202000027442";"154 694 006";"A01";"1";"7";"6";"0";"1";"19";"0";
"202000027443";"154 694 003";"A01";"1";"7";"0";"2";"4";"15";"1";
"202000027443";"154 694 004";"B01";"1";"7";"0";"2";"1";"1";"1";
"202000027444";"154 694 001";"A01";"1";"2";"0";"0";"8";"1";"1";
"202000027445";"154 693 999";"C01";"1";"7";"0";"2";"8";"5";"0";
"202000027445";"154 694 002";"B01";"2";"7";"0";"2";"1";"2";"1";
"202000027445";"154 694 005";"A01";"2";"15";"0";"2";"8";"1";"1";
"202000027446";"154 694 000";"A01";"1";"7";"6";"0";"1";"26";"1";
"202000027447";"154 693 994";"B01";"1";"7";"0";"2";"4";"1";"1";
"202000027447";"154 693 996";"A01";"1";"7";"0";"2";"1";"1";"1";
"202000027448";"154 693 993";"A01";"1";"0";"0";"1";"0";"0";"0";
"202000027449";"154 693 991";"A01";"3";"10";"6";"0";"2";"16";"1";
"202000027450";"154 693 990";"B01";"3";"10";"0";"2";"6";"15";"1";
"202000027450";"154 693 992";"A01";"2";"7";"0";"2";"1";"1";"1";
"202000027451";"154 693 987";"A01";"1";"7";"0";"2";"1";"1";"1";
"202000027451";"154 693 989";"B01";"1";"7";"0";"2";"7";"1";"1";
"202000027452";"154 693 986";"A01";"3";"7";"0";"2";"2";"2";"1";
"202000027452";"154 693 988";"B01";"3";"1";"0";"2";"4";"1";"5";
"202000027453";"154 693 983";"A01";"2";"7";"0";"2";"1";"2";"1";
"202000027453";"154 693 984";"B01";"2";"7";"0";"2";"4";"2";"1";
"202000027453";"154 693 985";"C01";"2";"7";"0";"2";"5";"2";"1";
"202000027454";"154 693 981";"A01";"2";"7";"15";"0";"2";"14";"1";
"202000027455";"154 693 980";"B01";"1";"7";"0";"2";"1";"1";"1";
"202000027455";"154 693 982";"A01";"2";"7";"0";"2";"3";"13";"1";
"202000027456";"154 693 979";"A01";"1";"1";"0";"0";"0";"1";"5";
"202000027457";"154 693 977";"A01";"1";"7";"0";"1";"4";"20";"1";
"202000027458";"154 693 976";"A01";"1";"7";"0";"0";"1";"1";"1";
"202000027459";"154 693 975";"A01";"3";"10";"0";"1";"4";"4";"1";
"202000027460";"154 693 974";"A01";"1";"7";"0";"1";"1";"1";"1";
"202000027461";"154 693 972";"B01";"3";"7";"1";"0";"1";"1";"1";
"202000027461";"154 693 973";"A01";"3";"14";"0";"2";"4";"24";"1";
"202000027462";"154 693 970";"A01";"0";"7";"0";"1";"1";"17";"1";
"202000027463";"154 693 969";"A01";"2";"7";"0";"2";"2";"1";"1";
"202000027463";"154 693 971";"B01";"2";"1";"0";"0";"0";"0";"5";
"202000027464";"154 693 967";"B01";"3";"7";"0";"2";"5";"1";"1";
"202000027464";"154 693 968";"A01";"3";"7";"0";"2";"2";"2";"1";
"202000027465";"154 693 963";"B01";"2";"7";"0";"2";"1";"19";"1";
"202000027465";"154 693 966";"A01";"2";"7";"0";"2";"9";"7";"1";
"202000027466";"154 693 962";"A01";"3";"50";"12";"0";"1";"0";"3";
"202000027467";"154 693 964";"A01";"2";"7";"0";"2";"1";"1";"1";
"202000027467";"154 693 965";"B01";"3";"1";"0";"2";"7";"15";"5";
"202000027468";"154 693 961";"A01";"3";"7";"0";"1";"4";"9";"0";
"202000027469";"154 693 957";"A01";"2";"7";"0";"2";"3";"16";"1";
"202000027469";"154 693 960";"B01";"2";"37";"0";"2";"1";"1";"1";"2"
"202000027470";"154 693 956";"B01";"1";"7";"0";"0";"0";"0";"1";
"202000027470";"154 693 959";"A01";"1";"7";"0";"1";"1";"1";"1";
"202000027471";"154 693 955";"B01";"1";"30";"0";"2";"7";"16";"1";
"202000027471";"154 693 958";"A01";"1";"7";"0";"2";"3";"1";"1";
"202000027472";"154 693 954";"A01";"1";"2";"0";"0";"8";"1";"1";
"202000027473";"154 693 953";"A01";"2";"7";"15";"0";"1";"1";"1";
"202000027474";"154 693 951";"A01";"0";"7";"0";"1";"3";"1";"1";
"202000027475";"154 693 952";"A01";"3";"7";"4";"0";"3";"1";"1";
"202000027476";"154 693 948";"B01";"3";"1";"0";"2";"1";"1";"5";
"202000027476";"154 693 950";"A01";"3";"7";"0";"2";"1";"15";"1";
"202000027477";"154 693 946";"B01";"2";"31";"1";"2";"3";"21";"1";
"202000027477";"154 693 949";"A01";"2";"1";"1";"2";"2";"12";"5";
"202000027478";"154 693 945";"A01";"1";"7";"0";"2";"1";"2";"1";
"202000027478";"154 693 947";"B01";"1";"7";"0";"2";"4";"2";"1";
"202000027479";"154 693 942";"A01";"3";"1";"0";"1";"3";"19";"5";
"202000027480";"154 693 943";"B01";"2";"7";"0";"2";"4";"1";"0";
"202000027480";"154 693 944";"A01";"2";"7";"0";"2";"1";"1";"0";
"202000027481";"154 693 941";"A01";"0";"7";"0";"1";"4";"20";"1";
"202000027482";"154 693 940";"A01";"1";"7";"2";"0";"3";"14";"1";
"202000027483";"154 693 938";"Z01";"3";"31";"0";"2";"1";"19";"1";
"202000027483";"154 693 939";"A01";"1";"10";"0";"2";"7";"19";"1";
"202000027484";"154 693 937";"A01";"3";"7";"0";"1";"1";"1";"1";
"202000027485";"154 693 936";"A01";"1";"30";"0";"0";"8";"1";"1";
"202000027486";"154 693 935";"A01";"2";"7";"0";"1";"2";"9";"1";
"202000027487";"154 693 932";"B01";"2";"1";"0";"2";"2";"14";"0";
"202000027487";"154 693 934";"A01";"2";"10";"0";"2";"3";"9";"1";
"202000027488";"154 693 930";"A01";"1";"7";"0";"1";"0";"1";"1";
"202000027489";"154 693 931";"A01";"2";"7";"0";"2";"1";"15";"1";
"202000027489";"154 693 933";"B01";"1";"7";"0";"2";"1";"1";"1";
"202000027490";"154 693 925";"A01";"0";"7";"0";"4";"6";"9";"1";
"202000027490";"154 693 929";"B01";"0";"40";"0";"2";"1";"1";"2";
"202000027491";"154 693 924";"C01";"1";"7";"0";"2";"4";"1";"1";
"202000027491";"154 693 926";"B01";"1";"7";"0";"2";"4";"1";"1";
"202000027491";"154 693 927";"A01";"1";"7";"0";"2";"4";"1";"1";
"202000027492";"154 693 923";"A01";"3";"7";"0";"2";"3";"9";"1";
"202000027492";"154 693 928";"B01";"3";"30";"0";"2";"7";"1";"1";
"202000027493";"154 693 920";"A01";"0";"99";"0";"0";"0";"26";"1";
"202000027494";"154 693 918";"A01";"1";"7";"6";"0";"1";"2";"0";
"202000027495";"154 693 919";"B01";"2";"7";"0";"2";"4";"23";"0";
"202000027495";"154 693 921";"C01";"2";"7";"0";"2";"4";"23";"0";
"202000027495";"154 693 922";"A01";"2";"7";"0";"2";"1";"2";"1";
"202000027496";"154 693 915";"A01";"1";"7";"0";"1";"1";"16";"1";
"202000027497";"154 693 916";"Z01";"1";"7";"0";"0";"0";"0";"0";
"202000027497";"154 693 917";"A01";"1";"33";"0";"2";"1";"1";"1";
"202000027498";"154 693 914";"A01";"2";"0";"0";"1";"2";"19";"0";
"202000027499";"154 693 913";"A01";"1";"7";"0";"1";"3";"26";"1";
"202000027500";"154 693 911";"A01";"1";"30";"11";"0";"1";"1";"1";
"202000027501";"154 693 912";"A01";"3";"7";"8";"0";"1";"1";"1";
"202000027502";"154 693 910";"Z01";"2";"34";"0";"1";"1";"1";"0";
"202000027503";"154 693 906";"A01";"1";"50";"0";"1";"1";"7";"3";
"202000027504";"154 693 904";"A01";"2";"50";"0";"2";"3";"1";"3";
"202000027504";"154 693 905";"Z01";"2";"7";"0";"2";"7";"16";"0";
"202000027505";"154 693 900";"B01";"2";"1";"0";"2";"6";"1";"5";
"202000027505";"154 693 903";"A01";"2";"10";"0";"2";"2";"16";"1";
"202000027506";"154 693 901";"A01";"1";"7";"0";"2";"1";"2";"1";
"202000027506";"154 693 908";"B01";"1";"7";"0";"2";"4";"2";"1";
"202000027506";"154 693 909";"C01";"1";"7";"0";"2";"4";"16";"1";
"202000027507";"154 693 902";"A01";"1";"33";"0";"4";"3";"1";"1";
"202000027507";"154 693 907";"B01";"1";"40";"0";"2";"2";"1";"3";
"202000027508";"154 693 895";"A01";"1";"31";"0";"1";"1";"1";"1";
"202000027509";"154 693 894";"A01";"1";"31";"0";"1";"2";"1";"1";
"202000027510";"154 693 893";"A01";"3";"7";"0";"1";"4";"20";"1";
"202000027511";"154 693 896";"A01";"1";"2";"0";"2";"1";"1";"1";
"202000027511";"154 693 897";"B01";"2";"7";"0";"2";"7";"15";"1";
"202000027512";"154 693 890";"B01";"1";"7";"0";"2";"1";"23";"0";
"202000027512";"154 693 891";"A01";"1";"7";"0";"2";"0";"26";"6";
"202000027512";"154 693 892";"C01";"1";"7";"0";"2";"4";"23";"0";
"202000027513";"154 693 888";"Z01";"1";"7";"0";"1";"2";"1";"1";
"202000027514";"154 693 886";"A01";"2";"30";"0";"2";"1";"1";"0";
"202000027514";"154 693 889";"B01";"2";"7";"0";"0";"4";"1";"0";
"202000027515";"154 693 898";"A01";"2";"7";"0";"1";"1";"17";"1";
"202000027516";"154 693 884";"A01";"0";"7";"0";"2";"7";"26";"1";
"202000027516";"154 693 887";"B01";"0";"3";"0";"2";"1";"1";"0";
"202000027517";"154 693 883";"A01";"0";"7";"0";"2";"1";"1";"1";
"202000027517";"154 693 885";"B01";"1";"10";"0";"2";"3";"15";"1";
"202000027518";"154 693 878";"A01";"1";"2";"15";"0";"1";"0";"1";
"202000027519";"154 693 881";"B01";"3";"1";"0";"2";"1";"1";"5";
"202000027519";"154 693 882";"A01";"1";"7";"0";"2";"6";"9";"1";
"202000027520";"154 693 880";"A01";"3";"43";"0";"1";"1";"1";"1";
"202000027521";"154 693 877";"B01";"1";"31";"0";"2";"8";"1";"1";
"202000027521";"154 693 879";"A01";"1";"7";"0";"2";"8";"26";"1";
"202000027522";"154 693 875";"A01";"1";"7";"0";"1";"1";"19";"1";
"202000027523";"154 693 874";"A01";"1";"7";"0";"1";"3";"9";"0";
"202000027524";"154 693 873";"A01";"3";"7";"3";"0";"1";"26";"0";
"202000027525";"154 693 870";"B01";"1";"33";"0";"2";"2";"1";"1";
"202000027525";"154 693 872";"A01";"1";"7";"0";"2";"3";"11";"1";
"202000027526";"154 693 869";"B01";"1";"1";"0";"2";"5";"1";"5";
"202000027526";"154 693 871";"A01";"2";"10";"0";"2";"2";"1";"1";
"202000027527";"154 693 867";"A01";"1";"30";"0";"0";"7";"16";"1";
"202000027528";"154 693 866";"A01";"2";"10";"0";"1";"3";"15";"1";
"202000027529";"154 693 865";"Z01";"0";"99";"0";"1";"0";"5";"0";
"202000027530";"154 693 868";"B01";"2";"7";"0";"2";"7";"2";"1";
"202000027530";"154 693 876";"A01";"2";"7";"0";"2";"1";"1";"1";
"202000027531";"154 693 860";"A01";"1";"7";"0";"2";"2";"14";"1";
"202000027531";"154 693 862";"B01";"1";"7";"9";"0";"9";"1";"1";
"202000027532";"154 693 861";"A01";"1";"7";"0";"2";"3";"15";"1";
"202000027532";"154 693 863";"B01";"1";"7";"0";"2";"1";"17";"1";
"202000027533";"154 693 864";"A01";"1";"7";"0";"1";"7";"1";"1";
"202000027534";"154 693 855";"B01";"1";"7";"0";"2";"4";"2";"1";
"202000027534";"154 693 856";"E01";"1";"7";"0";"9";"2";"1";"1";
"202000027534";"154 693 857";"D01";"1";"7";"0";"9";"3";"1";"1";
"202000027534";"154 693 858";"C01";"1";"7";"0";"1";"1";"2";"1";
"202000027534";"154 693 859";"A01";"1";"7";"0";"2";"2";"18";"1";
"202000027535";"154 693 850";"A01";"1";"7";"0";"2";"1";"15";"1";
"202000027535";"154 693 854";"B01";"2";"30";"0";"2";"1";"1";"1";
"202000027536";"154 693 848";"A01";"1";"7";"0";"9";"3";"9";"1";
"202000027536";"154 693 853";"B01";"2";"1";"0";"2";"2";"1";"5";
"202000027537";"154 693 847";"B01";"2";"7";"8";"2";"1";"19";"1";
"202000027537";"154 693 852";"A01";"2";"7";"8";"2";"7";"19";"1";
"202000027538";"154 693 843";"A01";"1";"2";"0";"0";"0";"1";"1";
"202000027539";"154 693 842";"B01";"1";"7";"14";"2";"1";"1";"1";
"202000027539";"154 693 844";"A01";"1";"30";"0";"2";"1";"2";"1";
"202000027540";"154 693 841";"A01";"1";"17";"0";"1";"0";"16";"1";
"202000027541";"154 693 837";"A01";"2";"7";"0";"2";"3";"2";"1";
"202000027541";"154 693 838";"C01";"2";"7";"0";"2";"6";"0";"1";
"202000027541";"154 693 839";"B01";"2";"7";"0";"2";"5";"0";"1";
"202000027542";"154 693 835";"B01";"2";"33";"0";"2";"1";"1";"1";
"202000027542";"154 693 836";"A01";"1";"7";"0";"2";"3";"19";"1";
"202000027543";"154 693 849";"A01";"1";"7";"0";"2";"0";"0";"1";
"202000027543";"154 693 851";"B01";"1";"7";"0";"2";"0";"0";"1";
"202000027544";"154 693 845";"A01";"1";"10";"0";"2";"3";"9";"1";
"202000027544";"154 693 846";"B01";"1";"10";"0";"2";"2";"1";"1";
"202000027545";"154 693 840";"A01";"3";"7";"8";"0";"1";"15";"0";
"202000027546";"154 693 834";"A01";"1";"7";"4";"0";"9";"1";"1";
"202000027547";"154 693 826";"D01";"1";"17";"0";"2";"4";"2";"0";
"202000027547";"154 693 829";"C01";"1";"7";"0";"2";"1";"2";"0";
"202000027547";"154 693 830";"B01";"2";"17";"0";"2";"1";"5";"0";
"202000027547";"154 693 832";"A01";"1";"7";"0";"2";"1";"2";"1";
"202000027548";"154 693 825";"A01";"3";"3";"0";"2";"1";"2";"1";
"202000027548";"154 693 833";"B01";"3";"7";"0";"2";"4";"1";"1";
"202000027549";"154 693 828";"A01";"2";"7";"0";"2";"1";"15";"1";
"202000027549";"154 693 831";"B01";"1";"33";"0";"2";"1";"1";"1";
"202000027550";"154 693 823";"A01";"3";"1";"0";"2";"5";"1";"5";
"202000027550";"154 693 827";"B01";"3";"10";"0";"2";"3";"1";"1";
"202000027551";"154 693 822";"A01";"1";"32";"0";"2";"8";"3";"1";
"202000027551";"154 693 824";"B01";"1";"7";"0";"2";"7";"1";"1";
"202000027552";"154 693 820";"A01";"1";"7";"0";"1";"4";"4";"1";
"202000027553";"154 693 818";"C01";"3";"7";"0";"2";"1";"1";"2";
"202000027553";"154 693 819";"B01";"3";"10";"0";"2";"4";"16";"2";
"202000027553";"154 693 821";"A01";"3";"7";"0";"2";"1";"1";"1";
"202000027554";"154 693 811";"A01";"1";"30";"0";"2";"1";"1";"1";
"202000027554";"154 693 817";"B01";"1";"7";"0";"2";"3";"15";"2";
"202000027555";"154 693 813";"B01";"2";"7";"0";"2";"4";"23";"1";
"202000027555";"154 693 815";"A01";"2";"31";"0";"2";"1";"2";"1";
"202000027556";"154 693 812";"A01";"1";"14";"0";"2";"2";"16";"1";
"202000027556";"154 693 816";"B01";"1";"80";"0";"2";"0";"1";"3";
"202000027557";"154 693 814";"A01";"2";"7";"1";"0";"2";"0";"1";
"202000027558";"154 693 808";"A01";"1";"15";"0";"2";"5";"16";"1";
"202000027558";"154 693 810";"B01";"1";"1";"0";"2";"1";"1";"5";
"202000027559";"154 693 807";"B01";"1";"1";"0";"2";"1";"1";"5";
"202000027559";"154 693 809";"A01";"1";"10";"0";"2";"3";"22";"1";
"202000027560";"154 693 801";"A01";"1";"7";"0";"1";"2";"1";"1";
"202000027561";"154 693 802";"A01";"1";"10";"0";"2";"5";"15";"1";
"202000027561";"154 693 805";"C01";"1";"37";"0";"2";"1";"1";"1";"1"
"202000027561";"154 693 806";"B01";"1";"30";"0";"2";"1";"17";"1";
"202000027562";"154 693 803";"A01";"3";"7";"0";"2";"1";"15";"1";
"202000027562";"154 693 804";"B01";"3";"2";"0";"2";"1";"1";"1";
"202000027563";"154 693 794";"A01";"3";"34";"0";"2";"1";"1";"1";
"202000027563";"154 693 798";"B01";"3";"1";"0";"2";"7";"19";"5";
"202000027564";"154 693 793";"B01";"0";"7";"0";"2";"1";"2";"1";
"202000027564";"154 693 797";"A01";"3";"7";"0";"2";"4";"2";"1";
"202000027565";"154 693 795";"A01";"1";"7";"0";"2";"7";"15";"1";
"202000027565";"154 693 800";"B01";"1";"30";"0";"2";"1";"1";"1";
"202000027566";"154 693 791";"D01";"2";"7";"1";"2";"4";"24";" -1";
"202000027566";"154 693 792";"B01";"1";"7";"0";"2";"4";"23";"1";
"202000027566";"154 693 796";"A01";"1";"7";"1";"2";"1";"1";"1";
"202000027566";"154 693 799";"C01";"1";"7";"1";"0";"0";"26";"1";
"202000027567";"154 693 789";"A01";"3";"7";"0";"2";"7";"9";"1";
"202000027567";"154 693 790";"B01";"3";"33";"0";"2";"3";"1";"1";
"202000027568";"154 693 786";"A01";"0";"7";"0";"1";"1";"1";"1";
"202000027569";"154 693 782";"B01";"3";"80";"0";"2";"1";"13";"3";
"202000027569";"154 693 784";"A01";"3";"80";"0";"2";"3";"13";"3";
"202000027570";"154 693 787";"B01";"2";"31";"0";"2";"2";"1";"1";
"202000027570";"154 693 788";"A01";"2";"7";"0";"2";"2";"12";"1";
"202000027571";"154 693 780";"B01";"2";"15";"0";"2";"1";"2";"1";
"202000027571";"154 693 781";"A01";"2";"7";"4";"0";"1";"1";"1";
"202000027572";"154 693 783";"B01";"1";"7";"0";"2";"3";"2";"1";
"202000027572";"154 693 785";"A01";"1";"7";"0";"2";"6";"2";"1";
"202000027573";"154 693 777";"A01";"1";"7";"0";"2";"2";"16";"1";
"202000027573";"154 693 778";"B01";"1";"33";"0";"2";"3";"3";"1";
"202000027574";"154 693 773";"A01";"1";"7";"0";"2";"6";"15";"1";
"202000027574";"154 693 779";"B01";"2";"1";"0";"2";"3";"1";"5";
"202000027575";"154 693 775";"B01";"1";"34";"0";"2";"0";"0";"1";
"202000027575";"154 693 776";"A01";"3";"7";"14";"0";"2";"2";"1";
"202000027576";"154 693 772";"B01";"1";"7";"0";"2";"4";"1";"1";
"202000027576";"154 693 774";"A01";"1";"7";"0";"2";"2";"9";"1";
"202000027577";"154 693 766";"A01";"2";"10";"0";"2";"8";"22";"1";
"202000027577";"154 693 771";"B01";"2";"1";"0";"2";"1";"1";"5";
"202000027578";"154 693 767";"A01";"1";"7";"0";"1";"1";"15";"6";
"202000027579";"154 693 768";"A01";"1";"7";"4";"2";"2";"1";"1";
"202000027579";"154 693 770";"B01";"1";"7";"0";"2";"6";"1";"1";
"202000027580";"154 693 765";"A01";"3";"80";"0";"2";"1";"19";"3";
"202000027580";"154 693 769";"B01";"3";"7";"0";"2";"4";"1";"1";
"202000027581";"154 693 760";"A01";"1";"99";"0";"2";"8";"15";"1";
"202000027581";"154 693 764";"B01";"2";"1";"0";"2";"7";"1";"5";
"202000027582";"154 693 761";"A01";"1";"1";"0";"0";"8";"1";"5";
"202000027583";"154 693 762";"A01";"2";"7";"0";"1";"6";"20";"1";
"202000027584";"154 693 758";"A01";"2";"30";"12";"0";"3";"17";"1";
"202000027585";"154 693 759";"A01";"1";"33";"0";"2";"7";"17";"1";
"202000027585";"154 693 763";"B01";"2";"7";"0";"2";"1";"15";"6";
"202000027586";"154 693 757";"A01";"3";"7";"0";"1";"1";"1";"1";
"202000027587";"154 693 754";"B01";"1";"33";"0";"2";"1";"1";"1";
"202000027587";"154 693 755";"A01";"2";"10";"0";"2";"3";"10";"1";
"202000027588";"154 693 750";"A01";"1";"30";"1";"0";"7";"1";"1";
"202000027589";"154 693 748";"A01";"2";"7";"0";"2";"6";"2";"0";
"202000027589";"154 693 752";"B01";"2";"33";"0";"2";"1";"2";"0";
"202000027590";"154 693 747";"B01";"2";"2";"0";"2";"1";"1";"1";
"202000027590";"154 693 749";"A01";"1";"7";"0";"2";"3";"10";"1";
"202000027590";"154 693 753";"T01";" -1";" -1";" -1";" -1";" -1";" -1";" -1";
"202000027591";"154 693 744";"A01";"1";"50";"0";"1";"1";"7";"3";
"202000027592";"154 693 745";"B01";"2";"7";"0";"2";"1";"1";"1";
"202000027592";"154 693 746";"VA01";"0";"7";"0";"2";"1";"0";"1";
"202000027593";"154 693 742";"B01";"3";"7";"0";"2";"4";"1";"1";
"202000027593";"154 693 743";"A01";"3";"7";"0";"2";"1";"18";"1";
"202000027594";"154 693 740";"A01";"2";"7";"0";"2";"1";"1";"3";
"202000027594";"154 693 741";"B01";"2";"7";"0";"2";"7";"10";"1";
"202000027595";"154 693 736";"A01";"1";"7";"0";"2";"2";"19";"1";
"202000027595";"154 693 738";"B01";"0";"30";"0";"2";"0";"0";"0";
"202000027596";"154 693 735";"B01";" -1";"7";"0";"2";"3";"10";"1";
"202000027596";"154 693 739";"A01";" -1";"7";"0";"2";"3";"1";"1";
"202000027597";"154 693 734";"B01";"1";"7";"0";"2";"3";"15";"1";
"202000027597";"154 693 737";"A01";"1";"33";"0";"2";"2";"17";"1";
"202000027598";"154 693 730";"B01";"1";"34";"0";"2";"1";"1";"1";
"202000027598";"154 693 731";"A01";"2";"10";"0";"2";"2";"15";"1";
"202000027599";"154 693 751";"A01";"1";"80";"0";"2";"1";"25";"3";
"202000027599";"154 693 756";"B01";"1";"1";"0";"9";"1";"26";"0";
"202000027600";"154 693 732";"A01";"2";"32";"0";"2";"1";"7";"1";
"202000027600";"154 693 733";"B01";"3";"7";"0";"2";"3";"26";"1";
"202000027601";"154 693 728";"B01";"2";"7";"0";"2";"5";"23";"1";
"202000027601";"154 693 729";"A01";"2";"30";"0";"2";"1";"2";"1";
"202000027602";"154 693 727";"A01";"2";"7";"0";"1";"1";"19";"1";
"202000027603";"154 693 726";"A01";"1";"1";"12";"0";"1";"1";"5";
"202000027604";"154 693 724";"A01";"1";"1";"0";"1";"1";"1";"5";
"202000027605";"154 693 722";"B01";"1";"33";"0";"2";"1";"11";"1";
"202000027605";"154 693 725";"A01";"2";"7";"0";"2";"3";"15";"1";
"202000027606";"154 693 719";"A01";"1";"7";"0";"2";"2";"15";"1";
"202000027606";"154 693 723";"B01";"3";"30";"0";"2";"1";"1";"1";
"202000027607";"154 693 720";"A01";"0";"1";"0";"2";"1";"1";"5";
"202000027607";"154 693 721";"B01";"0";"7";"0";"2";"1";"16";"1";
"202000027608";"154 693 717";"B01";"2";"7";"0";"2";"6";"15";"1";
"202000027608";"154 693 718";"A01";"2";"34";"0";"2";"1";"17";"1";
"202000027609";"154 693 714";"A01";"2";"7";"0";"2";"2";"16";"1";
"202000027609";"154 693 715";"B01";"2";"50";"0";"2";"0";"1";"3";
"202000027610";"154 693 713";"A01";"3";"10";"0";"1";"4";"4";"1";
"202000027611";"154 693 711";"A01";"2";"10";"0";"2";"1";"2";"1";
"202000027611";"154 693 712";"B01";"2";"7";"0";"2";"4";"23";"1";
"202000027612";"154 693 716";"A01";"1";"7";"0";"1";"1";"1";"1";
"202000027613";"154 693 707";"A01";"2";"34";"1";"0";"1";"14";"1";
"202000027614";"154 693 709";"B01";"1";"34";"0";"2";"1";"19";"1";
"202000027614";"154 693 710";"A01";"1";"7";"0";"2";"2";"15";"1";
"202000027615";"154 693 708";"A01";"1";"32";"0";"1";"1";"1";"1";
"202000027616";"154 693 704";"A01";"2";"30";"12";"2";"3";"18";"1";
"202000027616";"154 693 706";"B01";"1";"7";"12";"2";"2";"16";"1";
"202000027617";"154 693 701";"A01";"1";"7";"0";"0";"0";"1";"0";
"202000027618";"154 693 702";"B01";"1";"33";"0";"2";"1";"17";"1";
"202000027618";"154 693 703";"A01";"1";"10";"0";"2";"2";"15";"1";
"202000027619";"154 693 700";"A01";"2";"2";"0";"2";"1";"2";"1";
"202000027619";"154 693 705";"B01";"1";"7";"0";"2";"1";"2";"1";
"202000027620";"154 693 697";"A01";"3";"43";"12";"0";"7";"1";"1";
"202000027621";"154 693 696";"A01";"1";"7";"0";"2";"5";"19";"1";
"202000027621";"154 693 698";"B01";"2";"10";"0";"2";"6";"0";"1";
"202000027622";"154 693 692";"A01";"1";"7";"0";"2";"2";"22";"1";
"202000027622";"154 693 694";"B01";"1";"50";"0";"2";"1";"18";"3";
"202000027623";"154 693 695";"B01";"1";"7";"0";"2";"1";"5";"1";
"202000027623";"154 693 699";"A01";"2";"17";"0";"2";"3";"15";"1";
"202000027624";"154 693 690";"C01";"1";"7";"0";"2";"4";"1";"1";
"202000027624";"154 693 691";"B01";"1";"7";"0";"2";"4";"1";"1";
"202000027624";"154 693 693";"A01";"1";"7";"0";"2";"1";"1";"1";
"202000027625";"154 693 688";"B01";"1";"7";"0";"2";"6";"23";"1";
"202000027625";"154 693 689";"A01";"1";"30";"0";"2";"1";"2";"1";
"202000027626";"154 693 687";"A01";"1";"2";"3";"0";"1";"21";"1";
"202000027627";"154 693 684";"A01";"2";"10";"0";"2";"5";"20";"1";
"202000027627";"154 693 685";"B01";"2";"1";"0";"2";"5";"1";"5";
"202000027628";"154 693 683";"B01";"1";"7";"0";"0";"4";"2";"1";
"202000027628";"154 693 686";"A01";"1";"14";"0";"2";"1";"2";"1";
"202000027629";"154 693 681";"B01";"1";"7";"0";"1";"0";"2";"0";
"202000027629";"154 693 682";"A01";"1";"7";"0";"1";"2";"1";"1";
"202000027630";"154 693 680";"A01";"1";"7";"0";"1";"6";"4";"2";
"202000027631";"154 693 679";"A01";"1";"7";"13";"0";"1";"1";"0";
"202000027632";"154 693 678";"A01";"2";"7";"13";"0";"1";"1";"1";
"202000027633";"154 693 674";"B01";"1";"2";"0";"2";"1";"1";"1";
"202000027633";"154 693 677";"A01";"2";"7";"0";"2";"3";"15";"1";
"202000027634";"154 693 675";"A01";"1";"34";"14";"0";"1";"13";"1";
"202000027635";"154 693 673";"A01";"3";"10";"0";"2";"2";"19";"1";
"202000027635";"154 693 676";"B01";"1";"10";"0";"2";"3";"0";"1";
"202000027636";"154 693 671";"A01";"0";"7";"0";"2";"3";"6";"0";
"202000027636";"154 693 672";"B01";"0";"1";"0";"0";"0";"0";"5";
"202000027637";"154 693 669";"A01";"2";"30";"0";"2";"3";"1";"1";
"202000027637";"154 693 670";"Z01";"2";"7";"0";"2";"5";"23";"0";
"202000027638";"154 693 668";"A01";"1";"7";"6";"0";"1";"1";"1";
"202000027639";"154 693 665";"A01";"3";"17";"6";"1";"3";"23";"1";
"202000027640";"154 693 664";"A01";"3";"33";"0";"2";"8";"0";"1";
"202000027640";"154 693 667";"B01";"3";"7";"0";"2";"1";"0";"1";
"202000027641";"154 693 666";"A01";"1";"50";"0";"0";"0";"1";"3";
"202000027642";"154 693 660";"A01";"2";"7";"0";"2";"2";"9";"1";
"202000027642";"154 693 662";"B01";"2";"1";"0";"2";"8";"2";"5";
"202000027643";"154 693 661";"B01";"1";"7";"0";"2";"1";"1";"1";
"202000027643";"154 693 663";"A01";"2";"7";"0";"2";"1";"13";"1";
"202000027644";"154 693 656";"B01";"1";"7";"0";"2";"1";"19";"1";
"202000027644";"154 693 659";"A01";"3";"50";"0";"2";"7";"1";"3";