"Num_Acc";"id_vehicule";"num_veh";"senc";"catv";"obs";"obsm";"choc";"manv";"motor";"occutc"
"202000027645";"154 693 657";"A01";"1";"7";"8";"1";"3";"2";"2";
"202000027645";"154 693 658";"B01";"1";"7";"0";"2";"8";"2";"1";
"202000027646";"154 693 654";"A01";"1";"7";"0";"2";"3";"9";"1";
"202000027646";"154 693 655";"B01";"1";"2";"0";"2";"7";"1";"1";
"202000027647";"154 693 651";"A01";"1";"7";"0";"2";"4";"1";"1";
"202000027647";"154 693 653";"B01";"1";"1";"0";"2";"1";"1";"5";
"202000027648";"154 693 652";"A01";"1";"7";"2";"0";"2";"1";"1";
"202000027649";"154 693 649";"A01";"0";"7";"0";"0";"6";"15";"1";
"202000027649";"154 693 650";"B01";"0";"7";"0";"2";"2";"17";"1";
"202000027650";"154 693 646";"B01";"1";"2";"0";"2";"1";"1";"1";
"202000027650";"154 693 648";"A01";"1";"10";"1";"0";"3";"15";"1";
"202000027651";"154 693 647";"A01";"1";"7";"0";"1";"2";"16";"0";
"202000027652";"154 693 645";"A01";"1";"14";"13";"0";"5";"1";"1";
"202000027653";"154 693 643";"B01";"1";"7";"9";"2";"8";"2";"1";
"202000027653";"154 693 644";"A01";"1";"7";"0";"2";"2";"15";"1";
"202000027654";"154 693 639";"A01";"3";"7";"0";"2";"1";"1";"1";
"202000027654";"154 693 640";"B01";"3";"7";"0";"2";"7";"9";"1";
"202000027655";"154 693 638";"A01";"1";"7";"0";"2";"2";"15";"1";
"202000027655";"154 693 642";"B01";"2";"7";"0";"2";"3";"1";"1";
"202000027656";"154 693 637";"B01";"1";"7";"0";"0";"4";"2";"6";
"202000027656";"154 693 641";"A01";"1";"2";"0";"2";"1";"26";"6";
"202000027657";"154 693 636";"A01";"3";"7";"0";"1";"5";"10";"1";
"202000027658";"154 693 634";"B01";"2";"7";"0";"0";"1";"15";"1";
"202000027658";"154 693 635";"A01";"1";"7";"0";"0";"3";"1";"1";
"202000027659";"154 693 633";"A01";"2";"30";"12";"0";"1";"16";"1";
"202000027660";"154 693 632";"A01";"1";"7";"0";"1";"1";"15";"0";
"202000027661";"154 693 629";"A01";"1";"32";"0";"1";"1";"25";"1";
"202000027662";"154 693 628";"A01";"3";"7";"0";"2";"3";"9";"1";
"202000027662";"154 693 630";"B01";"3";"37";"0";"2";"2";"1";"1";"1"
"202000027663";"154 693 627";"A01";"3";"7";"0";"1";"3";"2";"1";
"202000027664";"154 693 623";"C01";"2";"7";"0";"2";"6";"23";"1";
"202000027664";"154 693 625";"B01";"2";"33";"0";"2";"4";"23";"1";
"202000027664";"154 693 626";"A01";"2";"7";"0";"2";"3";"2";"1";
"202000027665";"154 693 624";"A01";"1";"43";"0";"1";"1";"15";"1";
"202000027666";"154 693 622";"A01";"1";"7";"2";"0";"2";"14";"1";
"202000027667";"154 693 621";"A01";"2";"1";"0";"0";"0";"1";"5";
"202000027668";"154 693 618";"A01";"2";"7";"0";"2";"8";"19";"1";
"202000027668";"154 693 620";"B01";"2";"37";"0";"2";"1";"1";"0";"1"
"202000027669";"154 693 617";"A01";"2";"1";"0";"0";"1";"7";"5";
"202000027670";"154 693 616";"A01";"1";"10";"0";"2";"2";"11";"1";
"202000027670";"154 693 619";"B01";"2";"7";"0";"2";"2";"21";"1";
"202000027671";"154 693 612";"A01";"2";"1";"0";"2";"8";"17";"5";
"202000027671";"154 693 615";"B01";"2";"10";"0";"2";"3";"15";"1";
"202000027672";"154 693 613";"A01";"2";"7";"0";"2";"3";"1";"1";
"202000027672";"154 693 614";"B01";"1";"17";"0";"0";"8";"16";"1";
"202000027673";"154 693 611";"A01";"2";"7";"0";"1";"1";"1";"0";
"202000027674";"154 693 609";"A01";"3";"33";"0";"2";"2";"1";"1";
"202000027674";"154 693 610";"B01";"3";"7";"0";"2";"7";"12";"1";
"202000027675";"154 693 608";"A01";"0";"32";"0";"1";"1";"0";"1";
"202000027676";"154 693 602";"A01";"2";"10";"0";"2";"0";"22";"1";
"202000027676";"154 693 605";"B01";"2";"2";"0";"2";"0";"1";"1";
"202000027677";"154 693 601";"D01";"2";"7";"0";"2";"1";"23";"1";
"202000027677";"154 693 604";"C01";"1";"7";"0";"2";"9";"23";"1";
"202000027677";"154 693 606";"B01";"0";"7";"0";"2";"1";"23";"1";
"202000027677";"154 693 607";"A01";"1";"14";"0";"2";"3";"13";"0";
"202000027678";"154 693 598";"A01";"2";"1";"0";"1";"7";"1";"5";
"202000027679";"154 693 600";"B01";"2";"21";"0";"2";"3";"15";"1";
"202000027679";"154 693 603";"A01";"2";"7";"2";"2";"7";"17";"1";
"202000027680";"154 693 597";"A01";"3";"7";"0";"1";"6";"4";"1";
"202000027681";"154 693 596";"A01";"2";"34";"0";"2";"1";"17";"1";
"202000027681";"154 693 599";"B01";"1";"7";"0";"2";"1";"15";"1";
"202000027682";"154 693 594";"A01";"2";"31";"0";"2";"1";"18";"1";
"202000027682";"154 693 595";"B01";"2";"10";"0";"2";"7";"16";"1";
"202000027683";"154 693 592";"B01";"1";"15";"0";"0";"3";"1";"0";
"202000027683";"154 693 593";"A01";"2";"10";"0";"2";"3";"1";"0";
"202000027684";"154 693 591";"A01";"2";"7";"1";"1";"1";"2";"1";
"202000027685";"154 693 588";"B01";"2";"31";"0";"2";"3";"1";"1";
"202000027685";"154 693 590";"A01";"1";"7";"0";"2";"3";"15";"1";
"202000027686";"154 693 586";"B01";"1";"34";"0";"0";"1";"1";"1";
"202000027686";"154 693 589";"A01";"1";"7";"0";"0";"3";"10";"1";
"202000027687";"154 693 585";"B01";"0";"7";"0";"2";"4";"23";"1";
"202000027687";"154 693 587";"A01";"0";"7";"0";"2";"1";"1";"0";
"202000027688";"154 693 582";"A01";"0";"7";"5";"0";"1";"0";"1";
"202000027689";"154 693 583";"B01";"2";"7";"0";"2";"5";"23";"1";
"202000027689";"154 693 584";"A01";"2";"1";"0";"2";"1";"1";"5";
"202000027690";"154 693 580";"B01";" -1";"50";"0";"2";"7";"26";"3";
"202000027690";"154 693 581";"A01";" -1";"7";"0";"2";"1";"26";"1";
"202000027691";"154 693 577";"B01";"1";"1";"0";"2";"1";"1";"5";
"202000027691";"154 693 579";"A01";"1";"7";"0";"2";"2";"16";"2";
"202000027692";"154 693 576";"A01";" -1";"32";"0";"2";"7";"17";"1";
"202000027692";"154 693 578";"B01";" -1";"7";"0";"2";"1";"9";"1";
"202000027693";"154 693 575";"Z01";"1";"7";"0";"1";"3";"9";"0";
"202000027694";"154 693 574";"A01";"2";"7";"0";"1";"2";"1";"1";
"202000027695";"154 693 572";"A01";"3";"3";"1";"0";"1";"1";"0";
"202000027696";"154 693 571";"Z01";"1";"7";"0";"2";"1";"1";"1";
"202000027696";"154 693 573";"A01";"1";"32";"0";"2";"3";"1";"1";
"202000027697";"154 693 570";"A01";"2";"7";"0";"1";"1";"1";"0";
"202000027698";"154 693 569";"A01";"2";"7";"0";"1";"2";"16";"1";
"202000027699";"154 693 567";"A01";" -1";"31";"0";"2";"2";"17";"0";
"202000027699";"154 693 568";"B01";"2";"7";"0";"2";"3";"11";"0";
"202000027700";"154 693 565";"A01";"2";"7";"0";"2";"6";"16";"1";
"202000027700";"154 693 566";"B01";"2";"1";"0";"2";"1";"1";"5";
"202000027701";"154 693 564";"A01";"1";"7";"0";"1";"3";"1";"0";
"202000027702";"154 693 562";"A01";"1";"7";"0";"2";"3";"1";"1";
"202000027702";"154 693 563";"B01";"1";"1";"0";"2";"3";"1";"5";
"202000027703";"154 693 560";"A01";"1";"50";"14";"0";"4";"1";"3";
"202000027704";"154 693 561";"A01";"1";"7";"0";"1";"3";"15";"1";
"202000027705";"154 693 558";"A01";"1";"32";"0";"0";"8";"16";"1";
"202000027706";"154 693 557";"B01";" -1";"10";"0";"2";"4";"1";"0";
"202000027706";"154 693 559";"A01";" -1";"2";"0";"2";"1";"1";"0";
"202000027707";"154 693 555";"A01";"3";"7";"0";"2";"3";"20";"1";
"202000027707";"154 693 556";"B01";"3";"32";"0";"2";"5";"1";"1";
"202000027708";"154 693 554";"A01";"1";"7";"0";"1";"1";"1";"0";
"202000027709";"154 693 551";"B01";"2";"7";"0";"2";"2";"1";"1";
"202000027709";"154 693 553";"A01";"1";"7";"0";"2";"3";"15";"1";
"202000027710";"154 693 549";"C01";"1";"7";"0";"2";"4";"2";"2";
"202000027710";"154 693 550";"B01";"1";"7";"0";"2";"1";"2";"1";
"202000027710";"154 693 552";"A01";"1";"7";"0";"2";"1";"2";"1";
"202000027711";"154 693 547";"A01";"3";"10";"0";"2";"8";"17";"1";
"202000027711";"154 693 548";"B01";"3";"34";"0";"2";"7";"1";"1";
"202000027712";"154 693 544";"A01";"1";"7";"0";"2";"3";"1";"1";
"202000027712";"154 693 546";"B01";"2";"7";"0";"2";"1";"1";"1";
"202000027713";"154 693 543";"B01";"2";"7";"0";"2";"1";"14";"1";
"202000027713";"154 693 545";"A01";"1";"34";"0";"2";"1";"13";"1";
"202000027714";"154 693 542";"A01";"2";"30";"0";"0";"8";"1";"1";
"202000027715";"154 693 540";"A01";"1";"30";"0";"2";"1";"2";"1";
"202000027715";"154 693 541";"B01";"1";"7";"0";"2";"0";"23";"1";
"202000027716";"154 693 536";"A01";"1";"7";"0";"2";"1";"15";"1";
"202000027716";"154 693 538";"B01";"2";"33";"0";"2";"0";"0";"0";
"202000027717";"154 693 537";"A01";"1";"2";"0";"2";"7";"1";"1";
"202000027717";"154 693 539";"Z01";"1";"7";"0";"0";"0";"0";"0";
"202000027718";"154 693 534";"B01";"2";"14";"0";"2";"2";"0";"6";
"202000027718";"154 693 535";"A01";"1";"30";"0";"2";"2";"1";"3";
"202000027719";"154 693 532";"Z01";"2";"0";"0";"0";"0";"0";"0";
"202000027719";"154 693 533";"A01";"2";"30";"0";"2";"7";"26";"1";
"202000027720";"154 693 530";"A01";"1";"10";"0";"2";"5";"15";"1";
"202000027720";"154 693 531";"B01";"2";"32";"0";"2";"1";"1";"1";
"202000027721";"154 693 527";"A01";"3";"7";"0";"2";"2";"1";"1";
"202000027721";"154 693 529";"B01";"3";"33";"0";"2";"1";"1";"1";
"202000027722";"154 693 526";"A01";"2";"7";"0";"2";"3";"15";"1";
"202000027722";"154 693 528";"B01";"1";"33";"0";"2";"1";"1";"1";
"202000027723";"154 693 523";"B01";" -1";"33";"0";"2";"8";"1";"0";
"202000027723";"154 693 525";"A01";" -1";"7";"0";"2";"2";"9";"0";
"202000027724";"154 693 522";"B01";"2";"33";"9";"2";"1";"1";"1";
"202000027724";"154 693 524";"A01";"1";"7";"9";"2";"5";"15";"1";
"202000027725";"154 693 518";"A01";"1";"7";"0";"2";"7";"17";"0";
"202000027725";"154 693 520";"B01";"1";"1";"0";"2";"6";"1";"5";
"202000027726";"154 693 517";"B01";"1";"10";"0";"2";"4";"1";"1";
"202000027726";"154 693 519";"A01";"1";"10";"0";"0";"1";"26";"0";
"202000027726";"154 693 521";"C01";"1";"10";"0";"2";"4";"0";"1";
"202000027727";"154 693 515";"B01";"1";"7";"0";"2";"3";"15";"1";
"202000027727";"154 693 516";"A01";"2";"7";"0";"0";"3";"1";"1";
"202000027728";"154 693 513";"A01";" -1";"7";"0";"2";"1";"1";"1";
"202000027728";"154 693 514";"B01";" -1";"7";"0";"2";"2";"1";"1";
"202000027729";"154 693 510";"A01";"1";"37";"0";"2";"3";"1";"1";"1"
"202000027729";"154 693 511";"B01";"2";"7";"0";"2";"3";"1";"1";
"202000027730";"154 693 509";"A01";"1";"7";"0";"1";"2";"1";"1";
"202000027731";"154 693 506";"A01";"3";"13";"0";"0";"2";"1";"0";
"202000027731";"154 693 508";"B01";"0";"33";"0";"2";"1";"1";"1";
"202000027732";"154 693 504";"A01";"2";"32";"0";"1";"1";"17";"0";
"202000027733";"154 693 503";"B01";"2";"7";"0";"2";"1";"0";"1";
"202000027733";"154 693 505";"A01";"1";"7";"0";"2";"1";"0";"1";
"202000027734";"154 693 501";"A01";"1";"30";"0";"2";"2";"17";"1";
"202000027734";"154 693 502";"B01";"1";"7";"0";"2";"3";"15";"1";
"202000027735";"154 693 499";"B01";"1";"33";"0";"2";"1";"0";"1";
"202000027735";"154 693 500";"A01";"2";"10";"0";"2";"1";"1";"1";
"202000027736";"154 693 497";"B01";"2";"7";"0";"2";"8";"13";"1";
"202000027736";"154 693 498";"A01";"1";"17";"0";"2";"2";"13";"1";
"202000027737";"154 693 495";"A01";"2";"7";"0";"2";"3";"1";"1";
"202000027737";"154 693 496";"B01";"1";"7";"0";"2";"3";"1";"1";
"202000027738";"154 693 494";"A01";"1";"7";"0";"1";"2";"1";"1";
"202000027739";"154 693 491";"C01";"2";"7";"0";"2";"1";"1";"1";
"202000027739";"154 693 492";"B01";"1";"7";"0";"2";"1";"1";"1";
"202000027739";"154 693 493";"A01";"1";"7";"0";"2";"4";"15";"1";
"202000027740";"154 693 490";"A01";"2";"10";"0";"1";"2";"1";"1";
"202000027741";"154 693 489";"A01";"1";"33";"6";"0";"0";"16";"1";
"202000027742";"154 693 486";"B01";"2";"7";"0";"2";"0";"2";"1";
"202000027742";"154 693 488";"A01";"2";"7";"0";"2";"0";"17";"1";
"202000027743";"154 693 487";"A01";"1";"10";"0";"1";"2";"1";"1";
"202000027744";"154 693 485";"A01";"2";"10";"4";"0";"1";"0";"1";
"202000027745";"154 693 483";"A01";"1";"7";"0";"2";"8";"1";"1";
"202000027745";"154 693 484";"B01";"1";"1";"0";"2";"4";"9";"5";
"202000027746";"154 693 482";"A01";"2";"7";"0";"1";"7";"21";"1";
"202000027747";"154 693 481";"A01";"2";"7";"0";"1";"2";"1";"1";
"202000027748";"154 693 478";"B01";"1";"1";"0";"2";"3";"2";"5";
"202000027748";"154 693 480";"A01";"1";"7";"0";"9";"2";"17";"0";
"202000027749";"154 693 479";"A01";"2";"10";"0";"1";"2";"1";"1";
"202000027750";"154 693 474";"B01";"2";"10";"0";"2";"2";"0";"1";
"202000027750";"154 693 476";"A01";"2";"32";"0";"2";"7";"0";"1";
"202000027751";"154 693 472";"A01";"1";"7";"0";"2";"2";"13";"1";
"202000027751";"154 693 473";"B01";"2";"7";"0";"2";"7";"1";"1";
"202000027752";"154 693 469";"A01";"2";"7";"9";"0";"0";"1";"1";
"202000027753";"154 693 470";"B01";"1";"31";"0";"2";"1";"0";"1";
"202000027753";"154 693 471";"A01";"2";"7";"0";"2";"1";"15";"1";
"202000027754";"154 693 468";"A01";"1";"7";"2";"0";"1";"0";"1";
"202000027755";"154 693 467";"A01";"1";"10";"1";"1";"4";"20";"1";
"202000027756";"154 693 466";"A01";"2";"7";"2";"0";"1";"14";"1";
"202000027757";"154 693 464";"A01";"3";"1";"0";"2";"4";"0";"5";
"202000027757";"154 693 465";"B01";"3";"31";"0";"9";"1";"1";"1";
"202000027758";"154 693 462";"A01";"2";"7";"0";"2";"7";"13";"1";
"202000027758";"154 693 463";"B01";"1";"7";"0";"2";"1";"1";"1";
"202000027759";"154 693 459";"A01";"2";"7";"2";"0";"1";"0";"1";
"202000027760";"154 693 460";"B01";"1";"7";"0";"2";"3";"1";"1";
"202000027760";"154 693 461";"A01";"2";"7";"0";"2";"3";"1";"1";
"202000027761";"154 693 456";"A01";"2";"2";"0";"1";"1";"0";"0";
"202000027762";"154 693 457";"B01";"3";"7";"0";"2";"7";"1";"1";
"202000027762";"154 693 458";"A01";"3";"33";"0";"2";"1";"1";"1";
"202000027763";"154 693 454";"A01";"1";"7";"2";"0";"3";"5";"1";
"202000027764";"154 693 455";"A01";"0";"7";"13";"0";"2";"1";"1";
"202000027765";"154 693 453";"A01";"1";"36";"6";"0";"1";"1";"1";
"202000027766";"154 693 451";"A01";"2";"7";"2";"0";"1";"1";"1";
"202000027767";"154 693 450";"A01";"3";"7";"0";"0";"7";"15";"1";
"202000027767";"154 693 452";"B01";"3";"1";"0";"0";"1";"1";"5";
"202000027768";"154 693 447";"A01";"1";"2";"0";"2";"1";"13";"1";
"202000027768";"154 693 448";"B01";"2";"7";"0";"2";"1";"1";"1";
"202000027768";"154 693 449";"C01";"1";"7";"0";"2";"8";"1";"1";
"202000027769";"154 693 446";"A01";"0";"7";"0";"1";"8";"0";"0";
"202000027770";"154 693 443";"B01";"2";"7";"0";"2";"1";"1";"1";
"202000027770";"154 693 445";"A01";"2";"17";"0";"2";"4";"1";"1";
"202000027771";"154 693 442";"A01";"0";"7";"0";"2";"1";"1";"1";
"202000027771";"154 693 444";"B01";"0";"60";"0";"2";"1";"1";"5";
"202000027772";"154 693 441";"A01";"1";"34";"16";"0";"1";"0";"1";
"202000027773";"154 693 440";"A01";"2";"7";"13";"0";"2";"14";"1";
"202000027774";"154 693 439";"A01";"3";"33";"0";"0";"1";"1";"1";
"202000027775";"154 693 437";"A01";"2";"2";"0";"0";"1";"1";"1";
"202000027776";"154 693 436";"A01";"1";"7";"13";"0";"1";"0";"1";
"202000027777";"154 693 434";"A01";"1";"7";"0";"1";"2";"1";"1";
"202000027778";"154 693 433";"A01";"3";"7";"0";"9";"3";"11";"6";
"202000027778";"154 693 435";"B01";"0";"1";"0";"2";"1";"1";"5";
"202000027779";"154 693 431";"A01";"0";"2";"6";"0";"1";"1";"1";
"202000027780";"154 693 430";"A01";"2";"3";"0";"2";"8";"1";"1";
"202000027780";"154 693 432";"B01";"1";"2";"0";"2";"1";"1";"1";
"202000027781";"154 693 429";"A01";"2";"7";"0";"0";"8";"1";"1";
"202000027782";"154 693 428";"A01";"2";"7";"3";"0";"1";"6";"1";
"202000027783";"154 693 426";"A01";"0";"7";"0";"9";"3";"26";"0";
"202000027783";"154 693 427";"B01";"0";"1";"0";"0";"4";"26";"0";
"202000027784";"154 693 424";"A01";"1";"14";"17";"0";"2";"1";"1";
"202000027785";"154 693 423";"A01";"2";"10";"2";"2";"0";"5";"1";
"202000027785";"154 693 425";"B01";"1";"7";"0";"2";"7";"21";"1";
"202000027786";"154 693 422";"A01";"2";"1";"0";"0";"0";"0";"6";
"202000027787";"154 693 421";"A01";"2";"33";"0";"0";"2";"1";"1";
"202000027788";"154 693 418";"A01";"1";"7";"0";"1";"1";"1";"1";
"202000027789";"154 693 414";"A01";"1";"7";"0";"2";"8";"19";"1";
"202000027789";"154 693 417";"B01";"1";"34";"0";"2";"1";"1";"1";
"202000027790";"154 693 413";"C01";"1";"7";"0";"0";"1";"1";"1";
"202000027790";"154 693 415";"B01";"2";"7";"0";"0";"8";"1";"1";
"202000027790";"154 693 416";"A01";"2";"7";"0";"2";"1";"17";"1";
"202000027791";"154 693 411";"A01";"2";"2";"1";"0";"1";"0";"1";
"202000027792";"154 693 410";"A01";"1";"7";"0";"0";"4";"2";"1";
"202000027792";"154 693 412";"B01";"1";"10";"0";"2";"1";"2";"1";
"202000027793";"154 693 406";"B01";"2";"7";"0";"2";"2";"0";"1";
"202000027793";"154 693 408";"A01";"2";"10";"0";"2";"2";"17";"1";
"202000027794";"154 693 407";"A01";"2";"7";"0";"9";"1";"1";"1";
"202000027794";"154 693 409";"B01";"1";"1";"0";"2";"1";"1";"5";
"202000027795";"154 693 402";"B01";"2";"7";"0";"2";"4";"2";"1";
"202000027795";"154 693 403";"C01";"2";"7";"0";"2";"4";"2";"1";
"202000027795";"154 693 405";"A01";"2";"7";"0";"2";"1";"1";"1";
"202000027796";"154 693 399";"A01";"2";"33";"4";"2";"6";"3";"1";
"202000027796";"154 693 400";"Z01";"2";"7";"0";"2";"7";"12";"0";
"202000027797";"154 693 401";"A01";"1";"7";"0";"1";"3";"1";"1";
"202000027798";"154 693 397";"A01";"1";"7";"0";"2";"1";"2";"1";
"202000027798";"154 693 398";"B01";"1";"7";"0";"2";"4";"2";"1";
"202000027799";"154 693 396";"A01";"3";"2";"0";"6";"1";"0";"1";
"202000027800";"154 693 395";"A01";"1";"7";"0";"2";"1";"2";"0";
"202000027801";"154 693 391";"A01";"2";"7";"0";"2";"7";"12";"1";
"202000027801";"154 693 392";"B01";"2";"33";"0";"2";"8";"3";"1";
"202000027802";"154 693 388";"C01";"2";"7";"0";"2";"6";"23";"1";
"202000027802";"154 693 389";"B01";"2";"7";"0";"2";"5";"23";"1";
"202000027802";"154 693 390";"A01";"2";"7";"0";"2";"1";"21";"1";
"202000027803";"154 693 393";"A01";"2";"7";"0";"2";"1";"13";"1";
"202000027803";"154 693 394";"B01";"1";"7";"0";"2";"1";"1";"1";
"202000027804";"154 693 386";"A01";"1";"17";"4";"2";"7";"12";"1";
"202000027804";"154 693 387";"B01";"1";"10";"4";"2";"3";"1";"1";
"202000027805";"154 693 382";"A01";"2";"32";"0";"2";"8";"3";"1";
"202000027805";"154 693 383";"B01";"2";"7";"0";"2";"2";"1";"1";
"202000027806";"154 693 380";"B01";"2";"32";"0";"2";"1";"2";"1";
"202000027806";"154 693 381";"A01";"2";"7";"0";"2";"3";"11";"1";
"202000027807";"154 693 379";"A01";"1";"17";"4";"0";"7";"14";"1";
"202000027808";"154 693 377";"B01";"2";"32";"0";"2";"1";"1";"1";
"202000027808";"154 693 378";"A01";"2";"7";"0";"2";"5";"12";"1";
"202000027809";"154 693 384";"B01";"2";"7";"0";"2";"2";"13";"1";
"202000027809";"154 693 385";"A01";"1";"7";"0";"2";"2";"13";"1";
"202000027810";"154 693 376";"A01";"2";"7";"16";"0";"9";"1";"1";
"202000027811";"154 693 375";"A01";"2";"2";"1";"0";"1";"1";"1";
"202000027812";"154 693 374";"A01";"0";"7";"17";"0";"1";"1";"1";
"202000027813";"154 693 373";"A01";"1";"2";"6";"0";"7";"2";"1";
"202000027814";"154 693 372";"A01";"1";"7";"13";"0";"1";"1";"1";
"202000027815";"154 693 371";"A01";"3";"7";"7";"0";"1";"16";"1";
"202000027816";"154 693 370";"A01";"2";"7";"2";"0";"1";"1";"1";
"202000027817";"154 693 369";"A01";"0";"7";"2";"0";"1";"1";"1";
"202000027818";"154 693 367";"A01";"2";"7";"0";"9";"1";"1";"1";
"202000027818";"154 693 368";"B01";"3";"1";"0";"2";"6";"9";"5";
"202000027819";"154 693 366";"A01";"2";"7";"2";"0";"3";"13";"1";
"202000027820";"154 693 363";"C01";"2";"1";"0";"2";"1";"1";"5";
"202000027820";"154 693 364";"B01";"2";"1";"0";"2";"1";"1";"5";
"202000027820";"154 693 365";"A01";"2";"1";"0";"2";"3";"19";"5";
"202000027821";"154 693 362";"A01";"1";"14";"13";"9";"7";"1";"1";
"202000027822";"154 693 359";"A01";"1";"7";"0";"9";"2";"15";"0";
"202000027822";"154 693 360";"B01";"2";"1";"0";"2";"1";"1";"5";
"202000027822";"154 693 361";"C01";"2";"1";"0";"2";"1";"1";"5";
"202000027823";"154 693 358";"A01";"1";"7";"0";"1";"2";"1";"1";
"202000027824";"154 693 357";"A01";"1";"7";"2";"0";"0";"1";"1";
"202000027825";"154 693 355";"A01";"2";"2";"0";"2";"7";"17";"1";
"202000027825";"154 693 356";"B01";"2";"7";"0";"2";"8";"17";"0";
"202000027826";"154 693 353";"C01";"1";"7";"0";"1";"7";"1";"1";
"202000027826";"154 693 354";"A01";"1";"7";"0";"1";"2";"1";"0";
"202000027827";"154 693 351";"A01";"1";"7";"0";"2";"6";"15";"1";
"202000027827";"154 693 352";"B01";"1";"31";"0";"2";"1";"1";"1";
"202000027828";"154 693 350";"A01";"2";"10";"0";"1";"3";"1";"1";
"202000027829";"154 693 343";"A01";"2";"7";"0";"2";"4";"1";"1";
"202000027829";"154 693 344";"B01";"2";"7";"0";"2";"4";"1";"1";
"202000027829";"154 693 345";"C01";"2";"10";"0";"2";"1";"1";"1";
"202000027830";"154 693 340";"A01";"2";"7";"0";"2";"4";"1";"1";
"202000027830";"154 693 341";"B01";"1";"10";"0";"2";"4";"1";"1";
"202000027830";"154 693 342";"C01";"2";"10";"0";"2";"1";"1";"1";
"202000027831";"154 693 338";"B01";"1";"17";"0";"2";"4";"1";"1";
"202000027831";"154 693 339";"A01";"1";"7";"0";"2";"3";"12";"1";
"202000027832";"154 693 336";"B01";"1";"17";"0";"2";"4";"2";"1";
"202000027832";"154 693 337";"A01";"1";"15";"0";"2";"1";"2";"1";
"202000027833";"154 693 334";"A01";"3";"7";"0";"2";"3";"13";"1";
"202000027833";"154 693 335";"B01";"3";"7";"0";"2";"1";"1";"1";
"202000027834";"154 693 332";"A01";"2";"7";"4";"2";"1";"11";"1";
"202000027834";"154 693 333";"B01";"2";"7";"0";"2";"1";"1";"1";
"202000027835";"154 693 329";"C01";"2";"7";"0";"2";"4";"2";"1";
"202000027835";"154 693 330";"B01";"2";"7";"0";"2";"4";"2";"1";
"202000027835";"154 693 331";"A01";"2";"10";"0";"2";"1";"2";"1";
"202000027836";"154 693 327";"A01";"1";"7";"0";"2";"1";"1";"1";
"202000027836";"154 693 328";"B01";"1";"7";"0";"2";"4";"1";"1";
"202000027837";"154 693 324";"B01";"2";"10";"0";"2";"4";"2";"1";
"202000027837";"154 693 325";"C01";"2";"10";"0";"2";"4";"2";"1";
"202000027837";"154 693 326";"A01";"2";"16";"0";"2";"1";"2";"1";
"202000027838";"154 693 322";"A01";"2";"7";"0";"2";"6";"12";"1";
"202000027838";"154 693 323";"B01";"2";"43";"0";"2";"3";"3";"1";
"202000027839";"154 693 321";"A01";"2";"7";"4";"0";"6";"12";"1";
"202000027840";"154 693 318";"C01";"1";"7";"1";"0";"3";"21";"1";
"202000027840";"154 693 319";"B01";"1";"10";"1";"0";"4";"23";"1";
"202000027840";"154 693 320";"A01";"1";"7";"0";"0";"4";"23";"1";
"202000027841";"154 693 316";"A01";"1";"7";"0";"2";"4";"2";"1";
"202000027841";"154 693 317";"B01";"1";"7";"0";"2";"1";"2";"4";
"202000027842";"154 693 314";"A01";"1";"1";"0";"2";"1";"9";"5";
"202000027842";"154 693 315";"B01";"1";"7";"0";"9";"5";"16";"1";
"202000027843";"154 693 311";"A01";"1";"7";"0";"2";"3";"21";"1";
"202000027843";"154 693 312";"B01";"1";"7";"0";"2";"4";"0";"1";
"202000027843";"154 693 313";"C01";"1";"7";"0";"2";"4";"0";"1";
"202000027844";"154 693 309";"B01";"1";"7";"0";"2";"2";"1";"1";
"202000027844";"154 693 310";"A01";"2";"7";"0";"2";"3";"1";"1";
"202000027845";"154 693 308";"A01";"1";"7";"8";"0";"1";"15";"1";
"202000027846";"154 693 306";"A01";"2";"7";"0";"2";"1";"1";"1";
"202000027846";"154 693 307";"B01";"2";"7";"0";"2";"4";"1";"1";
"202000027847";"154 693 304";"A01";"1";"7";"0";"2";"1";"5";"1";
"202000027847";"154 693 305";"B01";"2";"7";"0";"2";"1";"1";"1";
"202000027848";"154 693 302";"A01";"1";"7";"1";"2";"2";"15";"1";
"202000027848";"154 693 303";"B01";"2";"7";"0";"2";"1";"1";"1";
"202000027849";"154 693 301";"A01";"1";"1";"0";"9";"1";"1";"5";
"202000027850";"154 693 299";"A01";"3";"7";"14";"2";"1";"1";"1";
"202000027850";"154 693 300";"B01";"3";"7";"0";"2";"4";"15";"1";
"202000027851";"154 693 297";"A01";"3";"7";"0";"2";"1";"2";"1";
"202000027851";"154 693 298";"B01";"3";"1";"0";"2";"4";"1";"0";
"202000027852";"154 693 294";"A01";"1";"7";"0";"2";"6";"5";"1";
"202000027852";"154 693 295";"C01";"1";"14";"0";"2";"8";"1";"1";
"202000027852";"154 693 296";"B01";"2";"7";"0";"2";"6";"1";"1";
"202000027853";"154 693 293";"A01";"2";"7";"8";"0";"1";"1";"1";
"202000027854";"154 693 291";"A01";"1";"7";"0";"2";"1";"26";"1";
"202000027854";"154 693 292";"B01";"1";"7";"0";"2";"2";"15";"1";
"202000027855";"154 693 289";"B01";"3";"30";"0";"2";"3";"1";"1";