"Num_Acc";"id_vehicule";"num_veh";"senc";"catv";"obs";"obsm";"choc";"manv";"motor";"occutc"
"202000028275";"154 692 544";"A01";"2";"7";"0";"2";"1";"15";"1";
"202000028275";"154 692 545";"B01";"3";"7";"0";"2";"3";"1";"1";
"202000028276";"154 692 542";"A01";"1";"7";"0";"2";"7";"15";"1";
"202000028276";"154 692 543";"B01";"2";"32";"0";"2";"1";"1";"1";
"202000028277";"154 692 539";"C01";"1";"7";"0";"2";"4";"1";"0";
"202000028277";"154 692 540";"B01";"1";"7";"0";"2";"4";"1";"1";
"202000028277";"154 692 541";"A01";"1";"7";"0";"2";"1";"1";"1";
"202000028278";"154 692 537";"A01";"1";"7";"0";"2";"1";"15";"1";
"202000028278";"154 692 538";"B01";"1";"7";"0";"2";"3";"1";"1";
"202000028279";"154 692 535";"B01";"2";"2";"0";"2";"1";"1";"1";
"202000028279";"154 692 536";"A01";"1";"7";"0";"2";"2";"15";"1";
"202000028280";"154 692 533";"A01";"2";"31";"0";"2";"1";"2";"1";
"202000028280";"154 692 534";"B01";"1";"7";"0";"2";"7";"15";"1";
"202000028281";"154 692 531";"A01";"2";"7";"0";"2";"3";"15";"1";
"202000028281";"154 692 532";"B01";"0";"2";"0";"2";"1";"1";"1";
"202000028282";"154 692 530";"A01";"2";"7";"0";"1";"1";"1";"1";
"202000028283";"154 692 528";"A01";"2";"7";"0";"2";"2";"5";"1";
"202000028283";"154 692 529";"B01";"2";"31";"0";"2";"1";"1";"1";
"202000028284";"154 692 526";"B01";"3";"1";"0";"2";"7";"19";"0";
"202000028284";"154 692 527";"A01";"1";"7";"0";"2";"2";"1";"1";
"202000028285";"154 692 524";"A01";"1";"30";"0";"2";"1";"2";"1";
"202000028285";"154 692 525";"B01";"1";"7";"0";"2";"8";"10";"1";
"202000028286";"154 692 523";"A01";"1";"7";"0";"1";"1";"1";"1";
"202000028287";"154 692 519";"D01";"2";"7";"0";"2";"1";"2";"0";
"202000028287";"154 692 520";"C01";"2";"7";"0";"9";"4";"2";"0";
"202000028287";"154 692 521";"B01";"2";"7";"0";"9";"1";"2";"0";
"202000028287";"154 692 522";"A01";"2";"10";"0";"0";"0";"1";"0";
"202000028288";"154 692 518";"A01";"2";"7";"2";"0";"1";"1";"1";
"202000028289";"154 692 516";"Z01";"2";"7";"0";"2";"7";"12";"0";
"202000028289";"154 692 517";"A01";"2";"34";"0";"2";"3";"3";"1";
"202000028290";"154 692 514";"B01";"1";"33";"0";"2";"1";"3";"1";
"202000028290";"154 692 515";"A01";"1";"7";"0";"2";"5";"1";"1";
"202000028291";"154 692 512";"B01";"2";"7";"0";"2";"5";"23";"2";
"202000028291";"154 692 513";"A01";"2";"60";"0";"2";"1";"1";"5";
"202000028292";"154 692 510";"A01";"1";"10";"0";"2";"2";"22";"1";
"202000028292";"154 692 511";"B01";"1";"33";"0";"2";"3";"18";"1";
"202000028293";"154 692 508";"Z01";"1";"7";"0";"2";"0";"1";"0";
"202000028293";"154 692 509";"A01";"3";"33";"0";"2";"4";"23";"1";
"202000028294";"154 692 506";"B01";"1";"7";"0";"2";"3";"23";"1";
"202000028294";"154 692 507";"A01";"1";"32";"0";"2";"1";"1";"1";
"202000028295";"154 692 504";"B01";"3";"7";"0";"2";"4";"23";"1";
"202000028295";"154 692 505";"A01";"3";"43";"0";"2";"1";"1";"1";
"202000028296";"154 692 502";"B01";"3";"32";"0";"2";"8";"9";"3";
"202000028296";"154 692 503";"A01";"3";"7";"0";"2";"2";"1";"1";
"202000028297";"154 692 499";"A01";"1";"30";"0";"2";"1";"1";"1";
"202000028297";"154 692 500";"B01";"2";"7";"0";"2";"2";"15";"1";
"202000028297";"154 692 501";"C01";"1";"1";"0";"2";"1";"1";"5";
"202000028298";"154 692 497";"A01";"1";"7";"0";"2";"3";"18";"3";
"202000028298";"154 692 498";"B01";"1";"1";"0";"2";"4";"1";"5";
"202000028299";"154 692 495";"Z01";"1";"7";"0";"2";"2";"15";"1";
"202000028299";"154 692 496";"B01";"3";"50";"0";"2";"3";"1";"3";
"202000028300";"154 692 493";"A01";"1";"7";"0";"2";"5";"10";"1";
"202000028300";"154 692 494";"B01";"1";"32";"0";"2";"1";"1";"1";
"202000028301";"154 692 491";"B01";"2";"7";"0";"2";"1";"1";"1";
"202000028301";"154 692 492";"A01";"2";"7";"0";"1";"1";"23";"1";
"202000028302";"154 692 490";"A01";"2";"1";"0";"1";"1";"1";"5";
"202000028303";"154 692 488";"B01";"3";"14";"0";"2";"7";"23";"1";
"202000028303";"154 692 489";"A01";"3";"43";"0";"2";"8";"18";"1";
"202000028304";"154 692 486";"B01";"2";"7";"0";"2";"3";"1";"1";
"202000028304";"154 692 487";"A01";"1";"2";"0";"2";"7";"17";"1";
"202000028305";"154 692 485";"A01";"2";"7";"8";"0";"2";"14";"2";
"202000028306";"154 692 483";"A01";"1";"7";"0";"2";"1";"15";"1";
"202000028306";"154 692 484";"B01";"2";"1";"0";"2";"8";"1";"5";
"202000028307";"154 692 482";"A01";"1";"50";"0";"1";"7";"25";"3";
"202000028308";"154 692 481";"A01";"1";"7";"0";"1";"1";"15";"1";
"202000028309";"154 692 480";"A01";"1";"32";"0";"1";"1";"3";"1";
"202000028310";"154 692 479";"A01";"1";"50";"0";"1";"2";"1";"3";
"202000028311";"154 692 478";"A01";"1";"7";"0";"1";"2";"1";"2";
"202000028312";"154 692 476";"B01";"2";"1";"0";"2";"1";"2";"5";
"202000028312";"154 692 477";"A01";"2";"37";"0";"2";"5";"16";"1";"1"
"202000028313";"154 692 474";"A01";"1";"7";"0";"2";"1";"15";"1";
"202000028313";"154 692 475";"B01";"2";"34";"0";"1";"3";"1";"1";
"202000028314";"154 692 472";"A01";"0";"7";"0";"2";"2";"11";"0";
"202000028314";"154 692 473";"B01";"0";"2";"1";"2";"3";"1";"1";
"202000028315";"154 692 470";"A01";"3";"7";"0";"2";"1";"16";"1";
"202000028315";"154 692 471";"B01";"3";"1";"0";"2";"8";"15";"5";
"202000028316";"154 692 468";"A01";"2";"7";"0";"2";"1";"15";"1";
"202000028316";"154 692 469";"B01";"2";"7";"9";"2";"8";"1";"1";
"202000028317";"154 692 466";"A01";"2";"7";"0";"9";"2";"1";"1";
"202000028317";"154 692 467";"B01";"1";"1";"0";"2";"1";"19";"0";
"202000028318";"154 692 464";"A01";"1";"7";"0";"2";"1";"1";"1";
"202000028318";"154 692 465";"B01";"1";"7";"0";"2";"4";"1";"1";
"202000028319";"154 692 462";"B01";"1";"7";"9";"2";"4";"1";"0";
"202000028319";"154 692 463";"A01";"1";"7";"0";"2";"4";"2";"0";
"202000028320";"154 692 460";"B01";"3";"7";"0";"2";"1";"1";"1";
"202000028320";"154 692 461";"A01";"3";"7";"0";"2";"1";"13";"1";
"202000028321";"154 692 458";"AB01";"0";"30";"0";"2";"3";"1";"0";
"202000028321";"154 692 459";"A01";"3";"3";"0";"2";"2";"16";"0";
"202000028322";"154 692 457";"A01";"1";"34";"8";"0";"1";"19";"1";
"202000028323";"154 692 455";"A01";"0";"7";"0";"2";"3";"15";"0";
"202000028323";"154 692 456";"B01";"1";"32";"0";"0";"1";"17";"1";
"202000028324";"154 692 453";"B01";"1";"7";"0";"2";"3";"1";"1";
"202000028324";"154 692 454";"Z01";"2";"7";"0";"2";"3";"1";"0";
"202000028325";"154 692 452";"A01";"1";"7";"0";"1";"1";"1";"1";
"202000028326";"154 692 451";"A01";"1";"10";"0";"1";"7";"1";"1";
"202000028327";"154 692 450";"A01";" -1";"30";"0";"0";"1";"1";"1";
"202000028328";"154 692 446";"A01";"1";"7";"0";"2";"1";"15";"0";
"202000028328";"154 692 447";"B01";"1";"13";"0";"2";"1";"16";"0";
"202000028329";"154 692 444";"A01";"1";"7";"0";"2";"1";"1";"0";
"202000028329";"154 692 445";"Z01";" -1";"7";"0";"2";"5";"15";"0";
"202000028330";"154 692 442";"A01";"1";"7";"0";"2";"2";"1";"1";
"202000028330";"154 692 443";"B01";"1";"33";"0";"2";"8";"1";"1";
"202000028331";"154 692 440";"B01";"1";"0";"0";"2";"1";"1";"1";
"202000028331";"154 692 441";"A01";"1";"7";"0";"2";"2";"16";"1";
"202000028332";"154 692 438";"B01";" -1";"1";"1";"0";"1";"0";"0";
"202000028332";"154 692 439";"A01";" -1";"7";"0";"2";"3";"22";"0";
"202000028333";"154 692 435";"A01";"3";"7";"0";"2";"1";"9";"1";
"202000028333";"154 692 436";"C01";"3";"7";"0";"2";"1";"1";"1";
"202000028333";"154 692 437";"B01";"0";"33";"0";"2";"5";"1";"1";
"202000028334";"154 692 434";"A01";"1";"3";"8";"0";"1";"26";"1";
"202000028335";"154 692 431";"A01";" -1";"7";"0";"2";"1";"17";"1";
"202000028335";"154 692 432";"CC01";" -1";"7";"0";"2";"1";"2";"1";
"202000028335";"154 692 433";"B01";" -1";"7";"0";"2";"4";"2";"1";
"202000028336";"154 692 430";"A01";"2";"7";"1";"1";"1";"15";"1";
"202000028337";"154 692 429";"A01";"2";"1";"0";"1";"1";"1";"5";
"202000028338";"154 692 428";"A01";"3";"50";"0";"0";"0";"0";"3";
"202000028339";"154 692 426";"B01";"2";"7";"0";"2";"4";"2";"1";
"202000028339";"154 692 427";"A01";"2";"7";"0";"2";"1";"2";"1";
"202000028340";"154 692 424";"A01";"1";"7";"1";"0";"3";"1";"1";
"202000028340";"154 692 425";"B01";"1";"7";"0";"2";"5";"24";"1";
"202000028341";"154 692 422";"B01";"1";"31";"0";"2";"8";"1";"1";
"202000028341";"154 692 423";"A01";"1";"7";"0";"2";"5";"1";"1";
"202000028342";"154 692 420";"A01";"2";"7";"0";"9";"8";"22";"1";
"202000028342";"154 692 421";"B01";"2";"50";"1";"0";"1";"0";"3";
"202000028343";"154 692 418";"B01";"1";"7";"0";"2";"4";"23";"1";
"202000028343";"154 692 419";"A01";"1";"10";"0";"2";"1";"2";"1";
"202000028344";"154 692 416";"B01";"2";"1";"0";"2";"8";"0";"5";
"202000028344";"154 692 417";"A01";"2";"7";"0";"2";"2";"15";"2";
"202000028345";"154 692 414";"A01";"1";"7";"0";"2";"3";"1";"1";
"202000028345";"154 692 415";"Y01";"3";"60";"0";"2";"1";"19";"5";
"202000028346";"154 692 413";"A01";"1";"7";"0";"1";"2";"14";"1";
"202000028347";"154 692 411";"B01";"3";"34";"0";"2";"3";"2";"0";
"202000028347";"154 692 412";"A01";"1";"7";"0";"2";"2";"2";"0";
"202000028348";"154 692 409";"A01";"2";"30";"0";"2";"1";"18";"1";
"202000028348";"154 692 410";"B01";"1";"7";"0";"2";"2";"1";"1";
"202000028349";"154 692 407";"A01";"2";"32";"0";"2";"7";"17";"1";
"202000028349";"154 692 408";"B01";"2";"7";"0";"2";"3";"2";"1";
"202000028350";"154 692 405";"B01";"1";"33";"0";"2";"3";"1";"1";
"202000028350";"154 692 406";"A01";"1";"3";"0";"2";"0";"11";"0";
"202000028351";"154 692 404";"A01";"1";"2";"6";"0";"9";"1";"1";
"202000028352";"154 692 402";"B01";"2";"2";"0";"2";"1";"1";"1";
"202000028352";"154 692 403";"A01";"2";"7";"0";"0";"5";"1";"1";
"202000028353";"154 692 400";"A01";"0";"7";"0";"2";"3";"19";"1";
"202000028353";"154 692 401";"B01";"2";"7";"0";"2";"1";"1";"1";
"202000028354";"154 692 399";"A01";"3";"7";"14";"1";"1";"1";"1";
"202000028355";"154 692 397";"B01";"2";"7";"0";"0";"4";"15";"1";
"202000028355";"154 692 398";"A01";"2";"7";"0";"2";"1";"17";"1";
"202000028356";"154 692 395";"B01";"3";"7";"0";"2";"3";"1";"1";
"202000028356";"154 692 396";"A01";"3";"2";"0";"2";"1";"1";"1";
"202000028357";"154 692 394";"A01";"2";"7";"13";"0";"9";"1";"1";
"202000028358";"154 692 393";"A01";"1";"2";"0";"1";"1";"1";"1";
"202000028359";"154 692 392";"A01";"2";"7";"0";"0";"0";"0";"1";
"202000028360";"154 692 390";"B01";"1";"15";"0";"2";"5";"1";"1";
"202000028360";"154 692 391";"A01";"1";"7";"0";"2";"1";"2";"1";
"202000028361";"154 692 388";"A01";"1";"3";"0";"2";"2";"26";"1";
"202000028361";"154 692 389";"B01";"2";"7";"0";"2";"3";"1";"1";
"202000028362";"154 692 386";"A01";"1";"7";"0";"2";"5";"15";"1";
"202000028362";"154 692 387";"B01";"2";"33";"0";"2";"1";"1";"1";
"202000028363";"154 692 384";"B01";"1";"7";"0";"2";"6";"15";"1";
"202000028363";"154 692 385";"A01";"1";"33";"0";"2";"1";"17";"1";
"202000028364";"154 692 382";"A01";"1";"33";"0";"2";"1";"17";"1";
"202000028364";"154 692 383";"B01";"1";"7";"0";"2";"3";"15";"1";
"202000028365";"154 692 380";"A01";"1";"7";"0";"2";"3";"16";"1";
"202000028365";"154 692 381";"B01";"1";"7";"0";"2";"2";"1";"1";
"202000028366";"154 692 379";"A01";"1";"7";"8";"0";"8";"1";"1";
"202000028367";"154 692 377";"A01";"3";"7";"0";"2";"3";"1";"1";
"202000028367";"154 692 378";"B01";"0";"21";"0";"2";"3";"23";"0";
"202000028368";"154 692 376";"A01";"3";"33";"0";"0";"1";"1";"1";
"202000028369";"154 692 374";"A01";"1";"7";"0";"2";"1";"23";"1";
"202000028369";"154 692 375";"B01";"1";"7";"1";"0";"1";"17";"1";
"202000028370";"154 692 373";"A01";"3";"7";"0";"1";"3";"1";"1";
"202000028371";"154 692 372";"A01";"1";"7";"0";"1";"2";"1";"0";
"202000028372";"154 692 371";"A01";"2";"33";"0";"0";"8";"17";"1";
"202000028373";"154 692 370";"A01";"2";"7";"13";"0";"1";"1";"1";
"202000028374";"154 692 369";"A01";"2";"2";"12";"0";"1";"1";"1";
"202000028375";"154 692 367";"A01";"2";"7";"0";"2";"4";"2";"1";
"202000028375";"154 692 368";"B01";"2";"2";"0";"2";"1";"2";"1";
"202000028376";"154 692 366";"A01";"1";"7";"2";"0";"2";"1";"1";
"202000028377";"154 692 365";"A01";"2";"7";"0";"1";"3";"9";"1";
"202000028378";"154 692 363";"A01";"1";"7";"0";"2";"7";"17";"0";
"202000028378";"154 692 364";"B01";"1";"2";"0";"2";"8";"1";"1";
"202000028379";"154 692 362";"A01";"2";"10";"6";"0";"2";"14";"1";
"202000028380";"154 692 361";"A01";"3";"33";"0";"0";"0";"1";"1";
"202000028381";"154 692 359";"B01";"1";"2";"0";"2";"7";"2";"1";
"202000028381";"154 692 360";"A01";"1";"1";"0";"0";"8";"2";"5";
"202000028382";"154 692 357";"B01";"1";"2";"0";"2";"1";"13";"1";
"202000028382";"154 692 358";"A01";"3";"7";"0";"2";"3";"1";"1";
"202000028383";"154 692 353";"B01";"1";"33";"0";"2";"1";"17";"1";
"202000028383";"154 692 354";"A01";"1";"7";"0";"2";"3";"10";"1";
"202000028384";"154 692 351";"B01";"2";"7";"0";"2";"1";"1";"1";
"202000028384";"154 692 352";"A01";"1";"31";"0";"2";"1";"1";"1";
"202000028385";"154 692 348";"A01";"2";"33";"0";"2";"1";"18";"1";
"202000028385";"154 692 349";"B01";"2";"7";"0";"0";"4";"1";"1";
"202000028385";"154 692 350";"C01";"2";"7";"0";"0";"4";"1";"1";
"202000028386";"154 692 346";"B01";"2";"7";"0";"0";"4";"2";"1";
"202000028386";"154 692 347";"A01";"2";"7";"0";"2";"1";"2";"1";
"202000028387";"154 692 345";"A01";"1";"10";"0";"1";"2";"1";"1";
"202000028388";"154 692 343";"B01";"2";"7";"0";"2";"3";"1";"1";
"202000028388";"154 692 344";"A01";"1";"7";"0";"2";"3";"13";"1";
"202000028389";"154 692 342";"A01";"1";"7";"6";"0";"2";"1";"1";
"202000028390";"154 692 340";"A01";"2";"7";"0";"2";"8";"9";"1";
"202000028390";"154 692 341";"B01";"2";"33";"0";"2";"1";"1";"1";
"202000028391";"154 692 338";"B01";"1";"99";"0";"2";"1";"1";"1";
"202000028391";"154 692 339";"A01";"2";"15";"0";"2";"1";"13";"1";
"202000028392";"154 692 336";"A01";"1";"33";"0";"2";"4";"2";"1";
"202000028392";"154 692 337";"B01";"1";"1";"0";"2";"1";"2";"5";
"202000028393";"154 692 334";"B01";"2";"2";"0";"2";"1";"1";"1";
"202000028393";"154 692 335";"A01";"1";"7";"0";"2";"3";"13";"1";
"202000028394";"154 692 332";"A01";"1";"32";"0";"2";"1";"9";"1";
"202000028394";"154 692 333";"B01";"1";"7";"0";"2";"6";"1";"1";
"202000028395";"154 692 330";"A01";"2";"10";"0";"2";"1";"19";"1";
"202000028395";"154 692 331";"B01";"2";"7";"0";"2";"7";"1";"1";
"202000028396";"154 692 329";"A01";"1";"7";"1";"0";"2";"1";"1";
"202000028397";"154 692 324";"A01";"2";"7";"0";"2";"4";"1";"1";
"202000028397";"154 692 325";"B01";"2";"7";"0";"2";"1";"2";"1";
"202000028397";"154 692 326";"C01";"2";"7";"0";"2";"1";"2";"1";
"202000028397";"154 692 327";"D01";"2";"33";"0";"0";"1";"21";"1";
"202000028397";"154 692 328";"E01";"2";"33";"0";"2";"9";"2";"1";
"202000028398";"154 692 322";"B01";"1";"31";"0";"2";"1";"1";"1";
"202000028398";"154 692 323";"A01";"2";"7";"0";"2";"3";"5";"1";
"202000028399";"154 692 320";"A01";"1";"7";"0";"2";"1";"15";"1";
"202000028399";"154 692 321";"B01";"1";"2";"0";"2";"7";"1";"1";
"202000028400";"154 692 319";"A01";"1";"7";"8";"0";"1";"13";"1";
"202000028401";"154 692 318";"A01";"3";"7";"13";"0";"0";"14";"1";
"202000028402";"154 692 316";"B01";"1";"33";"0";"2";"4";"16";"1";
"202000028402";"154 692 317";"A01";"1";"2";"0";"2";"1";"2";"1";
"202000028403";"154 692 314";"B01";"1";"7";"0";"2";"8";"15";"1";
"202000028403";"154 692 315";"A01";"1";"7";"11";"2";"2";"17";"1";
"202000028404";"154 692 313";"A01";"1";"7";"13";"0";"1";"0";"1";
"202000028405";"154 692 311";"B01";"2";"7";"0";"2";"1";"19";"1";
"202000028405";"154 692 312";"A01";"1";"7";"0";"2";"1";"1";"1";
"202000028406";"154 692 310";"A01";"3";"7";"15";"0";"1";"1";"1";
"202000028407";"154 692 308";"B01";"1";"7";"0";"2";"2";"2";"1";
"202000028407";"154 692 309";"A01";"1";"7";"0";"2";"4";"1";"1";
"202000028408";"154 692 306";"B01";"2";"15";"0";"2";"2";"11";"1";
"202000028408";"154 692 307";"A01";"2";"14";"0";"2";"6";"1";"1";
"202000028409";"154 692 304";"B01";"2";"7";"0";"0";"0";"0";"1";
"202000028409";"154 692 305";"A01";"1";"14";"0";"0";"0";"0";"1";
"202000028410";"154 692 302";"B01";"1";"7";"0";"2";"1";"2";"1";
"202000028410";"154 692 303";"A01";"1";"7";"0";"2";"4";"2";"1";
"202000028411";"154 692 301";"A01";"1";"7";"4";"0";"1";"1";"1";
"202000028412";"154 692 298";"A01";"1";"7";"0";"2";"8";"9";"1";
"202000028412";"154 692 299";"B01";"1";"17";"0";"2";"2";"1";"1";
"202000028412";"154 692 300";"C01";"1";"7";"13";"2";"1";"1";"1";
"202000028413";"154 692 296";"A01";"2";"13";"0";"2";"1";"2";"1";
"202000028413";"154 692 297";"B01";"2";"7";"0";"2";"4";"2";"1";
"202000028414";"154 692 294";"B01";"1";"31";"0";"2";"7";"3";"1";
"202000028414";"154 692 295";"A01";"1";"7";"0";"2";"3";"11";"1";
"202000028415";"154 692 292";"A01";"2";"7";"0";"2";"2";"26";"1";
"202000028415";"154 692 293";"B01";"2";"33";"0";"2";"1";"0";"1";
"202000028416";"154 692 284";"G01";"2";"15";"0";"2";"0";"0";"1";
"202000028416";"154 692 285";"C01";"2";"7";"0";"0";"0";"0";"0";
"202000028416";"154 692 286";"D01";"2";"7";"0";"0";"0";"0";"1";
"202000028416";"154 692 287";"F01";"2";"7";"0";"0";"0";"0";"1";
"202000028416";"154 692 288";"A01";"2";"17";"0";"0";"0";"0";"1";
"202000028416";"154 692 289";"B01";"2";"10";"0";"0";"0";"0";"1";
"202000028416";"154 692 290";"E01";"2";"10";"0";"0";"0";"0";"1";
"202000028416";"154 692 291";"H01";"2";"10";"0";"0";"0";"0";"1";
"202000028417";"154 692 283";"A01";"2";"7";"4";"0";"0";"14";"1";
"202000028418";"154 692 280";"C01";"2";"7";"0";"2";"6";"2";"1";
"202000028418";"154 692 281";"B01";"2";"7";"0";"2";"4";"2";"1";
"202000028418";"154 692 282";"A01";"2";"10";"0";"2";"1";"2";"1";
"202000028419";"154 692 278";"B01";"1";"7";"0";"2";"4";"1";"1";
"202000028419";"154 692 279";"A01";"1";"7";"0";"2";"1";"1";"1";
"202000028420";"154 692 275";"B01";"1";"7";"0";"2";"4";"26";"1";
"202000028420";"154 692 276";"A01";"1";"10";"4";"2";"4";"26";"1";
"202000028420";"154 692 277";"C01";"1";"7";"0";"2";"1";"2";"1";
"202000028421";"154 692 273";"B01";"2";"7";"8";"2";"6";"15";"1";
"202000028421";"154 692 274";"A01";"2";"7";"0";"2";"2";"17";"1";
"202000028422";"154 692 271";"A01";"1";"7";"0";"9";"1";"19";"1";
"202000028422";"154 692 272";"B01";"2";"99";"0";"2";"7";"19";"5";
"202000028423";"154 692 269";"B01";"2";"50";"0";"2";"1";"1";"3";
"202000028423";"154 692 270";"A01";"2";"7";"0";"9";"7";"16";"1";
"202000028424";"154 692 266";"C01";"1";"7";"0";"2";"6";"24";"1";
"202000028424";"154 692 267";"B01";"1";"7";"1";"2";"8";"7";"1";
"202000028424";"154 692 268";"A01";"1";"7";"0";"2";"2";"12";"0";
"202000028425";"154 692 264";"A01";"0";"7";"0";"2";"3";"9";"0";
"202000028425";"154 692 265";"B01";"0";"7";"0";"2";"2";"1";"0";
"202000028426";"154 692 262";"A01";"1";"7";"0";"2";"5";"0";"1";
"202000028426";"154 692 263";"B01";"1";"2";"0";"2";"8";"0";"1";
"202000028427";"154 692 260";"B01";"2";"7";"0";"2";"3";"1";"1";
"202000028427";"154 692 261";"A01";"2";"7";"0";"2";"1";"12";"1";
"202000028428";"154 692 258";"B01";"1";"31";"0";"2";"8";"1";"1";
"202000028428";"154 692 259";"A01";"2";"7";"0";"2";"1";"16";"1";
"202000028429";"154 692 256";"A01";"1";"7";"0";"2";"3";"9";"1";
"202000028429";"154 692 257";"B01";"3";"60";"0";"2";"1";"9";"5";
"202000028430";"154 692 255";"A01";"2";"7";"0";"1";"2";"1";"1";
"202000028431";"154 692 254";"A01";"0";"7";"12";"0";"7";"14";"1";
"202000028432";"154 692 252";"B01";"1";"2";"0";"2";"1";"17";"1";
"202000028432";"154 692 253";"A01";"2";"7";"0";"2";"2";"9";"1";
"202000028433";"154 692 250";"A01";"1";"7";"0";"2";"1";"1";"6";
"202000028433";"154 692 251";"B01";"1";"7";"0";"2";"7";"1";"6";
"202000028434";"154 692 248";"A01";"0";"7";"0";"2";"5";"15";"1";
"202000028434";"154 692 249";"B01";"0";"32";"0";"2";"1";"1";"1";
"202000028435";"154 692 246";"B01";"0";"7";"0";"2";"4";"1";"1";
"202000028435";"154 692 247";"A01";"0";"7";"0";"2";"1";"1";"3";
"202000028436";"154 692 244";"B01";"2";"2";"0";"2";"8";"1";"1";
"202000028436";"154 692 245";"A01";"2";"7";"0";"2";"1";"15";"1";
"202000028437";"154 692 242";"B01";"1";"1";"0";"2";"8";"1";"0";
"202000028437";"154 692 243";"A01";"1";"10";"0";"2";"7";"17";"1";
"202000028438";"154 692 240";"Z01";"2";"7";"0";"2";"0";"16";"1";
"202000028438";"154 692 241";"A01";"2";"2";"0";"2";"2";"1";"1";
"202000028439";"154 692 237";"A01";"2";"7";"0";"1";"1";"1";"1";
"202000028440";"154 692 236";"A01";"2";"7";"0";"1";"7";"1";"1";
"202000028441";"154 692 234";"B01";"3";"20";"0";"2";"1";"2";"1";
"202000028441";"154 692 235";"A01";"3";"20";"0";"2";"5";"26";"1";
"202000028442";"154 692 233";"A01";"1";"7";"2";"0";"2";"1";"1";
"202000028443";"154 692 231";"B01";"2";"1";"0";"2";"1";"19";"5";
"202000028443";"154 692 232";"A01";"1";"7";"0";"2";"2";"1";"1";
"202000028444";"154 692 228";"B01";"2";"7";"0";"2";"1";"1";"0";
"202000028444";"154 692 229";"A01";"1";"7";"0";"2";"1";"17";"1";
"202000028444";"154 692 230";"C01";"1";"7";"0";"2";"8";"1";"1";
"202000028445";"154 692 226";"B01";"0";"2";"0";"2";"2";"1";"1";
"202000028445";"154 692 227";"A01";"0";"7";"0";"2";"5";"10";"1";
"202000028446";"154 692 224";"B01";"3";"7";"0";"2";"3";"1";"1";
"202000028446";"154 692 225";"A01";"0";"1";"0";"2";"1";"9";"5";
"202000028447";"154 692 222";"B01";"1";"7";"0";"2";"4";"23";"1";
"202000028447";"154 692 223";"A01";"1";"2";"0";"2";"1";"2";"1";
"202000028448";"154 692 220";"B01";"2";"99";"0";"2";"7";"19";"6";
"202000028448";"154 692 221";"A01";"1";"7";"0";"2";"1";"1";"2";
"202000028449";"154 692 218";"B01";"1";"7";"0";"2";"1";"2";"1";
"202000028449";"154 692 219";"A01";"1";"7";"1";"2";"1";"13";"1";
"202000028450";"154 692 217";"A01";"2";"7";"0";"1";"3";"15";"1";
"202000028451";"154 692 216";"A01";"1";"7";"0";"1";"2";"1";"0";
"202000028452";"154 692 215";"A01";"2";"33";"1";"0";"1";"13";"1";
"202000028453";"154 692 214";"A01";"2";"7";"13";"0";"1";"13";"1";
"202000028454";"154 692 212";"A01";"3";"7";"0";"1";"4";"4";"1";
"202000028454";"154 692 213";"B01";"3";"60";"0";"2";"2";"1";"5";
"202000028455";"154 692 210";"A01";"1";"31";"0";"2";"1";"17";"1";
"202000028455";"154 692 211";"B01";"1";"7";"0";"0";"3";"15";"1";
"202000028456";"154 692 209";"A01";"1";"30";"1";"0";"2";"14";"1";
"202000028457";"154 692 208";"A01";"3";"7";"7";"0";"1";"1";"1";
"202000028458";"154 692 206";"A01";"1";"7";"0";"2";"3";"1";"1";
"202000028458";"154 692 207";"B01";"3";"1";"0";"2";"1";"19";"0";
"202000028459";"154 692 204";"B01";"1";"1";"1";"2";"0";"0";"5";
"202000028459";"154 692 205";"A01";"2";"7";"0";"2";"3";"1";"1";
"202000028460";"154 692 202";"A01";"3";"7";"0";"2";"2";"15";"0";
"202000028460";"154 692 203";"B01";"3";"31";"0";"2";"1";"1";"1";
"202000028461";"154 692 200";"B01";"2";"2";"0";"2";"1";"1";"1";
"202000028461";"154 692 201";"A01";"1";"7";"0";"2";"1";"13";"1";
"202000028462";"154 692 198";"B01";"1";"7";"0";"2";"2";"1";"1";
"202000028462";"154 692 199";"A01";"0";"1";"0";"2";"8";"9";"5";
"202000028463";"154 692 196";"A01";"2";"33";"0";"2";"7";"14";"1";
"202000028463";"154 692 197";"B01";"2";"10";"0";"2";"8";"1";"1";
"202000028464";"154 692 194";"A01";"1";"7";"0";"2";"2";"1";"1";
"202000028464";"154 692 195";"B01";"1";"7";"0";"2";"3";"1";"1";
"202000028465";"154 692 193";"A01";"1";"7";"0";"1";"7";"1";"1";
"202000028466";"154 692 191";"A01";"1";"13";"0";"2";"3";"13";"1";
"202000028466";"154 692 192";"B01";"2";"7";"0";"2";"3";"1";"1";
"202000028467";"154 692 189";"B01";"1";"7";"0";"2";"5";"1";"1";
"202000028467";"154 692 190";"A01";"1";"7";"0";"2";"2";"16";"1";
"202000028468";"154 692 179";"B01";"1";"1";"0";"9";"9";"1";"5";
"202000028468";"154 692 180";"A01";"1";"7";"0";"2";"0";"17";"1";
"202000028468";"154 692 181";"J01";"1";"1";"0";"9";"9";"1";"5";
"202000028468";"154 692 182";"I01";"1";"1";"0";"9";"9";"1";"5";
"202000028468";"154 692 183";"H01";"1";"1";"0";"9";"9";"1";"5";