"Num_Acc";"id_vehicule";"num_veh";"senc";"catv";"obs";"obsm";"choc";"manv";"motor";"occutc"
"202000028468";"154 692 184";"G01";"1";"1";"0";"9";"9";"1";"5";
"202000028468";"154 692 185";"F01";"1";"1";"0";"9";"9";"1";"5";
"202000028468";"154 692 186";"E01";"1";"1";"0";"9";"9";"1";"5";
"202000028468";"154 692 187";"D01";"1";"1";"0";"9";"9";"1";"5";
"202000028468";"154 692 188";"C01";"1";"1";"0";"9";"9";"1";"5";
"202000028469";"154 692 178";"A01";"1";"10";"0";"1";"1";"1";"1";
"202000028470";"154 692 176";"B01";"3";"32";"0";"2";"1";"1";"1";
"202000028470";"154 692 177";"A01";"2";"7";"0";"2";"3";"15";"1";
"202000028471";"154 692 175";"A01";"2";"30";"0";"0";"4";"23";"1";
"202000028472";"154 692 173";"Z01";"1";"13";"0";"2";"0";"0";"0";
"202000028472";"154 692 174";"B01";"1";"34";"14";"0";"8";"11";"1";
"202000028473";"154 692 171";"B01";"3";"1";"1";"2";"8";"5";"0";
"202000028473";"154 692 172";"A01";"3";"7";"15";"9";"1";"20";"1";
"202000028474";"154 692 170";"A01";"2";"7";"13";"0";"9";"15";"1";
"202000028475";"154 692 168";"A01";"1";"33";"0";"2";"1";"3";"1";
"202000028475";"154 692 169";"B01";"1";"7";"0";"2";"5";"1";"1";
"202000028476";"154 692 164";"A01";"1";"32";"0";"2";"7";"1";"1";
"202000028476";"154 692 165";"B01";"1";"7";"0";"2";"1";"1";"1";
"202000028477";"154 692 163";"A01";"1";"7";"0";"1";"2";"1";"1";
"202000028478";"154 692 162";"A01";"2";"33";"0";"1";"1";"1";"1";
"202000028479";"154 692 159";"B01";"2";"2";"0";"2";"3";"1";"1";
"202000028479";"154 692 160";"C01";"2";"30";"0";"2";"6";"23";"1";
"202000028479";"154 692 161";"A01";"1";"7";"0";"2";"2";"1";"1";
"202000028480";"154 692 157";"B01";"1";"1";"0";"2";"1";"1";"5";
"202000028480";"154 692 158";"A01";"1";"7";"0";"2";"8";"22";"1";
"202000028481";"154 692 156";"A01";"1";"80";"12";"0";"2";"26";"3";
"202000028482";"154 692 155";"A01";"1";"2";"0";"1";"3";"1";"3";
"202000028483";"154 692 153";"A01";"1";"7";"0";"2";"8";"22";"1";
"202000028483";"154 692 154";"B01";"1";"1";"0";"2";"1";"1";"5";
"202000028484";"154 692 151";"Z01";"1";"7";"0";"2";"7";"16";"0";
"202000028484";"154 692 152";"A01";"1";"7";"0";"2";"8";"7";"1";
"202000028485";"154 692 149";"A01";"2";"7";"0";"2";"3";"1";"2";
"202000028485";"154 692 150";"B01";"2";"1";"0";"2";"7";"1";"5";
"202000028486";"154 692 147";"A01";"1";"10";"0";"2";"1";"16";"1";
"202000028486";"154 692 148";"B01";"1";"50";"0";"2";"1";"19";"3";
"202000028487";"154 692 146";"A01";"3";"7";"0";"1";"2";"0";"1";
"202000028488";"154 692 144";"B01";"2";"2";"0";"9";"4";"2";"1";
"202000028488";"154 692 145";"A01";"2";"7";"0";"2";"1";"2";"1";
"202000028489";"154 692 143";"A01";"1";"10";"0";"1";"1";"9";"1";
"202000028490";"154 692 141";"B01";"3";"7";"0";"2";"3";"1";"1";
"202000028490";"154 692 142";"A01";"3";"7";"9";"2";"8";"1";"1";
"202000028491";"154 692 139";"A01";"1";"7";"0";"2";"6";"0";"2";
"202000028491";"154 692 140";"B01";"1";"7";"0";"2";"2";"21";"1";
"202000028492";"154 692 137";"A01";"1";"7";"1";"0";"4";"26";"1";
"202000028492";"154 692 138";"B01";"0";"1";"0";"2";"4";"15";"5";
"202000028493";"154 692 136";"A01";"1";"3";"0";"1";"1";"26";"1";
"202000028494";"154 692 135";"A01";" -1";"7";"0";"1";"2";"1";"1";
"202000028495";"154 692 133";"B01";"3";"7";"0";"2";"1";"1";"1";
"202000028495";"154 692 134";"A01";"3";"7";"0";"2";"3";"16";"2";
"202000028496";"154 692 131";"B01";"3";"7";"0";"2";"7";"16";"1";
"202000028496";"154 692 132";"A01";"3";"31";"0";"2";"8";"16";"1";
"202000028497";"154 692 129";"B01";"2";"32";"1";"0";"2";"0";"1";
"202000028497";"154 692 130";"A01";"3";"7";"0";"2";"3";"22";"1";
"202000028498";"154 692 128";"A01";"1";"30";"0";"0";"0";"1";"1";
"202000028499";"154 692 126";"A01";"1";"7";"1";"0";"2";"14";"0";
"202000028499";"154 692 127";"B01";"1";"37";"0";"0";"6";"0";"0";"1"
"202000028500";"154 692 124";"A01";"1";"14";"0";"2";"6";"11";"1";
"202000028500";"154 692 125";"B01";"1";"34";"0";"2";"7";"15";"1";
"202000028501";"154 692 123";"A01";"3";"2";"9";"0";"1";"26";"1";
"202000028502";"154 692 121";"A01";"2";"7";"0";"2";"7";"1";"1";
"202000028502";"154 692 122";"B01";"1";"7";"0";"2";"1";"1";"1";
"202000028503";"154 692 119";"A01";"1";"7";"0";"2";"1";"1";"1";
"202000028503";"154 692 120";"B01";"2";"7";"0";"2";"1";"1";"1";
"202000028504";"154 692 116";"B01";"1";"7";"0";"2";"1";"1";"1";
"202000028504";"154 692 117";"A01";"3";"10";"0";"2";"9";"1";"1";
"202000028504";"154 692 118";"C01";"3";"7";"0";"2";"1";"1";"1";
"202000028505";"154 692 115";"A01";"0";"2";"6";"0";"2";"1";"0";
"202000028506";"154 692 113";"A01";"1";"7";"0";"2";"3";"16";"1";
"202000028506";"154 692 114";"B01";"2";"7";"0";"2";"1";"1";"1";
"202000028507";"154 692 111";"A01";"1";"33";"0";"2";"1";"2";"1";
"202000028507";"154 692 112";"B01";"1";"13";"0";"2";"4";"2";"1";
"202000028508";"154 692 110";"A01";"2";"14";"4";"0";"1";"6";"1";
"202000028509";"154 692 109";"A01";"1";"33";"12";"0";"2";"15";"1";
"202000028510";"154 692 107";"B01";"2";"7";"0";"2";"3";"1";"1";
"202000028510";"154 692 108";"A01";"1";"7";"0";"2";"3";"1";"1";
"202000028511";"154 692 106";"B01";"2";"15";"0";"1";"2";"23";"1";
"202000028512";"154 692 104";"A01";"2";"17";"0";"2";"1";"1";"1";
"202000028512";"154 692 105";"B01";"0";"7";"0";"2";"4";"19";"1";
"202000028513";"154 692 102";"B01";"2";"33";"0";"2";"1";"1";"1";
"202000028513";"154 692 103";"A01";"2";"7";"0";"2";"3";"19";"1";
"202000028514";"154 692 100";"B01";"1";"2";"0";"2";"1";"1";"1";
"202000028514";"154 692 101";"A01";"2";"7";"0";"2";"2";"15";"1";
"202000028515";"154 692 099";"A01";"1";"7";"3";"0";"3";"13";"1";
"202000028516";"154 692 097";"B01";"2";"7";"0";"2";"1";"1";"1";
"202000028516";"154 692 098";"A01";"1";"7";"0";"2";"1";"5";"1";
"202000028517";"154 692 095";"A01";"2";"7";"0";"2";"1";"1";"1";
"202000028517";"154 692 096";"B01";"2";"7";"0";"2";"7";"19";"1";
"202000028518";"154 692 093";"B01";"2";"7";"0";"2";"1";"17";"1";
"202000028518";"154 692 094";"A01";"2";"7";"4";"0";"4";"17";"1";
"202000028519";"154 692 092";"A01";"1";"7";"0";"1";"2";"1";"1";
"202000028520";"154 692 090";"B01";"2";"2";"0";"2";"1";"1";"1";
"202000028520";"154 692 091";"A01";"1";"7";"0";"2";"8";"10";"1";
"202000028521";"154 692 089";"A01";"3";"2";"0";"0";"0";"1";"6";
"202000028522";"154 692 088";"A01";"1";"7";"13";"0";"8";"13";"1";
"202000028523";"154 692 086";"A01";"2";"7";"0";"2";"3";"9";"1";
"202000028523";"154 692 087";"B01";"2";"15";"0";"2";"2";"1";"1";
"202000028524";"154 692 084";"B01";"3";"7";"0";"2";"2";"15";"1";
"202000028524";"154 692 085";"A01";"3";"33";"0";"2";"1";"1";"1";
"202000028525";"154 692 083";"A01";"0";"34";"0";"0";"0";"1";"1";
"202000028526";"154 692 081";"A01";"2";"2";"0";"0";"1";"17";"1";
"202000028526";"154 692 082";"B01";"1";"32";"0";"0";"1";"17";"1";
"202000028527";"154 692 078";"A01";"1";"10";"0";"0";"8";"1";"1";
"202000028528";"154 692 076";"A01";"1";"7";"0";"2";"2";"15";"0";
"202000028528";"154 692 077";"B01";"1";"7";"0";"2";"1";"1";"0";
"202000028529";"154 692 074";"A01";"2";"7";"0";"2";"3";"17";"1";
"202000028529";"154 692 075";"B01";"1";"14";"0";"2";"3";"1";"1";
"202000028530";"154 692 072";"B01";"2";"33";"0";"2";"1";"21";"1";
"202000028530";"154 692 073";"A01";"2";"99";"0";"0";"4";"1";"1";
"202000028531";"154 692 071";"A01";"1";"7";"1";"0";"2";"1";"1";
"202000028532";"154 692 068";"B01";"2";"7";"0";"2";"2";"1";"1";
"202000028532";"154 692 069";"A01";"1";"7";"0";"2";"1";"1";"2";
"202000028533";"154 692 066";"A01";"2";"7";"0";"2";"3";"1";"1";
"202000028533";"154 692 067";"B01";"1";"7";"0";"2";"1";"13";"0";
"202000028534";"154 692 065";"A01";"1";"7";"6";"0";"3";"1";"1";
"202000028535";"154 692 063";"A01";"2";"7";"0";"2";"2";"12";"0";
"202000028535";"154 692 064";"B01";"2";"33";"0";"2";"8";"2";"0";
"202000028536";"154 692 062";"A01";"2";"7";"4";"0";"3";"13";"1";
"202000028537";"154 692 060";"A01";"2";"7";"0";"2";"1";"2";"1";
"202000028537";"154 692 061";"B01";"2";"7";"0";"2";"4";"2";"1";
"202000028538";"154 692 058";"B01";"2";"7";"4";"2";"3";"1";"1";
"202000028538";"154 692 059";"A01";"2";"17";"0";"2";"5";"12";"1";
"202000028539";"154 692 057";"A01";"3";"1";"0";"0";"0";"1";"5";
"202000028540";"154 692 056";"A01";"2";"32";"1";"0";"2";"1";"1";
"202000028541";"154 692 055";"A01";"1";"7";"1";"0";"2";"1";"1";
"202000028542";"154 692 054";"A01";"2";"7";"4";"0";"1";"12";"1";
"202000028543";"154 692 052";"B01";"1";"7";"0";"2";"5";"1";"1";
"202000028543";"154 692 053";"A01";"2";"7";"0";"2";"1";"9";"1";
"202000028544";"154 692 050";"B01";"1";"34";"0";"2";"1";"1";"1";
"202000028544";"154 692 051";"A01";"1";"34";"0";"2";"4";"10";"1";
"202000028545";"154 692 049";"A01";"1";"7";"0";"1";"2";"1";"1";
"202000028546";"154 692 047";"A01";"1";"3";"0";"2";"5";"11";"1";
"202000028546";"154 692 048";"B01";"1";"2";"0";"2";"1";"1";"1";
"202000028547";"154 692 046";"A01";"1";"33";"0";"2";"7";"1";"1";
"202000028548";"154 692 045";"A01";"1";"7";"0";"1";"1";"0";"1";
"202000028549";"154 692 043";"A01";"1";"30";"0";"2";"1";"26";"1";
"202000028549";"154 692 044";"B01";"0";"7";"0";"2";"3";"0";"1";
"202000028550";"154 692 039";"D01";"2";"7";"0";"2";"2";"1";"1";
"202000028550";"154 692 040";"B01";"2";"7";"0";"2";"6";"1";"1";
"202000028550";"154 692 041";"A01";"1";"7";"1";"2";"2";"5";"1";
"202000028550";"154 692 042";"C01";"2";"7";"0";"2";"1";"1";"1";
"202000028551";"154 692 038";"A01";"2";"7";"12";"0";"9";"14";"1";
"202000028552";"154 692 036";"B01";"2";"7";"0";"2";"4";"2";"1";
"202000028552";"154 692 037";"A01";"2";"7";"0";"2";"1";"2";"1";
"202000028553";"154 692 035";"A01";"2";"7";"7";"0";"1";"15";"1";
"202000028554";"154 692 033";"B01";"3";"7";"0";"2";"3";"1";"0";
"202000028554";"154 692 034";"A01";"3";"7";"0";"2";"0";"15";"0";
"202000028555";"154 692 031";"A01";"2";"7";"0";"2";"0";"2";"1";
"202000028555";"154 692 032";"B01";"2";"33";"0";"2";"4";"0";"1";
"202000028556";"154 692 030";"A01";"3";"33";"15";"0";"9";"1";"1";
"202000028557";"154 692 029";"A01";"1";"7";"0";"1";"3";"1";"1";
"202000028558";"154 692 027";"A01";"0";"7";"0";"2";"2";"15";"1";
"202000028558";"154 692 028";"B01";"0";"7";"0";"2";"1";"0";"1";
"202000028559";"154 692 026";"A01";"1";"7";"0";"1";"1";"26";"1";
"202000028560";"154 692 025";"A01";"2";"7";"2";"0";"8";"13";"1";
"202000028561";"154 692 024";"A01";"2";"7";"0";"1";"3";"1";"1";
"202000028562";"154 692 021";"A01";"3";"7";"0";"2";"2";"15";"1";
"202000028562";"154 692 022";"B01";"3";"33";"0";"2";"1";"1";"1";
"202000028563";"154 692 019";"C01";"1";"7";"0";"2";"8";"23";"1";
"202000028563";"154 692 020";"B01";"1";"33";"0";"2";"7";"15";"1";
"202000028564";"154 692 018";"A01";"0";"7";"0";"1";"3";"15";"0";
"202000028565";"154 692 017";"A01";"2";"7";"2";"0";"7";"1";"1";
"202000028566";"154 692 015";"B01";"2";"7";"0";"2";"4";"23";"1";
"202000028566";"154 692 016";"A01";"2";"7";"0";"2";"1";"2";"1";
"202000028567";"154 692 013";"A01";"1";"34";"0";"2";"1";"21";"1";
"202000028567";"154 692 014";"B01";"1";"10";"0";"2";"6";"10";"1";
"202000028568";"154 692 011";"A01";"3";"7";"0";"2";"1";"21";"1";
"202000028568";"154 692 012";"B01";"3";"7";"0";"2";"7";"1";"1";
"202000028569";"154 692 010";"A01";"0";"7";"4";"0";"2";"1";"0";
"202000028570";"154 692 008";"A01";"1";"7";"0";"2";"3";"10";"0";
"202000028570";"154 692 009";"B01";"1";"2";"0";"2";"1";"1";"0";
"202000028571";"154 692 006";"B01";"1";"7";"0";"2";"5";"15";"0";
"202000028571";"154 692 007";"A01";"1";"30";"0";"2";"1";"0";"0";
"202000028572";"154 692 005";"A01";"2";"7";"2";"0";"0";"1";"1";
"202000028573";"154 692 003";"A01";"2";"3";"12";"2";"1";"13";"1";
"202000028573";"154 692 004";"B01";"1";"7";"0";"2";"3";"26";"1";
"202000028574";"154 692 000";"B01";"1";"31";"0";"2";"1";"1";"1";
"202000028574";"154 692 001";"C01";"2";"7";"0";"2";"3";"1";"1";
"202000028574";"154 692 002";"A01";"1";"7";"0";"2";"4";"23";"1";
"202000028575";"154 691 998";"A01";"2";"1";"0";"2";"1";"15";"5";
"202000028575";"154 691 999";"Z01";"1";"7";"0";"2";"1";"16";"0";
"202000028576";"154 691 996";"A01";"2";"7";"0";"2";"3";"9";"1";
"202000028576";"154 691 997";"B01";"2";"30";"0";"2";"2";"1";"1";
"202000028577";"154 691 994";"B01";"3";"1";"0";"2";"1";"1";"5";
"202000028577";"154 691 995";"A01";"2";"7";"0";"2";"5";"15";"1";
"202000028578";"154 691 993";"A01";"1";"7";"0";"1";"3";"1";"2";
"202000028579";"154 691 991";"B01";"1";"7";"0";"2";"6";"2";"0";
"202000028579";"154 691 992";"A01";"1";"33";"0";"2";"1";"26";"0";
"202000028580";"154 691 990";"A01";"1";"33";"6";"0";"1";"14";"1";
"202000028581";"154 691 988";"B01";"3";"7";"0";"2";"3";"16";"1";
"202000028581";"154 691 989";"A01";" -1";"7";"0";"2";"1";"1";"1";
"202000028582";"154 691 986";"B01";"1";"33";"0";"2";"1";"13";"0";
"202000028582";"154 691 987";"A01";"1";"7";"0";"2";"7";"13";"0";
"202000028583";"154 691 984";"B01";"1";"7";"3";"2";"1";"1";"0";
"202000028583";"154 691 985";"A01";"1";"7";"13";"2";"4";"1";"0";
"202000028584";"154 691 982";"A01";"1";"7";"0";"2";"1";"1";"1";
"202000028584";"154 691 983";"B01";"2";"7";"0";"2";"3";"16";"1";
"202000028585";"154 691 980";"B01";"1";"7";"0";"2";"7";"16";"1";
"202000028585";"154 691 981";"A01";"1";"32";"0";"2";"3";"1";"1";
"202000028586";"154 691 977";"C01";"2";"7";"0";"2";"3";"1";"1";
"202000028586";"154 691 978";"A01";"2";"7";"0";"2";"1";"13";"1";
"202000028586";"154 691 979";"B01";"1";"15";"0";"2";"1";"1";"1";
"202000028587";"154 691 975";"B01";"2";"17";"0";"2";"1";"1";"1";
"202000028587";"154 691 976";"A01";"1";"7";"0";"2";"1";"17";"1";
"202000028588";"154 691 974";"A01";"1";"7";"0";"0";"1";"26";"1";
"202000028589";"154 691 973";"A01";"2";"7";"3";"0";"1";"1";"6";
"202000028590";"154 691 972";"A01";"0";"7";"0";"1";"0";"26";"0";
"202000028591";"154 691 969";"A01";"2";"17";"0";"2";"1";"6";"1";
"202000028591";"154 691 970";"B01";"1";"17";"0";"2";"2";"1";"1";
"202000028591";"154 691 971";"C01";"1";"17";"0";"2";"2";"1";"1";
"202000028592";"154 691 968";"A01";"3";"7";"2";"0";"1";"1";"1";
"202000028593";"154 691 966";"A01";"1";"7";"0";"9";"1";"1";"1";
"202000028594";"154 691 964";"A01";"0";"7";"0";"2";"6";"15";"1";
"202000028594";"154 691 965";"B01";"2";"33";"0";"2";"1";"1";"1";
"202000028595";"154 691 963";"A01";"1";"7";"0";"1";"7";"21";"1";
"202000028596";"154 691 962";"A01";"1";"7";"2";"0";"8";"1";"1";
"202000028597";"154 691 960";"B01";"3";"7";"0";"2";"1";"1";"1";
"202000028597";"154 691 961";"A01";"3";"7";"0";"2";"7";"1";"1";
"202000028598";"154 691 958";"A01";"1";"7";"0";"2";"2";"1";"1";
"202000028598";"154 691 959";"B01";"1";"1";"0";"2";"4";"1";"5";
"202000028599";"154 691 957";"A01";"2";"7";"2";"0";"3";"0";"1";
"202000028600";"154 691 955";"A01";"2";"7";"0";"9";"7";"2";"1";
"202000028600";"154 691 956";"B01";"2";"1";"0";"0";"8";"1";"5";
"202000028601";"154 691 954";"A01";"1";"33";"0";"0";"8";"14";"1";
"202000028602";"154 691 952";"B01";"1";"7";"0";"0";"3";"21";"1";
"202000028602";"154 691 953";"A01";"2";"7";"0";"2";"3";"17";"1";
"202000028603";"154 691 951";"A01";"2";"7";"8";"0";"3";"1";"1";
"202000028604";"154 691 948";"A01";"1";"33";"5";"0";"1";"21";"1";
"202000028605";"154 691 946";"A01";"2";"2";"0";"2";"1";"1";"1";
"202000028605";"154 691 947";"B01";"1";"7";"0";"2";"3";"1";"1";
"202000028606";"154 691 945";"A01";"1";"7";"2";"0";"1";"1";"0";
"202000028607";"154 691 943";"B01";"2";"7";"0";"0";"6";"2";"1";
"202000028607";"154 691 944";"A01";"2";"10";"0";"2";"2";"2";"1";
"202000028608";"154 691 942";"A01";"1";"7";"0";"6";"1";"0";"1";
"202000028609";"154 691 939";"A01";"1";"2";"0";"2";"1";"1";"1";
"202000028609";"154 691 940";"B01";"1";"7";"0";"2";"3";"15";"1";
"202000028609";"154 691 941";"C01";"1";"7";"0";"2";"2";"15";"1";
"202000028610";"154 691 938";"A01";"2";"7";"13";"0";"2";"1";"1";
"202000028611";"154 691 935";"A01";"1";"33";"14";"0";"1";"1";"1";
"202000028612";"154 691 934";"A01";"2";"7";"4";"0";"3";"17";"1";
"202000028613";"154 691 933";"A01";"2";"7";"10";"0";"3";"13";"1";
"202000028614";"154 691 931";"A01";"3";"10";"0";"9";"5";"4";"1";
"202000028614";"154 691 932";"B01";"0";"1";"0";"2";"6";"1";"5";
"202000028615";"154 691 930";"A01";"1";"2";"13";"0";"7";"1";"1";
"202000028616";"154 691 929";"A01";"0";"2";"0";"0";"0";"17";"1";
"202000028617";"154 691 927";"A01";"2";"7";"0";"2";"3";"0";"1";
"202000028617";"154 691 928";"B01";"1";"7";"0";"2";"3";"0";"1";
"202000028618";"154 691 925";"B01";"1";"2";"0";"2";"8";"1";"1";
"202000028618";"154 691 926";"A01";"3";"7";"0";"0";"1";"19";"1";
"202000028619";"154 691 923";"A01";"2";"7";"0";"1";"4";"23";"1";
"202000028619";"154 691 924";"B01";"2";"7";"1";"0";"1";"1";"1";
"202000028620";"154 691 921";"A01";"0";"1";"0";"2";"7";"19";"5";
"202000028620";"154 691 922";"B01";"1";"7";"0";"2";"2";"1";"1";
"202000028621";"154 691 919";"B01";"1";"7";"0";"2";"1";"1";"6";
"202000028621";"154 691 920";"A01";"2";"7";"0";"2";"3";"19";"2";
"202000028622";"154 691 917";"A01";"1";"7";"0";"0";"1";"1";"1";
"202000028622";"154 691 918";"B01";"1";"33";"0";"2";"4";"24";"1";
"202000028623";"154 691 914";"B01";"2";"7";"0";"2";"6";"2";"1";
"202000028623";"154 691 915";"A01";"2";"7";"0";"0";"4";"2";"1";
"202000028623";"154 691 916";"C01";"2";"7";"0";"2";"2";"2";"1";
"202000028624";"154 691 913";"A01";"1";"2";"0";"1";"3";"17";"1";
"202000028625";"154 691 912";"A01";"1";"7";"2";"0";"1";"1";"1";
"202000028626";"154 691 910";"A01";"3";"7";"6";"0";"3";"16";"1";
"202000028627";"154 691 908";"B01";"1";"10";"0";"2";"3";"2";"1";
"202000028627";"154 691 909";"A01";"1";"10";"0";"2";"4";"2";"1";
"202000028628";"154 691 906";"B01";"2";"7";"0";"2";"1";"2";"1";
"202000028628";"154 691 907";"A01";"2";"7";"0";"2";"4";"2";"1";
"202000028629";"154 691 904";"A01";"0";"7";"4";"0";"1";"26";"1";
"202000028629";"154 691 905";"T01";"1";"7";"0";"0";"0";"26";"1";
"202000028630";"154 691 902";"A01";"1";"7";"0";"2";"5";"1";"1";
"202000028630";"154 691 903";"B01";"1";"7";"0";"2";"3";"1";"1";
"202000028631";"154 691 901";"A01";"2";"7";"9";"0";"1";"1";"1";
"202000028632";"154 691 900";"A01";"1";"7";"0";"0";"9";"9";"1";
"202000028633";"154 691 897";"A01";"1";"7";"4";"2";"2";"1";"1";
"202000028633";"154 691 898";"C01";"1";"7";"0";"2";"5";"1";"1";
"202000028633";"154 691 899";"B01";"1";"7";"0";"2";"1";"1";"1";
"202000028634";"154 691 895";"A01";"1";"7";"3";"2";"7";"14";"1";
"202000028634";"154 691 896";"B01";"1";"7";"3";"2";"3";"1";"1";
"202000028635";"154 691 893";"B01";"1";"33";"0";"2";"8";"18";"1";
"202000028635";"154 691 894";"A01";"1";"7";"0";"2";"2";"12";"1";
"202000028636";"154 691 888";"B01";"1";"2";"0";"2";"1";"1";"3";
"202000028636";"154 691 889";"A01";"2";"7";"0";"2";"3";"15";"1";
"202000028637";"154 691 887";"A01";"2";"7";"0";"1";"1";"0";"0";
"202000028638";"154 691 885";"B01";"1";"7";"0";"2";"3";"1";"1";
"202000028638";"154 691 886";"A01";"1";"7";"0";"2";"7";"1";"1";
"202000028639";"154 691 884";"A01";"2";"33";"0";"1";"2";"7";"1";
"202000028640";"154 691 883";"A01";"2";"7";"0";"1";"2";"1";"1";
"202000028641";"154 691 881";"A01";"3";"7";"1";"0";"8";"14";"1";
"202000028641";"154 691 882";"B01";"3";"17";"0";"0";"6";"24";"1";
"202000028642";"154 691 878";"B01";"1";"30";"0";"4";"3";"19";"6";
"202000028642";"154 691 879";"A01";"1";"40";"0";"2";"2";"1";"0";
"202000028643";"154 691 877";"A01";"2";"7";"1";"0";"2";"14";"1";
"202000028644";"154 691 875";"A01";"1";"7";"0";"2";"1";"0";"1";
"202000028644";"154 691 876";"B01";"2";"7";"0";"2";"1";"0";"1";
"202000028645";"154 691 874";"A01";"1";"32";"0";"0";"0";"0";"1";
"202000028646";"154 691 873";"A01";"2";"7";"6";"0";"1";"14";"1";
"202000028647";"154 691 870";"C01";"2";"7";"0";"2";"0";"0";"1";
"202000028647";"154 691 871";"B01";"1";"7";"0";"2";"4";"0";"1";
"202000028647";"154 691 872";"A01";"1";"7";"0";"2";"1";"26";"1";
"202000028648";"154 691 868";"A01";"3";"7";"0";"2";"2";"19";"1";
"202000028648";"154 691 869";"B01";"3";"7";"0";"2";"2";"21";"1";
"202000028649";"154 691 866";"A01";"1";"7";"0";"2";"3";"13";"1";
"202000028649";"154 691 867";"B01";"2";"7";"4";"2";"3";"13";"1";
"202000028650";"154 691 865";"A01";"3";"7";"8";"0";"8";"17";"1";
"202000028651";"154 691 863";"B01";"1";"7";"0";"0";"4";"2";"1";
"202000028651";"154 691 864";"A01";"1";"7";"0";"2";"1";"2";"1";
"202000028652";"154 691 862";"A01";"2";"30";"11";"0";"1";"26";"1";
"202000028653";"154 691 861";"A01";"2";"7";"0";"1";"3";"2";"1";
"202000028654";"154 691 858";"A01";"1";"10";"0";"2";"1";"2";"1";
"202000028654";"154 691 859";"B01";"1";"7";"0";"2";"1";"1";"1";
"202000028654";"154 691 860";"C01";"1";"7";"0";"2";"0";"1";"1";
"202000028655";"154 691 857";"A01";"2";"30";"12";"0";"1";"1";"1";
"202000028656";"154 691 855";"A01";"1";"7";"0";"2";"1";"1";"1";
"202000028656";"154 691 856";"B01";"1";"1";"0";"2";"4";"1";"5";
"202000028657";"154 691 853";"B01";"0";"7";"0";"2";"1";"1";"1";
"202000028657";"154 691 854";"A01";"2";"50";"0";"2";"2";"1";"3";
"202000028658";"154 691 851";"B01";"1";"1";"0";"2";"1";"1";"5";
"202000028658";"154 691 852";"A01";"1";"7";"0";"2";"1";"19";"1";
"202000028659";"154 691 849";"A01";"2";"7";"0";"2";"2";"2";"1";
"202000028659";"154 691 850";"B01";"2";"33";"0";"2";"1";"1";"1";
"202000028660";"154 691 847";"B01";"2";"1";"1";"2";"3";"1";"5";
"202000028660";"154 691 848";"A01";"2";"7";"0";"2";"6";"22";"1";
"202000028661";"154 691 846";"A01";"0";"7";"0";"1";"1";"16";"1";
"202000028662";"154 691 845";"A01";"1";"7";"0";"1";"4";"4";"3";
"202000028663";"154 691 842";"C01";"2";"33";"0";"0";"4";"23";"1";
"202000028663";"154 691 843";"A01";"2";"7";"0";"2";"1";"26";"0";
"202000028663";"154 691 844";"B01";"2";"7";"0";"2";"4";"26";"0";
"202000028664";"154 691 840";"B01";"2";"7";"0";"2";"2";"13";"1";
"202000028664";"154 691 841";"A01";"1";"7";"0";"2";"2";"1";"1";
"202000028665";"154 691 839";"A01";"1";"7";"0";"1";"1";"0";"1";
"202000028666";"154 691 837";"A01";"1";"33";"0";"2";"1";"1";"0";
"202000028666";"154 691 838";"B01";"1";"10";"0";"0";"4";"1";"0";
"202000028667";"154 691 836";"A01";"3";"2";"12";"0";"0";"1";"1";
"202000028668";"154 691 835";"A01";"1";"31";"0";"0";"7";"26";"1";
"202000028669";"154 691 834";"A01";"1";"7";"13";"0";"1";"13";"1";
"202000028670";"154 691 830";"D01";"1";"7";"0";"2";"1";"2";"1";
"202000028670";"154 691 831";"C01";"1";"7";"0";"2";"4";"2";"1";
"202000028670";"154 691 832";"B01";"1";"7";"0";"2";"4";"2";"1";
"202000028670";"154 691 833";"A01";"1";"7";"0";"2";"4";"2";"1";
"202000028671";"154 691 829";"A01";"1";"31";"0";"0";"0";"1";"1";
"202000028672";"154 691 827";"B01";"2";"7";"0";"2";"4";"23";"1";
"202000028672";"154 691 828";"A01";"2";"7";"1";"0";"1";"21";"1";
"202000028673";"154 691 825";"B01";"1";"34";"3";"2";"8";"1";"1";
"202000028673";"154 691 826";"A01";"1";"7";"0";"2";"7";"12";"1";
"202000028674";"154 691 822";"A01";"1";"7";"0";"2";"1";"26";"1";
"202000028674";"154 691 823";"C01";"1";"7";"0";"2";"4";"0";"1";
"202000028674";"154 691 824";"B01";"1";"7";"0";"2";"4";"0";"1";
"202000028675";"154 691 816";"B01";"1";"7";"0";"2";"1";"2";"1";
"202000028675";"154 691 817";"D01";"1";"7";"0";"2";"1";"2";"1";
"202000028675";"154 691 818";"E01";"1";"7";"0";"2";"1";"2";"1";
"202000028675";"154 691 819";"A01";"1";"7";"0";"2";"1";"2";"1";
"202000028675";"154 691 820";"F01";"1";"7";"0";"2";"4";"2";"1";
"202000028675";"154 691 821";"C01";"1";"7";"0";"2";"1";"2";"1";
"202000028676";"154 691 813";"C01";"2";"7";"0";"2";"5";"1";"0";
"202000028676";"154 691 814";"B01";"2";"7";"0";"2";"8";"1";"1";
"202000028676";"154 691 815";"A01";"2";"32";"0";"2";"1";"17";"1";
"202000028677";"154 691 811";"B01";"2";"7";"0";"2";"4";"2";"1";