"Num_Acc";"id_vehicule";"num_veh";"senc";"catv";"obs";"obsm";"choc";"manv";"motor";"occutc"
"202000028893";"154 691 447";"A01";"2";"7";"0";"2";"1";"15";"1";
"202000028894";"154 691 445";"A01";"2";"14";"0";"1";"2";"1";"1";
"202000028895";"154 691 444";"A01";"1";"33";"6";"0";"1";"1";"1";
"202000028896";"154 691 443";"A01";"2";"33";"0";"0";"0";"17";"1";
"202000028897";"154 691 441";"A01";"2";"2";"0";"0";"4";"0";"1";
"202000028897";"154 691 442";"B01";"2";"0";"0";"9";"7";"0";"0";
"202000028898";"154 691 440";"A01";"1";"33";"3";"0";"0";"1";"1";
"202000028899";"154 691 439";"A01";"3";"7";"13";"0";"2";"1";"1";
"202000028900";"154 691 438";"A01";"1";"7";"8";"0";"3";"0";"0";
"202000028901";"154 691 437";"A01";"1";"7";"13";"1";"0";"1";"1";
"202000028902";"154 691 435";"B01";"2";"15";"0";"0";"6";"1";"1";
"202000028902";"154 691 436";"A01";"2";"7";"0";"2";"2";"1";"1";
"202000028903";"154 691 433";"A01";"3";"33";"0";"2";"2";"1";"1";
"202000028903";"154 691 434";"B01";"3";"10";"0";"2";"7";"1";"1";
"202000028904";"154 691 432";"A01";"2";"33";"0";"0";"8";"1";"1";
"202000028905";"154 691 430";"A01";"2";"33";"6";"0";"2";"14";"1";
"202000028906";"154 691 429";"A01";"2";"7";"6";"0";"2";"1";"1";
"202000028907";"154 691 427";"A01";"3";"7";"0";"2";"8";"19";"1";
"202000028907";"154 691 428";"B01";"1";"33";"0";"2";"1";"1";"1";
"202000028908";"154 691 426";"A01";"1";"7";"4";"0";"1";"1";"1";
"202000028909";"154 691 424";"B01";"2";"7";"0";"2";"2";"1";"1";
"202000028909";"154 691 425";"A01";"2";"7";"0";"2";"6";"9";"1";
"202000028910";"154 691 423";"B01";"2";"32";"1";"0";"1";"19";"0";
"202000028911";"154 691 422";"A01";"2";"7";"0";"1";"3";"1";"0";
"202000028912";"154 691 420";"Z01";"3";"2";"0";"2";"1";"18";"0";
"202000028912";"154 691 421";"B01";"3";"7";"0";"2";"2";"23";"1";
"202000028913";"154 691 418";"B01";"3";"7";"6";"2";"3";"1";"1";
"202000028913";"154 691 419";"A01";"3";"7";"12";"2";"2";"1";"1";
"202000028914";"154 691 416";"B01";"1";"32";"0";"2";"9";"1";"1";
"202000028914";"154 691 417";"A01";"1";"7";"0";"2";"6";"1";"1";
"202000028915";"154 691 415";"A01";"2";"7";"0";"0";"0";"1";"1";
"202000028916";"154 691 414";"A01";"0";"7";"0";"1";"1";"1";"1";
"202000028917";"154 691 412";"A01";"2";"30";"0";"2";"1";"1";"1";
"202000028917";"154 691 413";"B01";"2";"10";"0";"2";"3";"1";"1";
"202000028918";"154 691 410";"B01";"1";"7";"8";"2";"6";"15";"1";
"202000028918";"154 691 411";"A01";"3";"7";"0";"2";"2";"1";"1";
"202000028919";"154 691 408";"A01";"3";"7";"0";"2";"2";"19";"1";
"202000028919";"154 691 409";"B01";"1";"2";"0";"2";"1";"1";"1";
"202000028920";"154 691 406";"A01";"2";"32";"0";"2";"7";"19";"1";
"202000028920";"154 691 407";"Z01";"2";"0";"0";"0";"0";"0";"0";
"202000028921";"154 691 405";"A01";"3";"99";"1";"0";"1";"26";"0";
"202000028922";"154 691 403";"B01";"0";"2";"0";"2";"8";"1";"1";
"202000028922";"154 691 404";"A01";"2";"3";"0";"2";"1";"1";"0";
"202000028923";"154 691 402";"A01";"1";"7";"0";"1";"1";"26";"0";
"202000028924";"154 691 401";"A01";"3";"31";"2";"0";"1";"1";"1";
"202000028925";"154 691 400";"A01";"2";"17";"3";"0";"1";"0";"1";
"202000028926";"154 691 399";"A01";"1";"33";"8";"0";"1";"1";"1";
"202000028927";"154 691 397";"A01";"2";"7";"0";"2";"3";"13";"1";
"202000028927";"154 691 398";"B01";"1";"7";"0";"2";"3";"1";"1";
"202000028928";"154 691 396";"A01";"3";"33";"1";"0";"3";"14";"1";
"202000028929";"154 691 393";"A01";"1";"21";"0";"2";"6";"15";"1";
"202000028929";"154 691 394";"B01";"1";"7";"0";"2";"1";"17";"1";
"202000028930";"154 691 392";"A01";"1";"7";"6";"0";"2";"14";"1";
"202000028931";"154 691 390";"B01";"2";"7";"0";"2";"1";"2";"1";
"202000028931";"154 691 391";"A01";"2";"80";"0";"2";"4";"2";"3";
"202000028932";"154 691 388";"B01";"0";"30";"0";"2";"1";"9";"1";
"202000028932";"154 691 389";"A01";"3";"7";"12";"2";"3";"1";"1";
"202000028933";"154 691 387";"A01";"2";"7";"16";"0";"7";"1";"1";
"202000028934";"154 691 386";"A01";"1";"7";"2";"0";"9";"1";"1";
"202000028935";"154 691 385";"A01";"1";"7";"13";"0";"0";"14";"1";
"202000028936";"154 691 384";"A01";"1";"33";"7";"0";"1";"1";"1";
"202000028937";"154 691 382";"A01";"3";"7";"0";"9";"3";"1";"1";
"202000028937";"154 691 383";"B01";"0";"33";"0";"2";"1";"1";"1";
"202000028938";"154 691 380";"A01";"0";"7";"15";"0";"3";"0";"1";
"202000028939";"154 691 379";"A01";"1";"7";"13";"0";"1";"1";"1";
"202000028940";"154 691 378";"A01";"1";"33";"13";"0";"9";"0";"1";
"202000028941";"154 691 377";"A01";"1";"10";"3";"0";"9";"1";"1";
"202000028942";"154 691 375";"B01";"1";"7";"0";"2";"1";"1";"1";
"202000028942";"154 691 376";"A01";"1";"7";"0";"2";"2";"1";"1";
"202000028943";"154 691 374";"A01";"2";"7";"13";"0";"3";"0";"1";
"202000028944";"154 691 373";"A01";"2";"7";"0";"0";"3";"13";"1";
"202000028945";"154 691 371";"B01";"2";"7";"0";"2";"1";"1";"1";
"202000028945";"154 691 372";"A01";"1";"3";"6";"2";"1";"15";"1";
"202000028946";"154 691 369";"A01";"0";"15";"0";"0";"3";"9";"1";
"202000028946";"154 691 370";"B01";"0";"7";"0";"2";"1";"9";"1";
"202000028947";"154 691 368";"A01";"2";"33";"1";"0";"2";"14";"1";
"202000028948";"154 691 366";"A01";"2";"7";"0";"2";"2";"2";"1";
"202000028948";"154 691 367";"B01";"2";"7";"0";"2";"6";"1";"1";
"202000028949";"154 691 364";"A01";"2";"7";"0";"2";"1";"1";"1";
"202000028949";"154 691 365";"B01";"1";"1";"0";"2";"4";"1";"5";
"202000028950";"154 691 362";"B01";"2";"37";"0";"2";"6";"1";"0";"1"
"202000028950";"154 691 363";"A01";"1";"7";"0";"2";"3";"13";"1";
"202000028951";"154 691 361";"A01";"1";"33";"0";"5";"1";"1";"1";
"202000028952";"154 691 359";"A01";"2";"7";"0";"2";"3";"1";"1";
"202000028952";"154 691 360";"B01";"1";"7";"0";"2";"7";"15";"1";
"202000028953";"154 691 357";"B01";"0";"3";"0";"2";"8";"15";"0";
"202000028953";"154 691 358";"A01";"0";"0";"0";"2";"7";"1";"1";
"202000028954";"154 691 356";"A01";"1";"30";"1";"0";"2";"15";"1";
"202000028955";"154 691 354";"B01";"2";"10";"0";"2";"5";"23";"1";
"202000028955";"154 691 355";"A01";"2";"2";"0";"2";"3";"3";"1";
"202000028956";"154 691 353";"A01";"1";"7";"11";"0";"1";"1";"1";
"202000028957";"154 691 351";"A01";"2";"1";"0";"2";"2";"1";"5";
"202000028957";"154 691 352";"B01";"2";"7";"0";"2";"3";"22";"1";
"202000028958";"154 691 349";"B01";"2";"7";"0";"2";"1";"1";"1";
"202000028958";"154 691 350";"A01";"2";"31";"0";"2";"8";"1";"1";
"202000028959";"154 691 347";"A01";" -1";"20";"0";"2";" -1";" -1";" -1";
"202000028959";"154 691 348";"B01";" -1";"20";"0";"2";" -1";" -1";" -1";
"202000028960";"154 691 345";"A01";"2";"30";"0";"2";"1";"26";"1";
"202000028960";"154 691 346";"B01";"1";"7";"0";"2";"3";"1";"1";
"202000028961";"154 691 343";"A01";"3";"30";"0";"2";"1";"21";"0";
"202000028961";"154 691 344";"B01";"3";"7";"0";"2";"2";"21";"1";
"202000028962";"154 691 342";"A01";"0";"7";"6";"0";"2";"5";"0";
"202000028963";"154 691 341";"A01";"3";"30";"0";"0";"8";"15";"1";
"202000028964";"154 691 340";"A01";"1";"33";"0";"0";"8";"1";"1";
"202000028965";"154 691 339";"A01";"1";"7";"0";"1";"1";"1";"0";
"202000028966";"154 691 338";"A01";"1";"33";"13";"0";"8";"2";"1";
"202000028967";"154 691 337";"A01";"1";"7";"3";"0";"1";"14";"1";
"202000028968";"154 691 336";"A01";"3";"7";"0";"1";"3";"15";"1";
"202000028969";"154 691 334";"B01";"3";"1";"0";"2";"1";"1";"5";
"202000028969";"154 691 335";"A01";"3";"7";"0";"2";"3";"1";"1";
"202000028970";"154 691 333";"A01";"1";"33";"16";"0";"9";"1";"1";
"202000028971";"154 691 332";"A01";"2";"15";"3";"0";"7";"1";"1";
"202000028972";"154 691 331";"A01";"1";"7";"8";"0";"1";"2";"1";
"202000028973";"154 691 330";"A01";"1";"7";"16";"0";"3";"1";"1";
"202000028974";"154 691 329";"A01";"1";"7";"2";"0";"0";"2";"1";
"202000028975";"154 691 326";"A01";"2";"7";"0";"2";"1";"2";"1";
"202000028975";"154 691 327";"B01";"2";"7";"0";"0";"5";"23";"1";
"202000028976";"154 691 324";"A01";"1";"33";"0";"2";"1";"2";"1";
"202000028976";"154 691 325";"B01";"1";"7";"3";"0";"4";"2";"1";
"202000028977";"154 691 323";"A01";"2";"7";"13";"0";"2";"14";"1";
"202000028978";"154 691 322";"A01";"0";"10";"0";"1";"4";"4";"1";
"202000028979";"154 691 320";"A01";"1";"3";"0";"2";"1";"9";"0";
"202000028979";"154 691 321";"B01";"1";"7";"0";"2";"2";"1";"0";
"202000028980";"154 691 318";"B01";"1";"7";"0";"2";"2";"1";"1";
"202000028980";"154 691 319";"A01";"3";"7";"0";"2";"3";"9";"1";
"202000028981";"154 691 316";"A01";"2";"7";"0";"2";"1";"11";"1";
"202000028981";"154 691 317";"B01";"2";"10";"0";"2";"6";"1";"1";
"202000028982";"154 691 314";"B01";"1";"7";"1";"0";"8";"21";"0";
"202000028982";"154 691 315";"A01";"1";"30";"0";"2";"8";"13";"6";
"202000028983";"154 691 312";"A01";"2";"1";"0";"0";"4";"26";"5";
"202000028983";"154 691 313";"B01";"2";"7";"0";"0";"2";"26";"0";
"202000028984";"154 691 311";"A01";"1";"7";"0";"1";"1";"24";"1";
"202000028985";"154 691 309";"B01";"3";"7";"0";"2";"1";"9";"6";
"202000028985";"154 691 310";"A01";"1";"7";"0";"2";"2";"1";"1";
"202000028986";"154 691 308";"A01";"3";"7";"12";"0";"1";"13";"1";
"202000028987";"154 691 306";"A01";"1";"7";"9";"0";"0";"0";"1";
"202000028987";"154 691 307";"B01";"1";"10";"0";"2";"3";"1";"0";
"202000028988";"154 691 305";"A01";"1";"7";"1";"0";"2";"14";"1";
"202000028989";"154 691 303";"A01";"3";"7";"0";"2";"5";"20";"1";
"202000028989";"154 691 304";"B01";"2";"32";"0";"2";"1";"1";"1";
"202000028990";"154 691 301";"A01";"3";"7";"0";"2";"2";"15";"1";
"202000028990";"154 691 302";"B01";"3";"10";"0";"2";"0";"0";"1";
"202000028991";"154 691 300";"A01";"1";"7";"0";"0";"1";"0";"1";
"202000028992";"154 691 299";"A01";"1";"7";"8";"0";"3";"13";"0";
"202000028993";"154 691 297";"Z01";"1";"0";"0";"2";"0";"15";"0";
"202000028993";"154 691 298";"A01";"1";"2";"0";"2";"7";"1";"1";
"202000028994";"154 691 295";"B01";"3";"7";"0";"1";"3";"1";"1";
"202000028994";"154 691 296";"A01";"3";"7";"0";"1";"1";"1";"1";
"202000028995";"154 691 293";"B01";"2";"7";"0";"2";"0";"26";"0";
"202000028995";"154 691 294";"A01";"1";"7";"0";"1";"1";"26";"0";
"202000028996";"154 691 292";"A01";"3";"7";"2";"0";"1";"13";"1";
"202000028997";"154 691 290";"Z01";"0";"7";"0";"2";"3";"1";"0";
"202000028997";"154 691 291";"A01";"0";"7";"0";"2";"2";"15";"1";
"202000028998";"154 691 289";"A01";"3";"31";"12";"0";"8";"5";"1";
"202000028999";"154 691 288";"A01";"1";"7";"0";"1";"4";"4";"1";
"202000029000";"154 691 286";"A01";"1";"7";"0";"2";"1";"9";"0";
"202000029000";"154 691 287";"B01";"1";"33";"0";"2";"7";"0";"0";
"202000029001";"154 691 284";"B01";"1";"7";"14";"2";"6";"23";"0";
"202000029001";"154 691 285";"A01";"1";"33";"14";"2";"3";"13";"0";
"202000029002";"154 691 282";"Z01";"2";"7";"0";"2";"0";"0";"0";
"202000029002";"154 691 283";"A01";"2";"7";"0";"2";"5";"1";"1";
"202000029003";"154 691 280";"A01";"2";"30";"0";"2";"3";"15";"1";
"202000029003";"154 691 281";"Z01";"1";"2";"0";"2";"2";"1";"0";
"202000029004";"154 691 278";"A01";"1";"10";"0";"2";"2";"1";"1";
"202000029004";"154 691 279";"B01";"2";"30";"0";"2";"1";"1";"1";
"202000029005";"154 691 276";"B01";"1";"37";"0";"2";"4";"23";"1";"1"
"202000029005";"154 691 277";"A01";"1";"7";"0";"2";"1";"2";"1";
"202000029006";"154 691 275";"A01";"1";"7";"0";"0";"0";"1";"0";
"202000029007";"154 691 273";"A01";"2";"7";"13";"0";"9";"0";"0";
"202000029008";"154 691 272";"A01";"3";"31";"2";"0";"1";"0";"1";
"202000029009";"154 691 271";"A01";"2";"33";"8";"0";"0";"16";"1";
"202000029010";"154 691 270";"A01";"1";"2";"12";"0";"2";"1";"1";
"202000029011";"154 691 269";"A01";"1";"7";"0";"0";"3";"1";"1";
"202000029012";"154 691 268";"A01";"1";"15";"16";"0";"7";"1";"1";
"202000029013";"154 691 266";"B01";"1";"7";"0";"2";"1";"1";"1";
"202000029013";"154 691 267";"A01";"3";"21";"0";"2";"2";"19";"1";
"202000029014";"154 691 265";"A01";"1";"7";"0";"0";"9";"1";"1";
"202000029015";"154 691 263";"A01";"3";"21";"16";"0";"8";"1";"1";
"202000029016";"154 691 262";"A01";"1";"33";"0";"0";"3";"0";"1";
"202000029017";"154 691 260";"A01";"1";"32";"0";"2";"7";"17";"1";
"202000029017";"154 691 261";"B01";"1";"7";"0";"2";"8";"15";"1";
"202000029018";"154 691 258";"A01";"3";"7";"8";"0";"1";"13";"1";
"202000029019";"154 691 256";"B01";"3";"7";"0";"2";"1";"15";"0";
"202000029019";"154 691 257";"A01";"3";"7";"0";"2";"7";"7";"0";
"202000029020";"154 691 254";"B01";"1";"50";"0";"2";"1";"1";"3";
"202000029020";"154 691 255";"A01";"1";"7";"0";"2";"3";"1";"1";
"202000029021";"154 691 252";"B01";"1";"10";"0";"2";"8";"1";"1";
"202000029021";"154 691 253";"A01";"1";"7";"0";"2";"2";"9";"1";
"202000029022";"154 691 250";"B01";"2";"1";"0";"2";"2";"1";"5";
"202000029022";"154 691 251";"A01";"2";"7";"0";"2";"3";"9";"1";
"202000029023";"154 691 248";"A01";"2";"7";"0";"2";"3";"13";"1";
"202000029023";"154 691 249";"B01";"2";"30";"0";"2";"2";"1";"1";
"202000029024";"154 691 245";"A01";"2";"7";"0";"2";"1";"26";"0";
"202000029024";"154 691 246";"C01";"2";"7";"0";"0";"0";"0";"0";
"202000029024";"154 691 247";"B01";"2";"7";"0";"0";"0";"0";"0";
"202000029025";"154 691 243";"A01";"2";"30";"0";"2";"7";"15";"1";
"202000029025";"154 691 244";"B01";"1";"32";"0";"2";"1";"1";"1";
"202000029026";"154 691 242";"A01";"1";"7";"13";"0";"3";"1";"1";
"202000029027";"154 691 240";"A01";"2";"7";"0";"2";"1";"5";"1";
"202000029027";"154 691 241";"B01";"1";"7";"0";"2";"1";"1";"1";
"202000029028";"154 691 238";"A01";"1";"7";"0";"2";"2";"0";"1";
"202000029028";"154 691 239";"B01";"2";"7";"0";"2";"1";"1";"1";
"202000029029";"154 691 237";"A01";"1";"7";"3";"0";"2";"26";"1";
"202000029030";"154 691 236";"A01";"2";"21";"6";"0";"1";"0";"1";
"202000029031";"154 691 234";"B01";"1";"7";"0";"2";"3";"1";"1";
"202000029031";"154 691 235";"A01";"2";"7";"12";"2";"3";"1";"1";
"202000029032";"154 691 233";"A01";"2";"7";"8";"0";"1";"13";"6";
"202000029033";"154 691 232";"A01";"1";"7";"7";"0";"2";"0";"1";
"202000029034";"154 691 231";"A01";"1";"33";"2";"0";"2";"14";"1";
"202000029035";"154 691 229";"A01";"2";"7";"2";"0";"1";"1";"1";
"202000029036";"154 691 228";"A01";"1";"33";"3";"0";"8";"1";"1";
"202000029037";"154 691 227";"A01";"3";"7";"0";"1";"1";"1";"1";
"202000029038";"154 691 225";"A01";"2";"7";"0";"2";"4";"1";"1";
"202000029038";"154 691 226";"B01";"2";"10";"0";"2";"1";"14";"1";
"202000029039";"154 691 223";"B01";"2";"7";"0";"0";"4";"2";"1";
"202000029039";"154 691 224";"A01";"2";"7";"1";"0";"1";"2";"1";
"202000029040";"154 691 222";"A01";"1";"7";"16";"0";"3";"21";"1";
"202000029041";"154 691 220";"A01";"2";"7";"0";"2";"2";"2";"1";
"202000029041";"154 691 221";"B01";"2";"10";"0";"2";"6";"21";"1";
"202000029042";"154 691 219";"A01";"1";"7";"4";"0";"1";"1";"1";
"202000029043";"154 691 217";"B01";"2";"7";"0";"2";"0";"0";"0";
"202000029043";"154 691 218";"A01";"2";"33";"0";"2";"8";"0";"0";
"202000029044";"154 691 215";"A01";"3";"7";"0";"2";"1";"0";"1";
"202000029044";"154 691 216";"B01";"3";"10";"0";"2";"1";"15";"1";
"202000029045";"154 691 214";"A01";"2";"7";"0";"1";"0";"0";"0";
"202000029046";"154 691 213";"A01";"3";"7";"0";"0";"0";"26";"1";
"202000029047";"154 691 211";"A01";"2";"7";"0";"2";"4";"1";"1";
"202000029047";"154 691 212";"B01";"2";"7";"0";"2";"1";"1";"1";
"202000029048";"154 691 209";"A01";"1";"7";"0";"0";"0";"10";"0";
"202000029048";"154 691 210";"B01";"1";"33";"0";"0";"0";"26";"0";
"202000029049";"154 691 207";"A01";"2";"99";"0";"2";"1";"1";"0";
"202000029049";"154 691 208";"B01";"2";"50";"0";"2";"1";"1";"3";
"202000029050";"154 691 205";"A01";"3";"2";"0";"2";"1";"2";"1";
"202000029050";"154 691 206";"B01";"3";"1";"0";"2";"8";"2";"5";
"202000029051";"154 691 203";"A01";"1";"7";"0";"9";"3";"26";"1";
"202000029051";"154 691 204";"B01";"2";"1";"0";"0";"8";"0";"0";
"202000029052";"154 691 202";"A01";"2";"7";"13";"0";"9";"1";"1";
"202000029053";"154 691 200";"B01";"2";"10";"0";"2";"1";"1";"1";
"202000029053";"154 691 201";"A01";"1";"7";"0";"2";"2";"15";"1";
"202000029054";"154 691 199";"A01";"0";"10";"0";"1";"3";"1";"1";
"202000029055";"154 691 197";"A01";"0";"1";"0";"2";"1";"1";"5";
"202000029055";"154 691 198";"B01";"0";"7";"0";"2";"3";"15";"1";
"202000029056";"154 691 196";"A01";"0";"33";"0";"1";"0";"1";"1";
"202000029057";"154 691 194";"B01";"1";"33";"0";"2";"1";"2";"0";
"202000029057";"154 691 195";"A01";"1";"33";"0";"2";"4";"21";"1";
"202000029058";"154 691 192";"A01";"1";"7";"0";"2";"8";"1";"1";
"202000029058";"154 691 193";"B01";"2";"7";"0";"2";"1";"15";"1";
"202000029059";"154 691 188";"B01";"0";"7";"0";"2";"4";"23";"1";
"202000029059";"154 691 189";"A01";"0";"7";"0";"2";"1";"2";"1";
"202000029060";"154 691 187";"A01";"0";"7";"5";"0";"7";"14";"1";
"202000029061";"154 691 185";"A01";"2";"7";"0";"2";"7";"14";"1";
"202000029061";"154 691 186";"B01";"2";"60";"0";"2";"1";"19";"5";
"202000029062";"154 691 183";"B01";"1";"7";"0";"2";"1";"1";"1";
"202000029062";"154 691 184";"A01";"2";"7";"0";"2";"3";"1";"1";
"202000029063";"154 691 181";"A01";"1";"7";"0";"2";"3";"13";"1";
"202000029063";"154 691 182";"B01";"2";"7";"0";"2";"3";"1";"1";
"202000029064";"154 691 179";"B01";"2";"37";"0";"2";"3";"9";"1";"2"
"202000029064";"154 691 180";"A01";"3";"10";"0";"2";"5";"26";"1";
"202000029065";"154 691 177";"B01";"1";"2";"0";"2";"1";"1";"1";
"202000029065";"154 691 178";"A01";"2";"7";"0";"2";"7";"15";"1";
"202000029066";"154 691 176";"A01";"1";"30";"0";"0";"0";"1";"1";
"202000029067";"154 691 175";"A01";"1";"7";"0";"1";"1";"1";"1";
"202000029068";"154 691 174";"A01";"3";"10";"0";"1";"2";"2";"0";
"202000029069";"154 691 172";"A01";"1";"7";"0";"2";"1";"11";"0";
"202000029069";"154 691 173";"B01";"1";"7";"0";"0";"6";"1";"0";
"202000029070";"154 691 170";"A01";"3";"10";"0";"2";"5";"1";"1";
"202000029070";"154 691 171";"B01";"3";"10";"0";"2";"3";"9";"1";
"202000029071";"154 691 169";"A01";"1";"7";"0";"1";"1";"16";"1";
"202000029072";"154 691 167";"A01";"1";"7";"0";"2";"1";"13";"1";
"202000029072";"154 691 168";"B01";"2";"7";"0";"2";"1";"1";"1";
"202000029073";"154 691 166";"A01";"2";"36";"6";"0";"1";"13";"1";
"202000029074";"154 691 164";"B01";"2";"7";"0";"2";"2";"16";"1";
"202000029074";"154 691 165";"A01";"1";"7";"0";"2";"3";"15";"1";
"202000029075";"154 691 162";"Z01";"1";"7";"0";"2";"1";"1";"0";
"202000029075";"154 691 163";"B01";"1";"33";"0";"2";"4";"1";"1";
"202000029076";"154 691 159";"A01";"1";"7";"0";"2";"7";"15";"1";
"202000029076";"154 691 160";"B01";"2";"7";"0";"2";"1";"1";"1";
"202000029076";"154 691 161";"C01";"1";"7";"0";"2";"1";"2";"1";
"202000029077";"154 691 157";"A01";"2";"7";"0";"2";"3";"16";"1";
"202000029077";"154 691 158";"B01";"1";"7";"0";"2";"2";"1";"1";
"202000029078";"154 691 155";"A01";"1";"7";"14";"0";"6";"16";"1";
"202000029078";"154 691 156";"B01";"1";"7";"0";"2";"2";"1";"1";
"202000029079";"154 691 154";"A01";"2";"33";"16";"0";"8";"1";"1";
"202000029080";"154 691 152";"A01";"1";"7";"0";"2";"3";"15";"1";
"202000029080";"154 691 153";"B01";"2";"32";"0";"2";"1";"1";"1";
"202000029081";"154 691 150";"A01";"2";"7";"0";"2";"5";"15";"1";
"202000029081";"154 691 151";"B01";"1";"34";"0";"2";"1";"1";"1";
"202000029082";"154 691 148";"B01";"0";"2";"0";"2";"1";"1";"0";
"202000029082";"154 691 149";"A01";"3";"10";"0";"2";"8";"13";"0";
"202000029083";"154 691 146";"B01";"2";"7";"0";"2";"2";"1";"1";
"202000029083";"154 691 147";"A01";"3";"7";"0";"2";"8";"1";"1";
"202000029084";"154 691 144";"A01";"0";"30";"0";"2";"1";"9";"1";
"202000029084";"154 691 145";"B01";"0";"7";"0";"2";"6";"9";"1";
"202000029085";"154 691 142";"B01";"2";"7";"0";"2";"8";"1";"1";
"202000029085";"154 691 143";"A01";"1";"30";"0";"2";"8";"1";"1";
"202000029086";"154 691 140";"A01";"1";"33";"0";"2";"3";"13";"1";
"202000029086";"154 691 141";"B01";"1";"7";"0";"2";"2";"1";"1";
"202000029087";"154 691 139";"A01";"1";"7";"0";"1";"1";"26";"1";
"202000029088";"154 691 137";"A01";"2";"10";"0";"2";"2";"1";"1";
"202000029088";"154 691 138";"B01";"2";"33";"0";"2";"8";"0";"1";
"202000029089";"154 691 135";"B01";"1";"33";"0";"2";"8";"1";"1";
"202000029089";"154 691 136";"A01";"1";"7";"0";"2";"0";"16";"1";
"202000029090";"154 691 133";"B01";"1";"7";"14";"0";"4";"0";"0";
"202000029090";"154 691 134";"A01";"1";"34";"0";"2";"1";"26";"1";
"202000029091";"154 691 132";"A01";"1";"7";"0";"1";"7";"1";"1";
"202000029092";"154 691 130";"B01";"3";"80";"0";"2";"8";"19";"3";
"202000029092";"154 691 131";"A01";"1";"3";"0";"9";"1";"1";"1";
"202000029093";"154 691 128";"A01";"3";"1";"0";"2";"6";"1";"5";
"202000029093";"154 691 129";"Z01";"3";"10";"0";"2";"2";"16";"0";
"202000029094";"154 691 126";"A01";"1";"7";"0";"2";"7";"16";"1";
"202000029094";"154 691 127";"B01";"1";"1";"0";"2";"8";"1";"5";
"202000029095";"154 691 124";"B01";"2";"7";"0";"2";"4";"1";"1";
"202000029095";"154 691 125";"A01";"2";"7";"0";"2";"1";"2";"1";
"202000029096";"154 691 123";"A01";"1";"7";"15";"0";"1";"13";"1";
"202000029097";"154 691 121";"A01";"1";"7";"0";"2";"6";"20";"1";
"202000029097";"154 691 122";"B01";"1";"33";"0";"2";"0";"1";"1";
"202000029098";"154 691 120";"A01";"1";"7";"0";"1";"1";"1";"1";
"202000029099";"154 691 118";"B01";"3";"7";"0";"2";"2";"1";"1";
"202000029099";"154 691 119";"A01";"3";"7";"0";"2";"1";"9";"1";
"202000029100";"154 691 116";"A01";"1";"30";"0";"2";"7";"13";"1";
"202000029100";"154 691 117";"B01";"2";"7";"0";"2";"8";"0";"1";
"202000029101";"154 691 114";"B01";"1";"7";"0";"2";"3";"1";"1";
"202000029101";"154 691 115";"A01";"2";"7";"0";"2";"1";"15";"1";
"202000029102";"154 691 112";"Z01";"2";"10";"0";"2";"1";"1";"0";
"202000029102";"154 691 113";"B01";"2";"7";"0";"2";"4";"1";"0";
"202000029103";"154 691 110";"A01";"3";"7";"12";"0";"7";"16";"1";
"202000029103";"154 691 111";"B01";"0";"30";"12";"2";"8";"18";"1";
"202000029104";"154 691 108";"B01";"2";"7";"0";"0";"4";"1";"1";
"202000029104";"154 691 109";"A01";"2";"2";"0";"2";"1";"1";"1";
"202000029105";"154 691 104";"C01";"2";"7";"0";"2";"4";"2";"1";
"202000029105";"154 691 105";"B01";"2";"7";"0";"2";"4";"2";"1";
"202000029105";"154 691 106";"D01";"2";"7";"0";"2";"0";"16";"1";
"202000029105";"154 691 107";"A01";"2";"10";"0";"2";"1";"9";"1";
"202000029106";"154 691 102";"A01";"3";"7";"0";"2";"4";"4";"1";
"202000029106";"154 691 103";"B01";"2";"1";"0";"2";"7";"1";"6";
"202000029107";"154 691 100";"A01";"1";"7";"1";"0";"8";"1";"1";
"202000029107";"154 691 101";"B01";"1";"17";"0";"2";"4";"24";"6";
"202000029108";"154 691 098";"A01";"1";"30";"0";"2";"8";"10";"1";
"202000029108";"154 691 099";"B01";"1";"7";"0";"2";"2";"1";"3";
"202000029109";"154 691 096";"A01";"3";"2";"0";"2";"3";"18";"1";
"202000029109";"154 691 097";"B01";"3";"7";"0";"2";"8";"1";"1";
"202000029110";"154 691 094";"B01";"2";"50";"0";"2";"7";"1";"3";
"202000029110";"154 691 095";"A01";"2";"10";"0";"2";"1";"1";"1";
"202000029111";"154 691 093";"A01";"1";"50";"0";"1";"1";"25";"3";
"202000029112";"154 691 091";"A01";"2";"1";"0";"2";"7";"1";"5";
"202000029112";"154 691 092";"B01";"2";"7";"0";"2";"3";"1";"2";
"202000029113";"154 691 089";"A01";"1";"7";"0";"2";"8";"15";"1";
"202000029113";"154 691 090";"B01";"1";"33";"0";"2";"1";"17";"1";
"202000029114";"154 691 088";"A01";"2";"7";"0";"1";"3";"1";"1";
"202000029115";"154 691 086";"B01";"1";"1";"0";"2";"7";"9";"5";
"202000029115";"154 691 087";"A01";"2";"7";"0";"2";"1";"16";"1";
"202000029116";"154 691 085";"A01";"1";"32";"0";"1";"1";"1";"1";
"202000029117";"154 691 083";"B01";"0";"32";"0";"2";"2";"3";"1";
"202000029117";"154 691 084";"A01";"1";"7";"0";"2";"3";"11";"1";
"202000029118";"154 691 082";"A01";"3";"1";"12";"0";"8";"13";"5";
"202000029119";"154 691 081";"A01";"2";"7";"0";"1";"7";"1";"1";