"Num_Acc";"id_vehicule";"num_veh";"senc";"catv";"obs";"obsm";"choc";"manv";"motor";"occutc"
"202000029326";"154 690 712";"B01";"1";"7";"0";"2";"1";"0";"0";
"202000029327";"154 690 710";"A01";"2";"10";"13";"0";"1";"0";"1";
"202000029328";"154 690 709";"A01";"2";"7";"0";"1";"3";"1";"1";
"202000029329";"154 690 707";"B01";"1";"7";"0";"2";"1";"1";"1";
"202000029329";"154 690 708";"A01";"2";"2";"0";"2";"1";"13";"1";
"202000029330";"154 690 705";"B01";"2";"33";"0";"2";"1";"1";"1";
"202000029330";"154 690 706";"A01";"2";"7";"0";"2";"3";"1";"1";
"202000029331";"154 690 704";"A01";"2";"7";"8";"0";"7";"1";"1";
"202000029332";"154 690 703";"A01";"1";"33";"12";"0";"3";"26";"1";
"202000029333";"154 690 701";"A01";"2";"7";"0";"2";"1";"2";"1";
"202000029333";"154 690 702";"B01";"2";"7";"0";"2";"4";"2";"1";
"202000029334";"154 690 700";"A01";"1";"7";"3";"0";"7";"2";"1";
"202000029335";"154 690 697";"C01";"2";"7";"0";"2";"4";"2";"1";
"202000029335";"154 690 698";"B01";"2";"7";"0";"2";"1";"2";"1";
"202000029335";"154 690 699";"A01";"2";"7";"0";"2";"1";"2";"1";
"202000029336";"154 690 695";"B01";"2";"7";"4";"2";"2";"23";"1";
"202000029336";"154 690 696";"A01";"2";"33";"0";"2";"8";"3";"1";
"202000029337";"154 690 692";"C01";"1";"7";"0";"2";"4";"2";"1";
"202000029337";"154 690 693";"B01";"1";"7";"0";"2";"4";"2";"1";
"202000029337";"154 690 694";"A01";"1";"7";"0";"2";"1";"2";"1";
"202000029338";"154 690 691";"A01";"1";"7";"4";"2";"1";"13";"1";
"202000029339";"154 690 688";"C01";"1";"7";"0";"2";"5";"1";"1";
"202000029339";"154 690 689";"B01";"1";"7";"0";"2";"4";"2";"1";
"202000029339";"154 690 690";"A01";"1";"7";"0";"2";"1";"2";"1";
"202000029340";"154 690 686";"A01";"2";"32";"0";"2";"1";"12";"1";
"202000029340";"154 690 687";"B01";"2";"7";"0";"2";"6";"1";"1";
"202000029341";"154 690 684";"B01";"1";"10";"0";"2";"1";"2";"1";
"202000029341";"154 690 685";"A01";"1";"7";"0";"2";"3";"9";"1";
"202000029342";"154 690 683";"A01";"3";"7";"0";"1";"4";"4";"1";
"202000029343";"154 690 681";"B01";"1";"32";"0";"2";"3";"1";"1";
"202000029343";"154 690 682";"A01";"1";"7";"0";"2";"5";"16";"1";
"202000029344";"154 690 680";"A01";"1";"33";"1";"0";"2";"0";"1";
"202000029345";"154 690 679";"A01";"1";"33";"0";"0";"8";"0";"1";
"202000029346";"154 690 677";"B01";"3";"7";"0";"2";"3";"0";"0";
"202000029346";"154 690 678";"A01";"2";"7";"0";"2";"1";"1";"0";
"202000029347";"154 690 676";"A01";" -1";"31";"14";"2";"0";"6";"1";
"202000029348";"154 690 674";"A01";"3";"7";"0";"2";"3";"1";"1";
"202000029348";"154 690 675";"B01";"0";"7";"0";"2";"6";"1";"1";
"202000029349";"154 690 672";"B01";"2";"7";"0";"2";"1";"15";"1";
"202000029349";"154 690 673";"A01";"2";"7";"0";"2";"1";"1";"1";
"202000029350";"154 690 671";"A01";"0";"10";"0";"1";"3";"5";"1";
"202000029351";"154 690 670";"A01";"1";"7";"0";"0";"0";"14";"1";
"202000029352";"154 690 669";"A01";"1";"7";"15";"0";"1";"1";"1";
"202000029353";"154 690 668";"A01";"1";"7";"1";"0";"1";"1";"1";
"202000029354";"154 690 666";"B01";"1";"7";"0";"2";"2";"15";"1";
"202000029354";"154 690 667";"A01";"1";"32";"0";"1";"1";"13";"1";
"202000029355";"154 690 662";"D01";"1";"7";"0";"2";"4";"2";"1";
"202000029355";"154 690 663";"C01";"2";"7";"0";"2";"3";"1";"1";
"202000029355";"154 690 664";"B01";"1";"7";"0";"2";"6";"1";"1";
"202000029355";"154 690 665";"A01";"1";"7";"0";"2";"3";"14";"1";
"202000029356";"154 690 660";"A01";"1";"3";"0";"2";"2";"15";"1";
"202000029356";"154 690 661";"B01";"1";"31";"0";"2";"1";"2";"1";
"202000029357";"154 690 658";"A01";"3";"7";"0";"0";"0";"9";"1";
"202000029357";"154 690 659";"B01";"3";"1";"0";"2";"0";"21";"5";
"202000029358";"154 690 656";"A01";"2";"7";"0";"2";"1";"2";"1";
"202000029358";"154 690 657";"B01";"2";"7";"0";"2";"4";"1";"1";
"202000029359";"154 690 654";"A01";"2";"7";"0";"2";"8";"9";"1";
"202000029359";"154 690 655";"B01";"2";"1";"0";"2";"1";"1";"5";
"202000029360";"154 690 653";"A01";"1";"7";"0";"1";"3";"26";"1";
"202000029361";"154 690 652";"A01";"0";"7";"15";"0";"1";"9";"1";
"202000029362";"154 690 651";"A01";"0";"0";"0";"1";"0";"26";"0";
"202000029363";"154 690 649";"B01";"1";"1";"0";"2";"1";"17";"5";
"202000029363";"154 690 650";"A01";"1";"7";"0";"2";"3";"15";"1";
"202000029364";"154 690 648";"A01";"3";"7";"1";"0";"2";"15";"1";
"202000029365";"154 690 646";"B01";"3";"10";"0";"2";"7";"16";"0";
"202000029365";"154 690 647";"A01";"3";"30";"0";"2";"1";"1";"0";
"202000029366";"154 690 644";"B01";"2";"7";"0";"2";"4";"1";"0";
"202000029366";"154 690 645";"A01";"2";"7";"0";"2";"1";"1";"0";
"202000029367";"154 690 643";"A01";"2";"7";"4";"0";"6";"1";"1";
"202000029368";"154 690 641";"B01";"2";"7";"0";"2";"4";"2";"1";
"202000029368";"154 690 642";"A01";"2";"10";"0";"2";"1";"2";"1";
"202000029369";"154 690 638";"A01";"1";"7";"0";"2";"1";"2";"1";
"202000029369";"154 690 639";"B01";"1";"7";"0";"2";"1";"2";"0";
"202000029369";"154 690 640";"C01";"2";"10";"0";"0";"6";"2";"0";
"202000029370";"154 690 636";"A01";"3";"31";"0";"2";"3";"1";"1";
"202000029370";"154 690 637";"B01";"1";"7";"0";"2";"5";"1";"1";
"202000029371";"154 690 634";"A01";"1";"7";"0";"2";"1";"16";"1";
"202000029371";"154 690 635";"B01";"1";"7";"0";"2";"1";"1";"1";
"202000029372";"154 690 632";"B01";"2";"33";"0";"2";"1";"1";"1";
"202000029372";"154 690 633";"A01";"1";"38";"0";"2";"1";"15";"1";"1"
"202000029373";"154 690 630";"B01";"1";"33";"0";"2";"1";"1";"1";
"202000029373";"154 690 631";"A01";"2";"7";"0";"2";"7";"15";"1";
"202000029374";"154 690 628";"A01";"1";"7";"0";"2";"2";"1";"1";
"202000029374";"154 690 629";"B01";"1";"7";"0";"2";"4";"1";"1";
"202000029375";"154 690 626";"A01";"1";"7";"1";"0";"7";"14";"1";
"202000029376";"154 690 624";"A01";"1";"1";"0";"2";"4";"1";"5";
"202000029376";"154 690 625";"Z01";"1";"14";"0";"2";"0";"0";"0";
"202000029377";"154 690 622";"A01";"1";"7";"15";"0";"1";"0";"1";
"202000029377";"154 690 623";"B01";"3";"7";"0";"0";"0";"0";"1";
"202000029378";"154 690 620";"A01";"0";"34";"0";"2";"1";"9";"3";
"202000029378";"154 690 621";"B01";"1";"30";"0";"2";"8";"1";"1";
"202000029379";"154 690 619";"A01";"2";"7";"15";"0";"1";"1";"1";
"202000029380";"154 690 618";"A01";"0";"7";"0";"2";"0";"1";"1";
"202000029381";"154 690 617";"A01";"3";"7";"3";"0";"1";"1";"1";
"202000029382";"154 690 616";"A01";"2";"32";"9";"0";"2";"0";"1";
"202000029383";"154 690 614";"B01";"1";"7";"0";"2";"6";"1";"1";
"202000029383";"154 690 615";"A01";"2";"30";"0";"2";"1";"5";"1";
"202000029384";"154 690 613";"A01";"2";"33";"4";"0";"8";"13";"1";
"202000029385";"154 690 612";"A01";"3";"1";"0";"1";"1";"1";"5";
"202000029386";"154 690 610";"B01";"2";"33";"0";"2";"5";"23";"1";
"202000029386";"154 690 611";"A01";"2";"7";"0";"2";"3";"15";"1";
"202000029387";"154 690 608";"B01";"1";"33";"0";"2";"4";"23";"1";
"202000029387";"154 690 609";"A01";"1";"7";"0";"2";"1";"2";"1";
"202000029388";"154 690 607";"A01";"1";"7";"0";"1";"2";"16";"1";
"202000029389";"154 690 605";"B01";"2";"33";"0";"2";"3";"1";"1";
"202000029389";"154 690 606";"A01";"1";"7";"0";"2";"2";"15";"1";
"202000029390";"154 690 603";"A01";"2";"7";"0";"2";"3";"13";"1";
"202000029390";"154 690 604";"B01";"2";"33";"1";"2";"1";"17";"1";
"202000029391";"154 690 602";"Z01";"1";"30";"0";"1";"0";"26";"0";
"202000029392";"154 690 600";"A01";"1";"30";"0";"2";"3";"16";"1";
"202000029392";"154 690 601";"B01";"1";"7";"0";"2";"3";"2";"1";
"202000029393";"154 690 597";"A01";"1";"10";"0";"2";"1";"26";"1";
"202000029393";"154 690 598";"B01";"1";"2";"0";"0";"4";"23";"1";
"202000029393";"154 690 599";"C01";"1";"37";"0";"0";"3";"23";"0";"1"
"202000029394";"154 690 596";"A01";"1";"34";"0";"1";"3";"21";"1";
"202000029395";"154 690 594";"A01";"1";"1";"0";"2";"1";"1";"5";
"202000029395";"154 690 595";"B01";"1";"7";"0";"2";"2";"16";"1";
"202000029396";"154 690 592";"A01";"2";"7";"0";"2";"3";"15";"1";
"202000029396";"154 690 593";"B01";"2";"32";"0";"2";"2";"1";"1";
"202000029397";"154 690 590";"A01";"1";"3";"0";"2";"2";"2";"1";
"202000029397";"154 690 591";"B01";"1";"33";"0";"2";"4";"2";"1";
"202000029398";"154 690 588";"A01";"3";"32";"0";"2";"1";"2";"1";
"202000029398";"154 690 589";"B01";"3";"7";"0";"2";"4";"23";"1";
"202000029399";"154 690 587";"A01";"2";"7";"1";"0";"1";"1";"1";
"202000029400";"154 690 586";"A01";"3";"7";"0";"1";"3";"15";"1";
"202000029401";"154 690 584";"B01";"2";"7";"0";"2";"3";"0";"1";
"202000029401";"154 690 585";"A01";"1";"7";"0";"2";"3";"0";"1";
"202000029402";"154 690 582";"A01";"3";"7";"0";"1";"1";"1";"1";
"202000029403";"154 690 581";"A01";"2";"7";"0";"0";"1";"1";"1";
"202000029404";"154 690 579";"A01";"1";"7";"13";"0";"3";"0";"1";
"202000029405";"154 690 577";"B01";"2";"7";"1";"0";"1";"1";"1";
"202000029405";"154 690 578";"A01";"2";"20";"0";"2";"6";"24";"1";
"202000029406";"154 690 575";"A01";"2";"10";"0";"2";"1";"13";"1";
"202000029406";"154 690 576";"B01";"1";"10";"0";"2";"3";"1";"1";
"202000029407";"154 690 573";"B01";"2";"7";"0";"0";"6";"1";"1";
"202000029407";"154 690 574";"A01";"3";"7";"0";"0";"1";"1";"1";
"202000029408";"154 690 572";"A01";"1";"33";"13";"0";"1";"1";"1";
"202000029409";"154 690 571";"A01";"2";"17";"13";"0";"1";"1";"1";
"202000029410";"154 690 569";"B01";"3";"7";"0";"0";"8";"15";"1";
"202000029410";"154 690 570";"A01";"2";"7";"0";"2";"2";"9";"1";
"202000029411";"154 690 568";"A01";"3";"7";"13";"0";"3";"1";"1";
"202000029412";"154 690 566";"A01";"3";"33";"15";"2";"7";"2";"1";
"202000029412";"154 690 567";"B01";"3";"7";"0";"0";"4";"23";"1";
"202000029413";"154 690 564";"B01";"3";"7";"0";"2";"2";"15";"1";
"202000029413";"154 690 565";"A01";"3";"2";"0";"2";"2";"1";"1";
"202000029414";"154 690 563";"A01";"2";"7";"2";"0";"9";"13";"1";
"202000029415";"154 690 562";"A01";"1";"33";"0";"6";"1";"2";"1";
"202000029416";"154 690 560";"A01";"1";"7";"0";"2";"1";"13";"1";
"202000029416";"154 690 561";"B01";"2";"7";"0";"2";"3";"1";"1";
"202000029417";"154 690 559";"A01";"1";"7";"0";"1";"1";"1";"1";
"202000029418";"154 690 558";"A01";"1";"7";"0";"1";"3";"1";"1";
"202000029419";"154 690 556";"A01";"1";"7";"0";"2";"1";"19";"1";
"202000029419";"154 690 557";"B01";"2";"2";"0";"2";"7";"1";"1";
"202000029420";"154 690 555";"A01";"1";"2";"12";"0";"8";"1";"1";
"202000029421";"154 690 551";"B01";"1";"7";"0";"0";"6";"2";"1";
"202000029421";"154 690 552";"A01";"1";"2";"15";"2";"1";"2";"1";
"202000029422";"154 690 550";"A01";"1";"7";"6";"1";"4";"23";"1";
"202000029423";"154 690 548";"B01";"0";"10";"0";"2";"1";"13";"1";
"202000029423";"154 690 549";"A01";"0";"7";"0";"2";"1";"21";"1";
"202000029424";"154 690 547";"A01";"2";"7";"6";"9";"7";"0";"1";
"202000029425";"154 690 545";"B01";"1";"7";"0";"2";"8";"6";"1";
"202000029425";"154 690 546";"A01";"1";"33";"0";"2";"1";"1";"1";
"202000029426";"154 690 544";"A01";"2";"33";"0";"0";"1";"1";"1";
"202000029427";"154 690 542";"A01";"1";"7";"0";"1";"1";"15";"0";
"202000029428";"154 690 540";"A01";"1";"7";"0";"2";"1";"1";"1";
"202000029428";"154 690 541";"B01";"2";"7";"0";"2";"1";"1";"1";
"202000029429";"154 690 539";"A01";"2";"14";"0";"1";"1";"1";"1";
"202000029430";"154 690 537";"B01";"1";"7";"0";"2";"3";"1";"1";
"202000029430";"154 690 538";"A01";"2";"7";"0";"2";"3";"5";"1";
"202000029431";"154 690 533";"C01";"1";"7";"0";"2";"4";"2";"1";
"202000029431";"154 690 534";"B01";"1";"7";"0";"2";"4";"2";"1";
"202000029431";"154 690 535";"A01";"1";"10";"0";"2";"1";"2";"1";
"202000029431";"154 690 536";"D01";"1";"7";"0";"2";"4";"2";"1";
"202000029432";"154 690 531";"A01";"1";"31";"0";"2";"7";"3";"1";
"202000029432";"154 690 532";"B01";"1";"7";"0";"2";"8";"11";"1";
"202000029433";"154 690 529";"A01";"1";"33";"0";"2";"1";"12";"1";
"202000029433";"154 690 530";"B01";"3";"15";"0";"2";"4";"23";"0";
"202000029434";"154 690 528";"A01";"1";"1";"0";"1";"1";"1";"5";
"202000029435";"154 690 527";"A01";"1";"30";"0";"1";"1";"1";"1";
"202000029436";"154 690 526";"A01";"1";"7";"0";"1";"2";"1";"1";
"202000029437";"154 690 525";"A01";"2";"32";"0";"1";"1";"1";"1";
"202000029438";"154 690 523";"B01";"1";"7";"0";"2";"4";"23";"1";
"202000029438";"154 690 524";"A01";"1";"7";"0";"2";"1";"2";"1";
"202000029439";"154 690 522";"A01";"2";"7";"0";"1";"2";"16";"1";
"202000029440";"154 690 520";"B01";"2";"10";"0";"2";"4";"23";"1";
"202000029440";"154 690 521";"A01";"2";"80";"0";"2";"1";"2";"3";
"202000029441";"154 690 518";"Z01";"1";"7";"0";"2";"0";"14";"0";
"202000029441";"154 690 519";"A01";"1";"30";"1";"2";"6";"18";"1";
"202000029442";"154 690 516";"B01";"1";"33";"0";"2";"1";"1";"1";
"202000029442";"154 690 517";"A01";"2";"10";"0";"2";"5";"5";"3";
"202000029443";"154 690 515";"A01";"1";"7";"8";"0";"1";"1";"1";
"202000029444";"154 690 514";"A01";"1";"10";"0";"1";"2";"1";"1";
"202000029445";"154 690 512";"B01";"1";"32";"0";"2";"2";"1";"1";
"202000029445";"154 690 513";"A01";"1";"7";"0";"2";"3";"15";"1";
"202000029446";"154 690 510";"A01";"1";"7";"0";"2";"1";"2";"1";
"202000029446";"154 690 511";"B01";"1";"7";"0";"2";"4";"1";"1";
"202000029447";"154 690 508";"A01";"1";"7";"0";"2";"2";"16";"1";
"202000029447";"154 690 509";"B01";"1";"1";"0";"2";"1";"19";"0";
"202000029448";"154 690 507";"A01";"1";"7";"0";"1";"1";"26";"1";
"202000029449";"154 690 506";"A01";"2";"31";"0";"0";"0";"0";"1";
"202000029450";"154 690 504";"B01";"2";"32";"0";"2";"1";"1";"1";
"202000029450";"154 690 505";"A01";"2";"7";"0";"2";"4";"12";"1";
"202000029451";"154 690 501";"B01";" -1";"7";"0";"2";"1";"1";"0";
"202000029451";"154 690 503";"A01";" -1";"7";"0";"2";"2";"9";"0";
"202000029452";"154 690 500";"A01";"2";"32";"0";"2";"8";"1";"1";
"202000029452";"154 690 502";"B01";"2";"7";"0";"2";"0";"0";"1";
"202000029453";"154 690 498";"A01";"2";"7";"0";"2";"2";"15";"1";
"202000029453";"154 690 499";"B01";"2";"1";"0";"2";"8";"16";"5";
"202000029454";"154 690 496";"B01";"2";"16";"0";"2";"2";"1";"1";
"202000029454";"154 690 497";"A01";"2";"7";"0";"2";"3";"11";"1";
"202000029455";"154 690 493";"A01";"2";"7";"0";"2";"8";"11";"1";
"202000029455";"154 690 494";"B01";"2";"33";"0";"2";"0";"3";"1";
"202000029456";"154 690 492";"A01";"1";"32";"0";"2";"1";"19";"1";
"202000029456";"154 690 495";"B01";"0";"7";"0";"0";"8";"19";"1";
"202000029457";"154 690 490";"A01";"2";"7";"0";"2";"2";"2";"1";
"202000029457";"154 690 491";"B01";"2";"2";"0";"2";"6";"23";"1";
"202000029458";"154 690 488";"Z01";"1";"7";"0";"1";"4";"4";"1";
"202000029459";"154 690 487";"B01";"1";"7";"0";"2";"3";"0";"1";
"202000029459";"154 690 489";"A01";"2";"7";"0";"2";"1";"0";"1";
"202000029460";"154 690 485";"A01";"2";"10";"0";"2";"0";"0";"1";
"202000029460";"154 690 486";"B01";"2";"7";"0";"2";"4";"1";"1";
"202000029461";"154 690 482";"A01";"1";"7";"0";"2";"1";"2";"1";
"202000029461";"154 690 483";"B01";"1";"7";"0";"2";"4";"2";"1";
"202000029461";"154 690 484";"C01";"1";"7";"0";"2";"4";"2";"3";
"202000029462";"154 690 480";"B01";"3";"7";"0";"2";"1";"15";"1";
"202000029462";"154 690 481";"A01";"1";"33";"0";"2";"1";"3";"1";
"202000029463";"154 690 475";"D01";"3";"7";"0";"2";"7";"23";"1";
"202000029463";"154 690 477";"C01";"3";"7";"0";"2";"1";"3";"1";
"202000029463";"154 690 478";"B01";"3";"7";"0";"2";"5";"23";"1";
"202000029463";"154 690 479";"A01";"3";"7";"0";"2";"4";"23";"1";
"202000029464";"154 690 474";"A01";"1";"7";"0";"2";"7";"15";"1";
"202000029464";"154 690 476";"B01";"1";"2";"0";"2";"1";"1";"0";
"202000029465";"154 690 473";"A01";"1";"2";"0";"0";"1";"1";"1";
"202000029466";"154 690 471";"A01";"1";"7";"0";"1";"1";"15";"1";
"202000029467";"154 690 470";"B01";"3";"33";"0";"2";"5";"1";"1";
"202000029467";"154 690 472";"A01";"1";"7";"0";"2";"3";"19";"1";
"202000029468";"154 690 468";"A01";"2";"7";"2";"0";"7";"1";"1";
"202000029469";"154 690 467";"A01";"1";"7";"0";"2";"2";"1";"1";
"202000029469";"154 690 469";"B01";"1";"7";"0";"2";"3";"1";"1";
"202000029470";"154 690 463";"A01";"1";"7";"0";"2";"3";"17";"1";
"202000029470";"154 690 464";"B01";"2";"7";"0";"2";"3";"1";"1";
"202000029470";"154 690 466";"C01";"1";"7";"0";"2";"6";"1";"1";
"202000029471";"154 690 462";"B01";"1";"1";"0";"2";"0";"1";"5";
"202000029471";"154 690 465";"A01";"2";"7";"0";"2";"3";"15";"1";
"202000029472";"154 690 461";"A01";"2";"7";"9";"0";"0";"1";"1";
"202000029473";"154 690 459";"B01";"0";"7";"0";"2";"6";"4";"1";
"202000029473";"154 690 460";"A01";"0";"7";"0";"2";"1";"2";"1";
"202000029474";"154 690 457";"B01";"2";"17";"0";"2";"3";"1";"1";
"202000029474";"154 690 458";"A01";"2";"7";"4";"2";"3";"1";"1";
"202000029475";"154 690 455";"B01";"3";"40";"0";"2";"6";"1";"3";
"202000029475";"154 690 456";"A01";"0";"7";"0";"4";"1";"1";"1";
"202000029476";"154 690 454";"A01";"2";"7";"0";"1";"1";"1";"0";
"202000029477";"154 690 451";"A01";"2";"7";"4";"0";"2";"1";"6";
"202000029478";"154 690 449";"D01";"2";"7";"0";"2";"1";"2";"1";
"202000029478";"154 690 450";"C01";"2";"7";"0";"2";"4";"2";"1";
"202000029478";"154 690 452";"B01";"2";"7";"0";"2";"1";"2";"1";
"202000029478";"154 690 453";"A01";"2";"7";"0";"2";"4";"2";"1";
"202000029479";"154 690 447";"A01";"1";"13";"1";"0";"4";"26";"1";
"202000029480";"154 690 445";"A01";"1";"7";"0";"1";"3";"1";"1";
"202000029481";"154 690 446";"A01";"1";"33";"0";"0";"9";"0";"6";
"202000029482";"154 690 442";"B01";"1";"7";"0";"2";"4";"23";"1";
"202000029482";"154 690 444";"A01";"1";"7";"0";"2";"1";"2";"1";
"202000029483";"154 690 441";"A01";"3";"2";"0";"2";"8";"26";"1";
"202000029483";"154 690 443";"B01";"3";"7";"0";"2";"7";"17";"1";
"202000029484";"154 690 437";"B01";"1";"7";"0";"2";"3";"18";"1";
"202000029484";"154 690 439";"A01";"1";"7";"0";"0";"4";"19";"1";
"202000029485";"154 690 436";"A01";"2";"33";"0";"2";"2";"3";"1";
"202000029485";"154 690 438";"B01";"2";"14";"0";"2";"6";"2";"1";
"202000029485";"154 690 440";"C01";"1";"7";"0";"2";"0";"26";"1";
"202000029486";"154 690 434";"B01";"1";"7";"0";"2";"1";"1";"1";
"202000029486";"154 690 435";"A01";"1";"7";"0";"2";"7";"1";"1";
"202000029487";"154 690 432";"B01";"2";"7";"0";"2";"3";"15";"1";
"202000029487";"154 690 433";"A01";"1";"33";"0";"2";"1";"1";"1";
"202000029488";"154 690 430";"B01";"2";"1";"0";"2";"4";"1";"5";
"202000029488";"154 690 431";"A01";"2";"7";"0";"2";"1";"2";"0";
"202000029489";"154 690 429";"A01";"1";"33";"0";"0";"0";"0";"1";
"202000029490";"154 690 426";"A01";"0";"10";"0";"2";"3";"15";"1";
"202000029490";"154 690 428";"B01";"0";"7";"0";"1";"2";"1";"1";
"202000029491";"154 690 425";"B01";"1";"7";"0";"2";"3";"1";"1";
"202000029491";"154 690 427";"A01";"2";"7";"0";"2";"1";"15";"1";
"202000029492";"154 690 424";"A01";"2";"7";"0";"1";"2";"1";"1";
"202000029493";"154 690 421";"B01";"2";"2";"0";"2";"1";"1";"1";
"202000029493";"154 690 422";"A01";"1";"7";"0";"2";"7";"15";"1";
"202000029494";"154 690 423";"A01";"1";"7";"0";"1";"3";"1";"1";
"202000029495";"154 690 418";"B01";"3";"2";"0";"2";"1";"1";"1";
"202000029495";"154 690 420";"A01";"3";"7";"0";"2";"3";"9";"1";
"202000029496";"154 690 417";"B01";"1";"1";"0";"2";"1";"1";"5";
"202000029496";"154 690 419";"A01";"2";"7";"0";"9";"2";"15";"1";
"202000029497";"154 690 415";"B01";"1";"7";"0";"2";"1";"1";"1";
"202000029497";"154 690 416";"A01";"2";"10";"0";"2";"1";"13";"1";
"202000029498";"154 690 412";"B01";"3";"33";"0";"2";"1";"1";"1";
"202000029498";"154 690 414";"A01";"3";"7";"0";"2";"5";"15";"1";
"202000029499";"154 690 410";"A01";"2";"7";"0";"2";"1";"19";"1";
"202000029499";"154 690 411";"B01";"2";"7";"0";"2";"3";"1";"1";
"202000029500";"154 690 409";"A01";"2";"7";"2";"0";"8";"0";"1";
"202000029501";"154 690 406";"A01";"2";"7";"0";"2";"1";"5";"1";
"202000029501";"154 690 407";"B01";"1";"13";"0";"2";"1";"1";"1";
"202000029502";"154 690 404";"A01";"3";"7";"0";"2";"1";"1";"1";
"202000029502";"154 690 405";"B01";"3";"7";"0";"2";"4";"1";"1";
"202000029503";"154 690 400";"B01";"2";"1";"0";"2";"6";"1";"5";
"202000029503";"154 690 403";"A01";"3";"7";"0";"0";"2";"1";"1";
"202000029504";"154 690 399";"C01";"1";"7";"0";"2";"4";"1";"1";
"202000029504";"154 690 401";"B01";"1";"7";"0";"2";"1";"1";"1";
"202000029504";"154 690 402";"A01";"1";"7";"0";"2";"1";"1";"1";
"202000029505";"154 690 396";"A01";"1";"10";"0";"2";"2";"9";"1";
"202000029505";"154 690 398";"B01";"1";"50";"0";"2";"8";"1";"3";
"202000029506";"154 690 395";"B01";"1";"7";"0";"2";"1";"1";"0";
"202000029506";"154 690 397";"A01";"0";"7";"0";"2";"3";"16";"0";
"202000029507";"154 690 393";"A01";"1";"2";"0";"0";"0";"15";"1";
"202000029508";"154 690 392";"B01";"2";"7";"0";"9";"4";"0";"1";
"202000029508";"154 690 394";"A01";"2";"50";"1";"0";"1";"1";"3";
"202000029509";"154 690 389";"B01";"2";"50";"0";"2";"0";"1";"3";
"202000029509";"154 690 390";"A01";"1";"1";"0";"2";"0";"13";"5";
"202000029510";"154 690 387";"B01";"1";"7";"0";"0";"3";"1";"1";
"202000029510";"154 690 388";"A01";"2";"7";"0";"2";"2";"1";"1";
"202000029511";"154 690 385";"A01";"2";"7";"0";"2";"5";"9";"1";
"202000029511";"154 690 386";"B01";"2";"1";"0";"2";"8";"1";"5";
"202000029512";"154 690 383";"A01";"1";"31";"12";"0";"3";"14";"1";
"202000029513";"154 690 382";"B01";"2";"7";"0";"2";"2";"17";"1";
"202000029513";"154 690 384";"A01";"2";"7";"0";"2";"6";"1";"1";
"202000029514";"154 690 380";"B01";"1";"2";"0";"2";"7";"17";"1";
"202000029514";"154 690 381";"A01";"1";"10";"0";"2";"8";"15";"1";
"202000029515";"154 690 378";"B01";"2";"7";"0";"0";"5";"1";"1";
"202000029515";"154 690 379";"A01";"1";"2";"0";"2";"1";"21";"1";
"202000029516";"154 690 376";"A01";"1";"7";"0";"2";"2";"2";"1";
"202000029516";"154 690 377";"B01";"1";"7";"0";"2";"4";"2";"1";
"202000029517";"154 690 375";"A01";"2";"33";"6";"0";"7";"14";"1";
"202000029518";"154 690 373";"A01";"3";"2";"0";"2";"0";"1";"1";
"202000029518";"154 690 374";"B01";"3";"7";"0";"2";"0";"1";"1";
"202000029519";"154 690 372";"A01";"3";"99";"0";"0";"9";"1";"1";
"202000029520";"154 690 370";"A01";"1";"10";"2";"0";"3";"19";"1";
"202000029521";"154 690 369";"B01";"1";"7";"0";"2";"3";"15";"1";
"202000029521";"154 690 371";"A01";"1";"30";"0";"2";"1";"1";"1";
"202000029522";"154 690 367";"A01";"1";"10";"0";"2";"3";"13";"0";
"202000029522";"154 690 368";"B01";"1";"7";"0";"2";"3";"1";"0";
"202000029523";"154 690 364";"A01";"2";"7";"0";"2";"1";"1";"1";
"202000029523";"154 690 366";"B01";"1";"7";"0";"2";"1";"1";"1";
"202000029524";"154 690 358";"A01";"3";"7";"0";"1";"2";"1";"1";
"202000029525";"154 690 359";"B01";"1";"7";"0";"2";"7";"1";"1";
"202000029525";"154 690 360";"A01";"3";"1";"0";"2";"1";"1";"5";
"202000029526";"154 690 356";"A01";"1";"41";"0";"2";"4";"26";"1";
"202000029526";"154 690 357";"B01";"1";"7";"0";"2";"4";"1";"1";
"202000029527";"154 690 355";"A01";"3";"2";"0";"0";"1";"1";"1";
"202000029528";"154 690 354";"A01";"1";"10";"0";"1";"2";"2";"1";
"202000029529";"154 690 353";"A01";"1";"7";"8";"0";"1";"19";"2";
"202000029530";"154 690 352";"A01";"3";"3";"8";"0";"1";"1";"1";
"202000029531";"154 690 349";"A01";"2";"7";"0";"2";"2";"2";"1";
"202000029531";"154 690 350";"B01";"2";"60";"0";"2";"4";"1";"5";
"202000029532";"154 690 348";"B01";"3";"7";"0";"2";"2";"1";"1";
"202000029532";"154 690 351";"A01";"3";"7";"0";"2";"5";"1";"1";
"202000029533";"154 690 346";"A01";"1";"10";"15";"0";"1";"1";"1";
"202000029534";"154 690 345";"B01";"1";"50";"0";"2";"1";"1";"3";
"202000029534";"154 690 347";"A01";"1";"7";"0";"9";"1";"1";"1";
"202000029535";"154 690 344";"A01";"3";"7";"0";"1";"2";"1";"0";
"202000029536";"154 690 342";"B01";"2";"33";"0";"2";"7";"1";"1";
"202000029536";"154 690 343";"A01";"1";"7";"0";"2";"1";"15";"1";