"Num_Acc";"id_vehicule";"num_veh";"senc";"catv";"obs";"obsm";"choc";"manv";"motor";"occutc"
"202000029960";"154 689 605";"B01";"1";"7";"0";"2";"3";"15";"1";
"202000029961";"154 689 602";"B01";"2";"2";"0";"2";"1";"11";"0";
"202000029961";"154 689 603";"A01";"1";"7";"0";"0";"3";"1";"1";
"202000029962";"154 689 601";"A01";"1";"7";"13";"0";"1";"14";"0";
"202000029963";"154 689 598";"A01";"2";"7";"0";"2";"4";"1";"1";
"202000029963";"154 689 599";"B01";"2";"7";"0";"2";"1";"2";"1";
"202000029963";"154 689 600";"C01";"1";"7";"0";"2";"1";"2";"1";
"202000029964";"154 689 597";"A01";"2";"7";"4";"0";"1";"1";"1";
"202000029965";"154 689 596";"A01";"3";"14";"6";"0";"9";"1";"1";
"202000029966";"154 689 593";"C01";"1";"7";"0";"2";"4";"2";"1";
"202000029966";"154 689 594";"B01";"1";"7";"0";"2";"4";"2";"1";
"202000029966";"154 689 595";"A01";"1";"7";"0";"2";"1";"1";"1";
"202000029967";"154 689 589";"B01";"1";"10";"0";"2";"4";"2";"1";
"202000029967";"154 689 590";"D01";"1";"10";"0";"2";"4";"2";"1";
"202000029967";"154 689 591";"C01";"1";"10";"0";"2";"4";"2";"1";
"202000029967";"154 689 592";"A01";"1";"10";"0";"2";"1";"2";"1";
"202000029968";"154 689 586";"C01";"1";"7";"0";"2";"4";"2";"1";
"202000029968";"154 689 587";"B01";"1";"7";"0";"2";"4";"2";"1";
"202000029968";"154 689 588";"A01";"1";"10";"0";"2";"1";"1";"1";
"202000029969";"154 689 585";"A01";"1";"33";"3";"0";"1";"2";"1";
"202000029970";"154 689 582";"C01";"2";"7";"0";"2";"4";"2";"1";
"202000029970";"154 689 583";"A01";"2";"7";"0";"2";"1";"2";"1";
"202000029970";"154 689 584";"B01";"2";"7";"0";"2";"4";"23";"1";
"202000029971";"154 689 581";"A01";"2";"7";"4";"0";"9";"2";"1";
"202000029972";"154 689 578";"A01";"1";"7";"0";"2";"1";"5";"1";
"202000029972";"154 689 579";"B01";"1";"7";"0";"2";"1";"2";"1";
"202000029972";"154 689 580";"C01";"1";"7";"0";"2";"2";"2";"1";
"202000029973";"154 689 577";"A01";"1";"7";"4";"0";"9";"2";"1";
"202000029974";"154 689 576";"A01";"1";"7";"4";"0";"1";"0";"1";
"202000029975";"154 689 574";"A01";"2";"33";"0";"2";"8";"11";"1";
"202000029975";"154 689 575";"B01";"2";"7";"0";"2";"8";"11";"1";
"202000029976";"154 689 573";"A01";"1";"33";"12";"0";"2";"14";"1";
"202000029977";"154 689 572";"A01";"1";"7";"0";"0";"9";"26";"1";
"202000029978";"154 689 571";"A01";"1";"7";"4";"0";"9";"1";"1";
"202000029979";"154 689 569";"A01";"2";"7";"0";"2";"1";"18";"1";
"202000029979";"154 689 570";"B01";"2";"7";"0";"2";"4";"26";"1";
"202000029980";"154 689 567";"A01";"1";"7";"0";"2";"7";"12";"1";
"202000029980";"154 689 568";"B01";"1";"7";"0";"2";"3";"1";"1";
"202000029981";"154 689 565";"A01";"3";"60";"0";"2";"2";"19";"5";
"202000029981";"154 689 566";"B01";"3";"7";"6";"2";"2";"16";"1";
"202000029982";"154 689 563";"B01";"2";"33";"0";"2";"1";"1";"1";
"202000029982";"154 689 564";"A01";"1";"7";"0";"2";"2";"15";"1";
"202000029983";"154 689 561";"B01";"1";"7";"0";"2";"3";"1";"1";
"202000029983";"154 689 562";"A01";"1";"7";"0";"2";"2";"1";"1";
"202000029984";"154 689 559";"B01";"3";"10";"0";"2";"1";"1";"1";
"202000029984";"154 689 560";"A01";"3";"7";"0";"2";"1";"5";"1";
"202000029985";"154 689 558";"A01";"3";"10";"16";"1";"4";"20";"1";
"202000029986";"154 689 557";"A01";"1";"7";"0";"1";"1";"26";"1";
"202000029987";"154 689 555";"B01";"2";"7";"0";"2";"3";"1";"1";
"202000029987";"154 689 556";"A01";"1";"7";"0";"2";"2";"26";"1";
"202000029988";"154 689 553";"B01";"3";"1";"0";"2";"2";"16";"0";
"202000029988";"154 689 554";"A01";"3";"7";"0";"9";"3";"16";"0";
"202000029989";"154 689 552";"A01";"1";"7";"0";"1";"1";"1";"1";
"202000029990";"154 689 550";"A01";"3";"7";"0";"2";"1";"9";"1";
"202000029990";"154 689 551";"B01";"1";"7";"1";"2";"2";"1";"1";
"202000029991";"154 689 549";"A01";"3";"7";"15";"0";"4";"1";"1";
"202000029992";"154 689 548";"A01";"1";"30";"0";"0";"8";"26";"1";
"202000029993";"154 689 546";"B01";"1";"7";"0";"2";"1";"1";"1";
"202000029993";"154 689 547";"A01";"2";"7";"0";"2";"2";"15";"1";
"202000029994";"154 689 544";"B01";"1";"7";"0";"2";"6";"15";"1";
"202000029994";"154 689 545";"A01";"1";"0";"0";"2";"1";"17";"0";
"202000029995";"154 689 540";"B01";"1";"7";"0";"2";"6";"1";"1";
"202000029995";"154 689 541";"A01";"3";"7";"0";"2";"1";"1";"1";
"202000029996";"154 689 538";"A01";"1";"33";"0";"2";"1";"26";"1";
"202000029996";"154 689 539";"B01";"1";"7";"0";"2";"6";"1";"1";
"202000029997";"154 689 536";"A01";"0";"7";"0";"2";"3";"15";"1";
"202000029997";"154 689 537";"B01";"0";"1";"0";"2";"4";"15";"5";
"202000029998";"154 689 534";"A01";"2";"33";"0";"2";"1";"3";"1";
"202000029998";"154 689 535";"B01";"2";"7";"0";"2";"5";"12";"1";
"202000029999";"154 689 532";"B01";"2";"7";"0";"2";"8";"1";"1";
"202000029999";"154 689 533";"A01";"1";"31";"0";"2";"1";"1";"1";
"202000030000";"154 689 530";"A01";"2";"7";"0";"2";"2";"15";"1";
"202000030000";"154 689 531";"B01";"1";"30";"0";"2";"1";"1";"1";
"202000030001";"154 689 528";"B01";"1";"7";"0";"2";"1";"1";"1";
"202000030001";"154 689 529";"A01";"2";"32";"0";"2";"4";"1";"1";
"202000030002";"154 689 526";"A01";"1";"10";"0";"2";"2";"14";"1";
"202000030002";"154 689 527";"B01";"2";"33";"0";"2";"8";"1";"1";
"202000030003";"154 689 525";"A01";"2";"30";"0";"0";"8";"1";"1";
"202000030004";"154 689 523";"A01";"1";"7";"0";"2";"1";"15";"1";
"202000030004";"154 689 524";"B01";"2";"7";"0";"2";"1";"1";"1";
"202000030005";"154 689 521";"B01";"2";"7";"0";"2";"7";"12";"1";
"202000030005";"154 689 522";"A01";"2";"7";"0";"2";"1";"1";"1";
"202000030006";"154 689 519";"B01";"2";"7";"0";"2";"3";"15";"1";
"202000030006";"154 689 520";"A01";"2";"31";"0";"2";"1";"1";"1";
"202000030007";"154 689 517";"B01";"2";"31";"0";"2";"1";"3";"1";
"202000030007";"154 689 518";"A01";"2";"7";"0";"2";"8";"15";"1";
"202000030008";"154 689 516";"A01";"1";"31";"0";"0";"0";"9";"1";
"202000030009";"154 689 514";"A01";"1";"2";"0";"2";"1";"11";"1";
"202000030009";"154 689 515";"B01";"1";"7";"0";"2";"7";"17";"1";
"202000030010";"154 689 513";"A01";"2";"7";"0";"1";"1";"1";"1";
"202000030011";"154 689 511";"A01";"1";"7";"0";"1";"1";"15";"1";
"202000030012";"154 689 508";"C01";"2";"7";"0";"2";"4";"1";"1";
"202000030012";"154 689 509";"B01";"2";"7";"0";"2";"4";"1";"1";
"202000030012";"154 689 510";"A01";"2";"7";"0";"2";"1";"1";"1";
"202000030013";"154 689 506";"A01";"2";"7";"0";"2";"1";"1";"1";
"202000030013";"154 689 507";"B01";"1";"7";"0";"2";"5";"15";"1";
"202000030014";"154 689 502";"Z01";"0";"7";"0";"2";"3";"15";"0";
"202000030014";"154 689 503";"B01";"0";"7";"0";"2";"3";"23";"1";
"202000030015";"154 689 501";"A01";"3";"7";"0";"1";"2";"2";"1";
"202000030016";"154 689 499";"A01";"2";"7";"0";"2";"2";"2";"1";
"202000030016";"154 689 500";"B01";"2";"7";"0";"2";"6";"1";"1";
"202000030017";"154 689 497";"B01";"1";"2";"0";"2";"1";"1";"1";
"202000030017";"154 689 498";"A01";"1";"7";"0";"2";"3";"15";"1";
"202000030018";"154 689 495";"B01";"2";"7";"1";"1";"6";"24";"1";
"202000030018";"154 689 496";"A01";"2";"7";"1";"0";"2";"1";"1";
"202000030019";"154 689 493";"A01";"3";"30";"0";"9";"2";"1";"1";
"202000030019";"154 689 494";"B01";"3";"7";"0";"2";"3";"16";"1";
"202000030020";"154 689 492";"A01";"2";"7";"0";"1";"0";"1";"1";
"202000030021";"154 689 490";"B01";"2";"33";"0";"2";"1";"1";"1";
"202000030021";"154 689 491";"A01";"1";"7";"0";"2";"2";"15";"1";
"202000030022";"154 689 489";"A01";"1";"7";"0";"1";"1";"2";"1";
"202000030023";"154 689 487";"B01";"3";"7";"0";"2";"3";"9";"1";
"202000030023";"154 689 488";"A01";"2";"30";"0";"2";"5";"1";"1";
"202000030024";"154 689 485";"A01";"1";"32";"0";"2";"3";"1";"1";
"202000030024";"154 689 486";"B01";"2";"7";"0";"2";"2";"15";"1";
"202000030025";"154 689 483";"B01";"1";"7";"0";"2";"3";"1";"1";
"202000030025";"154 689 484";"A01";"1";"1";"0";"2";"2";"1";"5";
"202000030026";"154 689 481";"B01";"2";"7";"0";"2";"3";"1";"1";
"202000030026";"154 689 482";"A01";"1";"7";"0";"2";"3";"13";"1";
"202000030027";"154 689 480";"A01";"1";"10";"0";"1";"1";"1";"1";
"202000030028";"154 689 478";"A01";"1";"10";"0";"2";"3";"9";"1";
"202000030028";"154 689 479";"B01";"1";"30";"0";"2";"1";"1";"1";
"202000030029";"154 689 476";"A01";"2";"7";"0";"2";"1";"1";"1";
"202000030029";"154 689 477";"B01";"3";"60";"0";"2";"7";"19";"5";
"202000030030";"154 689 474";"A01";"1";"15";"0";"2";"2";"19";"1";
"202000030030";"154 689 475";"B01";"2";"7";"0";"2";"1";"1";"1";
"202000030031";"154 689 472";"B01";"3";"1";"0";"2";"2";"19";"5";
"202000030031";"154 689 473";"A01";"2";"7";"0";"2";"1";"1";"1";
"202000030032";"154 689 471";"A01";"3";"7";"0";"1";"0";"26";"1";
"202000030033";"154 689 470";"A01";"0";"7";"0";"1";"2";"26";"1";
"202000030034";"154 689 468";"A01";"2";"15";"0";"2";"1";"1";"1";
"202000030034";"154 689 469";"B01";"2";"10";"0";"2";"6";"9";"1";
"202000030035";"154 689 466";"A01";"2";"7";"0";"2";"3";"13";"1";
"202000030035";"154 689 467";"B01";"1";"37";"0";"2";"3";"23";"1";"1"
"202000030036";"154 689 465";"A01";"2";"7";"0";"1";"1";"1";"1";
"202000030037";"154 689 463";"A01";"2";"7";"0";"2";"8";"22";"1";
"202000030037";"154 689 464";"B01";"2";"1";"0";"2";"1";"1";"5";
"202000030038";"154 689 461";"B01";"1";"1";"0";"2";"8";"23";"5";
"202000030038";"154 689 462";"A01";"1";"33";"0";"2";"7";"17";"1";
"202000030039";"154 689 460";"A01";"2";"7";"0";"1";"2";"1";"1";
"202000030040";"154 689 459";"A01";"1";"31";"0";"1";"7";"1";"1";
"202000030041";"154 689 458";"A01";"1";"32";"0";"1";"1";"1";"1";
"202000030042";"154 689 456";"A01";"2";"31";"0";"2";"6";"13";"1";
"202000030042";"154 689 457";"B01";"2";"33";"0";"2";"2";"17";"1";
"202000030043";"154 689 453";"C01";"1";"1";"0";"2";"8";"25";"5";
"202000030043";"154 689 454";"A01";"1";"7";"0";"2";"1";"15";"1";
"202000030043";"154 689 455";"B01";"2";"7";"0";"2";"1";"1";"1";
"202000030044";"154 689 451";"B01";"1";"33";"0";"2";"1";"1";"1";
"202000030044";"154 689 452";"A01";"1";"7";"0";"2";"6";"10";"1";
"202000030045";"154 689 449";"B01";"2";"1";"0";"2";"1";"1";"5";
"202000030045";"154 689 450";"A01";"1";"7";"0";"2";"8";"22";"1";
"202000030046";"154 689 447";"A01";"2";"50";"0";"2";"1";"1";"3";
"202000030046";"154 689 448";"Z01";"1";"7";"0";"2";"4";"4";"0";
"202000030047";"154 689 446";"A01";"1";"1";"0";"1";"0";"7";"5";
"202000030048";"154 689 445";"A01";"3";"1";"12";"0";"8";"1";"5";
"202000030049";"154 689 444";"A01";"2";"30";"0";"1";"8";"1";"3";
"202000030050";"154 689 442";"A01";"1";"30";"0";"2";"1";"2";"3";
"202000030050";"154 689 443";"B01";"1";"7";"0";"2";"4";"23";"1";
"202000030051";"154 689 440";"A01";"1";"32";"0";"2";"1";"1";"1";
"202000030051";"154 689 441";"B01";"2";"7";"0";"2";"1";"15";"1";
"202000030052";"154 689 439";"A01";"1";"7";"0";"1";"1";"16";"1";
"202000030053";"154 689 436";"C01";"2";"7";"0";"2";"4";"2";"1";
"202000030053";"154 689 437";"B01";"2";"7";"0";"2";"4";"2";"1";
"202000030053";"154 689 438";"A01";"2";"10";"0";"2";"1";"2";"1";
"202000030054";"154 689 435";"A01";"3";"7";"0";"1";"2";"1";"1";
"202000030055";"154 689 433";"A01";"2";"7";"0";"2";"1";"9";"1";
"202000030055";"154 689 434";"B01";"1";"33";"0";"2";"8";"1";"0";
"202000030056";"154 689 432";"A01";"1";"7";"0";"1";"2";"1";"1";
"202000030057";"154 689 431";"B01";"0";"7";"1";"1";"6";"20";"1";
"202000030058";"154 689 429";"A01";"3";"7";"0";"2";"2";"15";"1";
"202000030058";"154 689 430";"B01";"3";"7";"0";"2";"1";"1";"1";
"202000030059";"154 689 427";"B01";"0";"7";"0";"2";"1";"1";"1";
"202000030059";"154 689 428";"A01";"2";"7";"0";"2";"3";"16";"1";
"202000030060";"154 689 425";"B01";"2";"2";"0";"2";"1";"2";"1";
"202000030060";"154 689 426";"A01";"2";"7";"0";"2";"8";"10";"1";
"202000030061";"154 689 423";"B01";"2";"7";"0";"2";"5";"1";"1";
"202000030061";"154 689 424";"A01";"2";"7";"8";"2";"2";"1";"1";
"202000030062";"154 689 422";"A01";"3";"7";"9";"0";"2";"16";"1";
"202000030063";"154 689 420";"B01";"1";"7";"0";"2";"1";"9";"1";
"202000030063";"154 689 421";"A01";"1";"31";"0";"2";"1";"17";"1";
"202000030064";"154 689 418";"B01";"2";"7";"0";"2";"3";"9";"1";
"202000030064";"154 689 419";"A01";"1";"1";"0";"2";"1";"1";"5";
"202000030065";"154 689 416";"A01";"0";"7";"1";"0";"1";"19";"1";
"202000030065";"154 689 417";"B01";"0";"34";"0";"2";"7";"0";"1";
"202000030066";"154 689 414";"A01";"2";"7";"0";"2";"2";"1";"1";
"202000030066";"154 689 415";"B01";"1";"7";"0";"2";"3";"1";"1";
"202000030067";"154 689 412";"A01";"3";"32";"0";"2";"1";"1";"1";
"202000030067";"154 689 413";"B01";"3";"10";"0";"2";"2";"15";"1";
"202000030068";"154 689 411";"A01";"2";"10";"0";"1";"3";"16";"1";
"202000030069";"154 689 409";"A01";"3";"7";"0";"9";"1";"16";"1";
"202000030069";"154 689 410";"B01";"3";"80";"0";"2";"7";"1";"3";
"202000030070";"154 689 407";"A01";"1";"10";"0";"2";"3";"17";"1";
"202000030070";"154 689 408";"B01";"2";"21";"0";"2";"1";"1";"1";
"202000030071";"154 689 406";"A01";"1";"7";"0";"1";"1";"1";"1";
"202000030072";"154 689 403";"A01";"1";"7";"3";"0";"3";"21";"1";
"202000030073";"154 689 402";"A01";"1";"17";"7";"0";"2";"1";"1";
"202000030074";"154 689 401";"A01";"2";"7";"0";"1";"2";"1";"1";
"202000030075";"154 689 400";"A01";"1";"7";"3";"0";"2";"15";"1";
"202000030076";"154 689 398";"A01";"1";"7";"0";"2";"3";"19";"1";
"202000030076";"154 689 399";"B01";"1";"33";"0";"2";"1";"1";"1";
"202000030077";"154 689 396";"B01";"2";"7";"0";"2";"1";"1";"1";
"202000030077";"154 689 397";"A01";"2";"7";"9";"2";"7";"15";"1";
"202000030078";"154 689 393";"A01";"3";"7";"0";"1";"3";"19";"1";
"202000030079";"154 689 392";"A01";"2";"7";"6";"0";"1";"15";"1";
"202000030080";"154 689 390";"A01";"2";"7";"0";"2";"1";"2";"1";
"202000030080";"154 689 391";"B01";"2";"7";"0";"2";"4";"2";"1";
"202000030081";"154 689 388";"A01";"1";"7";"0";"2";"3";"15";"1";
"202000030081";"154 689 389";"B01";"1";"7";"6";"2";"2";"17";"1";
"202000030082";"154 689 387";"A01";"1";"7";"2";"0";"7";"0";"1";
"202000030083";"154 689 386";"A01";"2";"7";"0";"1";"1";"1";"1";
"202000030084";"154 689 383";"A01";"2";"7";"0";"2";"3";"1";"1";
"202000030084";"154 689 384";"B01";"2";"2";"0";"2";"8";"15";"1";
"202000030085";"154 689 382";"A01";"1";"7";"0";"1";"3";"1";"1";
"202000030086";"154 689 380";"B01";"2";"7";"0";"2";"2";"1";"1";
"202000030086";"154 689 381";"A01";"1";"7";"0";"2";"3";"19";"1";
"202000030087";"154 689 378";"A01";"2";"7";"0";"2";"1";"2";"1";
"202000030087";"154 689 379";"B01";"2";"7";"0";"0";"4";"23";"1";
"202000030088";"154 689 372";"F01";"1";"10";"0";"0";"0";"0";"1";
"202000030088";"154 689 373";"E01";"1";"10";"0";"0";"4";"0";"1";
"202000030088";"154 689 374";"D01";"1";"7";"0";"0";"4";"0";"1";
"202000030088";"154 689 375";"C01";"1";"7";"0";"0";"7";"11";"1";
"202000030088";"154 689 376";"B01";"1";"10";"0";"0";"4";"13";"1";
"202000030088";"154 689 377";"A01";"1";"7";"0";"0";"1";"2";"1";
"202000030089";"154 689 370";"B01";"2";"7";"0";"0";"1";"1";"1";
"202000030089";"154 689 371";"A01";"2";"7";"0";"0";"4";"9";"1";
"202000030090";"154 689 369";"A01";"1";"7";"0";"1";"1";"1";"1";
"202000030091";"154 689 367";"B01";"3";"33";"0";"2";"8";"1";"1";
"202000030091";"154 689 368";"A01";"3";"10";"0";"2";"1";"19";"1";
"202000030092";"154 689 365";"B01";"1";"1";"0";"2";"3";"26";"6";
"202000030092";"154 689 366";"A01";"1";"10";"0";"2";"3";"1";"1";
"202000030093";"154 689 363";"B01";"3";"2";"1";"2";"1";"18";"1";
"202000030093";"154 689 364";"A01";"3";"7";"0";"2";"3";"23";"1";
"202000030094";"154 689 361";"B01";"1";"7";"0";"0";"4";"1";"1";
"202000030094";"154 689 362";"A01";"1";"7";"0";"2";"1";"2";"1";
"202000030095";"154 689 359";"A01";"3";"7";"7";"2";"7";"19";"1";
"202000030095";"154 689 360";"B01";"1";"7";"0";"2";"1";"1";"1";
"202000030096";"154 689 358";"A01";"1";"7";"13";"0";"1";"1";"1";
"202000030097";"154 689 356";"A01";"1";"7";"0";"2";"1";"13";"1";
"202000030097";"154 689 357";"B01";"1";"14";"0";"0";"8";"15";"1";
"202000030098";"154 689 355";"A01";"3";"7";"8";"0";"1";"2";"1";
"202000030099";"154 689 353";"B01";"2";"7";"0";"0";"7";"21";"0";
"202000030099";"154 689 354";"A01";"1";"7";"0";"2";"1";"1";"0";
"202000030100";"154 689 350";"A01";"2";"7";"4";"2";"4";"2";"1";
"202000030100";"154 689 351";"B01";"2";"7";"4";"2";"4";"2";"1";
"202000030100";"154 689 352";"C01";"2";"7";"4";"2";"1";"2";"1";
"202000030101";"154 689 348";"A01";"2";"14";"0";"2";"0";"12";"1";
"202000030101";"154 689 349";"B01";"2";"10";"0";"2";"8";"1";"0";
"202000030102";"154 689 342";"B01";"2";"7";"0";"2";"6";"1";"1";
"202000030102";"154 689 343";"A01";"2";"7";"0";"2";"1";"11";"1";
"202000030102";"154 689 344";"F01";"2";"7";"0";"2";"5";"1";"1";
"202000030102";"154 689 345";"D01";"2";"7";"0";"2";"6";"1";"1";
"202000030102";"154 689 346";"E01";"2";"7";"0";"2";"6";"1";"1";
"202000030102";"154 689 347";"C01";"2";"7";"4";"2";"4";"1";"1";
"202000030103";"154 689 340";"B01";"1";"33";"0";"2";"1";"21";"1";
"202000030103";"154 689 341";"A01";"1";"7";"0";"2";"8";"15";"1";
"202000030104";"154 689 338";"B01";"2";"7";"0";"9";"1";"2";"1";
"202000030104";"154 689 339";"A01";"2";"7";"0";"0";"9";"2";"1";
"202000030105";"154 689 336";"A01";"1";"7";"0";"2";"1";"11";"1";
"202000030105";"154 689 337";"B01";"1";"15";"0";"2";"0";"1";"1";
"202000030106";"154 689 334";"A01";"1";"15";"0";"2";"1";"2";"1";
"202000030106";"154 689 335";"B01";"1";"7";"0";"2";"4";"2";"1";
"202000030107";"154 689 333";"A01";"2";"7";"0";"0";"2";"14";"1";
"202000030108";"154 689 331";"B01";"2";"7";"0";"2";"5";"12";"1";
"202000030108";"154 689 332";"A01";"2";"33";"0";"2";"1";"3";"1";
"202000030109";"154 689 329";"A01";"2";"33";"0";"2";"1";"3";"1";
"202000030109";"154 689 330";"B01";"2";"7";"0";"2";"6";"1";"1";
"202000030110";"154 689 327";"A01";"2";"7";"0";"2";"2";"2";"1";
"202000030110";"154 689 328";"B01";"2";"7";"0";"2";"6";"2";"1";
"202000030111";"154 689 325";"B01";"2";"7";"0";"2";"5";"1";"1";
"202000030111";"154 689 326";"A01";"2";"33";"0";"2";"3";"1";"1";
"202000030112";"154 689 323";"A01";"1";"7";"1";"0";"1";"12";"1";
"202000030112";"154 689 324";"B01";"1";"7";"0";"2";"4";"23";"1";
"202000030113";"154 689 321";"A01";"1";"7";"0";"2";"1";"1";"1";
"202000030113";"154 689 322";"B01";"1";"7";"0";"2";"4";"9";"1";
"202000030114";"154 689 318";"A01";"2";"7";"0";"2";"1";"2";"1";
"202000030114";"154 689 319";"B01";"2";"7";"0";"2";"4";"2";"1";
"202000030114";"154 689 320";"C01";"2";"7";"0";"2";"4";"2";"1";
"202000030115";"154 689 317";"A01";"2";"7";"4";"0";"1";"1";"1";
"202000030116";"154 689 315";"A01";"2";"7";"0";"2";"4";"23";"1";
"202000030116";"154 689 316";"B01";"2";"7";"1";"0";"1";"1";"1";
"202000030117";"154 689 314";"A01";"2";"7";"4";"0";"1";"13";"1";
"202000030118";"154 689 312";"A01";"2";"7";"0";"2";"7";"12";"1";
"202000030118";"154 689 313";"B01";"2";"33";"0";"2";"8";"1";"1";
"202000030119";"154 689 310";"A01";"3";"31";"0";"0";"7";"2";"1";
"202000030119";"154 689 311";"B01";"3";"7";"0";"2";"8";"2";"1";
"202000030120";"154 689 309";"A01";"1";"7";"4";"0";"1";"1";"1";
"202000030121";"154 689 308";"A01";"1";"33";"6";"0";"8";"1";"1";
"202000030122";"154 689 305";"A01";"1";"7";"0";"2";"2";"3";"1";
"202000030122";"154 689 306";"B01";"1";"2";"0";"2";"6";"23";"1";
"202000030123";"154 689 303";"B01";"2";"7";"0";"2";"1";"19";"1";
"202000030123";"154 689 304";"A01";"2";"31";"0";"2";"1";"1";"1";
"202000030124";"154 689 301";"A01";"1";"10";"0";"2";"3";"15";"1";
"202000030124";"154 689 302";"B01";"1";"10";"0";"2";"3";"1";"1";
"202000030125";"154 689 299";"A01";"1";"7";"0";"2";"5";"9";"1";
"202000030125";"154 689 300";"B01";"0";"7";"0";"2";"2";"2";"1";
"202000030126";"154 689 297";"A01";"1";"30";"0";"2";"1";"1";"0";
"202000030126";"154 689 298";"B01";"1";"30";"0";"2";"4";"1";"0";
"202000030127";"154 689 295";"A01";"1";"30";"0";"2";"1";"1";"1";
"202000030127";"154 689 296";"B01";"2";"7";"0";"2";"2";"15";"1";
"202000030128";"154 689 293";"B01";"2";"7";"0";"2";"1";"15";"1";
"202000030128";"154 689 294";"A01";"1";"30";"0";"2";"1";"1";"0";
"202000030129";"154 689 292";"A01";"2";"7";"0";"1";"3";"1";"1";
"202000030130";"154 689 290";"A01";"3";"7";"0";"2";"2";"15";"1";
"202000030130";"154 689 291";"B01";"3";"2";"0";"2";"1";"2";"1";
"202000030131";"154 689 289";"A01";"1";"7";"12";"0";"1";"1";"1";
"202000030132";"154 689 288";"A01";"2";"7";"1";"1";"2";"1";"1";
"202000030133";"154 689 286";"A01";"1";"32";"0";"2";"8";"2";"1";
"202000030133";"154 689 287";"B01";"0";"7";"0";"2";"7";"0";"0";
"202000030134";"154 689 284";"B01";"1";"99";"0";"0";"4";"26";"1";
"202000030134";"154 689 285";"A01";"3";"37";"0";"0";"1";"26";"1";"1"
"202000030135";"154 689 282";"A01";"3";"7";"0";"9";"2";"9";"2";
"202000030135";"154 689 283";"B01";"3";"1";"0";"2";"4";"1";"5";
"202000030136";"154 689 280";"C01";"3";"7";"0";"2";"1";"1";"1";
"202000030136";"154 689 281";"B01";"3";"7";"0";"2";"4";"1";"1";
"202000030137";"154 689 278";"B01";"2";"1";"0";"2";"1";"1";"5";
"202000030137";"154 689 279";"A01";"1";"7";"0";"2";"2";"15";"1";
"202000030138";"154 689 276";"A01";"1";"7";"0";"2";"1";"2";"1";
"202000030138";"154 689 277";"B01";"1";"1";"0";"2";"4";"2";"5";
"202000030139";"154 689 275";"A01";"1";"7";"0";"1";"1";"1";"1";
"202000030140";"154 689 273";"A01";"2";"30";"0";"2";"1";"1";"0";
"202000030140";"154 689 274";"B01";"2";"7";"0";"2";"4";"16";"0";
"202000030141";"154 689 270";"A01";"2";"14";"0";"1";"3";"16";"1";
"202000030142";"154 689 269";"A01";"1";"7";"0";"1";"1";"9";"1";
"202000030143";"154 689 267";"B01";"1";"33";"14";"0";"4";"2";"1";
"202000030143";"154 689 268";"A01";"1";"10";"0";"2";"1";"2";"1";
"202000030144";"154 689 265";"B01";"2";"7";"0";"2";"7";"19";"2";
"202000030144";"154 689 266";"A01";"1";"37";"0";"0";"3";"1";"1";"1"
"202000030145";"154 689 264";"A01";"1";"7";"0";"1";"0";"16";"0";
"202000030146";"154 689 262";"B01";"1";"32";"0";"2";"1";"1";"1";
"202000030146";"154 689 263";"A01";"2";"7";"0";"2";"8";"15";"1";
"202000030147";"154 689 261";"A01";"1";"7";"0";"1";"3";"1";"1";
"202000030148";"154 689 259";"A01";"0";"7";"0";"2";"8";"16";"1";
"202000030148";"154 689 260";"B01";"0";"31";"0";"0";"0";"0";"1";
"202000030149";"154 689 257";"A01";"0";"7";"0";"2";"6";"19";"0";
"202000030149";"154 689 258";"B01";"0";"2";"0";"2";"1";"1";"1";
"202000030150";"154 689 255";"A01";"2";"7";"0";"2";"3";"15";"1";
"202000030150";"154 689 256";"B01";"1";"32";"0";"2";"7";"21";"1";
"202000030151";"154 689 254";"A01";"1";"7";"0";"1";"1";"1";"1";
"202000030152";"154 689 252";"A01";"2";"7";"0";"2";"1";"2";"1";
"202000030152";"154 689 253";"B01";"2";"7";"0";"2";"4";"2";"1";
"202000030153";"154 689 251";"A01";"1";"7";"0";"1";"1";"15";"1";
"202000030154";"154 689 250";"A01";"2";"30";"1";"0";"2";"14";"1";
"202000030155";"154 689 249";"A01";"1";"7";"0";"9";"1";"1";"1";
"202000030156";"154 689 246";"A01";"1";"7";"0";"1";"2";"1";"6";
"202000030157";"154 689 244";"A01";"2";"7";"0";"2";"5";"10";"1";
"202000030157";"154 689 245";"B01";"2";"7";"0";"2";"2";"1";"1";
"202000030158";"154 689 243";"A01";"0";"10";"0";"1";"1";"1";"1";
"202000030159";"154 689 240";"C01";"1";"10";"0";"2";"4";"0";"1";
"202000030159";"154 689 241";"B01";"1";"7";"0";"2";"4";"0";"1";
"202000030159";"154 689 242";"A01";"1";"7";"0";"2";"1";"1";"1";
"202000030160";"154 689 238";"A01";"1";"7";"0";"2";"4";"1";"1";
"202000030160";"154 689 239";"B01";"1";"7";"0";"2";"1";"1";"1";
"202000030161";"154 689 237";"A01";"1";"30";"0";"0";"0";"15";"0";
"202000030162";"154 689 236";"A01";"0";"7";"0";"1";"2";"1";"1";
"202000030163";"154 689 233";"C01";"1";"50";"0";"2";"1";"2";"3";
"202000030163";"154 689 234";"B01";"1";"37";"0";"9";"2";"1";"1";"2"