"Num_Acc";"id_vehicule";"num_veh";"senc";"catv";"obs";"obsm";"choc";"manv";"motor";"occutc"
"202000030821";"154 688 149";"B01";"2";"7";"0";"2";"8";"15";"1";
"202000030822";"154 688 146";"B01";"1";"7";"0";"2";"4";"0";"1";
"202000030822";"154 688 147";"A01";"1";"7";"0";"2";"1";"26";"1";
"202000030823";"154 688 144";"A01";"1";"7";"0";"2";"2";"15";"1";
"202000030823";"154 688 145";"B01";"3";"7";"0";"2";"3";"15";"1";
"202000030824";"154 688 142";"A01";"1";"7";"0";"2";"1";"1";"1";
"202000030824";"154 688 143";"B01";"1";"7";"0";"2";"2";"1";"1";
"202000030825";"154 688 141";"A01";"1";"7";"0";"1";"1";"26";"1";
"202000030826";"154 688 140";"A01";"1";"7";"0";"1";"3";"1";"1";
"202000030827";"154 688 137";"A01";"3";"7";"0";"1";"1";"16";"1";
"202000030828";"154 688 136";"A01";"2";"1";"0";"1";"3";"1";"5";
"202000030829";"154 688 133";"C01";"2";"37";"0";"2";"0";"2";"1";"3"
"202000030829";"154 688 134";"B01";"0";"50";"1";"0";"1";"13";"3";
"202000030829";"154 688 135";"A01";"0";"10";"0";"2";"3";"23";"1";
"202000030830";"154 688 131";"B01";"2";"7";"0";"2";"4";"1";"1";
"202000030830";"154 688 132";"A01";"2";"7";"0";"2";"4";"26";"1";
"202000030831";"154 688 130";"B01";"0";"1";"0";"0";"1";"26";"5";
"202000030832";"154 688 129";"A01";"2";"7";"3";"0";"9";"1";"1";
"202000030833";"154 688 127";"A01";"2";"1";"0";"2";"1";"25";"5";
"202000030833";"154 688 128";"B01";"3";"7";"0";"2";"3";"1";"1";
"202000030834";"154 688 125";"A01";"2";"7";"0";"2";"1";"1";"1";
"202000030834";"154 688 126";"B01";"2";"1";"0";"2";"4";"1";"5";
"202000030835";"154 688 124";"A01";"2";"7";"0";"1";"0";"2";"1";
"202000030836";"154 688 123";"A01";"1";"7";"0";"0";"9";"26";"1";
"202000030837";"154 688 121";"B01";"2";"7";"0";"2";"5";"24";"1";
"202000030837";"154 688 122";"A01";"2";"7";"1";"0";"7";"14";"1";
"202000030838";"154 688 119";"B01";"2";"10";"0";"0";"2";"24";"0";
"202000030838";"154 688 120";"A01";"2";"7";"0";"0";"1";"1";"1";
"202000030839";"154 688 117";"B01";"1";"33";"0";"2";"1";"1";"1";
"202000030839";"154 688 118";"A01";"1";"7";"0";"2";"1";"15";"1";
"202000030840";"154 688 115";"B01";"2";"31";"0";"2";"5";"1";"1";
"202000030840";"154 688 116";"A01";"1";"7";"0";"2";"2";"9";"1";
"202000030841";"154 688 111";"C01";"3";"7";"0";"2";"4";"1";"1";
"202000030841";"154 688 112";"A01";"3";"7";"0";"2";"1";"1";"1";
"202000030841";"154 688 113";"B01";"3";"7";"0";"2";"4";"1";"1";
"202000030841";"154 688 114";"D01";"3";"7";"0";"2";"4";"1";"1";
"202000030842";"154 688 108";"A01";"2";"13";"0";"2";"3";"2";"1";
"202000030842";"154 688 109";"B01";"2";"7";"0";"2";"5";"15";"1";
"202000030842";"154 688 110";"C01";"1";"7";"0";"2";"2";"26";"1";
"202000030843";"154 688 107";"A01";"0";" -1";"0";"1";"0";"1";" -1";
"202000030844";"154 688 105";"A01";"1";"33";"0";"2";"1";"1";"1";
"202000030844";"154 688 106";"B01";"1";"99";"0";"2";"4";"16";"1";
"202000030845";"154 688 103";"A01";"1";"1";"0";"2";"8";"16";"5";
"202000030845";"154 688 104";"B01";"2";"7";"0";"2";"2";"5";"1";
"202000030846";"154 688 101";"A01";"1";"7";"0";"2";"1";"13";"1";
"202000030846";"154 688 102";"B01";"2";"7";"0";"2";"1";"1";"1";
"202000030847";"154 688 099";"B01";"3";"7";"0";"2";"2";"1";"1";
"202000030847";"154 688 100";"A01";"3";"7";"0";"2";"3";"15";"1";
"202000030848";"154 688 098";"A01";"1";"33";"7";"0";"1";"17";"1";
"202000030849";"154 688 097";"B01";"1";"33";"14";"0";"1";"0";"1";
"202000030850";"154 688 095";"A01";"1";"7";"0";"2";"1";"26";"1";
"202000030850";"154 688 096";"B01";"1";"7";"0";"2";"4";"26";"1";
"202000030851";"154 688 093";"A01";"1";"37";"0";"2";"7";"14";"1";"1"
"202000030851";"154 688 094";"B01";"1";"32";"0";"2";"0";"0";"1";
"202000030852";"154 688 091";"B01";"0";"32";"0";"2";"0";"0";"1";
"202000030852";"154 688 092";"A01";"0";"7";"0";"2";"0";"15";"1";
"202000030853";"154 688 089";"A01";"1";"30";"0";"2";"2";"17";"1";
"202000030853";"154 688 090";"B01";"1";"7";"0";"2";"3";"20";"1";
"202000030854";"154 688 087";"B01";"3";"7";"0";"2";"4";"2";"1";
"202000030854";"154 688 088";"A01";"3";"14";"0";"2";"1";"2";"1";
"202000030855";"154 688 086";"A01";"1";"33";"0";"0";"7";"1";"1";
"202000030856";"154 688 084";"B01";"2";"7";"0";"2";"1";"1";"0";
"202000030856";"154 688 085";"A01";"1";"7";"0";"2";"1";"5";"0";
"202000030857";"154 688 083";"A01";"3";"7";"0";"1";"2";"2";"1";
"202000030858";"154 688 082";"A01";"2";"10";"0";"1";"1";"1";"1";
"202000030859";"154 688 081";"A01";"3";"31";"0";"0";"0";"0";"1";
"202000030860";"154 688 080";"A01";"1";"7";"0";"1";"2";"26";"1";
"202000030861";"154 688 078";"B01";"2";"33";"0";"2";"3";"1";"1";
"202000030861";"154 688 079";"A01";"1";"7";"0";"2";"3";"15";"1";
"202000030862";"154 688 076";"A01";"2";"33";"0";"2";"1";"2";"1";
"202000030862";"154 688 077";"Z01";"2";"14";"0";"2";"4";"2";"0";
"202000030863";"154 688 074";"B01";"3";"33";"0";"2";"1";"1";"1";
"202000030863";"154 688 075";"A01";"3";"7";"0";"2";"6";"15";"1";
"202000030864";"154 688 073";"A01";"2";"1";"0";"1";"1";"1";"5";
"202000030865";"154 688 071";"B01";"2";"7";"0";"2";"6";"17";"1";
"202000030865";"154 688 072";"A01";"2";"13";"0";"2";"0";"1";"1";
"202000030866";"154 688 070";"A01";"2";"1";"14";"0";"1";"7";"5";
"202000030867";"154 688 068";"B01";"2";"33";"0";"2";"8";"9";"1";
"202000030867";"154 688 069";"A01";"2";"7";"0";"2";"2";"1";"1";
"202000030868";"154 688 065";"C01";"1";"7";"0";"2";"3";"23";"1";
"202000030868";"154 688 066";"A01";"2";"3";"0";"2";"3";"20";"3";
"202000030868";"154 688 067";"B01";"2";"7";"0";"2";"1";"17";"1";
"202000030869";"154 688 064";"A01";"2";"37";"0";"1";"5";"7";"1";"1"
"202000030870";"154 688 062";"B01";"1";"43";"0";"2";"1";"1";"1";
"202000030870";"154 688 063";"A01";"1";"7";"0";"2";"5";"15";"1";
"202000030871";"154 688 060";"A01";"2";"7";"0";"2";"2";"15";"1";
"202000030871";"154 688 061";"B01";"2";"1";"0";"2";"1";"1";"5";
"202000030872";"154 688 058";"A01";"2";"10";"0";"2";"3";"22";"1";
"202000030872";"154 688 059";"B01";"2";"1";"0";"2";"2";"1";"5";
"202000030873";"154 688 056";"A01";"1";"7";"0";"2";"2";"1";"2";
"202000030873";"154 688 057";"B01";"3";"50";"0";"2";"7";"19";"3";
"202000030874";"154 688 055";"A01";"2";"10";"0";"1";"2";"15";"1";
"202000030875";"154 688 053";"A01";"2";"32";"0";"2";"1";"8";"1";
"202000030875";"154 688 054";"B01";"1";"7";"0";"2";"3";"15";"1";
"202000030876";"154 688 052";"A01";"1";"1";"0";"1";"7";"1";"5";
"202000030877";"154 688 051";"A01";"2";"1";"0";"0";"0";"1";"5";
"202000030878";"154 688 050";"A01";"2";"7";"0";"1";"3";"15";"1";
"202000030879";"154 688 048";"A01";"1";"14";"0";"2";"5";"16";"1";
"202000030879";"154 688 049";"B01";"1";"1";"0";"2";"3";"2";"5";
"202000030880";"154 688 046";"Z01";"2";"50";"0";"2";"1";"25";"3";
"202000030880";"154 688 047";"A01";"2";"1";"0";"2";"7";"19";"0";
"202000030881";"154 688 045";"A01";"0";"7";"0";"1";"3";"15";"1";
"202000030882";"154 688 043";"A01";"1";"7";"0";"2";"2";"6";"1";
"202000030882";"154 688 044";"B01";"1";"33";"0";"2";"1";"3";"1";
"202000030883";"154 688 042";"A01";"3";"7";"0";"1";"1";"14";"1";
"202000030884";"154 688 040";"A01";"1";"7";"0";"2";"2";"9";"1";
"202000030884";"154 688 041";"B01";"1";"32";"0";"2";"8";"9";"1";
"202000030885";"154 688 039";"A01";"3";"7";"0";"1";"1";"1";"1";
"202000030886";"154 688 037";"Y01";"1";"1";"1";"0";"1";"1";"0";
"202000030886";"154 688 038";"A01";"1";"10";"0";"2";"8";"22";"1";
"202000030887";"154 688 035";"A01";"1";"10";"0";"2";"4";"0";"1";
"202000030887";"154 688 036";"B01";"1";"2";"0";"2";"1";"2";"1";
"202000030888";"154 688 033";"A01";"1";"7";"0";"2";"3";"0";"1";
"202000030888";"154 688 034";"B01";"1";"60";"0";"2";"2";"19";"5";
"202000030889";"154 688 032";"A01";"2";"7";"0";"1";"1";"0";"1";
"202000030890";"154 688 030";"B01";"2";"7";"0";"2";"6";"23";"1";
"202000030890";"154 688 031";"A01";"2";"7";"0";"2";"7";"12";"1";
"202000030891";"154 688 028";"A01";" -1";"10";"0";"2";"1";"2";"1";
"202000030891";"154 688 029";"B01";" -1";"7";"0";"2";"4";"1";"1";
"202000030892";"154 688 027";"A01";"1";"30";"14";"0";"1";"1";"1";
"202000030893";"154 688 025";"AA01";"3";"34";"0";"2";"2";"26";"1";
"202000030893";"154 688 026";"PB01";"3";"7";"0";"2";"2";"15";"1";
"202000030894";"154 688 024";"A01";"1";"7";"0";"1";"1";"1";"0";
"202000030895";"154 688 022";"A01";"1";"7";"0";"2";"2";"16";"1";
"202000030895";"154 688 023";"B01";"1";"32";"0";"2";"8";"1";"1";
"202000030896";"154 688 020";"A01";"2";"7";"0";"2";"5";"11";"1";
"202000030896";"154 688 021";"B01";"2";"33";"0";"2";"1";"1";"1";
"202000030897";"154 688 019";"A01";"1";"32";"0";"1";"1";"10";"1";
"202000030898";"154 688 017";"B01";"1";"33";"0";"2";"3";"1";"3";
"202000030898";"154 688 018";"A01";"2";"2";"0";"2";"2";"10";"1";
"202000030899";"154 688 016";"A01";"1";"7";"1";"0";"2";"26";"1";
"202000030900";"154 688 012";"A01";"3";"34";"0";"2";"1";"1";"1";
"202000030900";"154 688 013";"B01";"3";"1";"0";"2";"8";"15";"5";
"202000030901";"154 688 010";"B01";"1";"33";"0";"2";"7";"1";"1";
"202000030901";"154 688 011";"A01";"2";"7";"0";"2";"1";"9";"1";
"202000030902";"154 688 008";"B01";"1";"7";"0";"2";"5";"24";"1";
"202000030902";"154 688 009";"A01";"3";"7";"0";"2";"2";"21";"1";
"202000030903";"154 688 006";"A01";"2";"30";"0";"2";"3";"9";"1";
"202000030903";"154 688 007";"B01";"1";"7";"0";"2";"2";"9";"1";
"202000030904";"154 688 005";"A01";"1";"7";"0";"1";"1";"15";"1";
"202000030905";"154 688 003";"A01";"1";"7";"0";"2";"3";"19";"1";
"202000030905";"154 688 004";"B01";"2";"33";"0";"2";"1";"1";"1";
"202000030906";"154 688 002";"A01";"0";"10";"6";"0";"1";"1";"6";
"202000030907";"154 688 000";"A01";"1";"7";"0";"2";"3";"5";"1";
"202000030907";"154 688 001";"B01";"2";"10";"0";"2";"1";"1";"1";
"202000030908";"154 687 999";"A01";"1";"33";"16";"0";"0";"0";"1";
"202000030909";"154 687 998";"A01";"3";"2";"8";"0";"1";"14";"1";
"202000030910";"154 687 997";"A01";"2";"7";"13";"0";"1";"16";"1";
"202000030911";"154 687 994";"A01";"2";"10";"4";"0";"8";"2";"1";
"202000030912";"154 687 993";"A01";"0";"36";"14";"0";"8";"21";"1";
"202000030913";"154 687 991";"B01";"1";"7";"0";"0";"1";"1";"1";
"202000030913";"154 687 992";"A01";"2";"7";"0";"2";"1";"13";"1";
"202000030914";"154 687 990";"A01";"2";"7";"2";"0";"0";"0";"1";
"202000030915";"154 687 988";"A01";"3";"2";"0";"2";"1";"1";"1";
"202000030915";"154 687 989";"B01";"3";"60";"0";"2";"8";"10";"5";
"202000030916";"154 687 987";"A01";"1";"2";"11";"0";"1";"13";"1";
"202000030917";"154 687 985";"A01";"1";"7";"0";"2";"1";"13";"1";
"202000030917";"154 687 986";"B01";"2";"7";"0";"2";"1";"1";"1";
"202000030918";"154 687 984";"A01";"2";"2";"0";"0";"0";"1";"1";
"202000030919";"154 687 983";"A01";"1";"33";"0";"0";"7";"0";"1";
"202000030920";"154 687 982";"A01";"2";"33";"0";"0";"3";"1";"1";
"202000030921";"154 687 981";"A01";"1";"7";"0";"1";"1";"1";"1";
"202000030922";"154 687 979";"B01";"2";"15";"0";"2";"8";"1";"0";
"202000030922";"154 687 980";"A01";"1";"7";"0";"2";"8";"13";"0";
"202000030923";"154 687 977";"A01";"2";"7";"0";"2";"6";"11";"1";
"202000030923";"154 687 978";"B01";"2";"33";"0";"2";"7";"17";"1";
"202000030924";"154 687 975";"A01";"1";"33";"0";"2";"1";"1";"1";
"202000030924";"154 687 976";"B01";"1";"33";"0";"0";"4";"1";"1";
"202000030925";"154 687 974";"A01";"1";"33";"0";"0";"9";"19";"1";
"202000030926";"154 687 973";"A01";"1";"32";"0";"0";"0";"2";"1";
"202000030927";"154 687 971";"B01";"2";"33";"0";"2";"1";"1";"1";
"202000030927";"154 687 972";"A01";"2";"7";"0";"2";"2";"19";"1";
"202000030928";"154 687 969";"A01";"2";"7";"0";"2";"3";"16";"1";
"202000030928";"154 687 970";"B01";"1";"1";"0";"0";"7";"1";"5";
"202000030929";"154 687 967";"B01";"2";"33";"0";"2";"7";"1";"1";
"202000030929";"154 687 968";"A01";"2";"7";"0";"2";"1";"15";"1";
"202000030930";"154 687 966";"A01";"2";"7";"0";"5";"1";"21";"1";
"202000030931";"154 687 965";"A01";"0";"99";"0";"1";"1";"1";"3";
"202000030932";"154 687 962";"A01";"2";"1";"0";"2";"7";"1";"5";
"202000030932";"154 687 963";"B01";"3";"7";"0";"2";"3";"23";"1";
"202000030933";"154 687 960";"A01";"1";"7";"0";"2";"1";"19";"1";
"202000030933";"154 687 961";"B01";"2";"33";"0";"2";"1";"1";"1";
"202000030934";"154 687 958";"B01";"2";"7";"0";"2";"8";"15";"1";
"202000030934";"154 687 959";"A01";"2";"33";"0";"2";"2";"17";"1";
"202000030935";"154 687 957";"A01";"2";"14";"6";"0";"5";"1";"1";
"202000030936";"154 687 955";"B01";"1";"2";"0";"0";"4";"15";"1";
"202000030936";"154 687 956";"A01";"1";"7";"0";"2";"1";"2";"1";
"202000030937";"154 687 953";"B01";"1";"7";"0";"2";"3";"1";"1";
"202000030937";"154 687 954";"A01";"2";"7";"0";"2";"1";"1";"1";
"202000030938";"154 687 952";"A01";"2";"33";"0";"0";"8";"1";"1";
"202000030939";"154 687 951";"A01";"3";"7";"0";"1";"2";"1";"1";
"202000030940";"154 687 949";"A01";"2";"7";"0";"9";"2";"17";"1";
"202000030940";"154 687 950";"B01";"2";"1";"0";"2";"4";"1";"5";
"202000030941";"154 687 948";"A01";"2";"7";"6";"0";"3";"13";"1";
"202000030942";"154 687 947";"A01";"3";"7";"0";"1";"4";"20";"1";
"202000030943";"154 687 945";"A01";"2";"33";"0";"2";"1";"19";"6";
"202000030943";"154 687 946";"B01";"0";"7";"0";"2";"3";"1";"1";
"202000030944";"154 687 944";"A01";"2";"2";"0";"0";"9";"1";"1";
"202000030945";"154 687 942";"A01";"3";"7";"0";"2";"3";"15";"1";
"202000030945";"154 687 943";"B01";"1";"17";"0";"2";"1";"1";"1";
"202000030946";"154 687 939";"A01";"1";"7";"0";"2";"1";"13";"1";
"202000030946";"154 687 940";"B01";"2";"7";"0";"0";"1";"1";"1";
"202000030946";"154 687 941";"C01";"2";"7";"0";"0";"8";"1";"1";
"202000030947";"154 687 938";"A01";"1";"7";"4";"0";"1";"2";"1";
"202000030948";"154 687 936";"B01";"1";"7";"0";"0";"6";"2";"1";
"202000030948";"154 687 937";"A01";"1";"7";"0";"2";"3";"2";"1";
"202000030949";"154 687 935";"A01";"1";"7";"4";"0";"3";"1";"1";
"202000030950";"154 687 933";"A01";"2";"7";"0";"2";"3";"13";"1";
"202000030950";"154 687 934";"B01";"2";"7";"0";"2";"5";"1";"1";
"202000030951";"154 687 932";"A01";"1";"7";"13";"0";"0";"1";"1";
"202000030952";"154 687 931";"A01";"2";"33";"0";"0";"1";"13";"1";
"202000030953";"154 687 929";"A01";"1";"7";"0";"2";"2";"15";"1";
"202000030953";"154 687 930";"B01";"2";"34";"0";"2";"1";"1";"1";
"202000030954";"154 687 928";"A01";"1";"7";"7";"0";"1";"1";"1";
"202000030955";"154 687 927";"A01";"3";"7";"13";"0";"1";"15";"1";
"202000030956";"154 687 925";"B01";"2";"7";"0";"2";"8";"15";"1";
"202000030956";"154 687 926";"A01";"2";"33";"0";"2";"7";"17";"1";
"202000030957";"154 687 922";"B01";"2";"7";"0";"0";"7";"1";"1";
"202000030957";"154 687 923";"C01";"1";"7";"0";"2";"1";"1";"1";
"202000030957";"154 687 924";"A01";"3";"7";"0";"2";"1";"1";"1";
"202000030958";"154 687 921";"A01";"1";"33";"1";"0";"1";"1";"1";
"202000030959";"154 687 920";"A01";"2";"7";"0";"0";"0";"1";"0";
"202000030960";"154 687 919";"A01";"1";"33";"8";"0";"8";"17";"1";
"202000030961";"154 687 918";"A01";"1";"7";"0";"1";"1";"1";"1";
"202000030962";"154 687 917";"A01";"1";"7";"2";"0";"9";"1";"1";
"202000030963";"154 687 912";"B01";"1";"33";"0";"2";"1";"1";"1";
"202000030963";"154 687 913";"A01";"1";"33";"0";"2";"1";"1";"1";
"202000030963";"154 687 914";"E01";"2";"7";"0";"2";"3";"1";"1";
"202000030963";"154 687 915";"D01";"2";"7";"0";"2";"3";"1";"1";
"202000030963";"154 687 916";"C01";"1";"33";"0";"2";"1";"1";"1";
"202000030964";"154 687 911";"A01";"3";"2";"0";"0";"8";"1";"1";
"202000030965";"154 687 909";"B01";"3";"7";"0";"2";"0";"1";"1";
"202000030965";"154 687 910";"A01";"3";"2";"6";"2";"6";"1";"1";
"202000030966";"154 687 907";"A01";"1";"7";"0";"2";"2";"17";"1";
"202000030966";"154 687 908";"B01";"1";"1";"0";"2";"8";"1";"0";
"202000030967";"154 687 905";"A01";"1";"7";"0";"2";"1";"15";"1";
"202000030967";"154 687 906";"B01";"1";"1";"0";"2";"7";"1";"5";
"202000030968";"154 687 901";"A01";"1";"21";"0";"0";"8";"19";"1";
"202000030968";"154 687 902";"C01";"2";"33";"0";"2";"1";"1";"1";
"202000030969";"154 687 900";"A01";"1";"31";"0";"0";"7";"3";"1";
"202000030970";"154 687 897";"C01";"1";"7";"0";"2";"1";"2";"1";
"202000030970";"154 687 898";"B01";"1";"32";"0";"2";"4";"2";"1";
"202000030970";"154 687 899";"A01";"1";"7";"0";"2";"5";"2";"1";
"202000030971";"154 687 895";"A01";"2";"10";"0";"2";"4";"23";"1";
"202000030971";"154 687 896";"B01";"2";"33";"0";"2";"1";"9";"1";
"202000030972";"154 687 893";"A01";"2";"7";"0";"2";"8";"18";"1";
"202000030972";"154 687 894";"B01";"2";"14";"0";"2";"7";"1";"1";
"202000030973";"154 687 891";"B01";"1";"33";"0";"2";"4";"2";"1";
"202000030973";"154 687 892";"A01";"1";"10";"0";"2";"2";"2";"1";
"202000030974";"154 687 889";"A01";"2";"14";"0";"2";"2";"12";"1";
"202000030974";"154 687 890";"B01";"2";"7";"0";"2";"3";"0";"1";
"202000030975";"154 687 887";"A01";"1";"7";"0";"2";"1";"2";"1";
"202000030975";"154 687 888";"B01";"1";"7";"0";"2";"4";"2";"1";
"202000030976";"154 687 885";"B01";"2";"7";"0";"2";"4";"2";"1";
"202000030976";"154 687 886";"A01";"2";"7";"0";"2";"1";"2";"1";
"202000030977";"154 687 883";"B01";"2";"10";"0";"2";"3";"1";"1";
"202000030977";"154 687 884";"A01";"2";"33";"0";"2";"1";"3";"1";
"202000030978";"154 687 882";"A01";"1";"32";"0";"0";"8";"1";"1";
"202000030979";"154 687 878";"A01";"2";"7";"0";"2";"1";"2";"1";
"202000030979";"154 687 879";"B01";"2";"7";"0";"2";"4";"23";"1";
"202000030979";"154 687 880";"C01";"2";"7";"0";"2";"4";"23";"1";
"202000030979";"154 687 881";"D01";"2";"7";"0";"2";"4";"23";"1";
"202000030980";"154 687 875";"B01";"1";"33";"0";"2";"1";"1";"1";
"202000030980";"154 687 876";"A01";"2";"7";"0";"2";"8";"9";"1";
"202000030981";"154 687 873";"B01";"1";"7";"0";"2";"6";"1";"1";
"202000030981";"154 687 874";"A01";"2";"7";"0";"2";"2";"17";"1";
"202000030982";"154 687 871";"A01";"2";"7";"0";"2";"8";"15";"1";
"202000030982";"154 687 872";"B01";"2";"33";"0";"2";"1";"17";"1";
"202000030983";"154 687 870";"A01";"3";"37";"0";"1";"3";"15";"1";"1"
"202000030984";"154 687 869";"Z01";"0";"30";"0";"1";"1";"0";" -1";
"202000030985";"154 687 868";"A01";"3";"1";"15";"0";"0";"25";"5";
"202000030986";"154 687 867";"A01";"2";"7";"3";"0";"2";"1";"1";
"202000030987";"154 687 866";"A01";"2";"30";"1";"0";"0";"1";"1";
"202000030988";"154 687 865";"A01";"1";"7";"1";"1";"1";"1";"0";
"202000030989";"154 687 864";"A01";"0";"7";"8";"0";"1";"19";"0";
"202000030990";"154 687 862";"A01";"2";"7";"0";"2";"1";"1";"1";
"202000030990";"154 687 863";"B01";"3";"2";"0";"2";"8";"1";"1";
"202000030991";"154 687 861";"A01";"2";"7";"12";"0";"2";"1";"1";
"202000030992";"154 687 860";"A01";"1";"7";"0";"1";"3";"16";"1";
"202000030993";"154 687 859";"A01";"2";"7";"2";"0";"1";"1";"1";
"202000030994";"154 687 858";"B01";"1";"10";"0";"1";"1";"2";"1";
"202000030995";"154 687 856";"B01";"1";"7";"0";"2";"5";"9";"1";
"202000030995";"154 687 857";"A01";"2";"33";"0";"2";"1";"1";"1";
"202000030996";"154 687 855";"A01";"1";"37";"0";"1";"5";"23";"1";"1"
"202000030997";"154 687 854";"A01";"1";"30";"0";"1";"1";"1";"1";
"202000030998";"154 687 852";"B01";"2";"7";"0";"2";"1";"15";"1";
"202000030998";"154 687 853";"A01";"2";"30";"0";"2";"2";"1";"1";
"202000030999";"154 687 851";"A01";"1";"50";"0";"0";"1";"1";"3";
"202000031000";"154 687 848";"A01";"1";"7";"0";"2";"3";"1";"1";
"202000031000";"154 687 849";"C01";"1";"7";"0";"2";"2";"1";"1";
"202000031000";"154 687 850";"B01";"1";"7";"0";"2";"1";"1";"2";
"202000031001";"154 687 846";"A01";"1";"7";"0";"2";"2";"2";"2";
"202000031001";"154 687 847";"B01";"1";"7";"0";"2";"5";"23";"6";
"202000031002";"154 687 844";"B01";"2";"30";"0";"2";"6";"1";"1";
"202000031002";"154 687 845";"A01";"2";"7";"0";"2";"1";"1";"1";
"202000031003";"154 687 843";"A01";"1";"7";"0";"1";"3";"1";"0";
"202000031004";"154 687 840";"B01";"2";"2";"0";"2";"4";"23";"1";
"202000031004";"154 687 841";"A01";"2";"7";"0";"2";"1";"1";"1";
"202000031004";"154 687 842";"C01";"2";"7";"0";"2";"4";"23";"1";
"202000031005";"154 687 837";"A01";"1";"7";"0";"2";"1";"2";"1";
"202000031005";"154 687 838";"B01";"1";"32";"0";"0";"4";"2";"1";
"202000031005";"154 687 839";"C01";"1";"37";"0";"0";"6";"0";"1";"1"
"202000031006";"154 687 835";"A01";"1";"7";"0";"0";"1";"15";"1";
"202000031006";"154 687 836";"B01";"2";"7";"0";"1";"9";"1";"1";
"202000031007";"154 687 834";"A01";"2";"3";"2";"0";"1";"14";"0";
"202000031008";"154 687 832";"B01";" -1";"30";"0";"2";"6";"0";"1";
"202000031008";"154 687 833";"A01";" -1";"7";"0";"2";"2";"14";"1";
"202000031009";"154 687 831";"A01";"3";"34";"0";"1";"1";"1";"1";
"202000031010";"154 687 829";"A01";"1";"7";"1";"0";"5";"2";"0";
"202000031010";"154 687 830";"B01";"1";"30";"0";"2";"1";"2";"0";
"202000031011";"154 687 827";"B01";"2";"34";"0";"2";"6";"1";"1";
"202000031011";"154 687 828";"A01";"1";"7";"0";"2";"3";"15";"1";
"202000031012";"154 687 825";"B01";"2";"7";"0";"2";"1";"1";"0";
"202000031012";"154 687 826";"A01";"1";"7";"0";"2";"1";"13";"0";
"202000031013";"154 687 824";"A01";"2";"7";"0";"0";"0";"0";"1";
"202000031014";"154 687 823";"A01";"0";"7";"0";"9";"1";"1";"1";
"202000031015";"154 687 821";"A01";"2";"7";"0";"0";"6";"1";"1";
"202000031015";"154 687 822";"B01";"2";"10";"0";"2";"1";"1";"1";
"202000031016";"154 687 820";"A01";"1";"7";"0";"0";"9";"1";"1";
"202000031017";"154 687 819";"A01";"2";"33";"0";"0";"0";"1";"1";
"202000031018";"154 687 818";"A01";"2";"7";"0";"1";"2";"1";"1";
"202000031019";"154 687 817";"A01";"0";"7";"1";"1";"1";"1";"1";
"202000031020";"154 687 815";"A01";"2";"33";"0";"2";"1";"1";"1";
"202000031020";"154 687 816";"B01";"1";"7";"0";"2";"1";"1";"1";
"202000031021";"154 687 813";"A01";"2";"7";"0";"2";"8";"5";"1";
"202000031021";"154 687 814";"B01";"1";"7";"1";"2";"3";"1";"1";
"202000031022";"154 687 812";"A01";"2";"7";"13";"0";"2";"1";"1";
"202000031023";"154 687 811";"A01";"1";"33";"11";"0";"1";"17";"1";
"202000031024";"154 687 810";"A01";"2";"10";"0";"0";"8";"1";"1";
"202000031025";"154 687 806";"A01";"2";"7";"0";"9";"6";"1";"1";
"202000031025";"154 687 807";"B01";"1";"2";"0";"2";"3";"13";"1";
"202000031026";"154 687 804";"A01";"1";"2";"0";"1";"4";"26";"1";
"202000031026";"154 687 805";"B01";"1";"7";"0";"2";"0";"1";"0";
"202000031027";"154 687 803";"B01";"1";"1";"1";"0";"1";"1";"5";
"202000031028";"154 687 801";"B01";"2";"0";"0";"2";"0";" -1";" -1";
"202000031028";"154 687 802";"A01";"2";"33";"0";"2";"0";"0";"1";
"202000031029";"154 687 800";"A01";"2";"7";"6";"0";"1";"13";"1";
"202000031030";"154 687 796";"A01";"1";"7";"0";"2";"1";"1";"0";
"202000031030";"154 687 797";"B01";"2";"7";"0";"2";"3";"19";"0";
"202000031031";"154 687 794";"Z01";"1";"7";"0";"2";"8";"11";"1";
"202000031031";"154 687 795";"A01";"1";"7";"3";"2";"7";"1";"1";
"202000031032";"154 687 792";"B01";"2";"15";"0";"2";"2";"12";"1";
"202000031032";"154 687 793";"A01";"2";"7";"0";"2";"8";"1";"1";
"202000031033";"154 687 791";"A01";"1";"10";"0";"2";"1";"1";"1";
"202000031034";"154 687 790";"A01";"2";"33";"0";"2";"1";"1";"1";
"202000031035";"154 687 789";"A01";"3";"32";"0";"0";"0";"26";"1";
"202000031036";"154 687 787";"A01";"1";"7";"0";"2";"3";"15";"0";
"202000031036";"154 687 788";"B01";"1";"2";"0";"2";"1";"3";"0";
"202000031037";"154 687 785";"A01";"3";"7";"0";"2";"2";"15";"1";
"202000031037";"154 687 786";"B01";"3";"7";"0";"2";"3";"16";"1";
"202000031038";"154 687 783";"B01";"1";"7";"0";"2";"4";"2";"1";
"202000031038";"154 687 784";"A01";"1";"7";"0";"2";"1";"2";"1";
"202000031039";"154 687 777";"A01";"3";"7";"0";"2";"5";"7";"0";
"202000031039";"154 687 778";"B01";"3";"7";"0";"2";"1";"15";"0";
"202000031040";"154 687 775";"A01";"1";"33";"0";"2";"1";"17";"1";