"Num_Acc";"id_vehicule";"num_veh";"senc";"catv";"obs";"obsm";"choc";"manv";"motor";"occutc"
"202000031040";"154 687 776";"B01";"1";"7";"0";"2";"8";"15";"0";
"202000031041";"154 687 773";"A01";"2";"7";"0";"2";"2";"15";"1";
"202000031041";"154 687 774";"B01";"1";"32";"0";"2";"1";"1";"1";
"202000031042";"154 687 772";"A01";"2";"30";"14";"0";"1";"26";"1";
"202000031043";"154 687 770";"A01";"2";"7";"0";"9";"1";"1";"0";
"202000031043";"154 687 771";"B01";"2";"1";"0";"2";"8";"25";"5";
"202000031044";"154 687 768";"A01";"2";"7";"0";"2";"1";"9";"1";
"202000031044";"154 687 769";"B01";"2";"1";"0";"2";"4";"9";"5";
"202000031045";"154 687 767";"A01";"1";"7";"0";"1";"3";"15";"1";
"202000031046";"154 687 765";"A01";"3";"7";"0";" -1";"3";"1";"1";
"202000031046";"154 687 766";"B01";"3";"40";"0";"2";"2";"1";"3";
"202000031047";"154 687 763";"A01";"2";"7";"0";"2";"2";"15";"1";
"202000031047";"154 687 764";"B01";"1";"2";"0";"2";"1";"1";"1";
"202000031048";"154 687 762";"A01";"2";"7";"3";"0";"1";"1";"1";
"202000031049";"154 687 760";"B01";"3";"7";"0";"2";"6";"1";"1";
"202000031049";"154 687 761";"A01";"3";"33";"0";"2";"1";"1";"1";
"202000031050";"154 687 758";"B01";"2";"2";"0";"2";"1";"1";"0";
"202000031050";"154 687 759";"A01";"1";"7";"0";"2";"2";"15";"1";
"202000031051";"154 687 756";"B01";"2";"7";"0";"2";"1";"1";"1";
"202000031051";"154 687 757";"A01";"1";"7";"0";"2";"1";"1";"1";
"202000031052";"154 687 754";"A01";"0";"7";"0";"2";"2";"1";"1";
"202000031052";"154 687 755";"B01";"0";"7";"0";"2";"1";"15";"1";
"202000031053";"154 687 753";"A01";"0";"34";"0";"0";"0";"26";"1";
"202000031054";"154 687 751";"A01";"1";"31";"0";"2";"2";"0";"1";
"202000031054";"154 687 752";"Z01";"3";"99";"0";"2";"0";"0";"0";
"202000031055";"154 687 749";"A01";"1";"7";"0";"2";"2";"1";"2";
"202000031055";"154 687 750";"B01";"2";"30";"0";"2";"1";"15";"1";
"202000031056";"154 687 748";"A01";"1";"7";"0";"1";"3";"1";"1";
"202000031057";"154 687 746";"B01";"0";"10";"0";"2";"2";"16";"1";
"202000031057";"154 687 747";"A01";"3";"1";"0";"2";"1";"7";"5";
"202000031058";"154 687 745";"A01";"2";"10";"0";"1";"2";"16";"1";
"202000031059";"154 687 744";"A01";"2";"7";"0";"1";"1";"1";"1";
"202000031060";"154 687 742";"B01";"3";"33";"0";"2";"3";"1";"1";
"202000031060";"154 687 743";"A01";"3";"7";"0";"2";"1";"15";"1";
"202000031061";"154 687 741";"A01";"1";"7";"4";"0";"1";"1";"1";
"202000031062";"154 687 739";"B01";"3";"1";"0";"2";"1";"1";"5";
"202000031062";"154 687 740";"A01";"3";"7";"0";"2";"3";"15";"1";
"202000031063";"154 687 737";"A01";"2";"1";"0";"2";"7";"19";"5";
"202000031063";"154 687 738";"B01";"2";"2";"0";"2";"1";"1";"0";
"202000031064";"154 687 735";"B01";"1";"33";"0";"2";"1";"19";"1";
"202000031064";"154 687 736";"A01";"1";"7";"0";"2";"8";"1";"1";
"202000031065";"154 687 734";"A01";"2";"2";"2";"0";"1";"1";"0";
"202000031066";"154 687 732";"A01";"1";"7";"0";"2";"1";"5";"1";
"202000031066";"154 687 733";"B01";"2";"7";"0";"2";"1";"1";"1";
"202000031067";"154 687 731";"A01";"2";"7";"0";"0";"9";"1";"0";
"202000031068";"154 687 729";"B01";"1";"7";"0";"2";"2";"26";"1";
"202000031068";"154 687 730";"A01";"1";"1";"0";"2";"1";"21";"5";
"202000031069";"154 687 728";"A01";"2";"2";"0";"0";"8";"1";"1";
"202000031070";"154 687 727";"A01";"2";"7";"0";"1";"1";"1";"1";
"202000031071";"154 687 726";"A01";"2";"7";"8";"0";"2";"0";"1";
"202000031072";"154 687 725";"A01";"1";"36";"6";"0";"1";"0";"1";
"202000031073";"154 687 724";"A01";"3";"33";"1";"0";"1";"1";"1";
"202000031074";"154 687 723";"A01";"0";"33";"6";"0";"1";"0";"1";
"202000031075";"154 687 721";"A01";"0";"7";"0";"2";"1";"9";"1";
"202000031075";"154 687 722";"B01";"0";"7";"8";"0";"2";"1";"1";
"202000031076";"154 687 719";"A01";"3";"7";"0";"2";"1";"1";"1";
"202000031076";"154 687 720";"B01";"3";"33";"0";"2";"8";"1";"1";
"202000031077";"154 687 718";"A01";"1";"7";"2";"0";"1";"1";"1";
"202000031078";"154 687 716";"B01";"2";"7";"0";"2";"7";"19";"1";
"202000031078";"154 687 717";"A01";"1";"31";"0";"2";"1";"1";"1";
"202000031079";"154 687 714";"A01";"1";"7";"0";"2";"3";"0";"0";
"202000031079";"154 687 715";"B01";"1";"7";"3";"0";"1";"13";"1";
"202000031080";"154 687 712";"B01";"2";"2";"0";"2";"3";"1";"1";
"202000031080";"154 687 713";"A01";"1";"7";"0";"2";"3";"1";"1";
"202000031081";"154 687 710";"B01";"2";"7";"0";"9";"1";"26";"0";
"202000031081";"154 687 711";"A01";"1";"2";"0";"2";"2";"15";"0";
"202000031082";"154 687 708";"A01";"0";"7";"0";"2";"1";"13";"1";
"202000031082";"154 687 709";"B01";"3";"7";"0";"2";"1";"0";"1";
"202000031083";"154 687 707";"A01";"1";"43";"7";"0";"1";"1";"1";
"202000031084";"154 687 706";"A01";"2";"7";"4";"0";"7";"1";"1";
"202000031085";"154 687 705";"A01";"0";"7";"2";"0";"1";"13";"1";
"202000031086";"154 687 704";"A01";"2";"7";"7";"0";"1";"1";"1";
"202000031087";"154 687 703";"A01";"0";"7";"2";"0";"2";"1";"1";
"202000031088";"154 687 701";"B01";"2";"7";"0";"2";"1";"1";"1";
"202000031088";"154 687 702";"A01";"2";"7";"0";"2";"4";"21";"1";
"202000031089";"154 687 700";"A01";"1";"7";"4";"0";"1";"1";"1";
"202000031090";"154 687 698";"B01";"2";"10";"0";"2";"6";"23";"1";
"202000031090";"154 687 699";"A01";"2";"10";"1";"0";"2";"1";"1";
"202000031091";"154 687 696";"B01";"1";"7";"0";"2";"2";"26";"1";
"202000031091";"154 687 697";"A01";"1";"33";"0";"2";"3";"3";"1";
"202000031092";"154 687 694";"Z01";"2";"7";"0";"2";"3";"13";"0";
"202000031092";"154 687 695";"A01";"2";"33";"0";"2";"5";"26";"1";
"202000031093";"154 687 691";"A01";"2";"17";"0";"2";"2";"12";"1";
"202000031093";"154 687 692";"B01";"2";"7";"4";"2";"8";"1";"1";
"202000031093";"154 687 693";"C01";"2";"34";"0";"2";"1";"1";"1";
"202000031094";"154 687 689";"B01";"2";"7";"12";"2";"1";"1";"1";
"202000031094";"154 687 690";"A01";"2";"7";"12";"2";"2";"1";"1";
"202000031095";"154 687 688";"A01";"3";"31";"0";"1";"1";"1";"1";
"202000031096";"154 687 687";"A01";"2";"10";"0";"1";"1";"15";"1";
"202000031097";"154 687 685";"B01";"2";"7";"0";"2";"1";"17";"0";
"202000031097";"154 687 686";"A01";"2";"7";"0";"2";"6";"0";"0";
"202000031098";"154 687 683";"A01";"1";"7";"0";"2";"3";"10";"0";
"202000031098";"154 687 684";"B01";"2";"7";"0";"2";"2";"1";"0";
"202000031099";"154 687 681";"B01";"2";"7";"0";"0";"7";"11";"0";
"202000031099";"154 687 682";"A01";"1";"7";"0";"0";"7";"1";"0";
"202000031100";"154 687 679";"B01";"2";"7";"0";"1";"1";"0";"5";
"202000031100";"154 687 680";"A01";"1";"7";"0";"1";"3";"0";"5";
"202000031101";"154 687 676";"C01";"1";"7";"0";"2";"4";"2";"1";
"202000031101";"154 687 677";"B01";"1";"7";"0";"2";"6";"12";"1";
"202000031101";"154 687 678";"A01";"1";"7";"0";"2";"1";"2";"1";
"202000031102";"154 687 675";"A01";"0";"7";"0";"1";"1";"1";"1";
"202000031103";"154 687 672";"A01";"3";"7";"0";"2";"1";"1";"1";
"202000031103";"154 687 673";"B01";"3";"50";"0";"2";"7";"19";"3";
"202000031104";"154 687 670";"B01";"3";"33";"0";"2";"1";"1";"1";
"202000031104";"154 687 671";"A01";"3";"7";"0";"2";"3";"10";"1";
"202000031105";"154 687 669";"A01";"0";"7";"0";"1";"1";"1";"1";
"202000031106";"154 687 668";"A01";"0";"7";"0";"1";"2";"16";"1";
"202000031107";"154 687 666";"B01";"1";"7";"0";"2";"4";"1";"1";
"202000031107";"154 687 667";"A01";"1";"7";"0";"2";"1";"1";"1";
"202000031108";"154 687 664";"A01";"0";"7";"0";"2";"1";"1";"1";
"202000031108";"154 687 665";"B01";"0";"7";"0";"2";"4";"1";"1";
"202000031109";"154 687 662";"B01";"2";"7";"0";"1";"4";"23";"0";
"202000031109";"154 687 663";"A01";"2";"7";"0";"1";"1";"1";"1";
"202000031110";"154 687 660";"B01";"3";"7";"0";"2";"5";"15";"1";
"202000031110";"154 687 661";"A01";"3";"7";"0";"2";"1";"1";"1";
"202000031111";"154 687 658";"A01";"1";"7";"0";"2";"8";"9";"5";
"202000031111";"154 687 659";"B01";"1";"1";"0";"2";"7";"1";"6";
"202000031112";"154 687 657";"A01";"1";"3";"0";"1";"1";"1";"1";
"202000031113";"154 687 655";"B01";"3";"1";"0";"2";"0";"0";"5";
"202000031113";"154 687 656";"A01";"2";"7";"1";"2";"1";"1";"1";
"202000031114";"154 687 653";"Z01";"3";"7";"0";"2";"1";"13";"0";
"202000031114";"154 687 654";"A01";"3";"33";"0";"2";"1";"1";"1";
"202000031115";"154 687 652";"A01";"2";"7";"0";"1";"2";"1";"1";
"202000031116";"154 687 649";"A01";"1";"7";"6";"0";"1";"26";"1";
"202000031117";"154 687 647";"B01";"1";"7";"0";"2";"1";"15";"1";
"202000031117";"154 687 648";"A01";"1";"7";"0";"2";"1";"1";"1";
"202000031118";"154 687 646";"A01";"1";"7";"1";"0";"3";"1";"1";
"202000031119";"154 687 645";"A01";"1";"37";"0";"1";"2";"1";"1";"1"
"202000031120";"154 687 643";"B01";"1";"1";"0";"2";"1";"1";"5";
"202000031120";"154 687 644";"A01";"1";"7";"0";"9";"7";"1";"1";
"202000031121";"154 687 642";"A01";"2";"7";"6";"0";"2";"1";"1";
"202000031122";"154 687 640";"A01";"2";"7";"0";"2";"2";"1";"0";
"202000031122";"154 687 641";"B01";"2";"1";"0";"2";"4";"1";"5";
"202000031123";"154 687 637";"A01";"2";"7";"0";"2";"1";"2";"1";
"202000031123";"154 687 638";"B01";"2";"7";"0";"2";"1";"2";"1";
"202000031123";"154 687 639";"C01";"2";"7";"0";"0";"4";"2";"1";
"202000031124";"154 687 634";"A01";"3";"7";"0";"2";"1";"1";"0";
"202000031124";"154 687 635";"B01";"3";"7";"0";"2";"0";"0";"0";
"202000031124";"154 687 636";"C01";"3";"7";"0";"2";"1";"23";"0";
"202000031125";"154 687 632";"A01";"2";"7";"0";"2";"1";"13";"1";
"202000031125";"154 687 633";"B01";"1";"7";"0";"2";"1";"1";"1";
"202000031126";"154 687 630";"B01";"1";"7";"0";"9";"1";"2";"1";
"202000031126";"154 687 631";"A01";"1";"31";"14";"0";"4";"23";"1";
"202000031127";"154 687 629";"A01";"3";"7";"6";"0";"1";"1";"1";
"202000031128";"154 687 627";"A01";"3";"1";"0";"2";"1";"1";"5";
"202000031128";"154 687 628";"B01";"3";"7";"0";"2";"2";"16";"2";
"202000031129";"154 687 625";"A01";"2";"31";"0";"2";"0";"1";"1";
"202000031129";"154 687 626";"Z01";"0";"7";"0";"2";"0";"0";"0";
"202000031130";"154 687 623";"B01";"0";"33";"0";"2";"1";"1";"1";
"202000031130";"154 687 624";"A01";"0";"10";"0";"2";"3";"15";"1";
"202000031131";"154 687 621";"A01";"1";"7";"0";"2";"3";"1";"1";
"202000031131";"154 687 622";"B01";"1";"33";"0";"0";"1";"1";"1";
"202000031132";"154 687 619";"B01";"2";"7";"0";"2";"2";"16";"1";
"202000031132";"154 687 620";"A01";"2";"34";"0";"2";"7";"18";"1";
"202000031133";"154 687 617";"B01";"1";"10";"0";"2";"6";"1";"1";
"202000031133";"154 687 618";"A01";"1";"7";"0";"2";"2";"1";"1";
"202000031134";"154 687 613";"D01";"2";"7";"0";"2";"1";"1";"1";
"202000031134";"154 687 614";"C01";"2";"7";"0";"2";"4";"1";"1";
"202000031134";"154 687 615";"B01";"2";"7";"0";"2";"4";"1";"1";
"202000031134";"154 687 616";"A01";"2";"7";"0";"2";"4";"1";"1";
"202000031135";"154 687 609";"A01";"1";"3";"0";"2";"8";"15";"1";
"202000031135";"154 687 610";"B01";"1";"10";"0";"2";"2";"17";"1";
"202000031136";"154 687 608";"A01";"2";"7";"12";"2";"3";"13";"0";
"202000031137";"154 687 606";"B01";"1";"7";"0";"2";"2";"2";"0";
"202000031137";"154 687 607";"A01";"1";"30";"0";"2";"3";"18";"0";
"202000031138";"154 687 604";"A01";"1";"7";"0";"2";"3";"9";"1";
"202000031138";"154 687 605";"B01";"3";"1";"0";"2";"2";"0";"5";
"202000031139";"154 687 602";"A01";"2";"7";"0";"2";"2";"13";"1";
"202000031139";"154 687 603";"B01";"1";"7";"0";"2";"2";"21";"1";
"202000031140";"154 687 600";"B01";"1";"1";"0";"2";"1";"19";"5";
"202000031140";"154 687 601";"A01";"1";"7";"0";"2";"1";"15";"1";
"202000031141";"154 687 598";"B01";"0";"33";"0";"2";"1";"1";"0";
"202000031141";"154 687 599";"A01";"0";"7";"0";"2";"3";"1";"0";
"202000031142";"154 687 596";"A01";"0";"7";"0";"2";"1";"2";"1";
"202000031142";"154 687 597";"B01";"3";"7";"0";"2";"4";"26";"2";
"202000031143";"154 687 595";"A01";"2";"30";"0";"0";"7";"2";"1";
"202000031144";"154 687 594";"A01";"3";"32";"0";"1";"2";"1";"1";
"202000031145";"154 687 592";"B01";"2";"7";"0";"2";"3";"15";"1";
"202000031145";"154 687 593";"Z01";"1";"10";"0";"2";"1";"1";"1";
"202000031146";"154 687 590";"B01";"2";"10";"0";"2";"8";"1";"1";
"202000031146";"154 687 591";"A01";"2";"31";"0";"2";"1";"14";"1";
"202000031147";"154 687 589";"A01";"2";"32";"0";"0";"8";"1";"1";
"202000031148";"154 687 588";"Z01";"0";"32";"0";"1";"0";"0";"0";
"202000031149";"154 687 584";"A01";"1";"7";"0";"2";"1";"2";"1";
"202000031149";"154 687 586";"C01";"1";"10";"0";"2";"4";"1";"1";
"202000031149";"154 687 587";"B01";"1";"7";"0";"2";"4";"2";"1";
"202000031150";"154 687 583";"A01";"1";"7";"0";"2";"7";"15";"0";
"202000031150";"154 687 585";"B01";"1";"33";"0";"2";"1";"1";"0";
"202000031151";"154 687 582";"A01";"2";"80";"0";"1";"1";"1";"3";
"202000031152";"154 687 580";"Z01";"1";"10";"1";"2";"2";"1";"0";
"202000031152";"154 687 581";"B01";"1";"10";"0";"2";"3";"9";"0";
"202000031153";"154 687 579";"A01";"0";"7";"1";"0";"1";"5";"1";
"202000031154";"154 687 578";"A01";"3";"7";"6";"0";"1";"21";"1";
"202000031155";"154 687 577";"A01";"2";"1";"0";"1";"7";"1";"5";
"202000031156";"154 687 573";"A01";"1";"33";"0";"2";"3";"18";"1";
"202000031156";"154 687 574";"B01";"1";"7";"0";"2";"2";"16";"1";
"202000031157";"154 687 575";"A01";"1";"31";"0";"2";"1";"1";"1";
"202000031157";"154 687 576";"B01";"1";"7";"0";"2";"4";"1";"1";
"202000031158";"154 687 572";"A01";"2";"30";"0";"1";"1";"1";"1";
"202000031159";"154 687 570";"A01";"1";"7";"0";"2";"3";"21";"1";
"202000031159";"154 687 571";"B01";"1";"34";"0";"2";"2";"17";"1";
"202000031160";"154 687 569";"A01";"1";"50";"0";"0";"0";"21";"3";
"202000031161";"154 687 568";"A01";"2";"10";"4";"0";"2";"14";"1";
"202000031162";"154 687 565";"A01";"3";"33";"0";"2";"2";"3";"1";
"202000031162";"154 687 566";"C01";"3";"10";"0";"2";"5";"1";"1";
"202000031162";"154 687 567";"B01";"3";"13";"0";"2";"6";"1";"1";
"202000031163";"154 687 563";"Z01";"2";"7";"0";"2";"3";"11";"1";
"202000031163";"154 687 564";"A01";"2";"7";"0";"2";"9";"1";"1";
"202000031164";"154 687 561";"B01";"2";"30";"0";"2";"1";"1";"1";
"202000031164";"154 687 562";"A01";"2";"50";"0";"2";"7";"1";"3";
"202000031165";"154 687 559";"A01";"1";"80";"11";"0";"1";"1";"3";
"202000031166";"154 687 560";"A01";"2";"7";"0";"1";"1";"1";"1";
"202000031167";"154 687 556";"A01";"2";"7";"0";"2";"1";"1";"1";
"202000031167";"154 687 558";"B01";"2";"7";"0";"2";"4";"23";"1";
"202000031168";"154 687 555";"B01";"1";"32";"0";"2";"1";"17";"1";
"202000031168";"154 687 557";"A01";"1";"7";"0";"2";"5";"23";"1";
"202000031169";"154 687 552";"B01";"1";"30";"0";"2";"7";"17";"3";
"202000031169";"154 687 553";"A01";"1";"7";"0";"2";"8";"15";"1";
"202000031170";"154 687 551";"B01";"2";"7";"0";"2";"6";"1";"1";
"202000031170";"154 687 554";"A01";"3";"34";"0";"2";"1";"1";"1";
"202000031171";"154 687 550";"A01";"2";"1";"0";"0";"7";"16";"5";
"202000031172";"154 687 549";"A01";"1";"1";"0";"0";"0";"1";"5";
"202000031173";"154 687 548";"A01";"2";"1";"0";"0";"0";"21";"5";
"202000031174";"154 687 546";"B01";"2";"1";"0";"2";"1";"1";"5";
"202000031174";"154 687 547";"A01";"2";"50";"0";"2";"1";"5";"3";
"202000031175";"154 687 545";"A01";"1";"1";"0";"0";"0";"1";"5";
"202000031176";"154 687 542";"A01";"1";"14";"0";"2";"1";"2";"1";
"202000031176";"154 687 544";"B01";"1";"7";"0";"2";"4";"23";"1";
"202000031177";"154 687 541";"B01";"1";"7";"0";"2";"1";"1";"1";
"202000031177";"154 687 543";"A01";"1";"10";"0";"2";"1";"1";"1";
"202000031178";"154 687 539";"A01";"1";"1";"0";"2";"1";"7";"5";
"202000031178";"154 687 540";"B01";"1";"7";"0";"2";"4";"23";"2";
"202000031179";"154 687 535";"A01";"2";"30";"0";"0";"8";"15";"3";
"202000031180";"154 687 536";"C01";"1";"7";"0";"2";"5";"1";"1";
"202000031180";"154 687 537";"A01";"1";"7";"0";"2";"2";"16";"1";
"202000031180";"154 687 538";"B01";"1";"7";"1";"0";"3";"24";"1";
"202000031181";"154 687 531";"A01";" -1";"7";"0";"2";"3";"15";"1";
"202000031181";"154 687 533";"B01";" -1";"2";"0";"2";"1";"1";"1";
"202000031182";"154 687 532";"B01";"2";"37";"0";"2";"3";"7";"1";"3"
"202000031182";"154 687 534";"A01";"2";"10";"0";"2";"8";"16";"1";
"202000031183";"154 687 529";"B01";"1";"34";"0";"2";"1";"1";"1";
"202000031183";"154 687 530";"A01";"1";"30";"0";"2";"7";"1";"1";
"202000031184";"154 687 528";"A01";"2";"80";"0";"0";"0";"16";"3";
"202000031185";"154 687 526";"A01";"3";"7";"14";"1";"3";"9";"1";
"202000031186";"154 687 525";"B01";"1";"32";"0";"2";"7";"1";"1";
"202000031186";"154 687 527";"A01";"1";"7";"0";"2";"3";"15";"1";
"202000031187";"154 687 523";"A01";" -1";"30";"0";"2";"3";"1";"1";
"202000031187";"154 687 524";"B01";"3";"7";"0";"2";"3";"15";"1";
"202000031188";"154 687 519";"B01";"3";"7";"0";"2";"6";"1";"1";
"202000031188";"154 687 522";"A01";"3";"30";"0";"2";"1";"1";"1";
"202000031189";"154 687 517";"A01";"0";"1";"1";"0";"4";"2";"5";
"202000031189";"154 687 518";"B01";"3";"7";"1";"0";"4";"23";"1";
"202000031190";"154 687 520";"B01";"1";"33";"0";"2";"0";"0";"1";
"202000031190";"154 687 521";"A01";"1";"7";"0";"2";"7";"15";"1";
"202000031191";"154 687 512";"B01";"1";"7";"0";"2";"2";"1";"1";
"202000031191";"154 687 514";"C01";"1";"7";"3";"0";"1";"1";"1";
"202000031191";"154 687 516";"A01";"1";"7";"0";"2";"6";"11";"1";
"202000031192";"154 687 513";"B01";"3";"32";"0";"2";"7";"17";"1";
"202000031192";"154 687 515";"A01";"0";"7";"0";"2";"3";"15";"1";
"202000031193";"154 687 511";"A01";"1";"30";"0";"0";"1";"21";"1";
"202000031194";"154 687 510";"A01";"2";"7";"6";"0";"1";"16";"0";
"202000031195";"154 687 509";"A01";"1";"7";"0";"1";"1";"2";"1";
"202000031196";"154 687 508";"A01";"3";"7";"3";"0";"1";"2";"1";
"202000031197";"154 687 506";"B01";"3";"7";"0";"2";"3";"0";"0";
"202000031197";"154 687 507";"A01";"3";"7";"0";"2";"3";"15";"0";
"202000031198";"154 687 504";"B01";"0";"2";"1";"2";"2";"17";"1";
"202000031198";"154 687 505";"A01";"0";"7";"0";"2";"3";"13";"1";
"202000031199";"154 687 503";"A01";"0";"7";"0";"1";"1";"26";"0";
"202000031200";"154 687 501";"A01";"1";"34";"0";"2";"2";"12";"0";
"202000031200";"154 687 502";"B01";"1";"7";"0";"2";"6";"2";"0";
"202000031201";"154 687 500";"A01";"1";"10";"0";"1";"3";"15";"1";
"202000031202";"154 687 498";"B01";"3";"21";"0";"9";"3";"0";"1";
"202000031202";"154 687 499";"A01";"3";"33";"0";"2";"3";"21";"1";
"202000031203";"154 687 496";"B01";"3";"7";"0";"2";"1";"1";"1";
"202000031203";"154 687 497";"A01";"3";"7";"0";"2";"1";"1";"1";
"202000031204";"154 687 494";"A01";"2";"7";"0";"9";"3";"1";"1";
"202000031204";"154 687 495";"B01";"1";"1";"0";"2";"1";"1";"5";
"202000031205";"154 687 491";"A01";"1";"7";"13";"0";"2";"14";"1";
"202000031206";"154 687 490";"A01";"2";"7";"0";"0";"2";"0";"1";
"202000031207";"154 687 488";"A01";"1";"7";"0";"2";"7";"19";"1";
"202000031207";"154 687 489";"B01";"1";"1";"0";"2";"1";"1";"6";
"202000031208";"154 687 486";"B01";"3";"7";"0";"1";"8";"1";"1";
"202000031208";"154 687 487";"A01";"3";"7";"0";"2";"1";"9";"1";
"202000031209";"154 687 484";"A01";"3";"7";"0";"2";"1";"0";"1";
"202000031209";"154 687 485";"B01";"3";"2";"0";"2";"1";"14";"1";
"202000031210";"154 687 483";"A01";"1";"30";"2";"0";"6";"17";"1";
"202000031211";"154 687 482";"A01";"1";"7";"13";"0";"9";"14";"1";
"202000031212";"154 687 480";"B01";"2";"7";"0";"2";"1";"1";"1";
"202000031212";"154 687 481";"A01";"1";"7";"0";"2";"1";"13";"1";
"202000031213";"154 687 479";"A01";"0";"31";"0";"0";"1";"1";"1";
"202000031214";"154 687 478";"A01";"1";"31";"7";"0";"0";"1";"1";
"202000031215";"154 687 477";"A01";"1";"7";"0";"0";"9";"1";"1";
"202000031216";"154 687 475";"B01";"1";"2";"0";"2";"1";"1";"1";
"202000031216";"154 687 476";"A01";"2";"7";"0";"2";"3";"5";"1";
"202000031217";"154 687 474";"A01";"2";"80";"0";"0";"2";"1";"3";
"202000031218";"154 687 472";"A01";"3";"2";"6";"0";"1";"1";"1";
"202000031219";"154 687 471";"A01";"2";"7";"6";"2";"7";"13";"1";
"202000031219";"154 687 473";"B01";"1";"7";"0";"2";"1";"1";"1";
"202000031220";"154 687 469";"B01";"1";"7";"0";"0";"0";"9";"0";
"202000031220";"154 687 470";"A01";"1";"1";"0";"0";"1";"9";"5";
"202000031221";"154 687 465";"A01";"1";"2";"0";"2";"1";"11";"1";
"202000031221";"154 687 466";"B01";"2";"7";"0";"2";"2";"1";"1";
"202000031222";"154 687 464";"A01";"1";"7";"15";"1";"2";"1";"1";
"202000031223";"154 687 463";"A01";"1";"33";"0";"6";"8";"1";"1";
"202000031224";"154 687 462";"A01";"2";"7";"8";"0";"2";"1";"0";
"202000031225";"154 687 461";"A01";"2";"7";"16";"0";"9";"1";"1";
"202000031226";"154 687 467";"B01";"1";"33";"0";"2";"1";"1";"1";
"202000031226";"154 687 468";"A01";"2";"7";"0";"2";"7";"15";"1";
"202000031227";"154 687 460";"A01";"1";"7";"0";"0";"9";"14";"1";
"202000031228";"154 687 457";"B01";"1";"7";"0";"0";"4";"2";"1";
"202000031228";"154 687 459";"A01";"1";"7";"0";"2";"1";"1";"1";
"202000031229";"154 687 456";"A01";"0";"7";"0";"2";"1";"1";"1";
"202000031229";"154 687 458";"B01";"0";"60";"0";"2";"8";"15";"5";
"202000031230";"154 687 453";"A01";"0";"7";"0";"2";"3";"16";"1";
"202000031230";"154 687 455";"B01";"0";"2";"0";"2";"1";"16";"1";
"202000031231";"154 687 452";"B01";"2";"31";"0";"2";"1";"2";"1";
"202000031231";"154 687 454";"A01";"2";"7";"0";"2";"4";"2";"1";
"202000031232";"154 687 450";"A01";"2";"7";"3";"0";"3";"0";"1";
"202000031233";"154 687 449";"B01";"0";"7";"0";"2";"3";"0";"1";
"202000031233";"154 687 451";"A01";"3";"33";"0";"2";"3";"0";"1";
"202000031234";"154 687 446";"A01";"1";"7";"0";"2";"3";"13";"1";
"202000031234";"154 687 447";"B01";"2";"7";"0";"2";"3";"1";"1";
"202000031235";"154 687 445";"A01";"1";"7";"0";"0";"0";"1";"1";
"202000031236";"154 687 444";"A01";"2";"7";"13";"0";"2";"0";"1";
"202000031237";"154 687 443";"A01";"3";"21";"0";"0";"9";"1";"1";
"202000031238";"154 687 441";"A01";"1";"2";"0";"0";"1";"1";"0";
"202000031239";"154 687 439";"A01";"1";"2";"0";"0";"0";"1";"1";
"202000031240";"154 687 438";"B01";"2";"7";"0";"2";"3";"2";"1";
"202000031240";"154 687 440";"A01";"1";"7";"0";"2";"1";"15";"1";
"202000031240";"154 687 442";"C01";"1";"7";"0";"2";"3";"23";"1";
"202000031241";"154 687 437";"A01";"1";"7";"13";"0";"7";"21";"1";
"202000031242";"154 687 436";"A01";"3";"7";"0";"1";"8";"15";"1";
"202000031243";"154 687 434";"A01";"2";"7";"0";"2";"1";"1";"1";
"202000031243";"154 687 435";"B01";"2";"7";"0";"2";"7";"19";"1";
"202000031244";"154 687 433";"A01";"1";"7";"0";"1";"3";"1";"1";
"202000031245";"154 687 432";"A01";"3";"21";"0";"1";"3";"1";"0";
"202000031246";"154 687 431";"A01";"3";"7";"0";"1";"1";"21";"1";
"202000031247";"154 687 430";"A01";"3";"10";"0";"1";"2";"1";"1";
"202000031248";"154 687 429";"A01";"2";"7";"2";"0";"2";"2";"1";
"202000031249";"154 687 428";"A01";"0";"2";"15";"0";"1";"1";"1";
"202000031250";"154 687 427";"A01";"0";"7";"13";"0";"1";"1";"1";
"202000031251";"154 687 423";"A01";"2";"7";"0";"0";"8";"1";"1";
"202000031251";"154 687 425";"B01";"1";"7";"0";"0";"1";"1";"1";
"202000031252";"154 687 421";"A01";"2";"7";"0";"2";"3";"1";"1";
"202000031252";"154 687 422";"B01";"1";"7";"0";"2";"3";"13";"1";
"202000031253";"154 687 420";"A01";"3";"33";"9";"0";"1";"1";"1";
"202000031254";"154 687 419";"A01";"1";"33";"0";"6";"1";"1";"1";
"202000031255";"154 687 418";"A01";"2";"7";"13";"0";"1";"21";"1";
"202000031256";"154 687 415";"B01";"2";"33";"0";"2";"1";"1";"1";
"202000031256";"154 687 417";"A01";"1";"7";"0";"2";"2";"11";"1";
"202000031257";"154 687 414";"B01";"1";"33";"0";"2";"2";"1";"1";
"202000031257";"154 687 416";"A01";"1";"7";"0";"2";"3";"15";"1";
"202000031258";"154 687 412";"A01";"3";"31";"0";"0";"8";"1";"1";
"202000031259";"154 687 411";"A01";"2";"7";"0";"2";"1";"13";"1";
"202000031259";"154 687 413";"B01";"1";"7";"0";"2";"1";"1";"1";
"202000031260";"154 687 410";"A01";"1";"7";"6";"0";"2";"0";"1";