"Num_Acc";"id_vehicule";"num_veh";"senc";"catv";"obs";"obsm";"choc";"manv";"motor";"occutc"
"202000031261";"154 687 405";"A01";"2";"7";"0";"2";"3";"15";"1";
"202000031261";"154 687 407";"B01";"1";"2";"0";"2";"1";"1";"1";
"202000031262";"154 687 406";"C01";"2";"7";"0";"2";"6";"23";"1";
"202000031262";"154 687 408";"B01";"1";"33";"0";"2";"1";"1";"1";
"202000031262";"154 687 409";"A01";"2";"7";"0";"2";"5";"15";"1";
"202000031263";"154 687 403";"A01";"1";"7";"0";"2";"1";"5";"1";
"202000031263";"154 687 404";"B01";"2";"1";"0";"2";"5";"19";"5";
"202000031264";"154 687 402";"A01";"1";"7";"6";"0";"1";"1";"1";
"202000031265";"154 687 401";"A01";"2";"31";"13";"0";"8";"13";"1";
"202000031266";"154 687 400";"A01";"1";"7";"15";"0";"0";"1";"1";
"202000031267";"154 687 398";"A01";"0";"7";"0";"2";"8";"19";"1";
"202000031267";"154 687 399";"B01";"1";"33";"0";"2";"1";"1";"1";
"202000031268";"154 687 397";"A01";"2";"7";"16";"0";"9";"1";"1";
"202000031269";"154 687 396";"A01";"2";"7";"15";"0";"1";"0";"1";
"202000031270";"154 687 394";"B01";"0";"2";"0";"2";"7";"17";"1";
"202000031270";"154 687 395";"A01";"0";"7";"0";"2";"8";"1";"1";
"202000031271";"154 687 392";"B01";"1";"7";"6";"2";"4";"16";"1";
"202000031271";"154 687 393";"A01";"2";"7";"8";"2";"1";"2";"1";
"202000031272";"154 687 391";"A01";"2";"7";"6";"0";"1";"1";"2";
"202000031273";"154 687 389";"A01";"2";"10";"0";"2";"2";"0";"1";
"202000031273";"154 687 390";"B01";"2";"17";"0";"0";"6";"1";"1";
"202000031274";"154 687 387";"A01";"1";"15";"0";"0";"0";"14";"1";
"202000031274";"154 687 388";"B01";"1";"7";"16";"0";"9";"21";"1";
"202000031275";"154 687 386";"A01";"1";"7";"3";"0";"3";"17";"1";
"202000031276";"154 687 385";"A01";"1";"7";"13";"1";"3";"1";"1";
"202000031277";"154 687 384";"A01";"2";"7";"8";"0";"9";"0";"0";
"202000031278";"154 687 380";"A01";"1";"17";"0";"2";"1";"1";"1";
"202000031278";"154 687 382";"B01";"0";"7";"0";"0";"3";"15";"1";
"202000031279";"154 687 381";"B01";"2";"7";"0";"9";"1";"1";"1";
"202000031279";"154 687 383";"A01";"1";"7";"3";"0";"1";"1";"1";
"202000031280";"154 687 379";"A01";"1";"17";"6";"0";"1";"1";"1";
"202000031281";"154 687 377";"B01";"2";"7";"0";"2";"1";"17";"1";
"202000031281";"154 687 378";"A01";"1";"10";"0";"0";"8";"15";"1";
"202000031282";"154 687 375";"A01";"2";"33";"13";"0";"1";"1";"1";
"202000031283";"154 687 374";"B01";"2";"7";"0";"2";"3";"5";"1";
"202000031283";"154 687 376";"A01";"1";"33";"0";"0";"1";"1";"1";
"202000031284";"154 687 372";"A01";"2";"7";"13";"0";"3";"1";"1";
"202000031285";"154 687 373";"A01";"1";"7";"2";"0";"5";"1";"1";
"202000031286";"154 687 369";"A01";"1";"7";"0";"2";"8";"5";"0";
"202000031286";"154 687 370";"B01";"2";"7";"0";"2";"1";"1";"0";
"202000031287";"154 687 368";"A01";"3";"7";"0";"1";"1";"1";"1";
"202000031288";"154 687 365";"B01";"2";"7";"0";"2";"1";"13";"1";
"202000031288";"154 687 366";"A01";"0";"7";"0";"2";"1";"0";"1";
"202000031289";"154 687 364";"B01";"3";"7";"0";"2";"3";"9";"1";
"202000031289";"154 687 367";"A01";"3";"1";"0";"2";"7";"16";"5";
"202000031290";"154 687 361";"A01";"1";"7";"0";"2";"1";"9";"1";
"202000031290";"154 687 363";"B01";"1";"7";"0";"2";"1";"1";"1";
"202000031291";"154 687 360";"A01";"2";"7";"0";"0";"4";"23";"1";
"202000031291";"154 687 362";"B01";"2";"7";"0";"2";"1";"2";"1";
"202000031292";"154 687 359";"A01";"2";"7";"2";"0";"1";"1";"1";
"202000031293";"154 687 358";"A01";"1";"7";"2";"0";"9";"16";"1";
"202000031294";"154 687 356";"A01";"1";"7";"0";"0";"9";"21";"1";
"202000031295";"154 687 355";"A01";"2";"33";"13";"0";"0";"1";"1";
"202000031295";"154 687 357";"B01";"2";"33";"0";"0";"0";"21";"1";
"202000031296";"154 687 353";"A01";"1";"7";"0";"2";"2";"15";"1";
"202000031296";"154 687 354";"B01";"1";"7";"0";"2";"3";"1";"1";
"202000031297";"154 687 350";"A01";"1";"7";"0";"1";"2";"1";"1";
"202000031298";"154 687 351";"A01";"2";"7";"0";"2";"7";"2";"0";
"202000031298";"154 687 352";"B01";"2";"1";"0";"0";"3";"2";"5";
"202000031299";"154 687 349";"A01";"1";"7";"0";"1";"6";"26";"1";
"202000031300";"154 687 347";"A01";"3";"7";"0";"2";"1";"1";"1";
"202000031300";"154 687 348";"B01";"2";"1";"0";"2";"7";"1";"6";
"202000031301";"154 687 345";"B01";"2";"7";"0";"2";"2";"1";"0";
"202000031301";"154 687 346";"A01";"1";"33";"0";"2";"3";"1";"0";
"202000031302";"154 687 344";"A01";"2";"7";"16";"0";"0";"1";"1";
"202000031303";"154 687 343";"A01";"1";"7";"15";"0";"3";"13";"0";
"202000031304";"154 687 342";"A01";"2";"33";"0";"0";"0";"1";"0";
"202000031305";"154 687 341";"A01";"2";"33";"0";"0";"0";"26";"1";
"202000031306";"154 687 340";"A01";"1";"7";"0";"0";"2";"0";"1";
"202000031307";"154 687 339";"A01";"1";"2";"0";"0";"7";"14";"1";
"202000031308";"154 687 335";"A01";"1";"31";"0";"2";"3";"1";"1";
"202000031308";"154 687 337";"B01";"2";"7";"0";"2";"8";"19";"1";
"202000031309";"154 687 332";"D01";"2";"7";"0";"2";"3";"1";"1";
"202000031309";"154 687 333";"E01";"1";"7";"0";"2";"3";"1";"1";
"202000031309";"154 687 334";"A01";"2";"7";"0";"2";"3";"17";"1";
"202000031309";"154 687 336";"B01";"1";"7";"0";"2";"3";"1";"1";
"202000031309";"154 687 338";"C01";"1";"7";"0";"2";"8";"1";"1";
"202000031310";"154 687 330";"B01";"2";"13";"0";"2";"1";"1";"1";
"202000031310";"154 687 331";"A01";"1";"7";"0";"2";"7";"13";"1";
"202000031311";"154 687 328";"B01";"3";"7";"6";"0";"7";"0";"1";
"202000031311";"154 687 329";"A01";"3";"13";"1";"9";"1";"23";"1";
"202000031312";"154 687 325";"B01";"1";"7";"0";"2";"8";"1";"1";
"202000031312";"154 687 326";"A01";"2";"1";"0";"2";"8";"13";"5";
"202000031313";"154 687 321";"B01";"2";"7";"0";"2";"3";"2";"0";
"202000031313";"154 687 323";"A01";"1";"7";"0";"2";"3";"13";"0";
"202000031314";"154 687 320";"C01";"2";"10";"0";"2";"1";"1";"0";
"202000031314";"154 687 322";"B01";"2";"15";"0";"2";"2";"12";"1";
"202000031314";"154 687 324";"A01";"2";"7";"0";"2";"8";"0";"1";
"202000031315";"154 687 319";"A01";"2";"2";"13";"0";"7";"1";"1";
"202000031316";"154 687 317";"A01";"1";"33";"0";"2";"1";"2";"1";
"202000031316";"154 687 318";"B01";"1";"7";"0";"2";"5";"2";"1";
"202000031317";"154 687 314";"A01";"1";"7";"0";"2";"2";"12";"1";
"202000031317";"154 687 315";"B01";"1";"17";"0";"2";"2";"12";"1";
"202000031317";"154 687 316";"C01";"1";"7";"0";"2";"8";"1";"1";
"202000031318";"154 687 310";"B01";"2";"7";"0";"2";"6";"1";"1";
"202000031318";"154 687 312";"C01";"2";"99";"0";"2";"4";"1";"1";
"202000031318";"154 687 313";"A01";"2";"99";"0";"2";"2";"9";"1";
"202000031319";"154 687 306";"E01";"1";"7";"0";"2";"4";"2";"1";
"202000031319";"154 687 307";"D01";"1";"7";"0";"2";"4";"2";"1";
"202000031319";"154 687 308";"C01";"1";"7";"0";"2";"4";"2";"1";
"202000031319";"154 687 309";"B01";"1";"7";"0";"2";"4";"2";"1";
"202000031319";"154 687 311";"A01";"1";"7";"0";"2";"1";"2";"1";
"202000031320";"154 687 304";"A01";"1";"34";"16";"0";"8";"26";"1";
"202000031321";"154 687 303";"B01";"2";"7";"0";"2";"5";"2";"1";
"202000031321";"154 687 305";"A01";"2";"33";"0";"2";"3";"2";"1";
"202000031322";"154 687 300";"A01";"1";"7";"0";"2";"1";"2";"1";
"202000031322";"154 687 302";"B01";"1";"7";"0";"2";"4";"2";"1";
"202000031323";"154 687 301";"A01";"1";"7";"3";"0";"1";"14";"1";
"202000031324";"154 687 298";"B01";"2";"10";"0";"2";"3";"0";"0";
"202000031324";"154 687 299";"A01";"2";"33";"0";"2";"1";"0";"0";
"202000031325";"154 687 295";"C01";"1";"33";"0";"2";"2";"3";"1";
"202000031325";"154 687 296";"A01";"1";"7";"0";"2";"8";"17";"1";
"202000031325";"154 687 297";"B01";"1";"7";"0";"2";"6";"1";"1";
"202000031326";"154 687 291";"A01";"2";"7";"0";"2";"2";"14";"1";
"202000031326";"154 687 292";"B01";"1";"17";"0";"2";"6";"1";"1";
"202000031327";"154 687 293";"A01";"2";"14";"0";"2";"7";"12";"1";
"202000031327";"154 687 294";"B01";"2";"7";"0";"2";"8";"1";"1";
"202000031328";"154 687 289";"A01";"3";"7";"0";"9";"0";"9";"1";
"202000031328";"154 687 290";"B01";"3";"1";"0";"2";"4";"1";"5";
"202000031329";"154 687 287";"B01";"2";"34";"0";"2";"3";"3";"1";
"202000031329";"154 687 288";"A01";"2";"7";"0";"2";"7";"12";"1";
"202000031330";"154 687 285";"B01";"3";"30";"0";"2";"8";"1";"1";
"202000031330";"154 687 286";"A01";"1";"7";"0";"2";"2";"1";"1";
"202000031331";"154 687 283";"A01";"2";"50";"0";"2";"1";"2";"3";
"202000031331";"154 687 284";"B01";"2";"7";"0";"9";"4";"1";"1";
"202000031332";"154 687 282";"A01";"1";"7";"14";"0";"2";"1";"1";
"202000031333";"154 687 281";"A01";"2";"32";"0";"0";"8";"15";"1";
"202000031334";"154 687 277";"B01";"1";"7";"0";"2";"3";"1";"1";
"202000031334";"154 687 280";"A01";"2";"7";"0";"2";"3";"13";"1";
"202000031335";"154 687 278";"A01";"1";"14";"0";"2";"1";"2";"1";
"202000031335";"154 687 279";"B01";"1";"7";"0";"2";"4";"23";"1";
"202000031336";"154 687 276";"A01";"1";"30";"0";"0";"0";"0";"1";
"202000031337";"154 687 274";"A01";"1";"7";"0";"2";"7";"15";"1";
"202000031337";"154 687 275";"B01";"2";"33";"0";"2";"1";"1";"1";
"202000031338";"154 687 272";"A01";"1";"7";"0";"2";"1";"15";"1";
"202000031338";"154 687 273";"B01";"2";"33";"0";"2";"0";"0";"1";
"202000031339";"154 687 271";"A01";"2";"14";"3";"0";"7";"1";"1";
"202000031340";"154 687 270";"A01";"1";"1";"6";"0";"1";"14";"5";
"202000031341";"154 687 269";"A01";"1";"7";"4";"0";"2";"1";"1";
"202000031342";"154 687 265";"B01";"2";"7";"0";"2";"4";"2";"1";
"202000031342";"154 687 267";"A01";"2";"7";"0";"2";"2";"2";"1";
"202000031343";"154 687 264";"A01";"3";"7";"0";"2";"4";"23";"1";
"202000031343";"154 687 266";"B01";"3";"7";"0";"2";"3";"23";"1";
"202000031343";"154 687 268";"Z01";"3";"7";"0";"2";"1";"2";"1";
"202000031344";"154 687 263";"A01";"1";"30";"0";"0";"7";"1";"1";
"202000031345";"154 687 261";"B01";"2";"33";"0";"2";"0";"2";"1";
"202000031345";"154 687 262";"A01";"1";"7";"0";"0";"0";"15";"1";
"202000031346";"154 687 259";"A01";"1";"7";"0";"2";"2";"19";"1";
"202000031346";"154 687 260";"B01";"2";"7";"0";"2";"1";"0";"1";
"202000031347";"154 687 257";"A01";"1";"7";"0";"2";"1";"26";"1";
"202000031347";"154 687 258";"B01";"1";"7";"0";"2";"4";"1";"1";
"202000031348";"154 687 256";"A01";"2";"33";"0";"0";"7";"1";"1";
"202000031349";"154 687 253";"B01";"3";"10";"0";"9";"4";"1";"1";
"202000031349";"154 687 255";"A01";"3";"10";"0";"2";"1";"2";"1";
"202000031350";"154 687 252";"B01";"2";"7";"0";"2";"3";"1";"1";
"202000031350";"154 687 254";"A01";"1";"7";"0";"2";"1";"17";"1";
"202000031351";"154 687 249";"A01";"2";"10";"0";"9";"3";"1";"1";
"202000031351";"154 687 251";"B01";"3";"1";"0";"2";"1";"26";"0";
"202000031352";"154 687 248";"B01";"0";"1";"0";"2";"0";"1";"5";
"202000031352";"154 687 250";"A01";"0";"7";"0";"2";"1";"1";"1";
"202000031353";"154 687 246";"A01";"2";"33";"0";"2";"1";"0";"1";
"202000031353";"154 687 247";"B01";"1";"7";"0";"2";"1";"0";"1";
"202000031354";"154 687 243";"B01";"0";"33";"0";"2";"8";"9";"1";
"202000031354";"154 687 245";"A01";"0";"7";"0";"2";"3";"9";"1";
"202000031355";"154 687 240";"A01";"0";"1";"0";"2";"1";"25";"5";
"202000031355";"154 687 241";"B01";"0";"7";"0";"2";"1";"16";"1";
"202000031356";"154 687 238";"A01";"2";"33";"11";"0";"1";"1";"1";
"202000031357";"154 687 237";"A01";"3";"7";"0";"0";"0";"0";"1";
"202000031357";"154 687 239";"B01";"1";"2";"0";"0";"0";"0";"0";
"202000031358";"154 687 234";"A01";"1";"33";"3";"0";"1";"21";"1";
"202000031358";"154 687 236";"B01";"2";"7";"0";"0";"0";"9";"1";
"202000031359";"154 687 231";"A01";"1";"7";"0";"2";"3";"0";"0";
"202000031359";"154 687 232";"B01";"2";"7";"0";"2";"0";"0";"0";
"202000031359";"154 687 233";"C01";"2";"7";"0";"2";"4";"21";"0";
"202000031359";"154 687 235";"D01";"2";"7";"0";"2";"1";"0";"0";
"202000031360";"154 687 230";"A01";"2";"35";"0";"0";"0";"1";"1";
"202000031361";"154 687 227";"Z01";"0";"7";"0";"2";"2";"0";"1";
"202000031361";"154 687 228";"B01";"2";"80";"0";"2";"2";"1";"3";
"202000031362";"154 687 226";"B01";"3";"10";"0";"2";"3";"1";"1";
"202000031362";"154 687 229";"A01";"2";"33";"0";"2";"7";"14";"1";
"202000031363";"154 687 225";"A01";"0";"33";"8";"0";"2";"14";"1";
"202000031364";"154 687 224";"A01";"1";"7";"13";"0";"1";"1";"1";
"202000031365";"154 687 222";"B01";"0";"13";"0";"2";"2";"26";"1";
"202000031365";"154 687 223";"A01";"0";"7";"0";"2";"5";"26";"1";
"202000031366";"154 687 219";"A01";"1";"7";"0";"2";"2";"1";"1";
"202000031366";"154 687 221";"B01";"2";"7";"0";"2";"3";"1";"1";
"202000031367";"154 687 218";"A01";"3";"33";"12";"2";"0";"13";"1";
"202000031367";"154 687 220";"B01";"3";"0";"0";"0";"0";"0";"0";
"202000031368";"154 687 216";"B01";"3";"1";"0";"2";"7";"9";"5";
"202000031368";"154 687 217";"A01";"2";"10";"0";"2";"3";"9";"1";
"202000031369";"154 687 214";"B01";"2";"7";"0";"2";"8";"19";"1";
"202000031369";"154 687 215";"A01";"1";"36";"0";"2";"1";"1";"1";
"202000031370";"154 687 212";"A01";"2";"7";"0";"2";"1";"10";"1";
"202000031370";"154 687 213";"B01";"1";"7";"0";"2";"3";"1";"1";
"202000031371";"154 687 211";"A01";"3";"33";"0";"1";"1";"1";"1";
"202000031372";"154 687 210";"A01";"2";"7";"0";"1";"1";"1";"0";
"202000031373";"154 687 208";"A01";"2";"7";"1";"0";"1";"1";"1";
"202000031373";"154 687 209";"B01";"2";"7";"0";"0";"4";"23";"1";
"202000031374";"154 687 206";"A01";"2";"10";"0";"2";"0";"23";"1";
"202000031374";"154 687 207";"B01";"2";"2";"0";"2";"0";"0";"1";
"202000031375";"154 687 203";"A01";"2";"33";"3";"0";"0";"13";"1";
"202000031376";"154 687 202";"A01";"1";"7";"0";"2";"1";"1";"1";
"202000031376";"154 687 204";"B01";"1";"7";"0";"2";"4";"23";"1";
"202000031376";"154 687 205";"C01";"1";"7";"0";"2";"4";"23";"1";
"202000031377";"154 687 199";"A01";"0";"7";"0";"2";"1";"1";"1";
"202000031377";"154 687 201";"B01";"0";"30";"0";"0";"4";"1";"1";
"202000031378";"154 687 198";"A01";"1";"10";"0";"2";"4";"4";"1";
"202000031378";"154 687 200";"B01";"2";"1";"0";"2";"7";"1";"5";
"202000031379";"154 687 196";"A01";"1";"7";"0";"1";"2";"1";"1";
"202000031380";"154 687 195";"B01";"3";"1";"0";"2";"8";"19";"5";
"202000031380";"154 687 197";"A01";"1";"7";"0";"9";"1";"1";"1";
"202000031381";"154 687 192";"A01";"1";"7";"0";"2";"1";"1";"1";
"202000031381";"154 687 194";"B01";"1";"7";"0";"2";"4";"1";"1";
"202000031382";"154 687 193";"A01";"2";"7";"6";"0";"1";"1";"1";
"202000031383";"154 687 191";"A01";"2";"32";"0";"0";"9";"1";"1";
"202000031384";"154 687 189";"B01";"3";"7";"0";"2";"1";"1";"1";
"202000031384";"154 687 190";"A01";"3";"7";"0";"1";"1";"23";"1";
"202000031385";"154 687 187";"A01";"1";"99";"0";"2";"0";"2";"0";
"202000031385";"154 687 188";"B01";"1";"1";"0";"0";"4";"11";"5";
"202000031386";"154 687 186";"A01";"1";"7";"0";"1";"4";"4";"1";
"202000031387";"154 687 185";"A01";"3";"7";"0";"1";"1";"26";"6";
"202000031388";"154 687 183";"B01";"2";"33";"0";"2";"1";"1";"1";
"202000031388";"154 687 184";"A01";"1";"10";"0";"2";"3";"9";"1";
"202000031389";"154 687 182";"A01";"2";"31";"0";"0";"7";"1";"1";
"202000031390";"154 687 179";"B01";"2";"7";"0";"2";"8";"11";"1";
"202000031390";"154 687 181";"A01";"2";"33";"0";"2";"7";"2";"1";
"202000031391";"154 687 178";"B01";"1";"1";"0";"2";"0";"21";"5";
"202000031391";"154 687 180";"A01";"1";"7";"0";"0";"0";"24";"1";
"202000031392";"154 687 176";"B01";"1";"1";"0";"2";"1";"1";"0";
"202000031392";"154 687 177";"A01";"1";"7";"0";"2";"8";"9";"1";
"202000031393";"154 687 175";"A01";"2";"7";"1";"0";"1";"13";"1";
"202000031394";"154 687 173";"A01";"2";"7";"0";"1";"1";"15";"0";
"202000031395";"154 687 172";"A01";"2";"7";"0";"2";"1";"7";"1";
"202000031395";"154 687 174";"B01";"2";"7";"0";"2";"7";"16";"1";
"202000031396";"154 687 167";"B01";"1";"7";"0";"2";"1";"1";"1";
"202000031396";"154 687 169";"C01";"2";"7";"0";"2";"3";"2";"1";
"202000031396";"154 687 171";"A01";"3";"7";"0";"2";"7";"19";"0";
"202000031397";"154 687 168";"B01";"2";"32";"0";"2";"7";"1";"1";
"202000031397";"154 687 170";"A01";"2";"7";"0";"2";"8";"15";"0";
"202000031398";"154 687 166";"A01";"2";"7";"0";"1";"2";"1";"1";
"202000031399";"154 687 163";"B01";"2";"34";"0";"2";"1";"13";"1";
"202000031399";"154 687 165";"A01";"1";"7";"0";"2";"1";"9";"1";
"202000031400";"154 687 162";"B01";"0";"1";"0";"2";"1";"1";"5";
"202000031400";"154 687 164";"A01";"0";"7";"0";"2";"7";"22";"1";
"202000031401";"154 687 161";"[01";"2";"7";"0";"1";"0";"26";"1";
"202000031402";"154 687 159";"A01";"1";"10";"0";"2";"7";"15";"1";
"202000031402";"154 687 160";"B01";"1";"31";"0";"2";"1";"1";"0";
"202000031403";"154 687 157";"B01";"1";"60";"0";"2";"0";"0";"5";
"202000031403";"154 687 158";"A01";"1";"33";"0";"2";"6";"26";"1";
"202000031404";"154 687 154";"B01";"2";"50";"0";"2";"3";"5";"3";
"202000031404";"154 687 155";"Z01";"2";"7";"0";"2";"1";"1";"0";
"202000031405";"154 687 156";"A01";"1";"7";"0";"1";"1";"9";"1";
"202000031406";"154 687 153";"A01";"1";"10";"0";"1";"3";"21";"0";
"202000031407";"154 687 151";"B01";"3";"3";" -1";" -1";" -1";"1";" -1";
"202000031407";"154 687 152";"A01";"3";"3";"0";" -1";" -1";"1";" -1";
"202000031408";"154 687 149";"A01";"1";"1";"0";"2";"1";"13";"5";
"202000031408";"154 687 150";"B01";"1";"7";"0";"2";"4";"23";"1";
"202000031409";"154 687 147";"B01";"3";"7";"0";"2";"1";"1";"1";
"202000031409";"154 687 148";"A01";"2";"7";"6";"2";"8";"19";"1";
"202000031410";"154 687 144";"A01";"2";"30";"0";"2";"6";"1";"1";
"202000031410";"154 687 146";"B01";"1";"10";"0";"2";"3";"9";"1";
"202000031411";"154 687 143";"B01";"2";"1";"0";"2";"1";"1";"0";
"202000031411";"154 687 145";"A01";"3";"7";"0";"9";"1";"1";"1";
"202000031412";"154 687 141";"A01";"2";"7";"0";"1";"2";"26";"1";
"202000031413";"154 687 140";"B01";"2";"1";"0";"2";"1";"1";"5";
"202000031413";"154 687 142";"A01";"2";"50";"0";"2";"1";"5";"3";
"202000031414";"154 687 138";"A01";"1";"7";"1";"0";"3";"13";"1";
"202000031415";"154 687 137";"B01";"2";"7";"0";"2";"4";"2";"2";
"202000031415";"154 687 139";"A01";"2";"7";"0";"2";"1";"2";"1";
"202000031416";"154 687 136";"A01";"3";"1";"0";"0";"0";"1";"5";
"202000031417";"154 687 135";"A01";"1";"7";"0";"1";"2";"1";"1";
"202000031418";"154 687 134";"A01";"2";"99";"0";"1";"1";"21";"0";
"202000031419";"154 687 133";"A01";"3";"7";"0";"1";"3";"1";"1";
"202000031420";"154 687 130";"A01";"1";"33";"0";"2";"1";"2";"1";
"202000031420";"154 687 132";"B01";"1";"7";"0";"2";"3";"23";"1";
"202000031421";"154 687 129";"A01";"2";"7";"0";"2";"1";"9";"1";
"202000031421";"154 687 131";"B01";"1";"31";"0";"2";"1";"1";"1";
"202000031422";"154 687 127";"A01";"3";"7";"0";"2";"3";"15";"1";
"202000031422";"154 687 128";"B01";"3";"7";"0";"2";"3";"1";"1";
"202000031423";"154 687 123";"B01";"2";"7";"0";"1";"1";"1";"1";
"202000031423";"154 687 124";"A01";"1";"7";"0";"2";"3";"1";"1";
"202000031424";"154 687 125";"A01";"1";"33";"0";"2";"1";"17";"1";
"202000031424";"154 687 126";"B01";"2";"7";"0";"2";"1";"1";"1";
"202000031425";"154 687 120";"B01";"2";"34";"0";"2";"8";"0";"0";
"202000031425";"154 687 122";"A01";"2";"7";"0";"2";"2";"16";"0";
"202000031426";"154 687 119";"Z01";"2";"14";"0";"2";"2";"0";"0";
"202000031426";"154 687 121";"A01";"2";"10";"0";"2";"5";"1";"1";
"202000031427";"154 687 118";"A01";"2";"50";"0";"0";"0";"1";"3";
"202000031428";"154 687 116";"B01";"3";"7";"0";"2";"5";"16";"1";
"202000031428";"154 687 117";"A01";"3";"32";"0";"2";"7";"18";"1";
"202000031429";"154 687 112";"B01";"2";"7";"0";"2";"3";"1";"1";
"202000031429";"154 687 114";"A01";"1";"7";"0";"2";"2";"19";"1";
"202000031430";"154 687 111";"A01";"0";"7";"0";"2";"1";"0";"0";
"202000031430";"154 687 113";"B01";"0";"7";"1";"0";"1";"0";"0";
"202000031430";"154 687 115";"D01";"2";"32";"0";"2";"3";"0";"0";
"202000031431";"154 687 110";"A01";"1";"7";"9";"1";"1";"1";"0";
"202000031432";"154 687 109";"A01";"2";"34";"8";"0";"8";"26";"1";
"202000031433";"154 687 108";"A01";"2";"33";"0";"1";"1";"17";"1";
"202000031434";"154 687 106";"A01";"1";"7";"0";"2";"1";"15";"1";
"202000031434";"154 687 107";"B01";"1";"1";"0";"2";"1";"1";"5";
"202000031435";"154 687 104";"A01";"1";"7";"0";"2";"7";"11";"1";
"202000031435";"154 687 105";"B01";"1";"7";"0";"2";"2";"1";"1";
"202000031436";"154 687 102";"B01";"3";"7";"0";"2";"2";"0";"1";
"202000031436";"154 687 103";"A01";"3";"34";"0";"2";"1";"1";"1";
"202000031437";"154 687 101";"A01";"1";"7";"0";"1";"1";"1";"1";
"202000031438";"154 687 099";"A01";"0";"7";"0";"0";"2";"10";"1";
"202000031438";"154 687 100";"B01";"0";"33";"0";"2";"3";"1";"1";
"202000031439";"154 687 097";"B01";"1";"7";"0";"2";"1";"1";"1";
"202000031439";"154 687 098";"A01";"2";"7";"0";"2";"3";"9";"1";
"202000031440";"154 687 095";"B01";"3";"7";"0";"2";"1";"0";"0";
"202000031440";"154 687 096";"A01";"1";"32";"0";"2";"2";"26";"1";
"202000031441";"154 687 093";"A01";"1";"7";"0";"1";"3";"19";"1";
"202000031442";"154 687 091";"B01";"2";"32";"0";"2";"1";"10";"0";
"202000031442";"154 687 092";"A01";"2";"7";"0";"9";"8";"10";"0";
"202000031443";"154 687 090";"B01";"0";"7";"0";"2";"0";"0";"0";
"202000031443";"154 687 094";"A01";"0";"7";"0";"2";"2";"17";"1";
"202000031444";"154 687 089";"A01";"1";"7";"15";"0";"2";"13";"1";
"202000031445";"154 687 088";"Z01";"1";"7";"0";"1";"1";"1";"1";
"202000031446";"154 687 086";"A01";"1";"7";"7";"0";"1";"1";"0";
"202000031447";"154 687 085";"A01";"3";"7";"0";"0";"1";"1";"1";
"202000031447";"154 687 087";"B01";"1";"1";"0";"2";"8";"1";"5";
"202000031448";"154 687 082";"A01";"3";"7";"0";"2";"1";"19";"1";
"202000031448";"154 687 084";"B01";"2";"7";"0";"0";"8";"1";"1";
"202000031449";"154 687 081";"A01";"2";"7";"0";"2";"1";"0";"1";
"202000031449";"154 687 083";"B01";"2";"7";"0";"2";"4";"2";"1";
"202000031450";"154 687 079";"Z01";"1";"7";"0";"2";"0";"20";"0";
"202000031450";"154 687 080";"B01";"1";"33";"0";"1";"2";"26";"0";
"202000031451";"154 687 077";"B01";"1";"7";"4";"2";"6";"2";"1";
"202000031451";"154 687 078";"A01";"1";"7";"0";"2";"2";"2";"1";
"202000031452";"154 687 075";"B01";"1";"1";"0";"2";"8";"1";"0";
"202000031452";"154 687 076";"A01";"1";"10";"0";"2";"3";"15";"1";
"202000031453";"154 687 074";"A01";"1";"7";"13";"0";"2";"1";"1";
"202000031454";"154 687 071";"B01";"1";"7";"0";"2";"1";"1";"1";
"202000031454";"154 687 072";"A01";"2";"15";"0";"2";"7";"1";"1";
"202000031455";"154 687 070";"A01";"1";"10";"13";"2";"2";"13";"1";
"202000031455";"154 687 073";"B01";"2";"15";"0";"2";"2";"1";"1";
"202000031456";"154 687 069";"A01";"1";"36";"16";"0";"9";"14";"1";
"202000031457";"154 687 067";"B01";"1";"7";"0";"2";"2";"9";"1";
"202000031457";"154 687 068";"A01";"1";"1";"0";"2";"1";"1";"5";
"202000031458";"154 687 065";"B01";"1";"15";"0";"2";"1";"1";"6";
"202000031458";"154 687 066";"A01";"2";"7";"0";"2";"1";"17";"6";
"202000031459";"154 687 064";"A01";"3";"33";"0";"0";"0";"26";"1";
"202000031460";"154 687 062";"A01";"1";"32";"1";"0";"2";"1";"1";
"202000031461";"154 687 061";"B01";"1";"7";"3";"2";"2";"1";"1";
"202000031461";"154 687 063";"A01";"2";"7";"0";"2";"3";"15";"1";
"202000031462";"154 687 058";"A01";"1";"15";"0";"0";"8";"13";"1";
"202000031462";"154 687 059";"B01";"2";"7";"0";"0";"9";"21";"1";
"202000031463";"154 687 057";"B01";"1";"33";"0";"2";"1";"2";"1";
"202000031463";"154 687 060";"A01";"1";"7";"0";"2";"3";"9";"1";
"202000031464";"154 687 055";"A01";"1";"33";"0";"0";"0";"17";"1";
"202000031465";"154 687 054";"A01";"1";"10";"0";"2";"3";"13";"0";
"202000031465";"154 687 056";"B01";"2";"7";"0";"2";"3";"1";"0";
"202000031466";"154 687 053";"B01";"1";"2";"13";"0";"0";"21";"0";
"202000031467";"154 687 051";"A01";"2";"7";"0";"2";"1";"9";"1";
"202000031467";"154 687 052";"B01";"1";"7";"0";"2";"1";"2";"1";