"Num_Acc";"id_vehicule";"num_veh";"senc";"catv";"obs";"obsm";"choc";"manv";"motor";"occutc"
"202000031678";"154 686 685";"B01";"1";"1";"0";"2";"3";"15";"5";
"202000031679";"154 686 680";"A01";"0";"7";"0";"2";"6";"9";"0";
"202000031679";"154 686 681";"B01";"3";"33";"0";"2";"7";"1";"1";
"202000031680";"154 686 679";"A01";"1";"7";"0";"1";"5";"26";"0";
"202000031681";"154 686 678";"A01";"0";"7";"0";"1";"1";"1";"1";
"202000031682";"154 686 674";"A01";"2";"7";"0";"2";"3";"0";"1";
"202000031682";"154 686 675";"B01";"1";"7";"0";"0";"3";"1";"1";
"202000031683";"154 686 673";"A01";"1";"7";"0";"1";"3";"1";"1";
"202000031684";"154 686 672";"A01";"2";"7";"13";"0";"3";"13";"0";
"202000031685";"154 686 671";"A01";"0";"2";"0";"0";"0";"1";"1";
"202000031686";"154 686 670";"A01";"1";"7";"14";"0";"1";"26";"1";
"202000031687";"154 686 668";"A01";"1";"7";"0";"2";"7";"13";"1";
"202000031687";"154 686 669";"B01";"2";"7";"0";"2";"1";"1";"1";
"202000031688";"154 686 667";"A01";"1";"31";"16";"0";"7";"2";"1";
"202000031689";"154 686 666";"A01";"1";"7";"13";"0";"0";"1";"1";
"202000031690";"154 686 664";"A01";"2";"7";"0";"2";"3";"21";"1";
"202000031690";"154 686 665";"B01";"1";"17";"0";"2";"8";"1";"1";
"202000031691";"154 686 661";"A01";"1";"7";"0";"2";"3";"13";"1";
"202000031691";"154 686 662";"B01";"2";"7";"0";"2";"2";"1";"1";
"202000031691";"154 686 663";"C01";"2";"7";"0";"2";"1";"1";"1";
"202000031692";"154 686 659";"B01";"1";"17";"0";"2";"4";"2";"1";
"202000031692";"154 686 660";"A01";"1";"7";"3";"2";"1";"2";"1";
"202000031693";"154 686 656";"C01";"1";"7";"0";"0";"6";"1";"1";
"202000031693";"154 686 657";"B01";"1";"7";"0";"2";"4";"1";"1";
"202000031693";"154 686 658";"A01";"1";"7";"0";"2";"1";"12";"1";
"202000031694";"154 686 655";"A01";"3";"2";"13";"0";"0";"1";"1";
"202000031695";"154 686 654";"A01";"2";"33";"6";"0";"3";"1";"1";
"202000031696";"154 686 651";"C01";"2";"7";"0";"2";"1";"1";"1";
"202000031696";"154 686 652";"B01";"1";"7";"0";"2";"4";"15";"1";
"202000031696";"154 686 653";"A01";"1";"10";"0";"2";"1";"2";"1";
"202000031697";"154 686 649";"B01";"1";"10";"0";"2";"2";"1";"1";
"202000031697";"154 686 650";"A01";"2";"10";"0";"2";"8";"16";"1";
"202000031698";"154 686 647";"B01";"3";"7";"0";"9";"1";"1";"1";
"202000031698";"154 686 648";"A01";"3";"1";"0";"2";"5";"2";"5";
"202000031699";"154 686 645";"B01";"1";"2";"0";"2";"1";"1";"1";
"202000031699";"154 686 646";"A01";"2";"7";"0";"2";"8";"15";"1";
"202000031700";"154 686 644";"A01";"1";"10";"0";"2";"2";"14";"1";
"202000031701";"154 686 642";"Z01";"2";"7";"0";"2";"1";"0";"0";
"202000031701";"154 686 643";"B01";"2";"7";"0";"2";"4";"1";"1";
"202000031702";"154 686 640";"A01";"1";"7";"0";"2";"2";"12";"1";
"202000031702";"154 686 641";"B01";"1";"32";"0";"2";"3";"3";"1";
"202000031703";"154 686 638";"A01";"2";"7";"0";"2";"1";"1";"1";
"202000031703";"154 686 639";"B01";"2";"7";"0";"2";"4";"2";"1";
"202000031704";"154 686 634";"D01";"2";"7";"0";"2";"4";"1";"1";
"202000031704";"154 686 635";"C01";"2";"7";"0";"2";"4";"1";"1";
"202000031704";"154 686 636";"B01";"2";"7";"4";"2";"6";"1";"1";
"202000031704";"154 686 637";"A01";"2";"7";"4";"2";"2";"12";"1";
"202000031705";"154 686 633";"A01";"1";"33";"3";"0";"1";"9";"1";
"202000031706";"154 686 631";"B01";"1";"33";"0";"2";"2";"0";"1";
"202000031706";"154 686 632";"A01";"1";"10";"0";"2";"3";"0";"1";
"202000031707";"154 686 629";"A01";"2";"32";"0";"2";"1";"2";"1";
"202000031707";"154 686 630";"B01";"2";"7";"0";"0";"4";"2";"1";
"202000031708";"154 686 628";"A01";"1";"7";"4";"0";"1";"9";"1";
"202000031709";"154 686 625";"A01";"2";"99";"0";"2";"8";"19";"0";
"202000031709";"154 686 626";"B01";"1";"7";"0";"2";"1";"1";"0";
"202000031710";"154 686 623";"B01";"2";"33";"0";"2";"1";"1";"1";
"202000031710";"154 686 624";"A01";"2";"7";"0";"2";"3";"15";"1";
"202000031711";"154 686 621";"A01";"2";"33";"0";"2";"1";"18";"1";
"202000031711";"154 686 622";"B01";"1";"7";"0";"2";"7";"15";"1";
"202000031712";"154 686 619";"B01";"1";"7";"0";"2";"8";"19";"1";
"202000031712";"154 686 620";"A01";"1";"37";"0";"2";"1";"1";"1";"1"
"202000031713";"154 686 618";"A01";"1";"7";"0";"1";"1";"1";"1";
"202000031714";"154 686 616";"B01";"1";"7";"0";"2";"8";"0";"0";
"202000031714";"154 686 617";"A01";"1";"7";"0";"2";"3";"15";"0";
"202000031715";"154 686 615";"A01";"3";"7";"0";"1";"1";"16";"1";
"202000031716";"154 686 613";"A01";"3";"7";"0";"2";"4";"23";"0";
"202000031716";"154 686 614";"B01";"3";"30";"0";"2";"1";"1";"0";
"202000031717";"154 686 612";"A01";"3";"30";"0";"0";"0";"26";"1";
"202000031718";"154 686 609";"Z01";"0";"7";"0";"0";"0";"0";"0";
"202000031718";"154 686 610";"B01";"2";"7";"0";"2";"8";"21";"1";
"202000031718";"154 686 611";"C01";"2";"7";"0";"2";"5";"2";"1";
"202000031719";"154 686 606";"F01";"3";"10";"1";"2";"2";"24";"1";
"202000031719";"154 686 607";"D01";"3";"7";"0";"2";"1";"24";"1";
"202000031719";"154 686 608";"A01";"1";"7";"1";"0";"1";"1";"1";
"202000031720";"154 686 604";"A01";"2";"1";"0";"2";"8";"15";"5";
"202000031720";"154 686 605";"B01";"1";"7";"0";"2";"1";"1";"1";
"202000031721";"154 686 603";"A01";"2";"7";"8";"0";"1";"14";"1";
"202000031722";"154 686 601";"A01";"1";"7";"0";"2";"7";"14";"1";
"202000031722";"154 686 602";"B01";"1";"7";"0";"2";"8";"1";"1";
"202000031723";"154 686 599";"B01";"3";"31";"0";"2";"8";"2";"1";
"202000031723";"154 686 600";"A01";"2";"7";"0";"2";"1";"9";"1";
"202000031724";"154 686 598";"A01";"1";"1";"0";"1";"7";"1";"5";
"202000031725";"154 686 596";"B01";"0";"1";"0";"2";"1";"1";"0";
"202000031725";"154 686 597";"A01";"0";"32";"0";"0";"3";"1";"1";
"202000031726";"154 686 595";"A01";"2";"14";"0";"0";"7";"1";"1";
"202000031727";"154 686 593";"B01";"0";"7";"0";"2";"5";"1";"1";
"202000031727";"154 686 594";"A01";"0";"1";"0";"2";"1";"1";"0";
"202000031728";"154 686 592";"A01";"3";"7";"4";"0";"9";"0";"1";
"202000031729";"154 686 590";"A01";"0";"2";"0";"2";"4";"1";"1";
"202000031729";"154 686 591";"Z01";"0";"7";"0";"2";"1";"17";"0";
"202000031730";"154 686 588";"A01";"3";"30";"0";"2";"1";"1";"1";
"202000031730";"154 686 589";"B01";"3";"7";"0";"2";"2";"15";"1";
"202000031731";"154 686 586";"B01";"1";"7";"0";"2";"1";"1";"1";
"202000031731";"154 686 587";"A01";"1";"7";"0";"2";"6";"1";"1";
"202000031732";"154 686 585";"A01";"1";"37";"0";"1";"2";"21";"1";"1"
"202000031733";"154 686 584";"A01";"2";"7";"0";"1";"1";"1";"0";
"202000031734";"154 686 582";"B01";"3";"7";"0";"2";"0";"1";"1";
"202000031734";"154 686 583";"A01";"3";"7";"0";"2";"1";"5";"1";
"202000031735";"154 686 580";"B01";"2";"30";"0";"4";"8";"1";"1";
"202000031735";"154 686 581";"A01";"1";"40";"0";"2";"1";"1";"3";
"202000031736";"154 686 578";"A01";"1";"7";"0";"2";"3";"16";"1";
"202000031736";"154 686 579";"B01";"2";"1";"0";"2";"1";"1";"5";
"202000031737";"154 686 576";"A01";"0";"7";"0";"2";"1";"9";"1";
"202000031737";"154 686 577";"B01";"0";"32";"0";"2";"8";"1";"0";
"202000031738";"154 686 574";"A01";"1";"31";"0";"2";"1";"17";"1";
"202000031738";"154 686 575";"B01";"1";"7";"0";"2";"6";"15";"1";
"202000031739";"154 686 572";"A01";"1";"7";"0";"2";"6";"10";"1";
"202000031739";"154 686 573";"B01";"1";"33";"0";"2";"2";"1";"1";
"202000031740";"154 686 570";"A01";"3";"33";"0";"2";"7";"17";"1";
"202000031740";"154 686 571";"B01";"3";"10";"0";"2";"8";"13";"1";
"202000031741";"154 686 569";"A01";"1";"33";"0";"0";"7";"1";"1";
"202000031742";"154 686 567";"B01";"2";"1";"1";"0";"1";"1";"5";
"202000031742";"154 686 568";"A01";"2";"7";"1";"0";"3";"26";"1";
"202000031743";"154 686 566";"A01";"2";"7";"0";"1";"1";"15";"1";
"202000031744";"154 686 565";"A01";"2";"7";"8";"0";"1";"14";"1";
"202000031745";"154 686 563";"B01";"0";"7";"0";"2";"3";"2";"1";
"202000031745";"154 686 564";"A01";"0";"1";"0";"2";"1";"19";"5";
"202000031746";"154 686 562";"A01";"3";"7";"1";"0";"0";"14";"1";
"202000031747";"154 686 561";"A01";"3";"33";"1";"0";"1";"12";"1";
"202000031748";"154 686 559";"B01";"1";"14";"0";"2";"1";"2";"1";
"202000031748";"154 686 560";"A01";"1";"7";"0";"2";"4";"2";"1";
"202000031749";"154 686 557";"A01";"1";"7";"0";"2";"1";"0";"1";
"202000031749";"154 686 558";"B01";"1";"1";"0";"2";"1";"0";"5";
"202000031750";"154 686 555";"B01";"2";"7";"0";"2";"7";"1";"1";
"202000031750";"154 686 556";"A01";"2";"32";"0";"2";"1";"16";"1";
"202000031751";"154 686 553";"B01";"0";"1";"0";"2";"1";"1";"5";
"202000031751";"154 686 554";"A01";"0";"1";"0";"2";"1";"1";"5";
"202000031752";"154 686 551";"A01";"1";"7";"0";"2";"5";"15";"1";
"202000031752";"154 686 552";"B01";"2";"33";"0";"2";"7";"1";"1";
"202000031753";"154 686 549";"B01";"2";"7";"0";"2";"3";"1";"1";
"202000031753";"154 686 550";"A01";"2";"7";"0";"2";"1";"1";"1";
"202000031754";"154 686 547";"A01";"2";"7";"0";"2";"1";"2";"1";
"202000031754";"154 686 548";"B01";"2";"7";"0";"2";"4";"2";"1";
"202000031755";"154 686 545";"B01";"0";"2";"0";"0";"0";"0";"0";
"202000031755";"154 686 546";"A01";"0";"7";"0";"0";"8";"15";"0";
"202000031756";"154 686 543";"A01";"0";"7";"0";"2";"3";"15";"0";
"202000031756";"154 686 544";"B01";" -1";"7";"0";"2";"2";"1";"1";
"202000031757";"154 686 542";"A01";"0";"32";"0";"0";"0";"1";"1";
"202000031758";"154 686 541";"A01";"0";"30";"0";"0";"0";"14";"1";
"202000031759";"154 686 539";"A01";"2";"1";"0";"2";"2";"13";"5";
"202000031759";"154 686 540";"B01";"1";"7";"0";"2";"1";"1";"1";
"202000031760";"154 686 537";"B01";"2";"2";"0";"2";"1";"18";"0";
"202000031760";"154 686 538";"A01";"2";"7";"0";"0";"2";"16";"0";
"202000031761";"154 686 535";"B01";"0";"2";"0";"2";"8";"1";"1";
"202000031761";"154 686 536";"A01";"0";"10";"0";"2";"3";"9";"0";
"202000031762";"154 686 533";"A01";"1";"7";"0";"2";"2";"19";"0";
"202000031762";"154 686 534";"B01";"2";"2";"0";"2";"8";"1";"1";
"202000031763";"154 686 531";"B01";"0";"32";"0";"2";"1";"1";"1";
"202000031763";"154 686 532";"A01";"3";"33";"0";"2";"7";"1";"1";
"202000031764";"154 686 529";"A01";"2";"7";"13";"0";"7";"26";"1";
"202000031765";"154 686 527";"A01";"3";"1";"0";"2";"1";"5";"5";
"202000031765";"154 686 528";"B01";"3";"7";"0";"2";"2";"16";"1";
"202000031766";"154 686 525";"B01";"1";"7";"0";"2";"6";"17";"1";
"202000031766";"154 686 526";"A01";"2";"2";"0";"2";"8";"1";"1";
"202000031767";"154 686 522";"C01";"2";"7";"0";"2";"3";"23";"1";
"202000031767";"154 686 523";"B01";"1";"7";"9";"2";"3";"1";"1";
"202000031767";"154 686 524";"A01";"1";"7";"0";"2";"2";"15";"1";
"202000031768";"154 686 521";"A01";"0";"10";"0";"1";"1";"1";"1";
"202000031769";"154 686 516";"A01";"2";"3";"1";"0";"2";"14";"0";
"202000031769";"154 686 517";"B01";"2";"7";"0";"0";"6";"0";"1";
"202000031769";"154 686 518";"C01";"2";"7";"0";"0";"8";"0";"0";
"202000031770";"154 686 514";"A01";"3";"15";"0";"2";"8";"15";"1";
"202000031770";"154 686 515";"B01";"2";"33";"0";"2";"1";"1";"1";
"202000031771";"154 686 513";"A01";"0";"7";"2";"0";"2";"1";"1";
"202000031772";"154 686 512";"A01";"2";"7";"13";"0";"1";"1";"1";
"202000031773";"154 686 510";"A01";"1";"7";"0";"2";"8";"15";"0";
"202000031773";"154 686 511";"B01";"1";"33";"0";"2";"7";"17";"0";
"202000031774";"154 686 509";"A01";"1";"7";"10";"0";"1";"15";"1";
"202000031775";"154 686 507";"A01";"0";"7";"0";"0";"4";"15";"0";
"202000031775";"154 686 508";"B01";"0";"2";"0";"2";"1";"2";"0";
"202000031776";"154 686 506";"A01";"1";"7";"0";"1";"2";"9";"1";
"202000031777";"154 686 504";"B01";"1";"7";"0";"2";"1";"1";"1";
"202000031777";"154 686 505";"A01";"2";"7";"0";"2";"1";"5";"1";
"202000031778";"154 686 503";"A01";"2";"7";"13";"0";"1";"1";"1";
"202000031779";"154 686 501";"B01";"2";"7";"0";"6";"1";"1";"0";
"202000031779";"154 686 502";"A01";"1";"7";"0";"6";"1";"1";"0";
"202000031780";"154 686 500";"A01";"1";"7";"2";"0";"3";"1";"1";
"202000031781";"154 686 498";"A01";"2";"7";"0";"2";"0";"0";"1";
"202000031781";"154 686 499";"B01";"2";"7";"0";"0";"4";"1";"1";
"202000031782";"154 686 496";"A01";"2";"7";"13";"0";"3";"1";"1";
"202000031783";"154 686 494";"B01";"2";"15";"0";"2";"3";"0";"1";
"202000031783";"154 686 495";"A01";"1";"7";"0";"2";"3";"5";"1";
"202000031784";"154 686 493";"A01";"0";"2";"14";"0";"1";"1";"1";
"202000031785";"154 686 491";"B01";"2";"7";"0";"0";"1";"15";"1";
"202000031785";"154 686 492";"A01";"1";"33";"0";"0";"1";"1";"1";
"202000031786";"154 686 489";"A01";"2";"7";"0";"2";"5";"15";"1";
"202000031786";"154 686 490";"B01";"1";"33";"0";"2";"1";"1";"1";
"202000031787";"154 686 487";"B01";"3";"7";"0";"2";"1";"1";"1";
"202000031787";"154 686 488";"A01";"3";"7";"0";"2";"1";"13";"1";
"202000031788";"154 686 485";"B01";"3";"2";"0";"2";"5";"1";"1";
"202000031788";"154 686 486";"A01";"3";"7";"0";"2";"2";"17";"1";
"202000031789";"154 686 483";"A01";"1";"14";"0";"2";"1";"1";"1";
"202000031789";"154 686 484";"B01";"0";"7";"0";"2";"3";"0";"1";
"202000031790";"154 686 481";"B01";"2";"7";"0";"2";"1";"1";"1";
"202000031790";"154 686 482";"A01";"1";"7";"7";"2";"1";"13";"1";
"202000031791";"154 686 480";"A01";"1";"7";"2";"0";"1";"2";"1";
"202000031792";"154 686 479";"A01";"2";"7";"6";"0";"1";"14";"1";
"202000031793";"154 686 478";"A01";"3";"7";"6";"0";"1";"1";"1";
"202000031794";"154 686 477";"A01";"0";"7";"2";"0";"1";"1";"1";
"202000031795";"154 686 476";"A01";"1";"7";"16";"0";"3";"9";"1";
"202000031796";"154 686 474";"A01";"3";"7";"0";"9";"2";"2";"1";
"202000031796";"154 686 475";"B01";"3";"1";"0";"0";"4";"1";"5";
"202000031797";"154 686 472";"A01";"1";"7";"0";"2";"2";"1";"1";
"202000031797";"154 686 473";"B01";"2";"7";"0";"2";"3";"1";"1";
"202000031798";"154 686 471";"A01";"3";"7";"2";"0";"1";"1";"0";
"202000031799";"154 686 470";"A01";"3";"7";"0";"1";"1";"9";"1";
"202000031800";"154 686 467";"A01";"2";"10";"0";"2";"4";"26";"1";
"202000031800";"154 686 468";"B01";"2";"7";"1";"0";"4";"0";"1";
"202000031800";"154 686 469";"C01";"2";"7";"1";"0";"1";"0";"1";
"202000031801";"154 686 465";"A01";"1";"7";"0";"2";"4";"2";"1";
"202000031801";"154 686 466";"B01";"1";"7";"0";"2";"1";"2";"1";
"202000031802";"154 686 463";"A01";"1";"7";"0";"2";"4";"1";"1";
"202000031802";"154 686 464";"B01";"1";"7";"0";"2";"3";"1";"1";
"202000031803";"154 686 462";"A01";"1";"10";"9";"0";"1";"1";"1";
"202000031804";"154 686 460";"A01";"1";"7";"0";"2";"1";"1";"1";
"202000031804";"154 686 461";"B01";"1";"7";"0";"2";"4";"1";"1";
"202000031805";"154 686 458";"B01";"2";"7";"3";"2";"4";"2";"1";
"202000031805";"154 686 459";"Z01";"2";"99";"0";"2";"4";"2";"0";
"202000031806";"154 686 457";"A01";"2";"33";"3";"0";"0";"14";"1";
"202000031807";"154 686 455";"A01";"2";"7";"0";"2";"1";"2";"1";
"202000031807";"154 686 456";"B01";"2";"7";"0";"2";"6";"2";"1";
"202000031808";"154 686 454";"A01";"2";"7";"3";"0";"1";"26";"1";
"202000031809";"154 686 453";"A01";"1";"7";"4";"0";"7";"1";"1";
"202000031810";"154 686 452";"A01";"2";"7";"0";"2";"0";"26";"1";
"202000031811";"154 686 449";"C01";"2";"7";"0";"2";"4";"2";"1";
"202000031811";"154 686 450";"B01";"2";"7";"0";"2";"4";"2";"1";
"202000031811";"154 686 451";"A01";"2";"7";"0";"2";"1";"2";"1";
"202000031812";"154 686 447";"B01";"1";"7";"0";"2";"4";"2";"1";
"202000031812";"154 686 448";"A01";"1";"10";"0";"2";"1";"2";"1";
"202000031813";"154 686 446";"A01";"1";"7";"6";"0";"9";"2";"1";
"202000031814";"154 686 444";"A01";"1";"7";"0";"2";"5";"18";"1";
"202000031814";"154 686 445";"B01";"1";"7";"3";"2";"5";"1";"1";
"202000031815";"154 686 443";"A01";"1";"33";"12";"0";"1";"26";"1";
"202000031816";"154 686 442";"A01";"1";"1";"0";"2";"7";"13";"5";
"202000031817";"154 686 440";"A01";"3";"7";"0";"2";"7";"16";"1";
"202000031817";"154 686 441";"B01";"3";"1";"0";"2";"1";"19";"5";
"202000031818";"154 686 438";"B01";"1";"10";"0";"2";"3";"14";"1";
"202000031818";"154 686 439";"A01";"1";"7";"0";"2";"2";"17";"1";
"202000031819";"154 686 436";"B01";"1";"7";"0";"2";"8";"10";"1";
"202000031819";"154 686 437";"A01";"1";"10";"0";"2";"1";"17";"1";
"202000031820";"154 686 434";"B01";"1";"1";"0";"2";"8";"1";"0";
"202000031820";"154 686 435";"A01";"0";"7";"0";"2";"1";"15";"0";
"202000031821";"154 686 433";"A01";"2";"7";"0";"1";"3";"15";"1";
"202000031822";"154 686 431";"B01";"1";"7";"0";"2";"6";"1";"6";
"202000031822";"154 686 432";"A01";"2";"7";"0";"2";"3";"13";"6";
"202000031823";"154 686 430";"A01";"1";"33";"12";"0";"1";"26";"1";
"202000031824";"154 686 428";"B01";"3";"7";"0";"2";"0";"1";"1";
"202000031824";"154 686 429";"A01";"3";"7";"0";"2";"1";"9";"1";
"202000031825";"154 686 426";"B01";"1";"10";"0";"2";"4";"1";"0";
"202000031825";"154 686 427";"A01";"1";"31";"0";"2";"1";"1";"0";
"202000031826";"154 686 425";"Y01";"3";"1";"8";"0";"1";"26";"0";
"202000031827";"154 686 419";"G01";"0";"7";"1";"0";"0";"0";"1";
"202000031827";"154 686 420";"C01";"0";"7";"1";"0";"1";"0";"1";
"202000031827";"154 686 421";"A01";"2";"7";"1";"0";"3";"1";"1";
"202000031827";"154 686 422";"F01";"0";"7";"1";"0";"0";"0";"1";
"202000031827";"154 686 423";"D01";"0";"7";"1";"0";"0";"0";"1";
"202000031827";"154 686 424";"E01";"0";"7";"1";"0";"0";"0";"1";
"202000031828";"154 686 416";"A01";"1";"7";"0";"2";"1";"26";"1";
"202000031828";"154 686 417";"B01";"1";"7";"0";"2";"4";"2";"1";
"202000031828";"154 686 418";"C01";"1";"7";"0";"2";"4";"2";"1";
"202000031829";"154 686 414";"A01";"1";"7";"0";"2";"0";"9";"1";
"202000031829";"154 686 415";"B01";"0";"50";"0";"0";"0";"0";"3";
"202000031830";"154 686 412";"B01";"2";"7";"0";"2";"0";"0";"1";
"202000031830";"154 686 413";"A01";"1";"7";"0";"2";"0";"0";"1";
"202000031831";"154 686 406";"B01";"1";"7";"0";"2";"1";"1";"0";
"202000031831";"154 686 407";"D01";"1";"7";"0";"2";"5";"1";"0";
"202000031831";"154 686 408";"C01";"1";"7";"0";"2";"1";"23";"0";
"202000031831";"154 686 409";"A01";"2";"7";"0";"2";"1";"1";"0";
"202000031832";"154 686 404";"B01";"3";"7";"0";"2";"4";"23";"1";
"202000031832";"154 686 405";"A01";"3";"7";"0";"2";"1";"2";"1";
"202000031833";"154 686 401";"B01";"1";"7";"0";"2";"4";"1";"1";
"202000031833";"154 686 402";"C01";"1";"7";"1";"0";"4";"20";"1";
"202000031833";"154 686 403";"Z01";"1";"10";"0";"2";"1";"1";"1";
"202000031834";"154 686 400";"A01";"1";"7";"0";"1";"3";"0";"1";
"202000031835";"154 686 399";"A01";"1";"7";"12";"1";"1";"26";"1";
"202000031836";"154 686 397";"B01";"1";"10";"0";"2";"1";"2";"1";
"202000031836";"154 686 398";"A01";"1";"10";"4";"2";"4";"26";"1";
"202000031837";"154 686 395";"A01";"1";"7";"0";"2";"1";"2";"1";
"202000031837";"154 686 396";"B01";"1";"7";"0";"2";"4";"23";"1";
"202000031838";"154 686 393";"A01";"1";"80";"0";"2";"2";"1";"3";
"202000031838";"154 686 394";"B01";"1";"7";"0";"2";"3";"1";"1";
"202000031839";"154 686 392";"A01";"1";"7";"6";"1";"2";"12";"1";
"202000031840";"154 686 390";"B01";"1";"50";"0";"2";"0";"1";"3";
"202000031840";"154 686 391";"Z01";"1";"7";"0";"9";"0";"1";"0";
"202000031841";"154 686 388";"B01";"1";"30";"0";"2";"8";"1";"1";
"202000031841";"154 686 389";"A01";"1";"7";"0";"2";"1";"15";"1";
"202000031842";"154 686 386";"A01";"3";"33";"0";"2";"3";"18";"1";
"202000031842";"154 686 387";"B01";"3";"7";"0";"2";"5";"2";"1";
"202000031843";"154 686 385";"A01";"3";"7";"0";"1";"1";"1";"2";
"202000031844";"154 686 383";"B01";"0";"7";"0";"2";"3";"1";"1";
"202000031844";"154 686 384";"A01";"0";"1";"0";"2";"1";"1";"5";
"202000031845";"154 686 382";"A01";"2";"7";"0";"1";"2";"15";"0";
"202000031846";"154 686 381";"A01";"2";"7";"12";"0";"2";"15";"1";
"202000031847";"154 686 379";"B01";"1";"7";"0";"2";"3";"1";"1";
"202000031847";"154 686 380";"A01";"1";"7";"0";"2";"3";"13";"1";
"202000031848";"154 686 377";"B01";"1";"7";"0";"2";"1";"1";"1";
"202000031848";"154 686 378";"A01";"1";"7";"0";"2";"4";"23";"1";
"202000031849";"154 686 375";"A01";"1";"7";"0";"2";"3";"15";"1";
"202000031849";"154 686 376";"B01";"1";"30";"0";"2";"1";"1";"1";
"202000031850";"154 686 374";"A01";"2";"7";"1";"0";"1";"1";"0";
"202000031851";"154 686 372";"A01";"1";"7";"0";"2";"1";"1";"1";
"202000031851";"154 686 373";"B01";"1";"7";"0";"2";"4";"1";"0";
"202000031852";"154 686 371";"A01";"3";"7";"0";"1";"1";"1";"1";
"202000031853";"154 686 369";"B01";"1";"31";"0";"2";"8";"9";"1";
"202000031853";"154 686 370";"A01";"1";"14";"0";"2";"7";"1";"1";
"202000031854";"154 686 368";"A01";"2";"14";"0";"1";"3";"15";"1";
"202000031855";"154 686 366";"B01";"1";"7";"0";"2";"2";"20";"1";
"202000031855";"154 686 367";"A01";"1";"30";"1";"2";"9";"1";"1";
"202000031856";"154 686 364";"A01";"3";"7";"0";"2";"8";"22";"1";
"202000031856";"154 686 365";"B01";"3";"1";"0";"2";"1";"1";"5";
"202000031857";"154 686 362";"B01";"3";"7";"0";"2";"3";"1";"1";
"202000031857";"154 686 363";"A01";"1";"7";"0";"2";"2";"15";"1";
"202000031858";"154 686 359";"C01";"1";"10";"0";"2";"5";"1";"1";
"202000031858";"154 686 360";"A01";"1";"33";"0";"2";"1";"2";"1";
"202000031858";"154 686 361";"B01";"1";"7";"0";"2";"6";"2";"1";
"202000031859";"154 686 358";"A01";"1";"1";"0";"1";"1";"1";"5";
"202000031860";"154 686 357";"A01";"2";"30";"0";"1";"1";"1";"1";
"202000031861";"154 686 355";"A01";"1";"34";"0";"2";"3";"9";"1";
"202000031861";"154 686 356";"B01";"2";"50";"0";"2";"1";"1";"3";
"202000031862";"154 686 352";"C01";"2";"7";"0";"2";"8";"23";"1";
"202000031862";"154 686 353";"A01";"2";"43";"0";"2";"2";"3";"1";
"202000031862";"154 686 354";"B01";"2";"7";"0";"2";"7";"23";"1";
"202000031863";"154 686 351";"A01";"1";"1";"0";"1";"1";"1";"5";
"202000031864";"154 686 349";"A01";"1";"31";"0";"2";"1";"2";"1";
"202000031864";"154 686 350";"B01";"2";"7";"0";"2";"8";"2";"1";
"202000031865";"154 686 347";"A01";"3";"7";"0";"2";"6";"26";"0";
"202000031865";"154 686 348";"B01";"2";"7";"0";"2";"2";"0";"1";
"202000031866";"154 686 346";"A01";"1";"3";"0";"1";"1";"13";"0";
"202000031867";"154 686 345";"A01";"3";"7";"9";"1";"0";"26";"1";
"202000031868";"154 686 342";"B01";"1";"3";"0";"2";"3";"9";"1";
"202000031868";"154 686 343";"A01";"2";"3";"0";"2";"1";"1";"1";
"202000031868";"154 686 344";"C01";"2";"7";"0";"2";"5";"1";"1";
"202000031869";"154 686 340";"A01";"1";"7";"6";"2";"7";"1";"1";
"202000031869";"154 686 341";"B01";"2";"7";"0";"2";"1";"0";"0";
"202000031870";"154 686 339";"A01";"2";"32";"0";"1";"1";"26";"0";
"202000031871";"154 686 338";"A01";"1";"7";"0";"1";"2";"2";"1";
"202000031872";"154 686 336";"A01";"3";"7";"0";"2";"1";"1";"0";
"202000031872";"154 686 337";"B01";"3";"10";"0";"0";"0";"0";"0";
"202000031873";"154 686 335";"Z01";"1";"7";"0";"1";"2";"0";"0";
"202000031874";"154 686 333";"A01";"3";"7";"0";"2";"1";"1";"1";
"202000031874";"154 686 334";"B01";"3";"7";"0";"2";"4";"2";"1";
"202000031875";"154 686 331";"B01";"2";"2";"1";"0";"1";"2";"1";
"202000031875";"154 686 332";"A01";"2";"7";"0";"2";"4";"23";"1";
"202000031876";"154 686 329";"A01";"1";"7";"0";"2";"1";"15";"1";
"202000031876";"154 686 330";"B01";"2";"7";"0";"2";"3";"1";"1";
"202000031877";"154 686 327";"B01";"1";"2";"0";"2";"1";"0";"1";
"202000031877";"154 686 328";"A01";"2";"7";"0";"2";"3";"13";"1";
"202000031878";"154 686 326";"A01";"1";"1";"0";"0";"9";"1";"5";
"202000031879";"154 686 324";"A01";"0";"7";"0";"2";"3";"1";"1";
"202000031879";"154 686 325";"B01";"0";"7";"0";"2";"2";"15";"1";
"202000031880";"154 686 323";"A01";"1";"7";"7";"0";"1";"2";"1";
"202000031881";"154 686 321";"B01";"2";"7";"0";"2";"6";"15";"1";
"202000031881";"154 686 322";"A01";"1";"33";"0";"2";"1";"1";"1";
"202000031882";"154 686 320";"A01";"1";"10";"0";"1";"2";"1";"1";
"202000031883";"154 686 319";"A01";"2";"7";"0";"1";"7";"2";"1";
"202000031884";"154 686 318";"A01";"2";"7";"15";"0";"1";"1";"1";