"Num_Acc";"id_vehicule";"num_veh";"senc";"catv";"obs";"obsm";"choc";"manv";"motor";"occutc"
"202000031885";"154 686 317";"A01";"2";"15";"0";"1";"5";"1";"1";
"202000031886";"154 686 315";"A01";"3";"7";"0";"9";"1";"15";"1";
"202000031886";"154 686 316";"B01";"3";"1";"0";"2";"1";"1";"0";
"202000031887";"154 686 314";"A01";"3";"7";"6";"0";"2";"1";"1";
"202000031888";"154 686 312";"A01";"1";"7";"0";"0";"8";"1";"1";
"202000031888";"154 686 313";"B01";"2";"7";"0";"0";"8";"13";"1";
"202000031889";"154 686 311";"A01";"2";"7";"13";"6";"1";"0";"1";
"202000031890";"154 686 309";"B01";"3";"7";"0";"2";"7";"19";"1";
"202000031890";"154 686 310";"A01";"2";"7";"0";"2";"1";"1";"1";
"202000031891";"154 686 305";"A01";"0";"7";"0";"0";"8";"15";"1";
"202000031891";"154 686 306";"B01";"1";"7";"0";"2";"1";"1";"1";
"202000031892";"154 686 304";"A01";"1";"7";"13";"0";"9";"1";"1";
"202000031893";"154 686 302";"B01";"2";"7";"0";"2";"3";"1";"1";
"202000031893";"154 686 303";"A01";"1";"10";"0";"2";"3";"13";"1";
"202000031894";"154 686 301";"A01";"2";"7";"2";"0";"3";"13";"1";
"202000031895";"154 686 300";"A01";"1";"7";"2";"0";"1";"1";"1";
"202000031896";"154 686 299";"A01";"1";"32";"12";"0";"8";"13";"1";
"202000031897";"154 686 297";"B01";"1";"10";"0";"2";"5";"1";"1";
"202000031897";"154 686 298";"A01";"1";"7";"3";"2";"3";"13";"1";
"202000031898";"154 686 296";"A01";"1";"7";"13";"0";"1";"1";"1";
"202000031899";"154 686 295";"A01";"1";"7";"13";"0";"1";"1";"1";
"202000031900";"154 686 294";"A01";"2";"7";"13";"0";"1";"14";"1";
"202000031901";"154 686 293";"A01";"2";"30";"1";"0";"7";"1";"1";
"202000031902";"154 686 292";"A01";"2";"33";"0";"0";"7";"17";"1";
"202000031903";"154 686 290";"A01";"1";"2";"0";"0";"4";"23";"1";
"202000031903";"154 686 291";"B01";"1";"7";"0";"2";"1";"0";"1";
"202000031904";"154 686 289";"A01";"1";"7";"0";"9";"1";"0";"1";
"202000031905";"154 686 285";"B01";"0";"2";"0";"2";"1";"1";"0";
"202000031905";"154 686 286";"C01";"0";"2";"0";"2";"1";"1";"0";
"202000031905";"154 686 287";"D01";"0";"2";"0";"2";"1";"1";"0";
"202000031905";"154 686 288";"A01";"0";"7";"0";"2";"8";"1";"0";
"202000031906";"154 686 281";"A01";"1";"7";"0";"2";"2";"9";"1";
"202000031907";"154 686 278";"A01";"1";"7";"0";"2";"4";"1";"1";
"202000031907";"154 686 279";"B01";"1";"7";"0";"2";"4";"2";"1";
"202000031907";"154 686 280";"C01";"1";"7";"0";"2";"1";"2";"1";
"202000031908";"154 686 277";"A01";"1";"7";"16";"0";"1";"26";"1";
"202000031909";"154 686 275";"A01";"2";"15";"0";"2";"2";"12";"1";
"202000031909";"154 686 276";"B01";"2";"7";"0";"2";"6";"1";"1";
"202000031910";"154 686 274";"A01";"2";"7";"4";"0";"1";"0";"1";
"202000031911";"154 686 273";"A01";"3";"7";"4";"0";"2";"1";"1";
"202000031912";"154 686 269";"D01";"1";"7";"0";"2";"4";"2";"1";
"202000031912";"154 686 270";"C01";"1";"7";"0";"2";"4";"2";"1";
"202000031912";"154 686 271";"B01";"1";"7";"0";"2";"4";"2";"1";
"202000031912";"154 686 272";"A01";"1";"7";"0";"2";"1";"14";"1";
"202000031913";"154 686 267";"B01";"1";"7";"3";"2";"6";"1";"1";
"202000031913";"154 686 268";"A01";"1";"7";"0";"2";"1";"12";"1";
"202000031914";"154 686 266";"A01";"1";"7";"4";"0";"2";"26";"1";
"202000031915";"154 686 265";"A01";"2";"7";"3";"0";"1";"1";"1";
"202000031916";"154 686 262";"C01";"2";"7";"0";"2";"4";"2";"1";
"202000031916";"154 686 263";"B01";"1";"7";"0";"2";"6";"2";"1";
"202000031916";"154 686 264";"A01";"2";"7";"0";"2";"1";"2";"1";
"202000031917";"154 686 260";"B01";"1";"7";"0";"2";"4";"2";"1";
"202000031917";"154 686 261";"A01";"1";"7";"0";"2";"1";"1";"1";
"202000031918";"154 686 259";"A01";"2";"7";"4";"0";"1";"1";"1";
"202000031919";"154 686 256";"A01";"2";"10";"0";"2";"6";"17";"1";
"202000031919";"154 686 257";"B01";"2";"10";"0";"2";"3";"13";"1";
"202000031919";"154 686 258";"C01";"2";"7";"0";"2";"5";"1";"1";
"202000031920";"154 686 254";"A01";"1";"7";"0";"2";"4";"2";"1";
"202000031920";"154 686 255";"B01";"1";"7";"0";"2";"1";"2";"1";
"202000031921";"154 686 253";"A01";"2";"33";"0";"1";"1";"1";"1";
"202000031922";"154 686 252";"A01";"1";"40";"0";"1";"1";"1";"3";
"202000031923";"154 686 251";"A01";"1";"0";"0";"1";"1";"1";"1";
"202000031924";"154 686 249";"A01";"1";"7";"0";"2";"3";"9";"1";
"202000031924";"154 686 250";"B01";"1";"1";"0";"2";"1";"2";"5";
"202000031925";"154 686 248";"A01";"1";"7";"0";"1";"1";"16";"1";
"202000031926";"154 686 247";"A01";"1";"20";"0";"1";"1";"26";"1";
"202000031927";"154 686 245";"B01";"3";"1";"0";"2";"1";"1";"5";
"202000031927";"154 686 246";"A01";"3";"7";"0";"9";"7";"9";"1";
"202000031928";"154 686 243";"A01";"1";"7";"0";"2";"8";"9";"1";
"202000031928";"154 686 244";"B01";"1";"7";"0";"2";"1";"1";"1";
"202000031929";"154 686 241";"B01";"1";"7";"0";"2";"1";"15";"0";
"202000031929";"154 686 242";"A01";"1";"2";"0";"2";"7";"5";"0";
"202000031930";"154 686 239";"B01";"1";"7";"0";"2";"7";"16";"1";
"202000031930";"154 686 240";"A01";"1";"30";"0";"2";"8";"18";"1";
"202000031931";"154 686 237";"B01";"2";"2";"0";"2";"1";"1";"1";
"202000031931";"154 686 238";"A01";"2";"7";"0";"9";"8";"15";"1";
"202000031932";"154 686 235";"B01";"1";"2";"0";"2";"8";"1";"1";
"202000031932";"154 686 236";"A01";"1";"7";"0";"2";"1";"15";"1";
"202000031933";"154 686 233";"A01";"1";"30";"0";"2";"1";"1";"1";
"202000031933";"154 686 234";"B01";"2";"7";"0";"2";"2";"1";"1";
"202000031934";"154 686 232";"A01";"2";"7";"0";"1";"2";"1";"1";
"202000031935";"154 686 230";"B01";"1";"7";"0";"2";"6";"2";"1";
"202000031935";"154 686 231";"A01";"1";"7";"0";"2";"1";"2";"1";
"202000031936";"154 686 228";"A01";"2";"33";"0";"2";"0";"12";"1";
"202000031936";"154 686 229";"B01";"2";"7";"0";"2";"4";"1";"1";
"202000031937";"154 686 227";"A01";"2";"7";"0";"1";"3";"15";"2";
"202000031938";"154 686 226";"A01";"3";"7";"2";"0";"1";"1";"1";
"202000031939";"154 686 225";"A01";"3";"7";"0";"1";"2";"9";"1";
"202000031940";"154 686 223";"B01";"1";"30";"0";"2";"2";"1";"1";
"202000031940";"154 686 224";"A01";"1";"7";"0";"2";"8";"15";"1";
"202000031941";"154 686 219";"A01";"2";"10";"0";"2";"1";"2";"1";
"202000031941";"154 686 220";"B01";"2";"7";"0";"2";"9";"2";"1";
"202000031941";"154 686 221";"C01";"2";"10";"0";"2";"9";"2";"1";
"202000031941";"154 686 222";"D01";"2";"7";"0";"2";"4";"2";"1";
"202000031942";"154 686 217";"A01";"1";"7";"0";"2";"2";"15";"1";
"202000031942";"154 686 218";"B01";"1";"7";"0";"2";"6";"1";"1";
"202000031943";"154 686 216";"B01";"1";"33";"0";"2";"7";"1";"1";
"202000031944";"154 686 214";"A01";"1";"7";"0";"0";"0";"9";"1";
"202000031944";"154 686 215";"B01";"1";"34";"0";"0";"2";"9";"1";
"202000031945";"154 686 212";"A01";"3";"7";"0";"1";"1";"1";"1";
"202000031946";"154 686 210";"A01";"2";"10";"0";"2";"8";"22";"1";
"202000031946";"154 686 211";"B01";"2";"1";"0";"2";"1";"1";"5";
"202000031947";"154 686 208";"Z01";"2";"7";"0";"2";"1";"2";"1";
"202000031947";"154 686 209";"A01";"2";"30";"0";"2";"4";"23";"1";
"202000031948";"154 686 207";"A01";"1";"7";"0";"1";"7";"1";"1";
"202000031949";"154 686 206";"Z01";"3";"30";"0";"1";"0";"1";"0";
"202000031950";"154 686 204";"A01";"2";"7";"0";"2";"3";"9";"1";
"202000031950";"154 686 205";"B01";"2";"33";"0";"2";"7";"1";"1";
"202000031951";"154 686 202";"A01";"1";"1";"0";"2";"8";"9";"5";
"202000031951";"154 686 203";"B01";"1";"50";"0";"2";"1";"7";"3";
"202000031952";"154 686 200";"A01";"3";"7";"0";"2";"1";"15";"1";
"202000031952";"154 686 201";"B01";"2";"2";"0";"2";"1";"1";"1";
"202000031953";"154 686 198";"B01";"2";"33";"0";"2";"2";"1";"1";
"202000031953";"154 686 199";"A01";"2";"7";"0";"2";"3";"9";"1";
"202000031954";"154 686 197";"A01";"1";"7";"0";"1";"4";"20";"1";
"202000031955";"154 686 195";"A01";"2";"10";"0";"2";"2";"2";"1";
"202000031955";"154 686 196";"B01";"1";"10";"0";"2";"6";"24";"1";
"202000031956";"154 686 193";"A01";"1";"33";"0";"2";"1";"2";"1";
"202000031956";"154 686 194";"B01";"1";"1";"0";"2";"4";"2";"5";
"202000031957";"154 686 192";"A01";"1";"30";"1";"0";"7";"14";"1";
"202000031958";"154 686 191";"A01";"1";"33";"0";"1";"1";"17";"1";
"202000031959";"154 686 190";"A01";"2";"2";"0";"0";"7";"1";"1";
"202000031960";"154 686 189";"A01";"1";"50";"0";"1";"1";"1";"3";
"202000031961";"154 686 188";"A01";"2";"7";"0";"1";"6";"4";"1";
"202000031962";"154 686 186";"A01";"2";"34";"0";"2";"5";"17";"1";
"202000031962";"154 686 187";"B01";"2";"7";"0";"2";"5";"23";"1";
"202000031963";"154 686 185";"A01";"2";"7";"0";"1";"3";"15";"1";
"202000031964";"154 686 182";"A01";"2";"7";"0";"2";"3";"22";"1";
"202000031964";"154 686 183";"B01";"2";"1";"0";"2";"1";"1";"5";
"202000031964";"154 686 184";"C01";"2";"7";"0";"2";"0";"1";"0";
"202000031965";"154 686 181";"A01";"1";"1";"0";"1";"1";"1";"5";
"202000031966";"154 686 180";"A01";"0";"80";"0";"0";"0";"9";"3";
"202000031967";"154 686 179";"A01";"2";"7";"0";"1";"2";"1";"1";
"202000031968";"154 686 178";"A01";"1";"1";"0";"0";"2";"1";"5";
"202000031969";"154 686 176";"A01";"0";"7";"0";"2";"2";"1";"2";
"202000031969";"154 686 177";"B01";"0";"32";"0";"2";"1";"1";"1";
"202000031970";"154 686 175";"A01";"1";"7";"0";"1";"2";"15";"1";
"202000031971";"154 686 173";"A01";"1";"32";"0";"2";"0";"5";"3";
"202000031971";"154 686 174";"B01";"1";"7";"0";"2";"0";"15";"1";
"202000031972";"154 686 172";"A01";"3";"7";"14";"0";"1";"9";"1";
"202000031973";"154 686 171";"A01";"2";"32";"0";"1";"2";"1";"1";
"202000031974";"154 686 170";"A01";"2";"7";"0";"1";"1";"1";"1";
"202000031975";"154 686 169";"A01";"2";"7";"0";"1";"3";"15";"0";
"202000031976";"154 686 167";"B01";"2";"1";"0";"2";"1";"1";"5";
"202000031976";"154 686 168";"A01";"1";"7";"0";"2";"3";"14";"1";
"202000031977";"154 686 166";"A01";"1";"7";"0";"1";"4";"2";"1";
"202000031978";"154 686 164";"Z01";"2";"7";"0";"2";"1";"19";"1";
"202000031978";"154 686 165";"A01";"2";"7";"0";"2";"4";"23";"1";
"202000031979";"154 686 162";"A01";"0";"1";"0";"2";"0";"26";"0";
"202000031979";"154 686 163";"B01";"3";"7";"0";"2";"1";"1";"1";
"202000031980";"154 686 160";"B01";"3";"33";"0";"2";"8";"1";"0";
"202000031980";"154 686 161";"A01";"3";"7";"0";"2";"7";"12";"0";
"202000031981";"154 686 158";"IB01";"1";"14";"0";"2";"1";"2";"1";
"202000031981";"154 686 159";"A01";"1";"7";"0";"2";"4";"23";"1";
"202000031982";"154 686 156";"B01";"2";"32";"0";"2";"8";"9";"1";
"202000031982";"154 686 157";"A01";"2";"10";"0";"2";"1";"1";"1";
"202000031983";"154 686 154";"B01";"1";"7";"0";"2";"8";"15";"0";
"202000031983";"154 686 155";"A01";"1";"32";"0";"2";"7";"17";"0";
"202000031984";"154 686 152";"B01";"3";"30";"0";"2";"0";"16";"0";
"202000031984";"154 686 153";"A01";"3";"7";"0";"2";"1";"1";"1";
"202000031985";"154 686 151";"A01";"1";"7";"0";"1";"4";"4";"1";
"202000031986";"154 686 150";"Z01";"1";"30";"0";"1";"1";"0";"0";
"202000031987";"154 686 149";"A01";"1";"7";"0";"1";"3";"15";"1";
"202000031988";"154 686 148";"A01";"2";"1";"0";"1";"1";"5";"5";
"202000031989";"154 686 146";"A01";"2";"17";"1";"0";"1";"14";"1";
"202000031989";"154 686 147";"B01";"2";"10";"0";"1";"4";"26";"1";
"202000031990";"154 686 145";"A01";"1";"2";"13";"0";"0";"1";"1";
"202000031991";"154 686 143";"B01";"1";"17";"0";"0";"6";"2";"1";
"202000031991";"154 686 144";"A01";"1";"7";"0";"2";"2";"2";"1";
"202000031992";"154 686 140";"A01";"1";"7";"13";"0";"1";"1";"1";
"202000031993";"154 686 138";"A01";"2";"2";"0";"2";"1";"9";"1";
"202000031993";"154 686 139";"B01";"1";"7";"0";"2";"1";"9";"1";
"202000031994";"154 686 136";"A01";"1";"7";"0";"2";"2";"15";"1";
"202000031994";"154 686 137";"B01";"2";"2";"0";"2";"1";"1";"1";
"202000031995";"154 686 134";"B01";"1";"7";"0";"2";"1";"1";"1";
"202000031995";"154 686 135";"A01";"2";"7";"0";"2";"7";"19";"1";
"202000031996";"154 686 133";"A01";"1";"15";"3";"0";"1";"1";"1";
"202000031997";"154 686 131";"B01";"2";"7";"0";"2";"3";"0";"1";
"202000031997";"154 686 132";"A01";"1";"15";"0";"2";"3";"1";"1";
"202000031998";"154 686 130";"A01";"2";"7";"2";"0";"1";"14";"1";
"202000031999";"154 686 129";"A01";"3";"10";"0";"1";"3";"15";"1";
"202000032000";"154 686 127";"A01";"1";"7";"0";"2";"3";"13";"1";
"202000032000";"154 686 128";"B01";"1";"7";"0";"2";"3";"1";"1";
"202000032001";"154 686 126";"A01";"2";"7";"13";"0";"1";"19";"1";
"202000032002";"154 686 124";"A01";"2";"15";"0";"2";"2";"2";"1";
"202000032002";"154 686 125";"B01";"2";"15";"0";"0";"6";"2";"1";
"202000032003";"154 686 123";"A01";"2";"7";"0";"1";"1";"1";"1";
"202000032004";"154 686 122";"A01";"2";"7";"3";"0";"0";"0";"1";
"202000032005";"154 686 121";"A01";"2";"7";"6";"0";"1";"1";"1";
"202000032006";"154 686 119";"A01";"1";"7";"0";"2";"3";"13";"1";
"202000032006";"154 686 120";"B01";"2";"20";"0";"2";"3";"1";"1";
"202000032007";"154 686 118";"A01";"3";"7";"2";"0";"8";"1";"1";
"202000032008";"154 686 117";"A01";"1";"7";"13";"0";"1";"2";"1";
"202000032009";"154 686 116";"A01";"1";"7";"0";"1";"1";"1";"1";
"202000032010";"154 686 115";"A01";"3";"7";"6";"0";"1";"13";"1";
"202000032011";"154 686 114";"A01";"2";"7";"2";"0";"3";"1";"1";
"202000032012";"154 686 112";"A01";"3";"7";"0";"2";"3";"9";"0";
"202000032012";"154 686 113";"B01";"3";"1";"0";"0";"5";"1";"5";
"202000032013";"154 686 111";"A01";"2";"7";"15";"0";"1";"21";"1";
"202000032014";"154 686 109";"B01";"1";"33";"8";"2";"7";"17";"0";
"202000032014";"154 686 110";"A01";"1";"7";"0";"2";"3";"15";"0";
"202000032015";"154 686 107";"B01";"2";"7";"2";"2";"3";"15";"0";
"202000032015";"154 686 108";"A01";"1";"7";"0";"2";"6";"1";"0";
"202000032016";"154 686 106";"A01";"2";"7";"13";"0";"2";"1";"1";
"202000032017";"154 686 104";"A01";"2";"10";"0";"2";"8";"9";"1";
"202000032017";"154 686 105";"B01";"2";"33";"0";"2";"1";"1";"1";
"202000032018";"154 686 101";"A01";"0";"7";"0";"0";"4";"1";"1";
"202000032018";"154 686 102";"B01";"0";"33";"0";"2";"1";"1";"1";
"202000032018";"154 686 103";"C01";"0";"15";"0";"0";"0";"1";"1";
"202000032019";"154 686 096";"A01";"3";"14";"0";"2";"3";"5";"0";
"202000032019";"154 686 097";"B01";"3";"7";"0";"2";"2";"23";"1";
"202000032020";"154 686 094";"B01";"2";"2";"0";"2";"1";"1";"1";
"202000032020";"154 686 095";"A01";"1";"7";"0";"2";"3";"15";"1";
"202000032021";"154 686 092";"B01";"2";"10";"0";"2";"1";"1";"1";
"202000032021";"154 686 093";"A01";"1";"7";"0";"2";"1";"13";"1";
"202000032022";"154 686 090";"B01";"0";"2";"0";"2";"1";"1";"1";
"202000032022";"154 686 091";"A01";"0";"7";"0";"2";"1";"15";"1";
"202000032023";"154 686 086";"A01";"2";"7";"0";"2";"7";"1";"1";
"202000032023";"154 686 087";"B01";"2";"7";"0";"2";"1";"19";"1";
"202000032024";"154 686 085";"A01";"1";"33";"0";"0";"9";"3";"0";
"202000032025";"154 686 084";"A01";"1";"33";"12";"0";"1";"17";"1";
"202000032026";"154 686 080";"A01";"1";"7";"0";"2";"4";"23";"0";
"202000032026";"154 686 081";"D01";"1";"7";"1";"0";"1";"1";"1";
"202000032026";"154 686 082";"C01";"1";"7";"0";"2";"4";"23";"0";
"202000032026";"154 686 083";"B01";"1";"7";"0";"2";"4";"23";"0";
"202000032027";"154 686 079";"A01";"3";"37";"0";"1";"2";"1";"1";"1"
"202000032028";"154 686 076";"A01";"2";"7";"0";"2";"2";"17";"1";
"202000032028";"154 686 077";"B01";"2";"15";"0";"0";"3";"1";"1";
"202000032028";"154 686 078";"C01";"2";"15";"0";"0";"6";"1";"1";
"202000032029";"154 686 074";"B01";"2";"7";"0";"2";"7";"15";"1";
"202000032029";"154 686 075";"A01";"1";"33";"0";"2";"1";"1";"1";
"202000032030";"154 686 070";"C01";"1";"15";"0";"2";"3";"1";"1";
"202000032030";"154 686 071";"E01";"1";"7";"4";"0";"3";"1";"1";
"202000032030";"154 686 072";"A01";"1";"7";"0";"0";"4";"23";"1";
"202000032030";"154 686 073";"B01";"1";"7";"0";"2";"1";"1";"1";
"202000032031";"154 686 067";"A01";"1";"1";"0";"2";"1";"5";"5";
"202000032031";"154 686 068";"B01";"1";"7";"0";"2";"1";"1";"1";
"202000032031";"154 686 069";"C01";"1";"7";"0";"2";"1";"1";"1";
"202000032032";"154 686 064";"C01";"2";"7";"0";"2";"1";"2";"1";
"202000032032";"154 686 065";"A01";"2";"7";"0";"0";"4";"2";"1";
"202000032032";"154 686 066";"B01";"2";"7";"0";"2";"4";"2";"1";
"202000032033";"154 686 063";"A01";"1";"7";"3";"0";"2";"1";"6";
"202000032034";"154 686 062";"A01";"2";"7";"0";"1";"1";"1";"6";
"202000032035";"154 686 061";"A01";"1";"10";"0";"6";"1";"1";"1";
"202000032036";"154 686 059";"B01";"2";"7";"0";"9";"2";"1";"1";
"202000032036";"154 686 060";"A01";"1";"1";"0";"2";"0";"13";"5";
"202000032037";"154 686 057";"B01";"2";"2";"0";"2";"1";"1";"1";
"202000032037";"154 686 058";"A01";"1";"7";"0";"2";"3";"15";"1";
"202000032038";"154 686 056";"A01";"1";"7";"0";"1";"1";"2";"1";
"202000032039";"154 686 055";"A01";"1";"7";"3";"0";"0";"1";"1";
"202000032040";"154 686 053";"B01";"1";"30";"0";"2";"2";"1";"1";
"202000032040";"154 686 054";"A01";"1";"7";"0";"2";"3";"20";"1";
"202000032041";"154 686 051";"B01";"1";"2";"0";"2";"1";"1";"1";
"202000032041";"154 686 052";"A01";"2";"7";"0";"2";"3";"17";"1";
"202000032042";"154 686 049";"B01";"1";"7";"0";"2";"4";"2";"1";
"202000032042";"154 686 050";"A01";"1";"7";"0";"2";"3";"26";"0";
"202000032043";"154 686 047";"A01";"2";"10";"0";"2";"1";"1";"1";
"202000032043";"154 686 048";"B01";"2";"17";"0";"2";"4";"2";"1";
"202000032044";"154 686 046";"A01";"1";"7";"4";"0";"3";"1";"1";
"202000032045";"154 686 044";"B01";"1";"7";"0";"0";"0";"0";"1";
"202000032045";"154 686 045";"A01";"1";"7";"3";"2";"2";"26";"1";
"202000032046";"154 686 042";"A01";"1";"7";"0";"2";"7";"12";"1";
"202000032046";"154 686 043";"B01";"1";"34";"0";"2";"8";"3";"1";
"202000032047";"154 686 041";"A01";"2";"7";"3";"0";"1";"14";"1";
"202000032048";"154 686 039";"A01";"1";"7";"0";"2";"7";"1";"1";
"202000032048";"154 686 040";"B01";"1";"33";"0";"2";"6";"3";"1";
"202000032049";"154 686 036";"A01";"1";"7";"0";"2";"8";"9";"1";
"202000032049";"154 686 037";"B01";"1";"17";"0";"2";"7";"12";"1";
"202000032049";"154 686 038";"C01";"1";"7";"0";"2";"1";"1";"1";
"202000032050";"154 686 034";"B01";"2";"33";"0";"2";"7";"3";"1";
"202000032050";"154 686 035";"A01";"2";"7";"0";"2";"8";"11";"1";
"202000032051";"154 686 032";"B01";"1";"30";"0";"2";"4";"1";"1";
"202000032051";"154 686 033";"A01";"1";"7";"0";"2";"1";"1";"1";
"202000032052";"154 686 031";"A01";"3";"30";"0";"1";"0";"26";"0";
"202000032053";"154 686 027";"D01";"3";"32";"0";"0";"7";"24";"1";
"202000032053";"154 686 028";"C01";"2";"7";"0";"2";"3";"1";"1";
"202000032053";"154 686 029";"B01";"1";"7";"6";"1";"1";"1";"1";
"202000032053";"154 686 030";"A01";"1";"1";"0";"2";"6";"19";"5";
"202000032054";"154 686 025";"A01";"0";"7";"0";"2";"1";"15";"0";
"202000032054";"154 686 026";"B01";"1";"33";"0";"2";"7";"1";"0";
"202000032055";"154 686 024";"A01";"2";"10";"0";"1";"0";"21";"1";
"202000032056";"154 686 023";"A01";"3";"7";"0";"1";"2";"1";"1";
"202000032057";"154 686 022";"A01";"0";"32";"12";"0";"1";"19";"1";
"202000032058";"154 686 020";"A01";"1";"99";"0";"2";"4";"23";"0";
"202000032058";"154 686 021";"Z01";"1";"7";"0";"2";"1";"1";"0";
"202000032059";"154 686 018";"B01";"2";"7";"0";"2";"1";"1";"1";
"202000032059";"154 686 019";"A01";"2";"7";"0";"2";"2";"15";"1";
"202000032060";"154 686 016";"B01";"3";"7";"0";"2";"4";"26";"1";
"202000032060";"154 686 017";"A01";"3";"30";"0";"2";"1";"2";"1";
"202000032061";"154 686 015";"A01";"2";"7";"4";"0";"9";"1";"1";
"202000032062";"154 686 013";"A01";"1";"7";"0";"2";"3";"15";"1";
"202000032062";"154 686 014";"B01";"2";"32";"0";"2";"7";"1";"1";
"202000032063";"154 686 011";"B01";"2";"10";"0";"2";"3";"1";"1";
"202000032063";"154 686 012";"A01";"1";"32";"0";"2";"1";"13";"1";
"202000032064";"154 686 009";"A01";"1";"7";"0";"2";"2";"1";"1";
"202000032064";"154 686 010";"B01";"1";"1";"0";"2";"8";"1";"5";
"202000032065";"154 686 008";"A01";"0";"7";"0";"1";"1";"13";"1";
"202000032066";"154 686 006";"B01";"0";"7";"0";"2";"4";"1";"1";
"202000032066";"154 686 007";"A01";"0";"7";"1";"2";"1";"1";"1";
"202000032067";"154 686 002";"D01";"2";"10";"11";"0";"3";"21";"1";
"202000032067";"154 686 003";"C01";"2";"7";"0";"2";"4";"2";"1";
"202000032067";"154 686 004";"B01";"2";"7";"0";"2";"4";"2";"1";
"202000032067";"154 686 005";"A01";"2";"10";"0";"2";"1";"2";"1";
"202000032068";"154 686 001";"A01";"2";"33";"0";"0";"7";"1";"1";
"202000032069";"154 686 000";"A01";"1";"7";"0";"1";"1";"9";"1";
"202000032070";"154 685 999";"A01";"1";"2";"0";"0";"7";"1";"1";
"202000032071";"154 685 997";"B01";"2";"2";"0";"2";"4";"23";"1";
"202000032071";"154 685 998";"A01";"2";"7";"0";"2";"1";"1";"1";
"202000032072";"154 685 994";"C01";"1";"7";"0";"2";"4";"1";"1";
"202000032072";"154 685 995";"B01";"1";"7";"0";"2";"4";"1";"1";
"202000032072";"154 685 996";"A01";"1";"7";"0";"2";"1";"2";"1";
"202000032073";"154 685 992";"B01";"0";"7";"0";"2";"4";"1";"1";
"202000032073";"154 685 993";"A01";"0";"7";"0";"2";"1";"1";"2";
"202000032074";"154 685 991";"A01";"0";"7";"0";"1";"1";"20";"1";
"202000032075";"154 685 989";"B01";"0";"7";"0";"2";"2";"16";"1";
"202000032075";"154 685 990";"A01";"0";"7";"0";"2";"2";"1";"1";
"202000032076";"154 685 988";"A01";"3";"7";"0";"1";"1";"1";"0";
"202000032077";"154 685 986";"B01";"2";"14";"0";"2";"2";"1";"1";
"202000032077";"154 685 987";"A01";"1";"10";"0";"2";"2";"13";"1";
"202000032078";"154 685 984";"A01";"2";"7";"0";"0";"9";"1";"1";
"202000032079";"154 685 982";"B01";"2";"10";"0";"2";"6";"24";"1";
"202000032079";"154 685 983";"A01";"2";"7";"1";"0";"2";"14";"1";
"202000032080";"154 685 980";"A01";"1";"7";"0";"2";"1";"1";"1";
"202000032080";"154 685 981";"B01";"3";"1";"0";"2";"7";"19";"5";
"202000032081";"154 685 979";"A01";"1";"32";"14";"0";"1";"17";"1";
"202000032082";"154 685 977";"B01";"2";"7";"0";"0";"4";"2";"1";
"202000032082";"154 685 978";"A01";"2";"7";"0";"2";"1";"2";"1";
"202000032083";"154 685 976";"A01";"3";"7";"0";"1";"1";"16";"1";
"202000032084";"154 685 975";"A01";"1";"7";"9";"1";"1";"1";"1";
"202000032085";"154 685 973";"A01";"1";"7";"0";"2";"3";"5";"1";
"202000032085";"154 685 974";"B01";"2";"7";"0";"2";"3";"1";"1";
"202000032086";"154 685 971";"A01";"3";"7";"0";"2";"3";"9";"1";
"202000032086";"154 685 972";"B01";"3";"7";"0";"2";"2";"1";"1";
"202000032087";"154 685 969";"B01";"1";"10";"0";"2";"4";"15";"4";
"202000032087";"154 685 970";"A01";"1";"7";"0";"2";"1";"2";"1";
"202000032088";"154 685 967";"A01";"2";"3";"0";"2";"3";"5";"1";
"202000032088";"154 685 968";"B01";"1";"7";"0";"2";"2";"0";"1";
"202000032089";"154 685 965";"B01";"1";"7";"0";"2";"4";"1";"1";
"202000032089";"154 685 966";"A01";"1";"7";"0";"2";"1";"0";"1";
"202000032090";"154 685 963";"A01";"1";"7";"0";"2";"0";"26";"0";
"202000032090";"154 685 964";"B01";"1";"1";"0";"2";"0";"26";"5";
"202000032091";"154 685 961";"B01";"1";"7";"0";"2";"4";"2";"1";
"202000032091";"154 685 962";"A01";"1";"7";"0";"2";"1";"2";"1";
"202000032092";"154 685 959";"B01";"1";"7";"0";"2";"1";"15";"0";
"202000032092";"154 685 960";"A01";"2";"1";"0";"2";"1";"5";"5";
"202000032093";"154 685 957";"A01";"1";"7";"0";"9";"2";"15";"1";
"202000032093";"154 685 958";"B01";"1";"32";"0";"2";"0";"1";"1";
"202000032094";"154 685 954";"B01";"1";"10";"0";"2";"1";"1";"1";
"202000032094";"154 685 955";"A01";"1";"7";"1";"2";"9";"1";"1";
"202000032094";"154 685 956";"C01";"2";"7";"0";"2";"2";"26";"1";
"202000032095";"154 685 952";"A01";"2";"7";"0";"2";"7";"15";"1";
"202000032095";"154 685 953";"B01";"1";"33";"0";"2";"1";"1";"1";
"202000032096";"154 685 951";"A01";"2";"7";"0";"1";"1";"15";"6";
"202000032097";"154 685 950";"A01";"1";"7";"0";"1";"2";"1";"1";
"202000032098";"154 685 949";"A01";"1";"7";"0";"1";"3";"15";"1";
"202000032099";"154 685 948";"A01";"1";"7";"0";"1";"3";"15";"1";