"Num_Acc";"id_vehicule";"num_veh";"senc";"catv";"obs";"obsm";"choc";"manv";"motor";"occutc"
"202000032100";"154 685 947";"A01";"1";"7";"0";"1";"3";"2";"0";
"202000032101";"154 685 945";"A01";"2";"7";"0";"2";"3";"9";"1";
"202000032101";"154 685 946";"B01";"1";"7";"0";"2";"2";"1";"1";
"202000032102";"154 685 943";"A01";"2";"7";"0";"2";"2";"2";"1";
"202000032102";"154 685 944";"B01";"2";"7";"0";"2";"6";"23";"1";
"202000032103";"154 685 942";"A01";"0";"7";"0";"1";"1";"1";"1";
"202000032104";"154 685 941";"A01";"1";"7";"0";"1";"0";"1";"1";
"202000032105";"154 685 940";"A01";"1";"7";"0";"1";"1";"1";"1";
"202000032106";"154 685 939";"A01";"3";"10";"0";"1";"4";"4";"1";
"202000032107";"154 685 937";"B01";"1";"37";"0";"2";"2";"1";"1";"3"
"202000032107";"154 685 938";"A01";"1";"7";"0";"2";"3";"15";"1";
"202000032108";"154 685 936";"Z01";"2";"7";"0";"1";"1";"1";"0";
"202000032109";"154 685 934";"A01";"2";"7";"0";"2";"2";"15";"0";
"202000032109";"154 685 935";"B01";"1";"32";"0";"2";"1";"1";"0";
"202000032110";"154 685 932";"B01";"1";"7";"0";"2";"3";"15";"0";
"202000032110";"154 685 933";"Z01";"1";"7";"9";"2";"1";"17";"0";
"202000032111";"154 685 931";"A01";"1";"7";"0";"1";"1";"1";"1";
"202000032112";"154 685 928";"A01";"1";"7";"0";"2";"7";"15";"1";
"202000032112";"154 685 929";"B01";"2";"7";"0";"2";"1";"1";"1";
"202000032112";"154 685 930";"C01";"2";"7";"0";"2";"1";"0";"1";
"202000032113";"154 685 927";"A01";"0";"7";"0";"1";"4";"20";"1";
"202000032114";"154 685 925";"A01";"0";"7";"0";"2";"3";"1";"1";
"202000032114";"154 685 926";"B01";"0";"1";"0";"2";"0";"1";"5";
"202000032115";"154 685 923";"A01";"2";"10";"0";"2";"1";"2";"1";
"202000032115";"154 685 924";"B01";"2";"33";"0";"2";"4";"2";"1";
"202000032116";"154 685 922";"A01";"3";"7";"0";"1";"1";"1";"1";
"202000032117";"154 685 921";"A01";"1";"7";"2";"0";"1";"14";"1";
"202000032118";"154 685 920";"Z01";"2";"7";"0";"1";"0";"0";"1";
"202000032119";"154 685 919";"A01";"1";"33";"0";"1";"1";"7";"1";
"202000032120";"154 685 917";"A01";"2";"7";"0";"2";"1";"1";"1";
"202000032120";"154 685 918";"B01";"1";"7";"0";"2";"1";"1";"1";
"202000032121";"154 685 916";"A01";"1";"7";"0";"1";"1";"1";"1";
"202000032122";"154 685 913";"C01";"2";"7";"0";"2";"4";"2";"1";
"202000032122";"154 685 914";"B01";"2";"7";"0";"2";"4";"2";"1";
"202000032122";"154 685 915";"A01";"2";"7";"0";"2";"1";"1";"1";
"202000032123";"154 685 910";"B01";"2";"7";"0";"2";"8";"1";"1";
"202000032123";"154 685 911";"A01";"2";"7";"0";"2";"0";"9";"1";
"202000032123";"154 685 912";"C01";"2";"7";"0";"2";"3";"1";"1";
"202000032124";"154 685 908";"A01";"1";"7";"0";"2";"1";"1";"1";
"202000032124";"154 685 909";"B01";"2";"7";"0";"2";"1";"1";"1";
"202000032125";"154 685 906";"A01";"2";"1";"0";"2";"0";"9";"5";
"202000032125";"154 685 907";"B01";"2";"7";"0";"2";"1";"15";"1";
"202000032126";"154 685 905";"A01";"2";"7";"0";"1";"1";"1";"1";
"202000032127";"154 685 903";"A01";"3";"10";"0";"2";"8";"19";"1";
"202000032127";"154 685 904";"B01";"3";"7";"0";"2";"2";"1";"1";
"202000032128";"154 685 902";"A01";"1";"7";"1";"0";"1";"16";"1";
"202000032129";"154 685 901";"A01";"1";"7";"6";"0";"1";"1";"1";
"202000032130";"154 685 900";"A01";"2";"30";"0";"1";"1";"26";"1";
"202000032131";"154 685 898";"A01";"2";"30";"0";"2";"8";"1";"1";
"202000032131";"154 685 899";"B01";"3";"7";"0";"2";"1";"1";"1";
"202000032132";"154 685 897";"A01";"1";"7";"15";"0";"2";"15";"1";
"202000032133";"154 685 894";"C01";"1";"7";"0";"2";"1";"2";"1";
"202000032133";"154 685 895";"B01";"1";"7";"0";"2";"1";"2";"1";
"202000032133";"154 685 896";"A01";"3";"7";"0";"9";"4";"2";"1";
"202000032134";"154 685 892";"A01";"2";"7";"3";"2";"4";"2";"1";
"202000032134";"154 685 893";"B01";"1";"7";"3";"2";"1";"2";"1";
"202000032135";"154 685 891";"A01";"1";"7";"0";"0";"0";"1";"1";
"202000032136";"154 685 890";"A01";"2";"30";"0";"2";"0";"1";"1";
"202000032137";"154 685 889";"A01";"1";"14";"0";"1";"2";"16";"1";
"202000032138";"154 685 887";"B01";"2";"7";"0";"2";"8";"10";"1";
"202000032138";"154 685 888";"A01";"2";"10";"0";"2";"1";"1";"1";
"202000032139";"154 685 885";"B01";"3";"7";"0";"2";"3";"1";"0";
"202000032139";"154 685 886";"A01";"3";"7";"0";"2";"2";"1";"0";
"202000032140";"154 685 884";"A01";"2";"15";"0";"0";"3";"1";"1";
"202000032141";"154 685 883";"A01";"2";"7";"2";"0";"1";"1";"1";
"202000032142";"154 685 882";"A01";"2";"7";"4";"0";"3";"1";"1";
"202000032143";"154 685 880";"A01";"3";"7";"0";"2";"2";"1";"1";
"202000032143";"154 685 881";"B01";"0";"7";"0";"2";"1";"1";"1";
"202000032144";"154 685 878";"B01";"2";"7";"0";"2";"1";"17";"1";
"202000032144";"154 685 879";"A01";"2";"1";"0";"0";"4";"1";"5";
"202000032145";"154 685 877";"A01";"1";"7";"13";"0";"2";"0";"4";
"202000032146";"154 685 876";"A01";"1";"7";"7";"9";"3";"1";"1";
"202000032147";"154 685 874";"B01";"2";"33";"0";"2";"1";"1";"1";
"202000032147";"154 685 875";"A01";"2";"7";"0";"2";"3";"1";"1";
"202000032148";"154 685 872";"B01";"1";"7";"0";"2";"2";"1";"1";
"202000032148";"154 685 873";"A01";"2";"7";"0";"2";"2";"19";"1";
"202000032149";"154 685 871";"A01";"1";"33";"0";"0";"8";"1";"0";
"202000032150";"154 685 870";"A01";"1";"33";"0";"0";"3";"1";"1";
"202000032151";"154 685 868";"B01";"1";"7";"0";"2";"1";"1";"1";
"202000032151";"154 685 869";"A01";"2";"2";"0";"2";"1";"1";"1";
"202000032152";"154 685 867";"A01";"2";"2";"0";"0";"0";"1";"0";
"202000032153";"154 685 866";"A01";"1";"7";"10";"0";"2";"1";"1";
"202000032154";"154 685 864";"B01";"2";"33";"0";"2";"2";"17";"0";
"202000032154";"154 685 865";"A01";"2";"7";"0";"2";"3";"13";"0";
"202000032155";"154 685 863";"A01";"1";"34";"0";"0";"0";"1";"1";
"202000032156";"154 685 862";"A01";"1";"7";"8";"0";"1";"15";"1";
"202000032157";"154 685 861";"A01";"3";"1";"14";"0";"1";"2";"5";
"202000032158";"154 685 860";"A01";"1";"7";"0";"0";"0";"0";"1";
"202000032159";"154 685 859";"A01";"2";"7";"0";"1";"2";"5";"1";
"202000032160";"154 685 858";"A01";"3";"7";"0";"1";"3";"9";"1";
"202000032161";"154 685 855";"C01";"1";"15";"0";"2";"3";"1";"1";
"202000032161";"154 685 856";"B01";"2";"7";"0";"2";"8";"1";"1";
"202000032161";"154 685 857";"A01";"2";"7";"0";"2";"3";"13";"1";
"202000032162";"154 685 853";"B01";"2";"7";"0";"2";"1";"1";"1";
"202000032162";"154 685 854";"A01";"1";"7";"0";"2";"7";"13";"1";
"202000032163";"154 685 851";"B01";"1";"7";"0";"2";"3";"1";"1";
"202000032163";"154 685 852";"A01";"2";"7";"0";"2";"3";"13";"2";
"202000032164";"154 685 850";"A01";"1";"7";"13";"0";"8";"14";"0";
"202000032165";"154 685 848";"B01";"0";"1";"0";"2";"0";"0";"5";
"202000032165";"154 685 849";"A01";"0";"7";"0";"2";"0";"0";"1";
"202000032166";"154 685 846";"B01";"2";"7";"0";"2";"2";"19";"1";
"202000032166";"154 685 847";"A01";"1";"7";"0";"2";"1";"1";"1";
"202000032167";"154 685 845";"A01";"1";"33";"6";"0";"8";"11";"1";
"202000032168";"154 685 843";"A01";"0";"7";"0";"2";"1";"13";"0";
"202000032168";"154 685 844";"B01";"3";"7";"0";"2";"1";"1";"0";
"202000032169";"154 685 842";"A01";"1";"15";"3";"0";"7";"14";"1";
"202000032170";"154 685 841";"A01";"1";"7";"13";"0";"2";"1";"1";
"202000032171";"154 685 839";"B01";"2";"10";"0";"2";"2";"1";"1";
"202000032171";"154 685 840";"A01";"1";"7";"4";"2";"5";"13";"1";
"202000032172";"154 685 837";"A01";"2";"7";"0";"2";"1";"13";"1";
"202000032172";"154 685 838";"B01";"1";"7";"0";"2";"1";"1";"1";
"202000032173";"154 685 836";"A01";"1";"33";"0";"0";"0";"0";"1";
"202000032174";"154 685 835";"A01";"0";"7";"0";"1";"1";"16";"1";
"202000032175";"154 685 834";"A01";"1";"7";"0";"0";"0";"1";"0";
"202000032176";"154 685 833";"A01";"2";"7";"2";"0";"1";"1";"1";
"202000032177";"154 685 831";"A01";"1";"7";"0";"2";"1";"15";"1";
"202000032177";"154 685 832";"B01";"0";"36";"0";"2";"1";"1";"1";
"202000032178";"154 685 830";"A01";"3";"7";"6";"0";"7";"21";"1";
"202000032179";"154 685 828";"A01";"3";"7";"1";"0";"3";"1";"0";
"202000032179";"154 685 829";"B01";"3";"7";"0";"2";"2";"0";"0";
"202000032180";"154 685 826";"B01";"1";"14";"0";"2";"8";"1";"1";
"202000032180";"154 685 827";"A01";"2";"10";"0";"2";"8";"13";"1";
"202000032181";"154 685 824";"B01";"3";"7";"0";"9";"7";"1";"1";
"202000032181";"154 685 825";"A01";"3";"1";"0";"2";"1";"16";"5";
"202000032182";"154 685 823";"A01";"0";"99";"0";"0";"8";"2";"1";
"202000032183";"154 685 822";"A01";"2";"1";"6";"0";"1";"0";"5";
"202000032184";"154 685 819";"B01";"2";"99";"0";"2";"1";"15";"3";
"202000032184";"154 685 820";"A01";"2";"7";"0";"2";"7";"1";"1";
"202000032185";"154 685 816";"A01";"1";"7";"0";"0";"9";"1";"1";
"202000032186";"154 685 815";"A01";"0";"7";"1";"0";"2";"1";"1";
"202000032187";"154 685 814";"A01";"1";"7";"3";"0";"1";"26";"1";
"202000032188";"154 685 813";"A01";"1";"33";"0";"2";"4";"26";"1";
"202000032189";"154 685 810";"C01";"1";"7";"0";"2";"4";"1";"1";
"202000032189";"154 685 811";"B01";"1";"7";"0";"2";"4";"1";"1";
"202000032189";"154 685 812";"A01";"1";"7";"0";"2";"1";"1";"1";
"202000032190";"154 685 809";"A01";"1";"7";"0";"2";"0";"9";"1";
"202000032191";"154 685 807";"A01";"2";"7";"0";"2";"3";"9";"1";
"202000032191";"154 685 808";"B01";"2";"7";"0";"2";"3";"1";"1";
"202000032192";"154 685 806";"A01";"2";"7";"4";"0";"7";"14";"1";
"202000032193";"154 685 803";"A01";"1";"7";"0";"2";"8";"3";"1";
"202000032193";"154 685 804";"B01";"1";"7";"0";"2";"5";"1";"1";
"202000032193";"154 685 805";"C01";"1";"7";"0";"2";"8";"1";"1";
"202000032194";"154 685 802";"A01";"2";"7";"4";"0";"3";"17";"1";
"202000032195";"154 685 799";"B01";"1";"7";"0";"2";"5";"1";"1";
"202000032195";"154 685 800";"A01";"1";"33";"0";"2";"1";"3";"1";
"202000032195";"154 685 801";"C01";"1";"7";"0";"2";"4";"13";"1";
"202000032196";"154 685 797";"A01";"2";"7";"0";"2";"8";"11";"1";
"202000032196";"154 685 798";"B01";"2";"7";"0";"2";"7";"1";"1";
"202000032197";"154 685 796";"A01";"2";"33";"16";"0";"5";"12";"1";
"202000032198";"154 685 795";"A01";"3";"7";"8";"0";"2";"1";"1";
"202000032199";"154 685 793";"B01";"2";"30";"0";"2";"1";"1";"0";
"202000032199";"154 685 794";"A01";"2";"7";"0";"2";"6";"15";"1";
"202000032200";"154 685 791";"B01";"1";"2";"0";"2";"7";"1";"1";
"202000032200";"154 685 792";"A01";"1";"7";"0";"2";"1";"1";"1";
"202000032201";"154 685 789";"A01";"3";"7";"0";"2";"1";"2";"1";
"202000032201";"154 685 790";"B01";"3";"7";"0";"2";"4";"1";"1";
"202000032202";"154 685 788";"A01";"2";"10";"0";"1";"1";"2";"0";
"202000032203";"154 685 787";"Z01";"1";"0";"0";"1";"1";"1";"0";
"202000032204";"154 685 784";"A01";"2";"7";"0";"2";"1";"15";"1";
"202000032204";"154 685 785";"C01";"1";"7";"0";"2";"1";"1";"1";
"202000032204";"154 685 786";"B01";"1";"34";"0";"2";"1";"1";"1";
"202000032205";"154 685 782";"A01";"1";"30";"0";"2";"1";"26";"1";
"202000032205";"154 685 783";"B01";"1";"7";"0";"2";"1";"15";"1";
"202000032206";"154 685 780";"B01";"2";"38";"14";"0";"3";"0";"0";"2"
"202000032206";"154 685 781";"A01";"2";"30";"14";"0";"1";"26";"1";
"202000032207";"154 685 778";"B01";"3";"30";"0";"2";"1";"0";"1";
"202000032207";"154 685 779";"A01";"0";"7";"1";"0";"6";"0";"1";
"202000032208";"154 685 776";"A01";"1";"7";"0";"2";"6";"16";"0";
"202000032208";"154 685 777";"B01";"1";"33";"0";"2";"1";"1";"0";
"202000032209";"154 685 775";"A01";"1";"37";"0";"1";"2";"9";"1";"1"
"202000032210";"154 685 774";"A01";"1";"7";"6";"0";"3";"13";"1";
"202000032211";"154 685 768";"B01";"1";"7";"0";"2";"8";"1";"1";
"202000032211";"154 685 769";"A01";"1";"7";"0";"2";"1";"1";"1";
"202000032212";"154 685 767";"A01";"1";"36";"15";"0";"1";"14";"1";
"202000032213";"154 685 765";"A01";"1";"7";"0";"2";"1";"2";"1";
"202000032213";"154 685 766";"B01";"1";"7";"0";"2";"4";"2";"1";
"202000032214";"154 685 763";"B01";"1";"7";"0";"2";"8";"15";"0";
"202000032214";"154 685 764";"A01";"1";"33";"0";"2";"1";"17";"1";
"202000032215";"154 685 762";"A01";"3";"3";"13";"0";"1";"1";"1";
"202000032216";"154 685 759";"A01";"1";"7";"0";"2";"1";"2";"1";
"202000032216";"154 685 760";"C01";"1";"7";"0";"2";"4";"0";"1";
"202000032216";"154 685 761";"B01";"1";"7";"0";"2";"4";"2";"1";
"202000032217";"154 685 757";"B01";"1";"33";"0";"2";"1";"1";"1";
"202000032217";"154 685 758";"A01";"1";"7";"0";"2";"2";"9";"1";
"202000032218";"154 685 756";"A01";"2";"7";"0";"9";"0";"9";"1";
"202000032219";"154 685 754";"A01";"1";"7";"6";"2";"1";"13";"1";
"202000032219";"154 685 755";"B01";"2";"7";"0";"2";"1";"1";"1";
"202000032220";"154 685 752";"B01";"1";"7";"0";"2";"4";"23";"1";
"202000032220";"154 685 753";"A01";"1";"7";"0";"2";"1";"1";"1";
"202000032221";"154 685 751";"A01";"1";"7";"1";"0";"3";"1";"1";
"202000032222";"154 685 749";"A01";"3";"7";"0";"2";"8";"10";"1";
"202000032222";"154 685 750";"B01";"3";"7";"0";"2";"1";"1";"0";
"202000032223";"154 685 748";"A01";"1";"30";"0";"0";"1";"1";"1";
"202000032224";"154 685 747";"A01";"2";"7";"2";"0";"1";"14";"1";
"202000032225";"154 685 746";"A01";"2";"31";"12";"0";"0";"1";"1";
"202000032226";"154 685 745";"A01";"3";"0";"0";"1";"0";"15";"0";
"202000032227";"154 685 741";"A01";"3";"31";"0";"2";"1";"13";"0";
"202000032227";"154 685 742";"B01";"3";"7";"0";"2";"1";"0";"1";
"202000032228";"154 685 740";"A01";"1";"7";"15";"0";"8";"1";"1";
"202000032229";"154 685 738";"Z01";"1";"7";"0";"2";"1";"2";"1";
"202000032229";"154 685 739";"A01";"1";"7";"0";"2";"4";"1";"1";
"202000032230";"154 685 736";"Z01";"3";"7";"0";"2";"0";"0";"0";
"202000032230";"154 685 737";"B01";"2";"34";"0";"2";"1";"1";"1";
"202000032231";"154 685 734";"A01";"1";"7";"6";"2";"1";"13";"1";
"202000032231";"154 685 735";"B01";"1";"7";"0";"2";"4";"1";"1";
"202000032232";"154 685 733";"A01";"1";"7";"3";"0";"7";"15";"1";
"202000032233";"154 685 731";"B01";"3";"10";"0";"2";"3";"1";"0";
"202000032233";"154 685 732";"A01";"3";"10";"0";"2";"2";"19";"0";
"202000032234";"154 685 728";"C01";"2";"7";"0";"2";"4";"1";"1";
"202000032234";"154 685 729";"B01";"2";"7";"0";"2";"4";"1";"1";
"202000032234";"154 685 730";"A01";"2";"7";"0";"2";"1";"1";"1";
"202000032235";"154 685 727";"A01";"2";"7";"0";"1";"2";"1";"1";
"202000032236";"154 685 725";"B01";"2";"33";"0";"2";"1";"1";"1";
"202000032236";"154 685 726";"A01";"3";"7";"0";"2";"3";"15";"1";
"202000032237";"154 685 722";"C01";"2";"1";"1";"2";"0";"0";"5";
"202000032237";"154 685 723";"B01";"2";"33";"0";"0";"0";"0";"1";
"202000032237";"154 685 724";"A01";"2";"33";"0";"2";"1";"14";"1";
"202000032238";"154 685 720";"A01";"2";"7";"0";"2";"1";"13";"1";
"202000032238";"154 685 721";"B01";"1";"10";"0";"2";"3";"1";"1";
"202000032239";"154 685 718";"B01";"1";"7";"0";"2";"1";"1";"1";
"202000032239";"154 685 719";"A01";"1";"7";"0";"2";"1";"1";"1";
"202000032240";"154 685 716";"A01";"1";"7";"0";"2";"7";"12";"1";
"202000032240";"154 685 717";"B01";"1";"43";"0";"2";"3";"3";"1";
"202000032241";"154 685 715";"A01";"2";"33";"0";"0";"8";"9";"1";
"202000032242";"154 685 713";"A01";"1";"33";"0";"2";"1";"1";"1";
"202000032242";"154 685 714";"B01";"2";"7";"0";"2";"8";"1";"1";
"202000032243";"154 685 711";"B01";"1";"7";"0";"2";"3";"1";"1";
"202000032243";"154 685 712";"A01";"2";"30";"0";"2";"1";"1";"3";
"202000032244";"154 685 709";"A01";"1";"7";"0";"2";"1";"2";"1";
"202000032244";"154 685 710";"B01";"1";"30";"0";"2";"4";"24";"1";
"202000032245";"154 685 707";"A01";"1";"7";"0";"2";"3";"1";"1";
"202000032245";"154 685 708";"B01";"1";"1";"0";"2";"1";"1";"5";
"202000032246";"154 685 705";"B01";"2";"7";"0";"2";"3";"15";"1";
"202000032246";"154 685 706";"A01";"2";"33";"0";"2";"2";"17";"1";
"202000032247";"154 685 704";"A01";"0";"50";"12";"0";"1";"25";"3";
"202000032248";"154 685 703";"A01";"1";"7";"0";"1";"2";"1";"1";
"202000032249";"154 685 702";"A01";"1";"7";"9";"0";"1";"13";"1";
"202000032250";"154 685 700";"A01";"2";"7";"0";"2";"3";"10";"1";
"202000032250";"154 685 701";"B01";"2";"33";"0";"2";"1";"17";"1";
"202000032251";"154 685 699";"Z01";"2";"7";"0";"1";"2";"1";"0";
"202000032252";"154 685 697";"A01";"1";"7";"0";"2";"2";"16";"1";
"202000032252";"154 685 698";"B01";"1";"33";"0";"2";"8";"7";"1";
"202000032253";"154 685 695";"A01";"2";"7";"0";"2";"1";"15";"1";
"202000032253";"154 685 696";"B01";"1";"33";"0";"2";"3";"2";"1";
"202000032254";"154 685 693";"A01";"1";"1";"0";"2";"2";"2";"5";
"202000032254";"154 685 694";"B01";"1";"50";"0";"2";"3";"2";"3";
"202000032255";"154 685 691";"A01";"2";"7";"0";"2";"8";"13";"1";
"202000032255";"154 685 692";"B01";"2";"2";"14";"2";"7";"17";"1";
"202000032256";"154 685 689";"A01";"1";"1";"0";"2";"3";"1";"5";
"202000032256";"154 685 690";"Z01";"1";"7";"0";"2";"7";"1";"0";
"202000032257";"154 685 688";"A01";"1";"1";"14";"0";"1";"14";"5";
"202000032258";"154 685 685";"B01";"3";"7";"0";"2";"8";"1";"1";
"202000032258";"154 685 686";"A01";"3";"7";"0";"2";"1";"1";"1";
"202000032259";"154 685 683";"B01";"3";"7";"0";"2";"0";"0";"1";
"202000032259";"154 685 684";"A01";"3";"1";"0";"2";"1";"15";"5";
"202000032260";"154 685 680";"C01";"3";"7";"0";"2";"3";"23";"0";
"202000032260";"154 685 681";"A01";"2";"7";"0";"2";"2";"16";"1";
"202000032260";"154 685 682";"B01";"3";"30";"0";"2";"1";"16";"1";
"202000032261";"154 685 679";"A01";"1";"7";"0";"1";"2";"9";"0";
"202000032262";"154 685 677";"Y01";"1";"50";"0";"2";"1";"1";"3";
"202000032262";"154 685 678";"A01";"1";"7";"16";"2";"5";"4";"1";
"202000032263";"154 685 675";"B01";"3";"10";"0";"2";"7";"1";"0";
"202000032263";"154 685 676";"A01";"3";"7";"0";"2";"3";"14";"1";
"202000032264";"154 685 673";"B01";"1";"7";"0";"2";"7";"0";"1";
"202000032264";"154 685 674";"A01";"1";"30";"0";"2";"1";"19";"1";
"202000032265";"154 685 672";"A01";"1";"10";"0";"1";"3";"15";"0";
"202000032266";"154 685 670";"B01";"1";"32";"0";"2";"8";"1";"1";
"202000032266";"154 685 671";"A01";"1";"7";"0";"2";"1";"9";"1";
"202000032267";"154 685 669";"A01";"2";"30";"1";"0";"7";"14";"3";
"202000032268";"154 685 667";"B01";"1";"7";"8";"2";"3";"19";"1";
"202000032268";"154 685 668";"A01";"2";"7";"0";"2";"2";"19";"1";
"202000032269";"154 685 665";"B01";"1";"37";"0";"2";"0";"1";"1";"1"
"202000032269";"154 685 666";"A01";"2";"1";"0";"2";"0";"5";"5";
"202000032270";"154 685 664";"A01";"2";"32";"0";"1";"2";"17";"6";
"202000032271";"154 685 662";"A01";"1";"10";"0";"2";"2";"16";"1";
"202000032271";"154 685 663";"B01";"2";"1";"0";"2";"1";"2";"5";
"202000032272";"154 685 661";"A01";"2";"7";"8";"0";"1";"1";"1";
"202000032273";"154 685 659";"B01";"1";"7";"0";"9";"3";"1";"1";
"202000032273";"154 685 660";"A01";"2";"15";"0";"2";"3";"1";"1";
"202000032274";"154 685 657";"A01";"2";"7";"0";"0";"0";"15";"1";
"202000032274";"154 685 658";"B01";"2";"33";"0";"0";"7";"17";"1";
"202000032275";"154 685 656";"A01";"1";"7";"13";"0";"9";"1";"1";
"202000032276";"154 685 654";"A01";"2";"7";"0";"0";"6";"2";"1";
"202000032276";"154 685 655";"B01";"2";"2";"0";"2";"1";"1";"1";
"202000032277";"154 685 652";"A01";"1";"33";"0";"2";"1";"13";"0";
"202000032277";"154 685 653";"B01";"2";"7";"0";"2";"1";"1";"0";
"202000032278";"154 685 650";"B01";"2";"7";"0";"2";"3";"1";"1";
"202000032278";"154 685 651";"A01";"2";"34";"0";"2";"1";"13";"1";
"202000032279";"154 685 649";"A01";"1";"10";"3";"0";"4";"2";"1";
"202000032280";"154 685 647";"A01";"1";"7";"0";"2";"6";"18";"1";
"202000032280";"154 685 648";"B01";"1";"7";"0";"2";"2";"2";"1";
"202000032281";"154 685 646";"A01";"1";"33";"16";"0";"0";"2";"1";
"202000032282";"154 685 644";"B01";"2";"37";"0";"2";"3";"1";"1";"1"
"202000032282";"154 685 645";"A01";"3";"7";"0";"2";"2";"19";"1";
"202000032283";"154 685 642";"A01";"1";"7";"0";"2";"1";"9";"1";
"202000032283";"154 685 643";"B01";"1";"7";"0";"0";"4";"1";"1";
"202000032284";"154 685 640";"B01";"2";"17";"0";"2";"6";"2";"1";
"202000032284";"154 685 641";"A01";"2";"7";"0";"2";"2";"2";"1";
"202000032285";"154 685 639";"A01";"1";"7";"0";"1";"3";"21";"1";
"202000032286";"154 685 638";"A01";"1";"7";"8";"0";"1";"1";"1";
"202000032287";"154 685 635";"B01";"3";"1";"0";"2";"1";"1";"5";
"202000032287";"154 685 636";"A01";"3";"1";"0";"0";"4";"13";"5";
"202000032288";"154 685 633";"A01";"1";"7";"0";"2";"0";"12";"1";
"202000032288";"154 685 634";"B01";"1";"43";"0";"2";"8";"18";"1";
"202000032289";"154 685 632";"A01";"2";"7";"13";"0";"3";"1";"1";
"202000032290";"154 685 630";"A01";"2";"33";"0";"2";"1";"13";"1";
"202000032290";"154 685 631";"B01";"1";"7";"0";"2";"7";"1";"1";
"202000032291";"154 685 628";"A01";"2";"7";"0";"2";"1";"13";"1";
"202000032291";"154 685 629";"B01";"1";"17";"0";"2";"1";"1";"1";
"202000032292";"154 685 626";"B01";"2";"7";"0";"2";"3";"21";"1";
"202000032292";"154 685 627";"A01";"1";"1";"0";"2";"1";"13";"5";
"202000032293";"154 685 625";"A01";"2";"7";"6";"0";"3";"13";"0";
"202000032294";"154 685 624";"A01";"1";"33";"0";"0";"0";"1";"1";
"202000032295";"154 685 623";"A01";"1";"2";"15";"0";"7";"1";"0";
"202000032296";"154 685 622";"A01";"1";"7";"2";"0";"8";"1";"1";
"202000032297";"154 685 621";"A01";"3";"7";"16";"0";"9";"14";"1";
"202000032298";"154 685 620";"A01";"1";"7";"13";"0";"1";"1";"1";
"202000032299";"154 685 618";"B01";"1";"2";"0";"2";"4";"9";"1";
"202000032299";"154 685 619";"A01";"1";"7";"0";"2";"1";"1";"1";
"202000032300";"154 685 617";"A01";"2";"7";"1";"1";"2";"17";"1";
"202000032301";"154 685 616";"A01";"1";"3";"13";"0";"2";"1";"1";
"202000032302";"154 685 614";"A01";"1";"7";"0";"2";"2";"15";"1";
"202000032302";"154 685 615";"B01";"2";"1";"0";"2";"1";"1";"5";
"202000032303";"154 685 612";"B01";"2";"3";"0";"2";"1";"1";"1";
"202000032303";"154 685 613";"A01";"2";"7";"0";"2";"7";"1";"1";
"202000032304";"154 685 610";"B01";"2";"33";"0";"2";"1";"1";"1";
"202000032304";"154 685 611";"A01";"1";"7";"0";"2";"2";"1";"1";
"202000032305";"154 685 609";"A01";"0";"33";"2";"0";"0";"1";"1";
"202000032306";"154 685 608";"A01";"0";"33";"2";"0";"1";"19";"1";
"202000032307";"154 685 606";"A01";"1";"7";"0";"2";"3";"15";"0";
"202000032307";"154 685 607";"B01";"2";"33";"0";"2";"1";"15";"0";
"202000032308";"154 685 604";"B01";"1";"33";"0";"2";"1";"1";"1";
"202000032308";"154 685 605";"A01";"1";"7";"0";"2";"1";"15";"1";
"202000032309";"154 685 603";"A01";"1";"1";"0";"0";"0";"1";"5";
"202000032310";"154 685 602";"A01";"2";"7";"0";"0";"9";"1";"1";
"202000032311";"154 685 600";"A01";"3";"2";"0";"2";"1";"21";"1";
"202000032311";"154 685 601";"B01";"3";"2";"0";"2";"0";"21";"1";
"202000032312";"154 685 599";"A01";"1";"7";"6";"0";"1";"13";"1";
"202000032313";"154 685 598";"A01";"1";"7";"0";"1";"3";"1";"1";
"202000032314";"154 685 596";"B01";"3";"7";"0";"2";"2";"1";"1";
"202000032314";"154 685 597";"A01";"3";"2";"0";"2";"1";"13";"1";
"202000032315";"154 685 594";"A01";"2";"33";"6";"0";"2";"13";"1";
"202000032315";"154 685 595";"B01";"2";"10";"0";"2";"2";"1";"1";
"202000032316";"154 685 593";"A01";"2";"1";"4";"0";"1";"1";"6";
"202000032317";"154 685 591";"A01";"1";"1";"0";"2";"1";"13";"5";
"202000032317";"154 685 592";"B01";"2";"7";"6";"2";"3";"1";"1";
"202000032318";"154 685 589";"B01";"2";"10";"0";"2";"3";"1";"1";
"202000032318";"154 685 590";"A01";"1";"7";"0";"2";"3";"13";"1";
"202000032319";"154 685 587";"A01";"1";"33";"0";"2";"1";"1";"1";
"202000032319";"154 685 588";"B01";"2";"7";"0";"2";"3";"1";"1";
"202000032320";"154 685 586";"A01";"1";"7";"0";"0";"8";"1";"1";
"202000032321";"154 685 584";"B01";"2";"7";"0";"2";"6";"1";"6";
"202000032321";"154 685 585";"A01";"2";"2";"0";"2";"1";"15";"1";
"202000032322";"154 685 582";"B01";"2";"7";"0";"2";"1";"1";"1";
"202000032322";"154 685 583";"A01";"1";"7";"0";"2";"3";"13";"1";
"202000032323";"154 685 580";"A01";"0";"2";"0";"2";"1";"16";"1";