"Num_Acc";"id_vehicule";"num_veh";"senc";"catv";"obs";"obsm";"choc";"manv";"motor";"occutc"
"202000032555";"154 685 205";"B01";"3";"33";"0";"2";"2";"3";"1";
"202000032555";"154 685 208";"A01";"3";"7";"0";"2";"3";"15";"1";
"202000032556";"154 685 204";"A01";"1";"7";"0";"1";"3";"15";"1";
"202000032557";"154 685 201";"C01";"2";"7";"0";"2";"0";"0";"1";
"202000032557";"154 685 202";"B01";"2";"7";"0";"2";"0";"0";"1";
"202000032557";"154 685 203";"A01";"2";"7";"0";"2";"0";"0";"1";
"202000032558";"154 685 200";"A01";"1";"34";"0";"2";"7";"17";"1";
"202000032559";"154 685 197";"A01";"1";"37";"0";"2";"1";"26";"1";"1"
"202000032559";"154 685 198";"B01";"1";"32";"0";"2";"3";"0";"1";
"202000032560";"154 685 196";"B01";"2";"33";"0";"2";"1";"1";"1";
"202000032560";"154 685 199";"A01";"1";"7";"0";"2";"2";"15";"1";
"202000032561";"154 685 195";"A01";"2";"7";"0";"1";"1";"16";"1";
"202000032562";"154 685 191";"A01";"2";"15";"0";"2";"4";"24";"1";
"202000032562";"154 685 193";"B01";"2";"7";"1";"0";"1";"1";"1";
"202000032563";"154 685 192";"A01";"3";"1";"0";"2";"2";"26";"5";
"202000032563";"154 685 194";"B01";"3";"7";"0";"2";"3";"1";"1";
"202000032564";"154 685 189";"A01";"1";"7";"0";"0";"6";"9";"6";
"202000032564";"154 685 190";"B01";"1";"7";"0";"2";"1";"1";"6";
"202000032565";"154 685 187";"B01";"2";"7";"0";"2";"2";"11";"1";
"202000032565";"154 685 188";"A01";"1";"30";"0";"2";"1";"13";"1";
"202000032566";"154 685 185";"A01";"3";"7";"0";"2";"1";"2";"1";
"202000032566";"154 685 186";"B01";"3";"7";"0";"2";"4";"2";"1";
"202000032567";"154 685 181";"A01";"2";"7";"0";"2";"6";"15";"1";
"202000032567";"154 685 182";"B01";"1";"30";"0";"2";"1";"1";"1";
"202000032568";"154 685 183";"B01";"2";"1";"0";"2";"0";"0";"5";
"202000032568";"154 685 184";"A01";"1";"7";"0";"9";"2";"15";"1";
"202000032569";"154 685 180";"A01";"1";"7";"0";"1";"1";"1";"1";
"202000032570";"154 685 178";"A01";"1";"7";"0";"2";"1";"2";"1";
"202000032570";"154 685 179";"B01";"1";"7";"0";"2";"4";"2";"1";
"202000032571";"154 685 177";"A01";"1";"7";"0";"1";"2";"1";"0";
"202000032572";"154 685 174";"B01";"3";"7";"0";"2";"2";"1";"0";
"202000032572";"154 685 176";"A01";"3";"7";"0";"2";"1";"5";"0";
"202000032573";"154 685 173";"A01";"3";"7";"0";"1";"1";"16";"1";
"202000032574";"154 685 172";"Z01";"1";"0";"0";"1";"1";"19";"0";
"202000032575";"154 685 175";"A01";"3";"36";"0";"0";"7";"26";"1";
"202000032576";"154 685 169";"B01";"0";"7";"0";"2";"3";"1";"1";
"202000032576";"154 685 170";"A01";"3";"7";"0";"2";"3";"13";"1";
"202000032576";"154 685 171";"C01";"0";"7";"0";"2";"6";"1";"1";
"202000032577";"154 685 168";"A01";"3";"7";"0";"1";"1";"1";"1";
"202000032578";"154 685 165";"A01";"2";"7";"0";"2";"3";"9";" -1";
"202000032578";"154 685 167";"B01";"2";"2";"0";"2";"2";"9";" -1";
"202000032579";"154 685 164";"B01";"2";"15";"0";"2";"8";"1";"1";
"202000032579";"154 685 166";"A01";"1";"7";"0";"2";"3";"5";"1";
"202000032580";"154 685 161";"A01";"2";"10";"0";"2";"3";"9";"0";
"202000032580";"154 685 163";"B01";"2";"31";"0";"2";"7";"1";"0";
"202000032581";"154 685 160";"A01";"1";"7";"0";"2";"3";"26";"1";
"202000032581";"154 685 162";"B01";"3";"7";"0";"2";"3";"26";"1";
"202000032582";"154 685 159";"A01";"3";"10";"0";"1";"4";"4";"1";
"202000032583";"154 685 158";"A01";"3";"33";"2";"0";"0";"13";"1";
"202000032584";"154 685 156";"A01";"2";"10";"0";"2";"8";"9";"1";
"202000032584";"154 685 157";"B01";"1";"1";"0";"2";"1";"2";"5";
"202000032585";"154 685 154";"A01";"2";"7";"0";"2";"1";"1";"1";
"202000032585";"154 685 155";"B01";"1";"10";"0";"2";"3";"1";"1";
"202000032586";"154 685 152";"A01";"1";"7";"0";"2";"8";"15";"1";
"202000032586";"154 685 153";"B01";"1";"2";"0";"2";"1";"17";"1";
"202000032587";"154 685 151";"A01";"2";"50";"0";"0";"0";"1";"3";
"202000032588";"154 685 149";"A01";"2";"7";"0";"2";"1";"2";"1";
"202000032588";"154 685 150";"B01";"2";"7";"0";"1";"4";"2";"1";
"202000032589";"154 685 146";"A01";"3";"32";"0";"2";"1";"15";"1";
"202000032589";"154 685 148";"B01";"3";"7";"0";"2";"1";"1";"1";
"202000032590";"154 685 145";"A01";"1";"7";"0";"2";"6";"11";"1";
"202000032590";"154 685 147";"B01";"1";"32";"0";"2";"2";"1";"1";
"202000032591";"154 685 143";"B01";"3";"3";"0";"2";"4";"1";"1";
"202000032591";"154 685 144";"A01";"3";"7";"0";"2";"1";"1";"1";
"202000032592";"154 685 140";"A01";"1";"7";"0";"1";"3";"1";"1";
"202000032593";"154 685 141";"B01";"2";"7";"0";"2";"1";"1";"1";
"202000032593";"154 685 142";"A01";"1";"7";"0";"2";"2";"15";"1";
"202000032594";"154 685 137";"A01";"2";"7";"13";"0";"1";"21";"1";
"202000032595";"154 685 138";"A01";"2";"7";"0";"2";"3";"1";"0";
"202000032595";"154 685 139";"B01";"1";"7";"0";"0";"0";"0";"0";
"202000032596";"154 685 135";"A01";"2";"7";"4";"0";"3";"13";"1";
"202000032597";"154 685 136";"A01";"2";"33";"13";"0";"1";"1";"1";
"202000032598";"154 685 132";"A01";"1";"10";"0";"2";"3";"1";"1";
"202000032598";"154 685 134";"B01";"1";"7";"0";"2";"2";"1";"1";
"202000032599";"154 685 129";"A01";"1";"7";"0";"2";"2";"1";"1";
"202000032599";"154 685 131";"B01";"2";"30";"0";"2";"1";"17";"1";
"202000032600";"154 685 128";"B01";"1";"1";"0";"2";"2";"9";"5";
"202000032600";"154 685 130";"A01";"1";"7";"0";"2";"1";"9";"1";
"202000032601";"154 685 125";"A01";"1";"3";"0";"2";"4";"2";"1";
"202000032601";"154 685 126";"B01";"1";"7";"0";"2";"4";"2";"1";
"202000032602";"154 685 127";"A01";"1";"17";"3";"0";"3";"0";"1";
"202000032603";"154 685 123";"B01";"1";"1";"0";"2";"6";"26";"5";
"202000032603";"154 685 124";"A01";"1";"7";"0";"9";"2";"9";"0";
"202000032604";"154 685 122";"A01";"3";"7";"4";"0";"1";"26";"1";
"202000032605";"154 685 120";"A01";"1";"7";"0";"2";"1";"0";"1";
"202000032605";"154 685 121";"B01";"1";"7";"0";"2";"7";"0";"1";
"202000032606";"154 685 117";"B01";"3";"7";"0";"2";"2";"15";"1";
"202000032606";"154 685 118";"A01";"3";"7";"0";"2";"1";"16";"1";
"202000032607";"154 685 119";"A01";"1";"7";"13";"0";"1";"1";"0";
"202000032608";"154 685 114";"B01";"3";"31";"0";"2";"3";"1";"1";
"202000032608";"154 685 116";"A01";"3";"21";"0";"2";"1";"1";"1";
"202000032609";"154 685 111";"B01";"1";"7";"8";"0";"4";"2";"1";
"202000032609";"154 685 112";"A01";"1";"7";"12";"2";"1";"18";"1";
"202000032610";"154 685 108";"C01";"1";"7";"13";"2";"4";"23";"1";
"202000032610";"154 685 109";"B01";"1";"7";"14";"1";"4";"23";"1";
"202000032610";"154 685 110";"A01";"1";"7";"14";"1";"1";"2";"1";
"202000032611";"154 685 106";"B01";"2";"7";"0";"2";"3";"1";"1";
"202000032611";"154 685 107";"A01";"1";"30";"0";"2";"3";"9";"1";
"202000032612";"154 685 113";"A01";"2";"2";"0";"2";"1";"1";"1";
"202000032612";"154 685 115";"B01";"2";"7";"0";"2";"3";"1";"1";
"202000032613";"154 685 102";"B01";"1";"7";"0";"2";"4";"1";"1";
"202000032613";"154 685 104";"A01";"1";"10";"0";"2";"1";"1";"1";
"202000032614";"154 685 103";"A01";"2";"7";"0";"2";"1";"15";"1";
"202000032614";"154 685 105";"B01";"2";"34";"0";"2";"7";"1";"1";
"202000032615";"154 685 098";"A01";"0";"7";"0";"2";"1";"9";"1";
"202000032615";"154 685 101";"B01";"0";"1";"0";"2";"5";"1";"0";
"202000032616";"154 685 099";"A01";"0";"1";"0";"2";"8";"25";"5";
"202000032616";"154 685 100";"B01";"0";"7";"0";"2";"3";"1";"1";
"202000032617";"154 685 096";"B01";"1";"41";"0";"0";"0";"0";"1";
"202000032617";"154 685 097";"A01";"1";"7";"0";"2";"8";"15";"1";
"202000032618";"154 685 094";"A01";"0";"7";"7";"0";"1";"1";"1";
"202000032619";"154 685 091";"A01";"0";"7";"0";"2";"2";"1";"1";
"202000032619";"154 685 092";"B01";"0";"31";"0";"2";"1";"1";"1";
"202000032620";"154 685 093";"A01";"0";"7";"0";"2";"3";"15";"1";
"202000032620";"154 685 095";"B01";"0";"33";"0";"2";"3";"1";"1";
"202000032621";"154 685 089";"A01";"0";"7";"0";"2";"1";"1";"1";
"202000032621";"154 685 090";"B01";"0";"7";"0";"2";"4";"1";"1";
"202000032622";"154 685 085";"A01";"0";"7";"0";"2";"1";"9";"1";
"202000032622";"154 685 087";"B01";"0";"31";"0";"2";"8";"1";"1";
"202000032623";"154 685 086";"B01";"0";"33";"0";"2";"1";"1";"1";
"202000032623";"154 685 088";"A01";"1";"7";"0";"9";"2";"15";"1";
"202000032624";"154 685 083";"A01";"1";"7";"1";"0";"1";"1";"1";
"202000032625";"154 685 082";"B01";"0";"1";"0";"2";"7";"1";"5";
"202000032625";"154 685 084";"A01";"0";"33";"0";"2";"7";"1";"1";
"202000032626";"154 685 079";"A01";"3";"7";"0";"2";"1";"9";"1";
"202000032626";"154 685 081";"B01";"1";"17";"0";"2";"2";"1";"1";
"202000032627";"154 685 078";"B01";"1";"1";"0";"2";"8";"1";"5";
"202000032627";"154 685 080";"A01";"1";"1";"0";"2";"2";"17";"5";
"202000032628";"154 685 077";"A01";"1";"7";"6";"0";"1";"16";"1";
"202000032629";"154 685 075";"A01";"0";"7";"0";"2";"5";"1";"1";
"202000032629";"154 685 076";"B01";"0";"7";"0";"2";"1";"1";"1";
"202000032630";"154 685 073";"A01";"1";"7";"15";"0";"1";"0";"1";
"202000032631";"154 685 072";"A01";"1";"7";"0";"2";"8";"9";"3";
"202000032631";"154 685 074";"B01";"2";"14";"0";"2";"2";"1";"1";
"202000032632";"154 685 071";"A01";"1";"7";"1";"0";"2";"14";"1";
"202000032633";"154 685 069";"A01";"2";"30";"0";"2";"1";"2";"1";
"202000032633";"154 685 070";"B01";"2";"0";"0";"2";"4";"1";" -1";
"202000032634";"154 685 066";"B01";"1";"7";"0";"2";"1";"1";"2";
"202000032634";"154 685 067";"A01";"2";"7";"0";"2";"1";"5";"1";
"202000032635";"154 685 065";"B01";"2";"80";"0";"2";"5";"1";"2";
"202000032635";"154 685 068";"A01";"1";"7";"0";"2";"3";"9";"1";
"202000032636";"154 685 063";"A01";"1";"2";"0";"2";"1";"1";"1";
"202000032636";"154 685 064";"B01";"1";"7";"0";"2";"4";"1";"1";
"202000032637";"154 685 062";"A01";"1";"7";"0";"1";"3";"1";"1";
"202000032638";"154 685 060";"A01";"0";"7";"0";"2";"3";"9";"1";
"202000032638";"154 685 061";"B01";"0";"33";"0";"2";"1";"1";"1";
"202000032639";"154 685 058";"A01";"1";"33";"0";"2";"7";"14";"1";
"202000032639";"154 685 059";"B01";"1";"37";"0";"2";"8";"1";"1";"1"
"202000032640";"154 685 056";"A01";"1";"7";"0";"1";"3";"1";"1";
"202000032641";"154 685 057";"A01";"1";"10";"0";"1";"7";"16";"1";
"202000032642";"154 685 048";"A01";"1";"10";"0";"2";"1";"1";"1";
"202000032642";"154 685 050";"B01";"1";"7";"0";"2";"4";"1";"1";
"202000032642";"154 685 052";"C01";"1";"7";"0";"2";"4";"1";"1";
"202000032643";"154 685 049";"E01";"2";"7";"0";"2";"5";"1";"0";
"202000032643";"154 685 051";"D01";"2";"10";"0";"2";"4";"1";"1";
"202000032643";"154 685 053";"C01";"2";"7";"0";"2";"4";"1";"0";
"202000032643";"154 685 054";"B01";"2";"7";"0";"2";"4";"1";"0";
"202000032643";"154 685 055";"A01";"2";"17";"0";"2";"1";"1";"1";
"202000032644";"154 685 045";"B01";"2";"7";"0";"2";"4";"1";"1";
"202000032644";"154 685 046";"A01";"2";"2";"0";"2";"1";"1";"1";
"202000032645";"154 685 044";"A01";"3";"7";"0";"2";"8";"15";"1";
"202000032645";"154 685 047";"B01";"3";"2";"0";"2";"2";"14";"1";
"202000032646";"154 685 043";"A01";"3";"7";"1";"1";"4";"26";"1";
"202000032647";"154 685 042";"A01";"1";"34";"0";"1";"1";"1";"1";
"202000032648";"154 685 041";"A01";"3";"10";"0";"1";"2";"0";"1";
"202000032649";"154 685 040";"A01";"2";"43";"0";"0";"8";"15";"1";
"202000032650";"154 685 038";"A01";"3";"14";"8";"0";"9";"14";"6";
"202000032651";"154 685 037";"B01";"2";"33";"0";"2";"1";"1";"1";
"202000032651";"154 685 039";"A01";"1";"10";"0";"2";"5";"1";"1";
"202000032652";"154 685 035";"A01";"1";"7";"4";"0";"1";"26";"1";
"202000032653";"154 685 032";"A01";"2";"10";"0";"2";"1";"15";"1";
"202000032653";"154 685 033";"B01";"1";"10";"7";"2";"8";"1";"1";
"202000032654";"154 685 034";"A01";"2";"10";"0";"2";"2";"9";"1";
"202000032654";"154 685 036";"B01";"2";"33";"0";"2";"3";"1";"1";
"202000032655";"154 685 031";"A01";"2";"7";"2";"0";"1";"1";"1";
"202000032656";"154 685 030";"A01";"1";"30";"12";"0";"3";"13";"1";
"202000032657";"154 685 029";"A01";"1";"10";"0";"1";"1";"1";"1";
"202000032658";"154 685 026";"A01";"1";"33";"0";"2";"1";"2";"1";
"202000032658";"154 685 028";"B01";"1";"1";"0";"2";"5";"19";"5";
"202000032659";"154 685 025";"B01";"2";"7";"0";"2";"4";"23";"1";
"202000032659";"154 685 027";"A01";"2";"10";"0";"2";"1";"2";"1";
"202000032660";"154 685 023";"A01";"2";"7";"0";"2";"3";"15";"1";
"202000032660";"154 685 024";"B01";"1";"33";"0";"2";"1";"1";"0";
"202000032661";"154 685 021";"B01";"1";"14";"0";"2";"7";"12";"1";
"202000032661";"154 685 022";"A01";"1";"32";"0";"2";"3";"1";"1";
"202000032662";"154 685 019";"A01";"2";"7";"0";"2";"3";"1";"1";
"202000032662";"154 685 020";"B01";"1";"7";"0";"2";"3";"1";"1";
"202000032663";"154 685 017";"A01";"2";"32";"0";"2";"6";"1";"1";
"202000032663";"154 685 018";"Z01";"2";"14";"0";"2";"7";"18";"0";
"202000032664";"154 685 016";"A01";"2";"7";"16";"0";"9";"1";"1";
"202000032665";"154 685 014";"A01";"2";"7";"15";"0";"3";"1";"1";
"202000032666";"154 685 012";"A01";"1";"7";"8";"0";"1";"0";"1";
"202000032667";"154 685 013";"Z01";"1";"10";"0";"2";"0";"11";"0";
"202000032667";"154 685 015";"A01";"1";"43";"0";"2";"1";"1";"1";
"202000032668";"154 685 011";"A01";"3";"2";"0";"0";"0";"1";"1";
"202000032669";"154 685 009";"A01";"1";"30";"0";"2";"2";"2";"1";
"202000032669";"154 685 010";"B01";"1";"32";"0";"2";"6";"23";"1";
"202000032670";"154 685 008";"A01";"1";"7";"8";"0";"1";"1";"1";
"202000032671";"154 685 007";"A01";"1";"0";"0";"1";"0";"0";"0";
"202000032672";"154 685 005";"A01";"1";"7";"0";"2";"3";"11";"1";
"202000032672";"154 685 006";"B01";"1";"33";"0";"2";"7";"2";"1";
"202000032673";"154 685 004";"A01";"1";"1";"0";"1";"1";"1";"5";
"202000032674";"154 685 003";"A01";"1";"10";"0";"1";"3";"1";"1";
"202000032675";"154 685 001";"A01";"1";"7";"0";"2";"3";"24";"1";
"202000032675";"154 685 002";"Z01";"3";"7";"1";"0";"2";"1";"0";
"202000032676";"154 685 000";"A01";"1";"7";"0";"1";"4";"4";"1";
"202000032677";"154 684 999";"A01";"2";"32";"0";"0";"0";"21";"1";
"202000032678";"154 684 997";"A01";"3";"7";"0";"2";"2";"15";"1";
"202000032678";"154 684 998";"B01";"2";"43";"0";"2";"8";"1";"1";
"202000032679";"154 684 995";"A01";"1";"7";"0";"2";"8";"22";"1";
"202000032679";"154 684 996";"B01";"1";"50";"0";"2";"1";"2";"3";
"202000032680";"154 684 993";"A01";"1";"1";"0";"2";"0";"1";"5";
"202000032680";"154 684 994";"B01";"1";"7";"0";"2";"5";"1";"1";
"202000032681";"154 684 992";"A01";"2";"7";"0";"1";"3";"7";"2";
"202000032682";"154 684 991";"A01";"1";"1";"0";"1";"1";"1";"5";
"202000032683";"154 684 989";"A01";"1";"7";"0";"2";"5";"1";"1";
"202000032683";"154 684 990";"B01";"2";"7";"0";"2";"0";"0";"1";
"202000032684";"154 684 987";"A01";"3";"7";"0";"2";"3";"1";"1";
"202000032684";"154 684 988";"B01";"3";"50";"0";"2";"2";"1";"3";
"202000032685";"154 684 986";"A01";"3";"7";"0";"1";"1";"0";"1";
"202000032686";"154 684 985";"A01";"3";"10";"8";"0";"1";"14";"0";
"202000032687";"154 684 983";"A01";" -1";"7";"0";"2";"3";"1";"1";
"202000032687";"154 684 984";"B01";" -1";"7";"0";"2";"4";"1";"1";
"202000032688";"154 684 982";"A01";"3";"7";"0";"1";"1";"9";"2";
"202000032689";"154 684 980";"A01";" -1";"7";"0";"1";"3";"26";"1";
"202000032689";"154 684 981";"B01";" -1";"7";"14";"2";"1";"15";"1";
"202000032690";"154 684 978";"B01";"3";"7";"0";"2";"4";"23";"1";
"202000032690";"154 684 979";"A01";"3";"7";"0";"2";"1";"2";"1";
"202000032691";"154 684 977";"A01";"2";"33";"0";"0";"8";"1";"1";
"202000032692";"154 684 975";"A01";"3";"10";"0";"2";"1";"1";"1";
"202000032692";"154 684 976";"B01";"3";"10";"0";"2";"8";"15";"1";
"202000032693";"154 684 974";"A01";"1";"7";"0";"1";"1";"1";"1";
"202000032694";"154 684 972";"A01";"3";"7";"0";"2";"3";"10";"2";
"202000032694";"154 684 973";"B01";"3";"33";"0";"2";"1";"3";"1";
"202000032695";"154 684 971";"A01";"1";"10";"1";"0";"2";"1";"1";
"202000032696";"154 684 969";"B01";"3";"14";"0";"2";"1";"2";"0";
"202000032696";"154 684 970";"A01";"0";"7";"0";"2";"4";"0";"0";
"202000032697";"154 684 967";"B01";"2";"2";"0";"2";"1";"1";"1";
"202000032697";"154 684 968";"A01";"2";"10";"0";"2";"3";"15";"1";
"202000032698";"154 684 964";"B01";"2";"30";"0";"2";"0";"0";"1";
"202000032698";"154 684 965";"A01";"1";"7";"0";"2";"7";"15";"1";
"202000032699";"154 684 962";"B01";"2";"32";"0";"2";"4";"23";"1";
"202000032699";"154 684 963";"A01";"2";"7";"0";"2";"1";"0";"1";
"202000032700";"154 684 960";"A01";"2";"10";"0";"2";"2";"1";"3";
"202000032700";"154 684 961";"B01";"2";"14";"0";"2";"2";"1";"1";
"202000032701";"154 684 958";"B01";"2";"30";"0";"2";"7";"23";"1";
"202000032701";"154 684 959";"A01";"2";"10";"0";"2";"3";"1";"1";
"202000032702";"154 684 957";"A01";"1";"7";"0";"1";"3";"2";"1";
"202000032703";"154 684 954";"A01";"2";"7";"0";"2";"3";"1";"1";
"202000032703";"154 684 955";"B01";"1";"7";"0";"2";"3";"1";"1";
"202000032703";"154 684 956";"C01";"1";"15";"0";"9";"6";"1";"1";
"202000032704";"154 684 952";"B01";"2";"7";"0";"2";"2";"1";"1";
"202000032704";"154 684 953";"A01";"1";"7";"0";"2";"2";"13";"1";
"202000032705";"154 684 951";"A01";"1";"7";"2";"0";"1";"1";"1";
"202000032706";"154 684 950";"A01";"2";"7";"8";"0";"1";"14";"1";
"202000032707";"154 684 948";"A01";"1";"33";"0";"2";"8";"13";"1";
"202000032707";"154 684 949";"B01";"2";"7";"0";"2";"8";"1";"1";
"202000032708";"154 684 946";"B01";"2";"7";"3";"2";"6";"1";"1";
"202000032708";"154 684 947";"A01";"2";"7";"0";"2";"1";"17";"1";
"202000032709";"154 684 944";"A01";"1";"7";"0";"9";"2";"1";"1";
"202000032709";"154 684 945";"B01";"1";"7";"0";"9";"1";"1";"1";
"202000032710";"154 684 942";"A01";"1";"2";"0";"2";"1";"15";"1";
"202000032710";"154 684 943";"B01";"2";"7";"0";"0";"2";"1";"1";
"202000032711";"154 684 940";"A01";"1";"7";"0";"9";"3";"1";"1";
"202000032711";"154 684 941";"B01";"1";"1";"0";"2";"4";"5";"5";
"202000032712";"154 684 938";"B01";"1";"33";"0";"2";"1";"17";"1";
"202000032712";"154 684 939";"A01";"1";"7";"0";"2";"3";"19";"0";
"202000032713";"154 684 936";"B01";"2";"17";"0";"2";"8";"1";"1";
"202000032713";"154 684 937";"A01";"2";"33";"0";"2";"7";"1";"1";
"202000032714";"154 684 934";"B01";"1";"15";"0";"2";"3";"1";"1";
"202000032714";"154 684 935";"A01";"2";"7";"0";"2";"3";"1";"1";
"202000032715";"154 684 932";"A01";"1";"33";"0";"2";"2";"2";"1";
"202000032715";"154 684 933";"B01";"1";"1";"0";"2";"4";"2";"5";
"202000032716";"154 684 930";"A01";"3";"1";"0";"2";"8";"1";"5";
"202000032716";"154 684 931";"B01";"1";"10";"0";"2";"1";"1";"1";
"202000032717";"154 684 929";"A01";"2";"7";"8";"0";"9";"19";"0";
"202000032718";"154 684 926";"B01";"1";"7";"0";"2";"2";"1";"1";
"202000032718";"154 684 927";"A01";"2";"33";"0";"2";"3";"1";"1";
"202000032719";"154 684 925";"A01";"1";"7";"0";"0";"9";"0";"1";
"202000032720";"154 684 923";"B01";"1";"10";"0";"2";"5";"1";"1";
"202000032720";"154 684 924";"A01";"1";"31";"0";"2";"1";"3";"1";
"202000032721";"154 684 920";"A01";"1";"7";"0";"2";"3";"15";"3";
"202000032721";"154 684 921";"B01";"1";"33";"0";"2";"2";"1";"1";
"202000032722";"154 684 918";"B01";"3";"1";"0";"2";"2";"1";"5";
"202000032722";"154 684 919";"A01";"3";"7";"0";"9";"8";"9";"1";
"202000032723";"154 684 916";"B01";"2";"10";"0";"2";"4";"2";"1";
"202000032723";"154 684 917";"A01";"2";"10";"0";"2";"1";"2";"1";
"202000032724";"154 684 914";"A01";"1";"10";"0";"2";"1";"9";"1";
"202000032724";"154 684 915";"B01";"3";"13";"0";"2";"5";"1";"1";
"202000032725";"154 684 913";"A01";"2";"1";"0";"1";"0";"26";"5";
"202000032726";"154 684 911";"B01";"2";"7";"0";"2";"6";"2";"1";
"202000032726";"154 684 912";"A01";"2";"32";"0";"2";"1";"2";"1";
"202000032727";"154 684 909";"A01";"1";"99";"0";"2";"1";"15";"0";
"202000032727";"154 684 910";"B01";"1";"7";"0";"2";"1";"26";"0";
"202000032728";"154 684 908";"A01";"1";"7";"0";"1";"7";"1";"1";
"202000032729";"154 684 907";"A01";"3";"34";"0";"0";"7";"16";"1";
"202000032730";"154 684 905";"A01";"3";"7";"0";"2";"2";"19";"1";
"202000032730";"154 684 906";"B01";"3";"7";"0";"2";"1";"1";"1";
"202000032731";"154 684 904";"A01";"1";"2";"12";"0";"1";"26";"1";
"202000032732";"154 684 902";"A01";"3";"1";"0";"2";"0";"1";"5";
"202000032732";"154 684 903";"B01";"3";"7";"0";"9";"0";"0";"0";
"202000032733";"154 684 901";"A01";"3";"7";"0";"1";"0";"1";"1";
"202000032734";"154 684 900";"A01";"1";"7";"0";"1";"1";"1";"1";
"202000032735";"154 684 898";"A01";"2";"7";"0";"2";"1";"15";"1";
"202000032735";"154 684 899";"B01";"1";"7";"0";"2";"1";"1";"1";
"202000032736";"154 684 896";"B01";"1";"33";"0";"2";"9";"19";"0";
"202000032736";"154 684 897";"A01";"1";"10";"0";"2";"0";"0";"0";
"202000032737";"154 684 895";"A01";"0";"7";"0";"1";"2";"1";"1";
"202000032738";"154 684 893";"B01";"3";"31";"0";"2";"2";"1";"1";
"202000032738";"154 684 894";"A01";"3";"7";"0";"2";"1";"16";"1";
"202000032739";"154 684 892";"Z01";"3";"7";"0";"1";"0";"0";"0";
"202000032740";"154 684 891";"A01";"3";"7";"0";"1";"1";"1";"1";
"202000032741";"154 684 890";"A01";"2";"30";"1";"0";"1";"14";"1";
"202000032742";"154 684 889";"Z01";"1";"7";"0";"1";"2";"1";"0";
"202000032743";"154 684 888";"A01";"0";"33";"0";"0";"7";"17";"0";
"202000032744";"154 684 886";"A01";"2";"7";"0";"2";"2";"18";"0";
"202000032744";"154 684 887";"B01";"2";"7";"0";"2";"6";"1";"0";
"202000032745";"154 684 885";"A01";"0";"7";"0";"1";"7";"1";"1";
"202000032746";"154 684 884";"A01";"2";"7";"0";"1";"2";"1";"1";
"202000032747";"154 684 882";"Z01";"0";"10";"0";"2";"0";"0";"0";
"202000032747";"154 684 883";"A01";"0";"33";"0";"2";"0";"1";"1";
"202000032748";"154 684 880";"B01";"1";"1";"0";"0";"4";"26";"5";
"202000032748";"154 684 881";"A01";"1";"10";"0";"2";"4";"14";"1";
"202000032749";"154 684 879";"A01";"1";"7";"6";"0";"1";"14";"1";
"202000032750";"154 684 878";"A01";"2";"32";"8";"0";"1";"25";"1";
"202000032751";"154 684 876";"B01";"2";"7";"0";"2";"1";"1";"6";
"202000032751";"154 684 877";"A01";"2";"7";"6";"2";"7";"1";"1";
"202000032752";"154 684 874";"B01";"1";"7";"0";"2";"2";"1";"1";
"202000032752";"154 684 875";"A01";"1";"1";"0";"2";"1";"5";"5";
"202000032753";"154 684 872";"B01";"1";"10";"0";"2";"3";"1";"1";
"202000032753";"154 684 873";"A01";"2";"7";"0";"2";"3";"15";"1";
"202000032754";"154 684 870";"A01";"2";"1";"0";"2";"7";"9";"5";
"202000032754";"154 684 871";"B01";"2";"7";"0";"2";"1";"1";"1";
"202000032755";"154 684 868";"A01";"1";"30";"0";"2";"1";"26";"1";
"202000032755";"154 684 869";"B01";"3";"7";"0";"2";"0";"0";" -1";
"202000032756";"154 684 866";"B01";"1";"7";"0";"2";"4";"1";"1";
"202000032756";"154 684 867";"A01";"1";"32";"0";"2";"1";"1";"1";
"202000032757";"154 684 865";"A01";"3";"32";"0";"1";"2";"21";"1";
"202000032758";"154 684 864";"A01";"1";"32";"0";"0";"0";"1";"1";
"202000032759";"154 684 863";"A01";"1";"30";"0";"2";"8";"21";"1";
"202000032760";"154 684 861";"B01";"2";"7";"0";"2";"7";"1";"1";
"202000032760";"154 684 862";"A01";"2";"7";"0";"2";"1";"9";"1";
"202000032761";"154 684 860";"A01";"3";"10";"0";"1";"2";"1";"1";
"202000032762";"154 684 858";"B01";"1";"7";"0";"2";"4";"23";"1";
"202000032762";"154 684 859";"A01";"1";"30";"0";"2";"1";"2";"1";
"202000032763";"154 684 857";"A01";"2";"7";"16";"1";"7";"16";"0";
"202000032764";"154 684 855";"A01";"3";"1";"0";"2";"7";"1";"5";
"202000032764";"154 684 856";"B01";"3";"7";"0";"2";"0";"0";"1";
"202000032765";"154 684 853";"B01";"2";"2";"0";"2";"1";"1";"1";
"202000032765";"154 684 854";"A01";"0";"7";"0";"2";"3";"20";"1";
"202000032766";"154 684 851";"A01";"2";"50";"0";"2";"2";"10";"3";
"202000032766";"154 684 852";"B01";"1";"31";"6";"2";"3";"21";"1";
"202000032767";"154 684 848";"C01";"2";"1";"0";"2";"4";"1";"5";
"202000032767";"154 684 849";"B01";"2";"7";"0";"2";"4";"1";"1";
"202000032767";"154 684 850";"A01";"2";"7";"0";"2";"1";"2";"1";