"Num_Acc";"id_vehicule";"num_veh";"senc";"catv";"obs";"obsm";"choc";"manv";"motor";"occutc"
"202000033596";"154 683 372";"A01";"3";"7";"0";"2";"1";"26";"1";
"202000033596";"154 683 375";"C01";"3";"7";"0";"2";"4";"26";"1";
"202000033596";"154 683 378";"D01";"3";"7";"0";"2";"4";"26";"1";
"202000033596";"154 683 380";"B01";"3";"7";"0";"2";"4";"2";"1";
"202000033597";"154 683 370";"A01";"3";"7";"0";"1";"1";"1";"1";
"202000033598";"154 683 368";"A01";"1";"7";"6";"0";"1";"26";"1";
"202000033599";"154 683 369";"A01";"2";"7";"4";"0";"0";"14";"1";
"202000033600";"154 683 365";"A01";"0";"50";"0";"0";"1";"1";"3";
"202000033601";"154 683 366";"A01";"1";"7";"4";"0";"1";"1";"1";
"202000033602";"154 683 364";"A01";"1";"7";"0";"2";"0";"1";"1";
"202000033602";"154 683 367";"B01";"1";"7";"0";"2";"2";"15";"1";
"202000033603";"154 683 359";"A01";"1";"10";"0";"2";"6";"11";"1";
"202000033603";"154 683 361";"B01";"1";"33";"0";"2";"2";"3";"1";
"202000033603";"154 683 363";"C01";"1";"7";"0";"2";"4";"1";"1";
"202000033604";"154 683 360";"A01";"1";"7";"0";"2";"1";"1";"1";
"202000033604";"154 683 362";"B01";"1";"30";"0";"2";"4";"1";"1";
"202000033605";"154 683 358";"A01";"1";"7";"6";"1";"2";"21";"1";
"202000033606";"154 683 355";"A01";"1";"7";"14";"0";"1";"13";"1";
"202000033607";"154 683 354";"A01";"2";"7";"0";"2";"2";"12";"1";
"202000033607";"154 683 357";"B01";"2";"33";"0";"2";"3";"3";"1";
"202000033608";"154 683 353";"A01";"1";"33";"0";"2";"7";"2";"1";
"202000033608";"154 683 356";"B01";"1";"7";"0";"2";"8";"15";"1";
"202000033609";"154 683 352";"A01";"1";"7";"0";"1";"2";"1";"1";
"202000033610";"154 683 351";"A01";"1";"17";"4";"0";"8";"13";"1";
"202000033611";"154 683 350";"A01";"1";"7";"13";"0";"7";"14";"1";
"202000033612";"154 683 348";"B01";"1";"31";"0";"2";"7";"0";"1";
"202000033612";"154 683 349";"A01";"1";"7";"0";"2";"8";"13";"1";
"202000033613";"154 683 347";"Z01";"1";"7";"0";"1";"0";"1";"1";
"202000033614";"154 683 345";"B01";"1";"1";"0";"2";"2";"19";"6";
"202000033614";"154 683 346";"A01";"1";"7";"0";"2";"2";"1";"1";
"202000033615";"154 683 343";"A01";"1";"7";"0";"1";"3";"5";"1";
"202000033616";"154 683 340";"A01";"2";"7";"0";"1";"3";"1";"1";
"202000033617";"154 683 341";"B01";"3";"7";"0";"0";"1";"1";"1";
"202000033617";"154 683 342";"A01";"3";"7";"0";"2";"1";"13";"1";
"202000033618";"154 683 339";"A01";"1";"15";"0";"2";"7";"12";"1";
"202000033618";"154 683 344";"B01";"1";"7";"0";"2";"8";"1";"1";
"202000033619";"154 683 333";"B01";"0";"31";"0";"2";"7";"12";"1";
"202000033619";"154 683 337";"A01";"0";"7";"0";"2";"8";"1";"1";
"202000033620";"154 683 334";"A01";"2";"7";"0";"2";"1";"9";"1";
"202000033620";"154 683 336";"C01";"2";"10";"0";"2";"4";"2";"1";
"202000033620";"154 683 338";"B01";"2";"7";"0";"2";"4";"2";"1";
"202000033621";"154 683 332";"B01";"3";"99";"0";"2";"4";"1";"1";
"202000033621";"154 683 335";"A01";"3";"99";"0";"2";"1";"26";"1";
"202000033622";"154 683 329";"A01";"0";"1";"0";"2";"1";"13";"5";
"202000033622";"154 683 331";"B01";"2";"7";"0";"2";"1";"1";"1";
"202000033623";"154 683 328";"B01";"1";"30";"0";"2";"1";"25";"1";
"202000033623";"154 683 330";"A01";"2";"50";"0";"2";"1";"25";"3";
"202000033624";"154 683 327";"A01";"3";"0";"12";"0";"0";"0";"0";
"202000033625";"154 683 326";"A01";"1";"7";"0";"1";"0";"1";"1";
"202000033626";"154 683 322";"A01";"1";"7";"2";"0";"7";"13";"1";
"202000033627";"154 683 323";"B01";"3";"7";"0";"2";"0";"23";"1";
"202000033627";"154 683 325";"A01";"1";"30";"0";"2";"1";"1";"1";
"202000033628";"154 683 321";"A01";"1";"2";"0";"2";"3";"9";"1";
"202000033628";"154 683 324";"B01";"1";"7";"0";"2";"3";"1";"1";
"202000033629";"154 683 318";"B01";"1";"7";"0";"2";"1";"11";"1";
"202000033629";"154 683 320";"A01";"1";"7";"0";"2";"4";"1";"1";
"202000033630";"154 683 317";"A01";"2";"30";"0";"0";"8";"16";"1";
"202000033631";"154 683 316";"A01";"2";"7";"0";"9";"1";"9";"1";
"202000033631";"154 683 319";"B01";"2";"33";"0";"2";"7";"2";"1";
"202000033632";"154 683 312";"B01";"2";"7";"0";"2";"1";"1";"1";
"202000033632";"154 683 315";"A01";"3";"7";"0";"2";"8";"1";"1";
"202000033633";"154 683 311";"A01";"2";"7";"0";"2";"1";"13";"1";
"202000033633";"154 683 313";"B01";"1";"7";"0";"2";"1";"1";"1";
"202000033634";"154 683 314";"A01";"2";"7";"0";"0";"1";"11";"1";
"202000033635";"154 683 308";"A01";"1";"7";"0";"1";"1";"1";"1";
"202000033636";"154 683 309";"A01";"3";"7";"0";"2";"3";"9";"1";
"202000033636";"154 683 310";"B01";"3";"2";"0";"2";"1";"9";"0";
"202000033637";"154 683 306";"A01";"2";"7";"3";"0";"1";"1";"1";
"202000033638";"154 683 305";"A01";"1";"7";"0";"9";"3";"15";"1";
"202000033638";"154 683 307";"B01";"2";"1";"0";"2";"1";"1";"5";
"202000033639";"154 683 302";"A01";"1";"7";"0";"1";"2";"1";"1";
"202000033640";"154 683 301";"B01";"2";"7";"0";"2";"7";"1";"1";
"202000033640";"154 683 304";"A01";"2";"7";"0";"2";"1";"1";"1";
"202000033641";"154 683 298";"A01";"1";"7";"0";"2";"7";"12";"1";
"202000033641";"154 683 299";"B01";"1";"34";"0";"2";"8";"3";"1";
"202000033642";"154 683 300";"A01";"3";"7";"13";"2";"2";"14";"1";
"202000033642";"154 683 303";"B01";"3";"7";"0";"2";"3";"1";"1";
"202000033643";"154 683 295";"A01";"1";"30";"0";"0";"1";"1";"1";
"202000033644";"154 683 293";"A01";"3";"7";"0";"2";"3";"9";"1";
"202000033644";"154 683 297";"B01";"2";"33";"0";"2";"1";"1";"1";
"202000033645";"154 683 294";"A01";"3";"7";"0";"2";"2";"1";"1";
"202000033645";"154 683 296";"B01";"3";"7";"0";"2";"1";"1";"1";
"202000033646";"154 683 292";"A01";"2";"7";"0";"1";"1";"15";"1";
"202000033647";"154 683 289";"B01";"1";"7";"0";"2";"3";"1";"1";
"202000033647";"154 683 290";"A01";"2";"35";"0";"2";"1";"5";"1";
"202000033648";"154 683 291";"B01";"2";"7";"0";"9";"5";"26";"1";
"202000033649";"154 683 288";"A01";"1";"7";"0";"1";"1";"1";"1";
"202000033650";"154 683 286";"A01";"1";"7";"0";"1";"1";"1";"1";
"202000033651";"154 683 285";"A01";"1";"7";"0";"2";"1";"26";"1";
"202000033651";"154 683 287";"B01";"2";"33";"0";"2";"2";"0";"0";
"202000033652";"154 683 283";"B01";"2";"50";"0";"2";"1";"1";"3";
"202000033652";"154 683 284";"A01";"1";"7";"0";"2";"1";"1";"1";
"202000033653";"154 683 281";"B01";"1";"7";"0";"2";"4";"2";"1";
"202000033653";"154 683 282";"A01";"1";"10";"0";"2";"1";"2";"1";
"202000033654";"154 683 276";"A01";"2";"50";"12";"0";"0";"1";"3";
"202000033655";"154 683 275";"B01";"3";"7";"0";"2";"6";"1";"1";
"202000033655";"154 683 278";"A01";"3";"2";"0";"2";"1";"2";"1";
"202000033656";"154 683 277";"B01";"1";"7";"0";"2";"4";"2";"1";
"202000033656";"154 683 279";"C01";"1";"7";"0";"2";"4";"2";"1";
"202000033656";"154 683 280";"A01";"1";"7";"0";"2";"1";"2";"1";
"202000033657";"154 683 271";"A01";"2";"33";"0";"2";"1";"2";"1";
"202000033657";"154 683 273";"B01";"2";"7";"0";"2";"4";"2";"1";
"202000033658";"154 683 270";"A01";"2";"3";"0";"2";"3";"15";"1";
"202000033658";"154 683 274";"B01";"2";"80";"0";"2";"8";"1";"3";
"202000033659";"154 683 267";"A01";"0";"7";"0";"2";"1";"1";"1";
"202000033659";"154 683 268";"B01";"0";"7";"0";"2";"4";"23";"1";
"202000033659";"154 683 269";"C01";"0";"7";"0";"2";"8";"1";"1";
"202000033659";"154 683 272";"D01";"0";"7";"0";"2";"2";"1";"1";
"202000033660";"154 683 265";"A01";"1";"7";"0";"1";"5";"1";"1";
"202000033661";"154 683 266";"A01";"2";"7";"4";"0";"3";"13";"1";
"202000033662";"154 683 263";"B01";"1";"31";"0";"2";"1";"1";"1";
"202000033662";"154 683 264";"A01";"1";"7";"0";"2";"1";"15";"1";
"202000033663";"154 683 262";"Z01";"1";"7";"0";"1";"1";"1";"1";
"202000033664";"154 683 260";"A01";"1";"7";"0";"2";"1";"2";"0";
"202000033664";"154 683 261";"B01";"1";"7";"0";"2";"4";"1";"0";
"202000033665";"154 683 257";"A01";"3";"7";"0";"1";"3";"1";"1";
"202000033666";"154 683 256";"A01";"1";"7";"0";"2";"2";"10";"1";
"202000033666";"154 683 258";"B01";"2";"32";"0";"2";"1";"1";"1";
"202000033667";"154 683 254";"A01";"1";"7";"0";"2";"1";"2";"1";
"202000033667";"154 683 259";"B01";"1";"7";"0";"0";"4";"2";"1";
"202000033668";"154 683 253";"A01";"1";"7";"0";"2";"8";"1";"1";
"202000033668";"154 683 255";"B01";"1";"31";"0";"2";"7";"0";"1";
"202000033669";"154 683 252";"A01";"0";"3";"0";"2";"1";"0";"0";
"202000033670";"154 683 250";"A01";"2";"3";"0";"1";"3";"0";"1";
"202000033671";"154 683 249";"A01";"0";"7";"0";"1";"1";"1";"1";
"202000033672";"154 683 248";"A01";"0";"7";"0";"1";"1";"1";"1";
"202000033673";"154 683 251";"A01";"1";"7";"0";"1";"2";"1";"1";
"202000033674";"154 683 243";"B01";"0";"7";"0";"2";"3";"1";"1";
"202000033674";"154 683 246";"C01";"0";"7";"0";"2";"1";"1";"1";
"202000033674";"154 683 247";"A01";"0";"7";"0";"2";"1";"13";"1";
"202000033675";"154 683 242";"B01";"1";"7";"0";"2";"1";"1";"1";
"202000033675";"154 683 245";"A01";"2";"7";"0";"2";"7";"1";"1";
"202000033676";"154 683 241";"B01";"1";"1";"0";"2";"1";"18";"0";
"202000033676";"154 683 244";"A01";"1";"37";"0";"2";"5";"7";"1";"1"
"202000033677";"154 683 239";"A01";"3";"34";"5";"0";"1";"15";"1";
"202000033678";"154 683 238";"B01";"2";"7";"0";"2";"4";"13";"0";
"202000033678";"154 683 240";"A01";"2";"7";"0";"2";"1";"1";"0";
"202000033679";"154 683 237";"A01";"1";"1";"15";"0";"1";"1";"5";
"202000033680";"154 683 236";"A01";"3";"31";"0";"1";"0";"1";"1";
"202000033681";"154 683 235";"A01";"3";"7";"0";"1";"2";"26";"1";
"202000033682";"154 683 232";"A01";"0";"7";"2";"0";"8";"0";"1";
"202000033683";"154 683 233";"A01";"1";"7";"0";"1";"0";"10";"1";
"202000033684";"154 683 231";"A01";"2";"7";"0";"2";"1";"15";"1";
"202000033684";"154 683 234";"B01";"2";"33";"0";"2";"1";"17";"1";
"202000033685";"154 683 230";"A01";"1";"10";"0";"1";"2";"15";"1";
"202000033686";"154 683 227";"B01";"2";"1";"0";"2";"0";"1";"5";
"202000033686";"154 683 229";"A01";"2";"7";"0";"2";"2";"1";"1";
"202000033687";"154 683 225";"A01";"0";"7";"0";"2";"1";"15";"1";
"202000033687";"154 683 228";"B01";"0";"7";"0";"2";"3";"1";"1";
"202000033688";"154 683 224";"B01";"2";"7";"0";"2";"8";"15";"1";
"202000033688";"154 683 226";"A01";"1";"7";"0";"2";"8";"1";"1";
"202000033689";"154 683 220";"A01";"1";"7";"0";"2";"7";"14";"1";
"202000033689";"154 683 223";"B01";"1";"32";"0";"2";"8";"1";"1";
"202000033690";"154 683 218";"A01";"2";"7";"0";"2";"1";"15";"1";
"202000033690";"154 683 221";"B01";"1";"30";"0";"2";"7";"1";"1";
"202000033691";"154 683 219";"A01";"0";"30";"0";"2";"1";"26";"1";
"202000033691";"154 683 222";"B01";"0";"7";"0";"2";"2";"1";"1";
"202000033692";"154 683 214";"Z01";"1";"7";"0";"2";"0";"1";"0";
"202000033692";"154 683 216";"B01";"1";"7";"0";"2";"7";"1";"1";
"202000033692";"154 683 217";"A01";"1";"32";"0";"2";"6";"11";"1";
"202000033693";"154 683 215";"A01";"1";"10";"0";"0";"1";"26";"1";
"202000033694";"154 683 211";"A01";"1";"50";"0";"2";"7";"1";"3";
"202000033694";"154 683 212";"Z01";"1";"30";"0";"2";"0";"1";"0";
"202000033695";"154 683 209";"A01";"0";"20";"0";"2";"2";"9";"1";
"202000033695";"154 683 210";"B01";"1";"34";"0";"2";"2";"26";"1";
"202000033696";"154 683 207";"A01";"3";"7";"0";"2";"1";"19";"1";
"202000033696";"154 683 208";"B01";"3";"7";"0";"2";"7";"1";"1";
"202000033697";"154 683 205";"A01";"3";"7";"4";"0";"1";"1";"1";
"202000033698";"154 683 203";"A01";"1";"7";"0";"2";"1";"15";"1";
"202000033698";"154 683 204";"B01";"2";"7";"0";"2";"8";"1";"1";
"202000033699";"154 683 202";"A01";"1";"1";"0";"2";"1";"1";"5";
"202000033699";"154 683 206";"B01";"2";"1";"0";"2";"1";"13";"5";
"202000033700";"154 683 201";"A01";"1";"7";"0";"1";"1";"1";"3";
"202000033701";"154 683 200";"A01";"1";"7";"0";"1";"1";"9";"1";
"202000033702";"154 683 199";"A01";"1";"10";"0";"1";"1";"15";"1";
"202000033703";"154 683 197";"A01";"1";"1";"0";"2";"2";"13";"5";
"202000033703";"154 683 198";"B01";"1";"1";"0";"2";"8";"13";"5";
"202000033704";"154 683 194";"A01";"1";"7";"0";"1";"0";"1";"1";
"202000033705";"154 683 195";"B01";"3";"30";"0";"2";"4";"1";"3";
"202000033705";"154 683 196";"A01";"1";"7";"0";"2";"3";"13";"1";
"202000033706";"154 683 192";"B01";"1";"7";"0";"2";"4";"1";"1";
"202000033706";"154 683 193";"A01";"1";"10";"0";"2";"1";"1";"1";
"202000033707";"154 683 189";"A01";"2";"7";"0";"2";"3";"19";"1";
"202000033707";"154 683 190";"B01";"2";"7";"0";"2";"7";"1";"1";
"202000033708";"154 683 186";"A01";"1";"7";"0";"2";"3";"20";"1";
"202000033708";"154 683 187";"B01";"1";"1";"0";"2";"0";"0";"0";
"202000033709";"154 683 188";"A01";"2";"7";"0";"2";"1";"1";"1";
"202000033709";"154 683 191";"B01";"2";"7";"0";"2";"8";"15";"1";
"202000033710";"154 683 180";"A01";"1";"7";"0";"2";"2";"15";"1";
"202000033710";"154 683 183";"B01";"1";"1";"0";"2";"1";"2";"5";
"202000033711";"154 683 179";"A01";"1";"7";"0";"1";"1";"1";"1";
"202000033712";"154 683 177";"A01";"2";"7";"0";"2";"4";"4";"1";
"202000033712";"154 683 178";"B01";"1";"7";"0";"0";"2";"1";"1";
"202000033713";"154 683 176";"A01";"1";"7";"8";"0";"1";"1";"1";
"202000033714";"154 683 174";"A01";"2";"7";"0";"2";"7";"19";"1";
"202000033714";"154 683 175";"B01";"1";"7";"0";"2";"1";"1";"0";
"202000033715";"154 683 173";"A01";"2";"7";"2";"0";"1";"9";"1";
"202000033716";"154 683 171";"A01";"1";"2";"0";"2";"1";"26";"1";
"202000033716";"154 683 172";"B01";"3";"7";"0";"2";"0";"26";"1";
"202000033717";"154 683 169";"B01";"1";"7";"0";"2";"1";"1";"1";
"202000033717";"154 683 170";"Z01";"1";"7";"0";"2";"1";"1";"0";
"202000033718";"154 683 168";"A01";"1";"7";"3";"0";"2";"1";"1";
"202000033719";"154 683 166";"B01";"1";"7";"0";"2";"4";"23";"1";
"202000033719";"154 683 167";"A01";"1";"7";"0";"2";"1";"2";"1";
"202000033720";"154 683 165";"A01";"0";"31";"1";"0";"1";"1";"1";
"202000033721";"154 683 164";"A01";"1";"2";"0";"0";"0";"1";"1";
"202000033722";"154 683 162";"B01";"1";"1";"0";"2";"1";"1";"5";
"202000033722";"154 683 163";"A01";"1";"7";"0";"2";"1";"1";"1";
"202000033723";"154 683 161";"A01";"1";"32";"0";"0";"0";"2";"1";
"202000033724";"154 683 159";"B01";"1";"7";"0";"0";"4";"2";"1";
"202000033724";"154 683 160";"A01";"1";"10";"0";"2";"1";"2";"1";
"202000033725";"154 683 157";"A01";"0";"10";"0";"4";"7";"19";"1";
"202000033725";"154 683 158";"B01";"0";"40";"0";"2";"1";"1";"3";
"202000033726";"154 683 155";"A01";"1";"7";"0";"1";"8";"26";"1";
"202000033727";"154 683 182";"A01";"2";"7";"0";"2";"1";"10";"1";
"202000033727";"154 683 184";"B01";"2";"30";"0";"2";"5";"1";"1";
"202000033728";"154 683 181";"B01";"3";"99";"0";"0";"1";"0";"0";
"202000033728";"154 683 185";"A01";"0";"99";"0";"0";"4";"26";"0";
"202000033729";"154 683 154";"A01";"1";"7";"0";"1";"2";"1";"2";
"202000033730";"154 683 153";"A01";"2";"7";"0";"1";"2";"21";"1";
"202000033731";"154 683 150";"B01";" -1";"32";"0";"2";"4";"11";"1";
"202000033731";"154 683 152";"A01";" -1";"7";"0";"2";"2";"1";"1";
"202000033732";"154 683 148";"B01";"2";"30";"0";"2";"2";"1";"1";
"202000033732";"154 683 149";"A01";"1";"7";"0";"2";"2";"10";"1";
"202000033733";"154 683 146";"A01";"2";"10";"0";"2";"7";"16";"1";
"202000033733";"154 683 147";"B01";"2";"1";"0";"2";"1";"1";"5";
"202000033734";"154 683 144";"B01";"1";"7";"0";"9";"2";"1";"0";
"202000033734";"154 683 145";"A01";"3";"32";"0";"2";"0";"0";"0";
"202000033735";"154 683 141";"C01";"0";"7";"0";"0";"4";"1";"0";
"202000033735";"154 683 142";"A01";"0";"7";"0";"2";"1";"1";"0";
"202000033735";"154 683 143";"B01";"0";"7";"0";"2";"1";"1";"0";
"202000033736";"154 683 139";"A01";"2";"7";"0";"1";"1";"15";"1";
"202000033737";"154 683 138";"B01";"1";"7";"0";"2";"4";"2";"0";
"202000033737";"154 683 140";"A01";"1";"7";"0";"2";"1";"26";"0";
"202000033738";"154 683 136";"A01";"3";"7";"0";"2";"4";"1";"2";
"202000033738";"154 683 137";"Z01";"3";"7";"0";"2";"1";"1";"1";
"202000033739";"154 683 135";"A01";"3";"7";"1";"0";"2";"14";"0";
"202000033740";"154 683 133";"A01";"3";"2";"13";"0";"1";"1";"1";
"202000033741";"154 683 134";"A01";"1";"1";"0";"1";"1";"1";"5";
"202000033742";"154 683 130";"A01";"2";"33";"11";"2";"1";"1";"1";
"202000033742";"154 683 131";"B01";"2";"31";"0";"2";"4";"1";"1";
"202000033743";"154 683 129";"B01";"1";"33";"0";"2";"1";"1";"1";
"202000033743";"154 683 132";"A01";"2";"2";"0";"2";"7";"15";"1";
"202000033744";"154 683 127";"A01";"2";"7";"0";"2";"2";"15";"1";
"202000033744";"154 683 128";"B01";"2";"1";"0";"2";"1";"1";"5";
"202000033745";"154 683 125";"B01";"0";"33";"13";"0";"2";"1";"0";
"202000033745";"154 683 126";"A01";"0";"21";"0";"0";"0";"1";"0";
"202000033746";"154 683 124";"A01";"2";"1";"0";"0";"8";"1";"5";
"202000033747";"154 683 123";"A01";"2";"7";"4";"0";"1";"1";"1";
"202000033748";"154 683 121";"B01";"2";"7";"0";"2";"1";"0";"0";
"202000033748";"154 683 122";"A01";"1";"7";"0";"2";"7";"13";"0";
"202000033749";"154 683 120";"A01";"2";"1";"0";"1";"1";"1";"5";
"202000033750";"154 683 117";"A01";"2";"7";"0";"2";"7";"15";"1";
"202000033750";"154 683 118";"B01";"2";"7";"0";"2";"3";"1";"3";
"202000033751";"154 683 115";"B01";"0";"33";"0";"0";"1";"1";"1";
"202000033751";"154 683 116";"A01";"0";"33";"0";"0";"1";"1";"0";
"202000033752";"154 683 113";"A01";"1";"7";"13";"0";"0";"1";"1";
"202000033753";"154 683 112";"B01";"1";"7";"0";"2";"5";"23";"1";
"202000033753";"154 683 114";"A01";"1";"32";"0";"2";"1";"1";"1";
"202000033754";"154 683 110";"B01";"2";"7";"0";"2";"3";"1";"3";
"202000033754";"154 683 111";"A01";"1";"32";"0";"2";"7";"15";"1";
"202000033755";"154 683 108";"A01";"2";"7";"0";"2";"2";"16";"1";
"202000033755";"154 683 109";"B01";"2";"1";"0";"2";"0";"1";"5";
"202000033756";"154 683 106";"A01";"1";"33";"0";"2";"1";"1";"1";
"202000033756";"154 683 107";"B01";"3";"7";"0";"2";"3";"16";"1";
"202000033757";"154 683 104";"B01";"0";"1";"1";"0";"0";"0";"0";
"202000033757";"154 683 105";"A01";"3";"3";"0";"2";"0";"0";"1";
"202000033758";"154 683 103";"A01";"3";"7";"8";"0";"1";"9";"1";
"202000033759";"154 683 102";"A01";"1";"7";"8";"0";"1";"14";"1";
"202000033760";"154 683 099";"A01";"1";"33";"0";"0";"0";"17";"1";
"202000033760";"154 683 100";"T01";"1";"37";"0";"0";"0";"0";"1";"1"
"202000033760";"154 683 101";"B01";"2";"7";"0";"0";"0";"15";"1";
"202000033761";"154 683 097";"A01";"3";"50";"14";"0";"1";"1";"3";
"202000033761";"154 683 098";"B01";"3";"10";"0";"2";"3";"1";"1";
"202000033762";"154 683 095";"A01";"1";"7";"0";"2";"3";"9";"1";
"202000033762";"154 683 096";"B01";"1";"7";"0";"2";"1";"1";"1";
"202000033763";"154 683 094";"A01";"1";"7";"0";"1";"2";"9";"1";
"202000033764";"154 683 091";"A01";"2";"7";"0";"2";"1";"1";"1";
"202000033764";"154 683 092";"B01";"2";"7";"0";"2";"1";"1";"1";
"202000033764";"154 683 093";"C01";"2";"7";"0";"0";"4";"1";"1";
"202000033765";"154 683 090";"A01";"1";"7";"0";"1";"3";"16";"1";
"202000033766";"154 683 088";"A01";"1";"7";"0";"9";"2";"1";"1";
"202000033766";"154 683 089";"B01";"1";"1";"0";"2";"3";"1";"5";
"202000033767";"154 683 086";"B01";"1";"7";"0";"2";"5";"24";"0";
"202000033767";"154 683 087";"A01";"1";"7";"1";"2";"2";"21";"2";
"202000033768";"154 683 084";"A01";"0";"34";"0";"2";"3";"21";"0";
"202000033768";"154 683 085";"B01";"0";"7";"0";"2";"3";"20";"0";
"202000033769";"154 683 083";"A01";"1";"7";"1";"1";"1";"16";"0";
"202000033770";"154 683 082";"A01";"1";"7";"0";"1";"1";"15";"1";
"202000033771";"154 683 080";"B01";"2";"33";"0";"2";"1";"2";"1";
"202000033771";"154 683 081";"A01";"2";"7";"1";"0";"3";"20";"1";
"202000033772";"154 683 078";"B01";"1";"7";"0";"2";"0";"0";"0";
"202000033772";"154 683 079";"A01";"1";"80";"0";"2";"4";"2";"3";
"202000033773";"154 683 077";"A01";"1";"7";"0";"1";"2";"15";"1";
"202000033774";"154 683 075";"A01";"1";"50";"0";"2";"8";"15";"3";
"202000033774";"154 683 076";"B01";"2";"7";"0";"2";"2";"1";"1";
"202000033775";"154 683 073";"B01";"1";"34";"0";"2";"2";"1";"1";
"202000033775";"154 683 074";"A01";"1";"10";"0";"2";"3";"15";"1";
"202000033776";"154 683 072";"A01";"1";"10";"0";"1";"1";"1";"1";
"202000033777";"154 683 071";"A01";"1";"7";"0";"1";"3";"1";"1";
"202000033778";"154 683 070";"A01";"1";"7";"0";"1";"1";"15";"1";
"202000033779";"154 683 068";"B01";"2";"7";"0";"2";"1";"15";"1";
"202000033779";"154 683 069";"A01";"2";"7";"6";"2";"2";"1";"1";
"202000033780";"154 683 067";"A01";"2";"7";"15";"0";"3";"13";"1";
"202000033781";"154 683 065";"A01";"2";"38";"0";"9";"1";"9";"1";"1"
"202000033781";"154 683 066";"B01";"2";"1";"0";"0";"7";"1";"5";
"202000033782";"154 683 063";"B01";"1";"7";"0";"2";"1";"1";"1";
"202000033782";"154 683 064";"A01";"1";"7";"3";"2";"4";"1";"1";
"202000033783";"154 683 062";"A01";"1";"36";"13";"0";"3";"1";"1";
"202000033784";"154 683 060";"A01";"2";"7";"0";"2";"1";"13";"1";
"202000033784";"154 683 061";"B01";"1";"7";"0";"2";"3";"1";"1";
"202000033785";"154 683 059";"A01";"2";"7";"3";"0";"1";"1";"1";
"202000033786";"154 683 058";"A01";"2";"7";"13";"0";"9";"14";"1";
"202000033787";"154 683 057";"A01";"2";"7";"13";"0";"1";"13";"1";
"202000033788";"154 683 056";"A01";"2";"7";"2";"0";"1";"1";"0";
"202000033789";"154 683 054";"A01";"2";"7";"0";"2";"3";"13";"1";
"202000033789";"154 683 055";"B01";"1";"20";"0";"0";"3";"1";"1";
"202000033790";"154 683 053";"A01";"2";"7";"0";"1";"3";"1";"2";
"202000033791";"154 683 052";"A01";"1";"7";"2";"0";"3";"13";"1";
"202000033792";"154 683 050";"A01";"0";"7";"0";"2";"1";"1";"1";
"202000033792";"154 683 051";"B01";"0";"7";"0";"2";"4";"15";"1";
"202000033793";"154 683 049";"A01";"3";"30";"13";"0";"0";"1";"1";
"202000033794";"154 683 048";"A01";"1";"7";"2";"0";"1";"1";"0";
"202000033795";"154 683 046";"B01";"1";"7";"0";"2";"3";"1";"1";
"202000033795";"154 683 047";"A01";"2";"7";"0";"2";"2";"1";"1";
"202000033796";"154 683 045";"A01";"2";"1";"0";"0";"0";"1";"5";
"202000033797";"154 683 044";"A01";"2";"7";"2";"0";"3";"0";"1";
"202000033798";"154 683 043";"A01";"2";"7";"13";"0";"1";"1";"1";
"202000033799";"154 683 042";"A01";"1";"7";"2";"0";"1";"1";"1";
"202000033800";"154 683 041";"A01";"1";"10";"0";"6";"1";"1";"1";
"202000033801";"154 683 039";"A01";"2";"7";"0";"2";"1";"2";"1";
"202000033801";"154 683 040";"B01";"2";"17";"0";"0";"4";"2";"1";
"202000033802";"154 683 034";"A01";"2";"7";"0";"2";"0";"23";"1";
"202000033802";"154 683 035";"B01";"2";"10";"0";"1";"3";"1";"1";
"202000033802";"154 683 036";"C01";"2";"7";"1";"0";"1";"2";"1";
"202000033803";"154 683 033";"A01";"2";"7";"3";"0";"1";"0";"1";
"202000033804";"154 683 030";"A01";"2";"7";"0";"2";"1";"2";"1";
"202000033804";"154 683 031";"B01";"2";"7";"3";"2";"4";"2";"4";
"202000033804";"154 683 032";"C01";"2";"17";"0";"0";"4";"1";"6";
"202000033805";"154 683 028";"A01";"1";"7";"0";"2";"1";"17";"1";
"202000033805";"154 683 029";"B01";"1";"7";"0";"2";"1";"1";"1";
"202000033806";"154 683 027";"A01";"1";"7";"0";"1";"1";"1";"1";
"202000033807";"154 683 026";"A01";"1";"7";"6";"0";"1";"1";"1";
"202000033808";"154 683 024";"A01";"1";"7";"0";"2";"7";"1";"1";
"202000033808";"154 683 025";"B01";"2";"7";"0";"2";"1";"1";"1";
"202000033809";"154 683 022";"A01";"1";"7";"0";"0";"0";"1";"1";
"202000033809";"154 683 023";"B01";"1";"33";"0";"0";"0";"21";"1";
"202000033810";"154 683 020";"A01";"3";"7";"0";"1";"1";"0";"1";
"202000033810";"154 683 021";"B01";"3";"7";"0";"2";"1";"0";"1";
"202000033811";"154 683 019";"A01";"2";"7";"0";"1";"8";"1";"1";
"202000033812";"154 683 015";"A01";"0";"7";"0";"0";"3";"15";"0";
"202000033812";"154 683 016";"B01";"0";"7";"0";"2";"2";"1";"0";
"202000033813";"154 683 012";"B01";"1";"7";"0";"2";"1";"2";"1";
"202000033813";"154 683 013";"A01";"1";"7";"0";"0";"4";"2";"1";
"202000033814";"154 683 010";"B01";"1";"32";"0";"2";"4";"1";"1";
"202000033814";"154 683 011";"Z01";"1";"7";"0";"2";"1";"1";"1";