"Num_Acc";"id_vehicule";"num_veh";"senc";"catv";"obs";"obsm";"choc";"manv";"motor";"occutc"
"202000034232";"154 682 269";"A01";"1";"7";"0";"2";"7";"13";"1";
"202000034233";"154 682 266";"B01";"1";"15";"0";"2";"6";"2";"1";
"202000034233";"154 682 267";"A01";"1";"7";"0";"2";"2";"12";"1";
"202000034234";"154 682 264";"B01";"1";"7";"0";"2";"7";"19";"1";
"202000034234";"154 682 265";"A01";"1";"7";"0";"2";"1";"1";"1";
"202000034235";"154 682 261";"A01";"2";"7";"4";"0";"2";"1";"1";
"202000034236";"154 682 259";"B01";"1";"7";"0";"0";"6";"2";"1";
"202000034236";"154 682 260";"A01";"1";"33";"0";"2";"1";"2";"1";
"202000034237";"154 682 256";"C01";"0";"7";"0";"2";"8";"1";"0";
"202000034237";"154 682 257";"B01";"1";"7";"6";"2";"1";"1";"0";
"202000034237";"154 682 258";"A01";"0";"7";"0";"2";"1";"15";"0";
"202000034238";"154 682 255";"A01";"0";"1";"0";"0";"0";"0";"5";
"202000034239";"154 682 253";"A01";"2";"7";"0";"2";"5";"1";"0";
"202000034239";"154 682 254";"B01";"1";"7";"0";"2";"1";"1";"0";
"202000034240";"154 682 252";"A01";"2";"2";"0";"1";"2";"1";"1";
"202000034241";"154 682 250";"A01";"2";"7";"0";"2";"1";"2";"1";
"202000034241";"154 682 251";"B01";"2";"7";"0";"0";"4";"2";"1";
"202000034242";"154 682 249";"A01";"2";"7";"0";"0";"0";"0";"1";
"202000034243";"154 682 247";"A01";"2";"7";"0";"2";"3";"2";"1";
"202000034243";"154 682 248";"B01";"2";"7";"0";"0";"5";"1";"1";
"202000034244";"154 682 244";"C01";"2";"7";"0";"2";"3";"1";"1";
"202000034244";"154 682 245";"B01";"1";"7";"0";"2";"4";"1";"1";
"202000034244";"154 682 246";"A01";"1";"33";"0";"2";"1";"2";"1";
"202000034245";"154 682 243";"A01";"1";"33";"0";"0";"1";"14";"1";
"202000034246";"154 682 242";"A01";"2";"33";"0";"0";"0";"2";"1";
"202000034247";"154 682 240";"A01";"1";"30";"0";"2";"3";"1";"0";
"202000034247";"154 682 241";"B01";"2";"7";"0";"2";"1";"15";"0";
"202000034248";"154 682 238";"A01";"1";"7";"0";"2";"2";"1";"0";
"202000034248";"154 682 239";"B01";"1";"1";"0";"0";"4";"2";"5";
"202000034249";"154 682 237";"A01";"2";"2";"12";"0";"3";"1";"0";
"202000034250";"154 682 234";"A01";"2";"7";"0";"2";"3";"15";"1";
"202000034250";"154 682 235";"B01";"1";"7";"0";"2";"1";"1";"1";
"202000034251";"154 682 233";"A01";"2";"33";"12";"0";"7";"1";"1";
"202000034252";"154 682 231";"B01";"1";"7";"0";"0";"6";"15";"1";
"202000034252";"154 682 232";"A01";"1";"7";"0";"2";"2";"2";"1";
"202000034253";"154 682 229";"A01";"2";"7";"0";"2";"1";"13";"1";
"202000034253";"154 682 230";"B01";"1";"7";"0";"2";"1";"1";"1";
"202000034254";"154 682 227";"A01";"1";"7";"0";"2";"8";"1";"1";
"202000034254";"154 682 228";"B01";"2";"31";"0";"2";"1";"1";"1";
"202000034255";"154 682 225";"A01";"2";"10";"0";"2";"7";"2";"1";
"202000034255";"154 682 226";"B01";"2";"1";"0";"2";"8";"1";"5";
"202000034256";"154 682 224";"A01";"0";"7";"0";"0";"8";"1";"1";
"202000034257";"154 682 222";"A01";"1";"7";"0";"2";"2";"1";"1";
"202000034257";"154 682 223";"B01";"2";"7";"0";"2";"1";"1";"1";
"202000034258";"154 682 221";"A01";"2";"7";"13";"0";"1";"1";"1";
"202000034259";"154 682 219";"A01";"2";"7";"0";"2";"1";"0";"1";
"202000034259";"154 682 220";"B01";"1";"7";"0";"2";"1";"0";"1";
"202000034260";"154 682 218";"A01";"2";"7";"13";"0";"1";"0";"6";
"202000034261";"154 682 217";"A01";"1";"7";"2";"0";"8";"13";"1";
"202000034262";"154 682 216";"A01";"1";"7";"0";"0";"0";"13";"1";
"202000034263";"154 682 215";"A01";"1";"33";"0";"0";"0";"1";"1";
"202000034264";"154 682 213";"B01";"1";"17";"1";"0";"2";"13";"1";
"202000034264";"154 682 214";"A01";"1";"7";"0";"0";"4";"23";"1";
"202000034265";"154 682 211";"A01";"2";"10";"3";"2";"6";"11";"1";
"202000034265";"154 682 212";"B01";"2";"7";"0";"2";"2";"1";"1";
"202000034266";"154 682 210";"A01";"2";"7";"14";"0";"1";"19";"1";
"202000034267";"154 682 208";"A01";"1";"10";"0";"2";"1";"2";"1";
"202000034267";"154 682 209";"B01";"1";"7";"0";"2";"4";"2";"1";
"202000034268";"154 682 206";"A01";"1";"10";"0";"2";"1";"1";"1";
"202000034268";"154 682 207";"B01";"1";"13";"0";"2";"6";"11";"0";
"202000034269";"154 682 205";"A01";"1";"7";"3";"0";"1";"1";"1";
"202000034270";"154 682 204";"A01";"1";"7";"15";"0";"1";"14";"1";
"202000034271";"154 682 202";"B01";"3";"7";"0";"2";"3";"15";"1";
"202000034271";"154 682 203";"A01";"3";"2";"8";"2";"2";"17";"1";
"202000034272";"154 682 200";"Z01";"0";"7";"0";"2";"2";"19";"0";
"202000034272";"154 682 201";"A01";"0";"37";"0";"2";"3";"1";"0";"2"
"202000034273";"154 682 198";"A01";"1";"7";"0";"2";"2";"15";"1";
"202000034273";"154 682 199";"B01";"1";"33";"0";"2";"1";"1";"1";
"202000034274";"154 682 196";"B01";"2";"7";"0";"2";"2";"2";"1";
"202000034274";"154 682 197";"A01";"0";"30";"0";"2";"6";"2";"1";
"202000034275";"154 682 195";"A01";"1";"7";"0";"1";"4";"26";"1";
"202000034276";"154 682 191";"A01";"1";"2";"0";"2";"1";"9";"1";
"202000034276";"154 682 192";"B01";"1";"7";"0";"2";"2";"1";"1";
"202000034277";"154 682 190";"A01";"1";"10";"0";"1";"4";"4";"0";
"202000034278";"154 682 188";"B01";"2";"7";"0";"2";"1";"1";"1";
"202000034278";"154 682 189";"A01";"2";"7";"0";"2";"7";"19";"1";
"202000034279";"154 682 186";"B01";"3";"7";"9";"2";"7";"19";"1";
"202000034279";"154 682 187";"A01";"1";"7";"0";"2";"1";"19";"2";
"202000034280";"154 682 184";"A01";"1";"7";"0";"2";"1";"2";"1";
"202000034280";"154 682 185";"B01";"1";"7";"0";"2";"4";"2";"1";
"202000034281";"154 682 183";"A01";"2";"7";"0";"1";"1";"1";"1";
"202000034282";"154 682 182";"A01";"2";"7";"0";"1";"1";"1";"1";
"202000034283";"154 682 180";"B01";"0";"7";"0";"2";"7";"1";"1";
"202000034283";"154 682 181";"A01";"0";"7";"0";"2";"1";"9";"1";
"202000034284";"154 682 178";"A01";"1";"7";"0";"2";"7";"17";"1";
"202000034284";"154 682 179";"B01";"1";"1";"0";"2";"4";"2";" -1";
"202000034285";"154 682 177";"A01";"0";"33";"0";"0";"9";"1";"1";
"202000034286";"154 682 176";"A01";"1";"7";"13";"0";"1";"14";"1";
"202000034287";"154 682 174";"B01";"1";"33";"0";"2";"9";"0";"1";
"202000034287";"154 682 175";"A01";"1";"7";"0";"2";"5";"15";"3";
"202000034288";"154 682 173";"A01";"1";"7";"8";"0";"2";"14";"1";
"202000034289";"154 682 171";"B01";"1";"10";"0";"2";"2";"1";"1";
"202000034289";"154 682 172";"A01";"1";"7";"0";"2";"6";"1";"1";
"202000034290";"154 682 170";"A01";"3";"7";"0";"1";"1";"26";"1";
"202000034291";"154 682 168";"A01";"1";"10";"0";"0";"1";"21";"1";
"202000034291";"154 682 169";"B01";"2";"7";"0";"0";"0";"13";"1";
"202000034292";"154 682 166";"B01";"2";"7";"0";"2";"3";"1";"1";
"202000034292";"154 682 167";"A01";"2";"80";"0";"2";"1";"1";"3";
"202000034293";"154 682 164";"B01";"1";"30";"0";"2";"3";"1";"1";
"202000034293";"154 682 165";"A01";"1";"7";"0";"2";"2";"1";"1";
"202000034294";"154 682 162";"A01";"3";"37";"0";"2";"1";"7";"6";"1"
"202000034294";"154 682 163";"B01";"2";"30";"0";"2";"7";"1";"1";
"202000034295";"154 682 160";"A01";"2";"7";"0";"2";"3";"1";"1";
"202000034295";"154 682 161";"B01";"1";"7";"0";"2";"2";"15";"1";
"202000034296";"154 682 158";"A01";"2";"7";"0";"2";"6";"15";"1";
"202000034296";"154 682 159";"B01";"2";"2";"0";"2";"2";"17";"1";
"202000034297";"154 682 156";"A01";"2";"7";"0";"2";"7";"15";"1";
"202000034297";"154 682 157";"B01";"2";"7";"0";"2";"1";"1";"1";
"202000034298";"154 682 155";"A01";"1";"7";"0";"1";"8";"1";"2";
"202000034299";"154 682 154";"A01";"1";"7";"1";"0";"0";"26";"1";
"202000034300";"154 682 153";"A01";"1";"7";"13";"0";"2";"1";"1";
"202000034301";"154 682 152";"A01";"2";"33";"2";"0";"1";"1";"1";
"202000034302";"154 682 150";"B01";"2";"7";"0";"2";"1";"1";"1";
"202000034302";"154 682 151";"A01";"1";"7";"0";"2";"4";"1";"1";
"202000034303";"154 682 148";"A01";"1";"7";"0";"1";"3";"1";"1";
"202000034304";"154 682 147";"A01";"3";"7";"0";"1";"5";"1";"1";
"202000034305";"154 682 145";"A01";"2";"7";"0";"2";"2";"1";"1";
"202000034305";"154 682 146";"B01";"3";"1";"0";"2";"1";"26";"5";
"202000034306";"154 682 143";"A01";"1";"10";"6";"2";"2";"14";"1";
"202000034306";"154 682 144";"B01";"1";"17";"0";"2";"6";"1";"1";
"202000034307";"154 682 140";"A01";"3";"7";"0";"1";"2";"1";"1";
"202000034308";"154 682 139";"A01";"1";"21";"0";"0";"0";"1";"1";
"202000034309";"154 682 138";"A01";"1";"7";"2";"0";"1";"1";"1";
"202000034310";"154 682 137";"A01";"3";"7";"0";"1";"1";"1";"6";
"202000034311";"154 682 135";"B01";"1";"7";"0";"2";"4";"2";"1";
"202000034311";"154 682 136";"A01";"1";"15";"0";"2";"1";"2";"1";
"202000034312";"154 682 134";"A01";"1";"10";"0";"1";"1";"1";"1";
"202000034313";"154 682 132";"B01";"2";"10";"0";"2";"3";"1";"6";
"202000034313";"154 682 133";"A01";"2";"1";"0";"2";"1";"25";"5";
"202000034314";"154 682 130";"B01";"3";"31";"0";"2";"4";"2";"1";
"202000034314";"154 682 131";"A01";"3";"31";"0";"9";"1";"26";"1";
"202000034315";"154 682 128";"A01";"2";"7";"0";"2";"1";"15";"1";
"202000034315";"154 682 129";"B01";"2";"34";"0";"2";"7";"1";"1";
"202000034316";"154 682 126";"B01";"2";"33";"0";"2";"1";"1";"1";
"202000034316";"154 682 127";"A01";"1";"7";"0";"2";"8";"15";"1";
"202000034317";"154 682 125";"A01";"3";"10";"0";"1";"2";"1";"1";
"202000034318";"154 682 123";"A01";"1";"7";"0";"2";"8";"15";"1";
"202000034318";"154 682 124";"B01";"1";"2";"0";"2";"1";"1";"1";
"202000034319";"154 682 122";"A01";"2";"7";"4";"0";"7";"14";"1";
"202000034320";"154 682 121";"A01";"3";"7";"0";"1";"2";"1";"0";
"202000034321";"154 682 120";"A01";"3";"7";"5";"0";"1";"1";"1";
"202000034322";"154 682 118";"B01";"3";"2";"0";"2";"7";"17";"1";
"202000034322";"154 682 119";"A01";"3";"7";"0";"2";"3";"15";"1";
"202000034323";"154 682 116";"A01";"0";"21";"0";"2";"1";"15";"1";
"202000034323";"154 682 117";"B01";"0";"7";"0";"2";"1";"1";"1";
"202000034324";"154 682 114";"B01";"1";"7";"0";"2";"1";"1";"1";
"202000034324";"154 682 115";"A01";"1";"7";"0";"2";"8";"19";"1";
"202000034325";"154 682 113";"A01";"0";"2";"0";"1";"7";"0";"1";
"202000034326";"154 682 111";"B01";"2";"7";"0";"2";"1";"9";"1";
"202000034326";"154 682 112";"A01";"1";"7";"0";"2";"3";"9";"1";
"202000034327";"154 682 109";"A01";"1";"7";"0";"2";"1";"1";"1";
"202000034327";"154 682 110";"B01";"2";"1";"0";"2";"1";"1";"5";
"202000034328";"154 682 108";"A01";"1";"30";"0";"0";"1";"1";"1";
"202000034329";"154 682 107";"A01";"3";"7";"2";"0";"1";"0";"1";
"202000034330";"154 682 105";"A01";"2";"7";"0";"2";"1";"15";"1";
"202000034330";"154 682 106";"B01";"1";"7";"0";"2";"3";"1";"1";
"202000034331";"154 682 103";"B01";"1";"7";"0";"2";"1";"1";"1";
"202000034331";"154 682 104";"A01";"1";"7";"0";"2";"1";"1";"1";
"202000034332";"154 682 101";"A01";"1";"7";"0";"2";"4";"4";"1";
"202000034332";"154 682 102";"B01";"3";"1";"0";"2";"8";"15";"5";
"202000034333";"154 682 099";"A01";"2";"31";"0";"2";"3";"9";"1";
"202000034333";"154 682 100";"B01";"2";"1";"0";"2";"1";"9";"5";
"202000034334";"154 682 097";"B01";"2";"33";"0";"2";"1";"17";"1";
"202000034334";"154 682 098";"A01";"1";"7";"0";"2";"2";"17";"1";
"202000034335";"154 682 095";"A01";"1";"7";"0";"2";"3";"11";"1";
"202000034335";"154 682 096";"B01";"1";"7";"0";"2";"2";"1";"1";
"202000034336";"154 682 093";"B01";"1";"1";"0";"2";"1";"1";"5";
"202000034336";"154 682 094";"A01";"2";"7";"0";"2";"3";"9";"1";
"202000034337";"154 682 090";"A01";"3";"7";"8";"0";"0";"1";"1";
"202000034338";"154 682 088";"B01";"3";"1";"0";"2";"0";"0";"5";
"202000034338";"154 682 089";"A01";"3";"7";"0";"2";"0";"0";"0";
"202000034339";"154 682 087";"A01";"1";"7";"3";"0";"3";"13";"1";
"202000034340";"154 682 086";"A01";"3";"10";"14";"0";"3";"13";"1";
"202000034341";"154 682 084";"A01";"0";"7";"0";"2";"3";"9";"1";
"202000034341";"154 682 085";"B01";"0";"33";"0";"2";"1";"15";"1";
"202000034342";"154 682 082";"B01";"2";"33";"0";"2";"1";"1";"1";
"202000034342";"154 682 083";"A01";"1";"7";"0";"2";"1";"15";"1";
"202000034343";"154 682 080";"A01";"0";"7";"0";"2";"8";"20";"1";
"202000034343";"154 682 081";"B01";"0";"31";"0";"2";"7";"1";"1";
"202000034344";"154 682 078";"B01";"1";"7";"0";"2";"2";"9";"1";
"202000034344";"154 682 079";"A01";"1";"7";"0";"2";"3";"9";"1";
"202000034345";"154 682 076";"B01";"1";"7";"0";"2";"7";"1";"1";
"202000034345";"154 682 077";"A01";"1";"7";"0";"2";"8";"9";"1";
"202000034346";"154 682 074";"A01";"3";"7";"0";"2";"1";"2";"1";
"202000034346";"154 682 075";"B01";"3";"33";"0";"2";"4";"2";"1";
"202000034347";"154 682 073";"A01";"1";"40";"0";"1";"2";"26";"3";
"202000034348";"154 682 072";"A01";"0";"7";"9";"0";"1";"16";"1";
"202000034349";"154 682 070";"B01";"1";"7";"0";"2";"1";"1";"1";
"202000034349";"154 682 071";"A01";"1";"32";"0";"2";"8";"16";"1";
"202000034350";"154 682 068";"B01";"3";"2";"0";"2";"7";"1";"1";
"202000034350";"154 682 069";"A01";"3";"7";"0";"2";"3";"9";"1";
"202000034351";"154 682 066";"B01";"1";"7";"0";"2";"1";"1";"1";
"202000034351";"154 682 067";"A01";"1";"30";"0";"1";"3";"21";"1";
"202000034352";"154 682 065";"A01";"1";"2";"1";"0";"1";"13";"1";
"202000034353";"154 682 064";"A01";"2";"33";"12";"0";"1";"13";"1";
"202000034354";"154 682 063";"A01";"2";"7";"0";"1";"1";"1";"0";
"202000034355";"154 682 061";"B01";"0";"33";"0";"2";"2";"2";"1";
"202000034355";"154 682 062";"A01";"0";"7";"0";"2";"3";"15";"1";
"202000034356";"154 682 060";"A01";"1";"7";"4";"0";"3";"13";"1";
"202000034357";"154 682 058";"B01";"1";"20";"0";"2";"3";"1";"1";
"202000034357";"154 682 059";"A01";"1";"43";"0";"2";"8";"26";"1";
"202000034358";"154 682 056";"B01";"2";"2";"0";"2";"7";"1";"1";
"202000034358";"154 682 057";"A01";"1";"7";"0";"2";"2";"5";"1";
"202000034359";"154 682 054";"A01";"2";"7";"0";"2";"4";"16";"1";
"202000034359";"154 682 055";"B01";"2";"7";"0";"2";"1";"16";"1";
"202000034360";"154 682 052";"A01";"1";"32";"0";"2";"1";"26";"6";
"202000034360";"154 682 053";"B01";"2";"37";"0";"2";"3";"23";"0";"1"
"202000034361";"154 682 050";"A01";"1";"7";"1";"2";"1";"1";"1";
"202000034361";"154 682 051";"B01";"1";"7";"0";"2";"4";"24";"0";
"202000034362";"154 682 049";"A01";"1";"3";"15";"0";"3";"0";"0";
"202000034363";"154 682 047";"A01";"1";"7";"0";"2";"1";"15";"1";
"202000034363";"154 682 048";"B01";"2";"7";"0";"2";"3";"1";"1";
"202000034364";"154 682 044";"A01";"2";"7";"0";"2";"1";"19";"1";
"202000034364";"154 682 045";"C01";"2";"7";"16";"2";"1";"1";"1";
"202000034364";"154 682 046";"B01";"1";"7";"13";"2";"8";"15";"1";
"202000034365";"154 682 043";"A01";"2";"7";"6";"0";"2";"1";"1";
"202000034366";"154 682 040";"A01";"1";"17";"0";"2";"5";"1";"1";
"202000034366";"154 682 041";"B01";"1";"1";"0";"2";"8";"25";"5";
"202000034367";"154 682 038";"A01";"2";"7";"0";"2";"1";"13";"1";
"202000034367";"154 682 039";"B01";"1";"10";"0";"2";"1";"1";"1";
"202000034368";"154 682 037";"A01";"2";"7";"2";"0";"9";"13";"1";
"202000034369";"154 682 036";"A01";"1";"33";"8";"0";"2";"1";"1";
"202000034370";"154 682 033";"A01";"1";"17";"0";"2";"1";"2";"1";
"202000034370";"154 682 034";"C01";"1";"17";"3";"0";"4";"23";"1";
"202000034370";"154 682 035";"B01";"1";"17";"0";"2";"4";"23";"1";
"202000034371";"154 682 032";"A01";"2";"14";"13";"0";"9";"1";"1";
"202000034372";"154 682 031";"A01";"3";"31";"0";"0";"0";"0";"1";
"202000034373";"154 682 029";"A01";"1";"7";"0";"2";"3";"2";"1";
"202000034373";"154 682 030";"B01";"1";"7";"0";"0";"5";"15";"1";
"202000034374";"154 682 026";"C01";"1";"7";"0";"2";"4";"1";"1";
"202000034374";"154 682 027";"B01";"1";"7";"0";"2";"4";"1";"1";
"202000034374";"154 682 028";"A01";"1";"17";"0";"2";"3";"1";"1";
"202000034375";"154 682 022";"A01";"1";"7";"0";"2";"1";"2";"1";
"202000034375";"154 682 023";"C01";"1";"7";"0";"2";"4";"2";"1";
"202000034375";"154 682 024";"D01";"1";"7";"0";"2";"4";"2";"1";
"202000034375";"154 682 025";"B01";"1";"7";"0";"2";"4";"2";"1";
"202000034376";"154 682 020";"B01";"2";"15";"0";"2";"2";"12";"1";
"202000034376";"154 682 021";"A01";"2";"7";"0";"2";"6";"1";"1";
"202000034377";"154 682 018";"B01";"1";"7";"0";"2";"4";"1";"1";
"202000034377";"154 682 019";"A01";"1";"33";"0";"2";"1";"12";"1";
"202000034378";"154 682 017";"A01";"2";"7";"3";"0";"8";"1";"1";
"202000034379";"154 682 016";"A01";"2";"32";"0";"0";"7";"21";"1";
"202000034380";"154 682 015";"A01";"3";"7";"15";"0";"1";"1";"1";
"202000034381";"154 682 014";"A01";"3";"38";"0";"1";"3";"15";"1";"1"
"202000034382";"154 682 012";"A01";"1";"7";"15";"2";"1";"21";"1";
"202000034382";"154 682 013";"B01";"1";"7";"0";"2";"5";"2";"1";
"202000034383";"154 682 011";"A01";"1";"7";"0";"1";"4";"26";"1";
"202000034384";"154 682 009";"A01";"1";"7";"0";"0";"0";"11";"1";
"202000034384";"154 682 010";"B01";"2";"1";"0";"2";"7";"14";"5";
"202000034385";"154 682 007";"B01";"3";"32";"0";"2";"4";"2";"1";
"202000034385";"154 682 008";"A01";"3";"7";"0";"2";"2";"15";"3";
"202000034386";"154 682 006";"A01";"1";"7";"0";"1";"4";"4";"1";
"202000034387";"154 682 004";"A01";"2";"1";"0";"2";"7";"19";"5";
"202000034387";"154 682 005";"B01";"2";"7";"0";"2";"0";"0";"1";
"202000034388";"154 682 003";"A01";"1";"7";"0";"1";"4";"26";"0";
"202000034389";"154 682 001";"A01";"2";"31";"8";"2";"3";"18";"1";
"202000034389";"154 682 002";"B01";"2";"7";"0";"2";"2";"20";"1";
"202000034390";"154 681 999";"A01";"0";"10";"0";"0";"4";"26";"6";
"202000034390";"154 682 000";"B01";"3";"10";"0";"0";"1";"16";"6";
"202000034391";"154 681 997";"B01";"3";"2";"0";"2";"1";"0";"0";
"202000034391";"154 681 998";"A01";"1";"7";"0";"2";"1";"0";"0";
"202000034392";"154 681 995";"A01";"2";"7";"0";"2";"1";"2";"1";
"202000034392";"154 681 996";"B01";"1";"7";"0";"2";"5";"2";"1";
"202000034393";"154 681 994";"A01";"1";"7";"0";"1";"0";"0";"1";
"202000034394";"154 681 993";"A01";"1";"37";"0";"1";"2";"26";"1";"1"
"202000034395";"154 681 992";"A01";"2";"33";"12";"0";"1";"9";"1";
"202000034396";"154 681 986";"A01";"1";"7";"0";"2";"1";"2";"1";
"202000034396";"154 681 987";"B01";"1";"7";"0";"2";"4";"2";"1";
"202000034397";"154 681 984";"A01";"2";"33";"0";"2";"1";"5";"1";
"202000034397";"154 681 985";"B01";"1";"7";"0";"2";"1";"1";"1";
"202000034398";"154 681 983";"A01";"2";"7";"0";"1";"1";"16";"1";
"202000034399";"154 681 981";"A01";"1";"31";"0";"2";"2";"17";"1";
"202000034399";"154 681 982";"B01";"1";"7";"0";"2";"3";"15";"1";
"202000034400";"154 681 980";"A01";"3";"7";"12";"0";"2";"14";"1";
"202000034401";"154 681 977";"A01";"2";"7";"0";"1";"1";"26";"1";
"202000034402";"154 681 976";"A01";"1";"1";"14";"0";"0";"0";"5";
"202000034403";"154 681 975";"A01";"3";"10";"0";"1";"4";"4";"1";
"202000034404";"154 681 973";"B01";"1";"7";"0";"2";"3";"10";"1";
"202000034404";"154 681 974";"A01";"1";"7";"0";"2";"1";"17";"1";
"202000034405";"154 681 971";"Z01";"1";"10";"0";"2";"2";"15";"1";
"202000034405";"154 681 972";"A01";"2";"33";"0";"2";"1";"1";"1";
"202000034406";"154 681 969";"A01";"1";"14";"0";"0";"2";"16";"1";
"202000034406";"154 681 970";"B01";"1";"1";"0";"0";"4";"1";"5";
"202000034407";"154 681 968";"A01";"2";"7";"0";"1";"1";"1";"1";
"202000034408";"154 681 966";"B01";"2";"40";"0";"2";"2";"1";"3";
"202000034408";"154 681 967";"A01";"2";"7";"0";"4";"1";"15";"1";
"202000034409";"154 681 964";"B01";"2";"31";"0";"2";"1";"1";"1";
"202000034409";"154 681 965";"A01";"2";"7";"0";"2";"2";"1";"1";
"202000034410";"154 681 962";"B01";"1";"2";"0";"2";"7";"1";"1";
"202000034410";"154 681 963";"A01";"1";"7";"0";"2";"8";"9";"1";
"202000034411";"154 681 961";"A01";"0";"33";"0";"0";"9";"1";"1";
"202000034412";"154 681 959";"A01";"1";"1";"1";"0";"1";"1";"5";
"202000034412";"154 681 960";"B01";"1";"7";"0";"2";"8";"24";"1";
"202000034413";"154 681 958";"A01";"1";"7";"8";"0";"1";"14";"1";
"202000034414";"154 681 956";"B01";"2";"2";"0";"2";"1";"1";"0";
"202000034414";"154 681 957";"A01";"1";"7";"0";"2";"3";"10";"1";
"202000034415";"154 681 954";"A01";"2";"7";"0";"2";"3";"11";"1";
"202000034415";"154 681 955";"B01";"2";"2";"0";"2";"7";"1";"0";
"202000034416";"154 681 953";"A01";"3";"10";"15";"0";"1";"25";"1";
"202000034417";"154 681 952";"A01";"3";"7";"13";"0";"1";"1";"1";
"202000034418";"154 681 951";"A01";"2";"7";"3";"0";"7";"1";"1";
"202000034419";"154 681 950";"A01";"1";"7";"8";"0";"1";"13";"1";
"202000034420";"154 681 949";"A01";"2";"10";"4";"0";"2";"14";"1";
"202000034421";"154 681 948";"A01";"1";"7";"0";"1";"1";"1";"1";
"202000034422";"154 681 945";"B01";"2";"7";"0";"2";"3";"5";"1";
"202000034422";"154 681 946";"C01";"2";"7";"0";"2";"2";"26";"1";
"202000034422";"154 681 947";"A01";"1";"7";"0";"2";"6";"26";"1";
"202000034423";"154 681 944";"A01";"2";"7";"6";"0";"1";"1";"1";
"202000034424";"154 681 942";"B01";"1";"7";"0";"2";"8";"15";"1";
"202000034424";"154 681 943";"A01";"2";"7";"0";"2";"1";"1";"1";
"202000034425";"154 681 941";"A01";"0";"7";"0";"1";"2";"1";"1";
"202000034426";"154 681 940";"A01";"1";"7";"0";"1";"3";"1";"1";
"202000034427";"154 681 938";"A01";"1";"30";"0";"2";"3";"18";"1";
"202000034427";"154 681 939";"B01";"2";"7";"0";"2";"2";"16";"1";
"202000034428";"154 681 936";"A01";"1";"7";"1";"2";"7";"15";"1";
"202000034428";"154 681 937";"B01";"1";"7";"1";"2";"3";"1";"3";
"202000034429";"154 681 934";"B01";"1";"34";"0";"2";"1";"1";"1";
"202000034429";"154 681 935";"A01";"1";"7";"0";"2";"3";"15";"1";
"202000034430";"154 681 931";"A01";"2";"7";"0";"2";"1";"2";"1";
"202000034430";"154 681 932";"B01";"2";"7";"0";"2";"4";"2";"1";
"202000034430";"154 681 933";"C01";"2";"7";"0";"2";"4";"2";"1";
"202000034431";"154 681 929";"B01";"2";"1";"0";"2";"1";"1";"6";
"202000034431";"154 681 930";"A01";"2";"7";"0";"9";"5";"26";"1";
"202000034432";"154 681 927";"B01";"1";"7";"0";"2";"4";"2";"1";
"202000034432";"154 681 928";"A01";"1";"30";"0";"2";"1";"2";"1";
"202000034433";"154 681 926";"A01";"3";"31";"8";"0";"1";"16";"1";
"202000034434";"154 681 924";"B01";"1";"33";"0";"2";"2";"12";"1";
"202000034434";"154 681 925";"A01";"2";"10";"0";"2";"1";"10";"1";
"202000034435";"154 681 923";"A01";"1";"10";"0";"1";"2";"21";"1";
"202000034436";"154 681 921";"A01";"3";"33";"9";"4";"8";"19";"1";
"202000034436";"154 681 922";"B01";"3";"40";"9";"2";"2";"26";"3";
"202000034437";"154 681 920";"A01";"1";"30";"0";"1";"7";"1";"1";
"202000034438";"154 681 919";"A01";"1";"7";"1";"0";"9";"2";"1";
"202000034439";"154 681 917";"A01";"2";"7";"0";"2";"8";"9";"1";
"202000034439";"154 681 918";"B01";"3";"50";"0";"2";"1";"1";"3";
"202000034440";"154 681 915";"A01";"3";"7";"0";"2";"2";"15";"1";
"202000034440";"154 681 916";"B01";"3";"33";"0";"2";"3";"0";"1";
"202000034441";"154 681 914";"A01";"2";"7";"0";"1";"2";"1";"1";
"202000034442";"154 681 909";"A01";"2";"7";"1";"0";"3";"1";"1";
"202000034442";"154 681 910";"C01";"2";"7";"0";"0";"7";"23";"1";
"202000034442";"154 681 911";"B01";"2";"7";"0";"0";"5";"23";"1";
"202000034443";"154 681 907";"A01";"3";"7";"1";"0";"5";"10";"1";
"202000034443";"154 681 908";"B01";"3";"7";"0";"0";"3";"1";"1";
"202000034444";"154 681 906";"A01";"1";"7";"6";"0";"1";"16";"1";
"202000034445";"154 681 905";"A01";"1";"7";"13";"0";"1";"2";"1";
"202000034446";"154 681 903";"B01";"1";"7";"0";"2";"3";"15";"1";
"202000034446";"154 681 904";"A01";"2";"7";"2";"2";"1";"17";"1";
"202000034447";"154 681 900";"B01";"2";"14";"0";"2";"3";"1";"1";
"202000034447";"154 681 901";"A01";"1";"7";"0";"2";"3";"13";"1";
"202000034447";"154 681 902";"C01";"1";"7";"13";"2";"1";"2";"1";
"202000034448";"154 681 899";"A01";"0";"7";"13";"0";"1";"1";"1";
"202000034449";"154 681 897";"B01";"1";"7";"0";"2";"1";"1";"1";
"202000034449";"154 681 898";"A01";"2";"7";"0";"2";"2";"1";"1";
"202000034450";"154 681 895";"B01";"1";"7";"0";"2";"3";"1";"1";
"202000034450";"154 681 896";"A01";"1";"33";"0";"0";"4";"15";"1";