"Num_Acc";"id_vehicule";"num_veh";"senc";"catv";"obs";"obsm";"choc";"manv";"motor";"occutc"
"202000034451";"154 681 894";"A01";"3";"7";"2";"0";"3";"1";"1";
"202000034452";"154 681 892";"A01";"1";"7";"0";"2";"2";"16";"1";
"202000034452";"154 681 893";"B01";"1";"1";"0";"0";"4";"26";"5";
"202000034453";"154 681 890";"A01";"1";"7";"0";"2";"1";"15";"1";
"202000034453";"154 681 891";"B01";"2";"7";"0";"2";"1";"1";"1";
"202000034454";"154 681 889";"A01";"1";"34";"0";"0";"0";"0";"1";
"202000034455";"154 681 887";"A01";"1";"7";"13";"0";"3";"0";"1";
"202000034456";"154 681 885";"A01";"3";"7";"0";"2";"4";"20";"1";
"202000034456";"154 681 886";"B01";"0";"7";"0";"0";"4";"2";"1";
"202000034457";"154 681 884";"A01";"2";"7";"0";"0";"0";"26";"1";
"202000034458";"154 681 880";"D01";"1";"7";"0";"2";"4";"2";"1";
"202000034458";"154 681 881";"C01";"1";"7";"0";"2";"4";"2";"1";
"202000034458";"154 681 882";"A01";"1";"7";"0";"2";"1";"2";"1";
"202000034458";"154 681 883";"B01";"1";"7";"0";"2";"4";"2";"0";
"202000034459";"154 681 879";"A01";"2";"33";"7";"0";"1";"2";"1";
"202000034460";"154 681 878";"A01";"2";"7";"4";"0";"1";"2";"1";
"202000034461";"154 681 876";"B01";"2";"7";"14";"2";"6";"1";"1";
"202000034461";"154 681 877";"A01";"2";"15";"0";"2";"3";"12";"1";
"202000034462";"154 681 874";"A01";"2";"7";"0";"2";"5";"12";"1";
"202000034462";"154 681 875";"B01";"2";"33";"0";"2";"0";"0";"1";
"202000034463";"154 681 872";"B01";"1";"17";"0";"2";"4";"2";"1";
"202000034463";"154 681 873";"A01";"1";"33";"0";"2";"1";"2";"1";
"202000034464";"154 681 871";"A01";"1";"7";"14";"0";"1";"14";"1";
"202000034465";"154 681 869";"B01";"1";"33";"0";"2";"7";"2";"1";
"202000034465";"154 681 870";"A01";"1";"10";"0";"2";"8";"11";"1";
"202000034466";"154 681 861";"C01";"2";"10";"0";"2";"4";"1";"0";
"202000034466";"154 681 862";"D01";"2";"10";"0";"2";"4";"1";"0";
"202000034466";"154 681 863";"A01";"2";"17";"0";"2";"1";"1";"0";
"202000034466";"154 681 864";"B01";"2";"7";"0";"2";"4";"1";"0";
"202000034466";"154 681 865";"E01";"2";"7";"0";"2";"4";"1";"0";
"202000034466";"154 681 866";"F01";"2";"7";"0";"2";"4";"1";"0";
"202000034466";"154 681 867";"G01";"2";"7";"0";"2";"4";"0";"0";
"202000034466";"154 681 868";"H01";"2";"7";"0";"2";"4";"1";"0";
"202000034467";"154 681 858";"A01";"2";"7";"4";"0";"1";"12";"1";
"202000034467";"154 681 859";"B01";"2";"7";"4";"0";"9";"1";"1";
"202000034467";"154 681 860";"C01";"2";"7";"4";"0";"4";"2";"1";
"202000034468";"154 681 857";"A01";"2";"7";"3";"0";"1";"14";"1";
"202000034469";"154 681 855";"A01";"2";"7";"0";"2";"1";"2";"1";
"202000034469";"154 681 856";"B01";"2";"7";"0";"2";"4";"2";"2";
"202000034470";"154 681 853";"A01";"2";"33";"0";"2";"1";"2";"1";
"202000034470";"154 681 854";"B01";"2";"34";"0";"2";"4";"2";"1";
"202000034471";"154 681 851";"A01";"1";"7";"0";"2";"4";"0";"0";
"202000034471";"154 681 852";"B01";"1";"7";"0";"2";"1";"0";"0";
"202000034472";"154 681 849";"B01";"1";"7";"0";"2";"2";"1";"1";
"202000034472";"154 681 850";"A01";"1";"7";"0";"2";"6";"1";"1";
"202000034473";"154 681 847";"B01";"2";"10";"0";"2";"3";"13";"1";
"202000034473";"154 681 848";"A01";"2";"7";"0";"2";"5";"1";"1";
"202000034474";"154 681 845";"A01";"2";"10";"0";"2";"8";"11";"1";
"202000034474";"154 681 846";"B01";"2";"33";"0";"2";"1";"3";"1";
"202000034475";"154 681 843";"A01";"2";"10";"0";"2";"2";"12";"1";
"202000034475";"154 681 844";"B01";"2";"33";"0";"2";"9";"3";"1";
"202000034476";"154 681 841";"A01";"1";"30";"11";"0";"1";"1";"1";
"202000034477";"154 681 840";"A01";"3";"7";"1";"1";"2";"1";"1";
"202000034478";"154 681 838";"A01";"0";"7";"0";"2";"3";"1";"1";
"202000034478";"154 681 839";"B01";"0";"7";"0";"2";"3";"26";"1";
"202000034479";"154 681 837";"A01";"2";"10";"6";"0";"0";"1";"1";
"202000034480";"154 681 836";"A01";"1";"7";"1";"1";"3";"13";"1";
"202000034481";"154 681 834";"B01";"3";"1";"0";"2";"1";"1";"6";
"202000034481";"154 681 835";"A01";"3";"7";"0";"2";"3";"15";"6";
"202000034482";"154 681 832";"A01";"3";"7";"0";"2";"1";"15";"1";
"202000034482";"154 681 833";"B01";"3";"33";"8";"2";"4";"16";"1";
"202000034483";"154 681 830";"A01";"2";"7";"0";"2";"3";"11";"1";
"202000034483";"154 681 831";"B01";"2";"7";"0";"2";"2";"1";"1";
"202000034484";"154 681 829";"A01";"3";"7";"3";"4";"1";"1";"1";
"202000034485";"154 681 827";"B01";"1";"7";"0";"2";"1";"1";"3";
"202000034485";"154 681 828";"A01";"1";"10";"0";"2";"8";"15";"0";
"202000034486";"154 681 825";"A01";"1";"10";"0";"2";"2";"2";"1";
"202000034486";"154 681 826";"Z01";"1";"99";"0";"0";"0";"0";"0";
"202000034487";"154 681 822";"A01";"1";"7";"0";"2";"1";"13";"1";
"202000034487";"154 681 823";"B01";"2";"7";"0";"2";"1";"1";"1";
"202000034487";"154 681 824";"C01";"2";"7";"0";"2";"1";"1";"1";
"202000034488";"154 681 820";"A01";"2";"2";"0";"2";"1";"1";"1";
"202000034488";"154 681 821";"B01";"2";"7";"0";"2";"4";"23";"1";
"202000034489";"154 681 818";"A01";"1";"7";"0";"2";"7";"19";"1";
"202000034489";"154 681 819";"B01";"1";"33";"0";"2";"1";"1";"1";
"202000034490";"154 681 814";"B01";"2";"31";"0";"2";"1";"1";"1";
"202000034490";"154 681 815";"A01";"1";"10";"0";"2";"2";"26";"1";
"202000034491";"154 681 813";"A01";"1";"10";"0";"1";"6";"1";"1";
"202000034492";"154 681 811";"A01";"1";"7";"0";"2";"5";"12";"1";
"202000034492";"154 681 812";"B01";"1";"2";"0";"2";"1";"1";"1";
"202000034493";"154 681 810";"A01";"1";"20";"0";"1";"5";"1";"1";
"202000034494";"154 681 808";"B01";"1";"2";"0";"2";"4";"2";"1";
"202000034494";"154 681 809";"A01";"1";"7";"0";"2";"1";"2";"1";
"202000034495";"154 681 805";"A01";"1";"7";"0";"2";"2";"1";"1";
"202000034495";"154 681 806";"B01";"0";"1";"0";"2";"7";"15";"5";
"202000034495";"154 681 807";"C01";"0";"1";"0";"2";"2";"15";"5";
"202000034496";"154 681 804";"A01";"1";"30";"0";"0";"0";"1";"1";
"202000034497";"154 681 802";"A01";"1";"7";"0";"2";"1";"2";"1";
"202000034497";"154 681 803";"B01";"1";"7";"0";"2";"4";"2";"1";
"202000034498";"154 681 800";"A01";"1";"7";"0";"2";"1";"2";"1";
"202000034498";"154 681 801";"B01";"1";"7";"0";"2";"4";"2";"1";
"202000034499";"154 681 798";"B01";"1";"1";"0";"2";"2";"1";" -1";
"202000034499";"154 681 799";"A01";"1";"7";"0";"2";"3";"20";"1";
"202000034500";"154 681 796";"B01";"0";"7";"0";"2";"3";"1";"1";
"202000034500";"154 681 797";"A01";"0";"2";"0";"2";"1";"17";"1";
"202000034501";"154 681 794";"B01";"2";"1";"0";"2";"1";"1";"0";
"202000034501";"154 681 795";"A01";"1";"7";"0";"2";"1";"15";"1";
"202000034502";"154 681 792";"A01";"1";"7";"8";"2";"1";"1";"1";
"202000034502";"154 681 793";"B01";"1";"7";"0";"2";"4";"1";"0";
"202000034503";"154 681 791";"A01";"1";"7";"0";"1";"1";"1";"1";
"202000034504";"154 681 789";"B01";"3";"7";"0";"2";"1";"0";"1";
"202000034504";"154 681 790";"A01";"1";"7";"0";"2";"6";"0";"1";
"202000034505";"154 681 787";"B01";"3";"7";"0";"2";"9";"1";"1";
"202000034505";"154 681 788";"A01";"1";"7";"0";"2";"3";"2";"1";
"202000034506";"154 681 785";"B01";"1";"10";"0";"1";"0";"23";"1";
"202000034506";"154 681 786";"A01";"1";"7";"0";"1";"2";"19";"1";
"202000034507";"154 681 784";"A01";"1";"37";"0";"1";"2";"1";"1";"1"
"202000034508";"154 681 782";"A01";"3";"7";"0";"2";"2";"1";"1";
"202000034508";"154 681 783";"B01";"3";"7";"0";"2";"3";"9";"1";
"202000034509";"154 681 780";"B01";"2";"33";"0";"2";"1";"1";"1";
"202000034509";"154 681 781";"A01";"3";"7";"0";"2";"2";"15";"1";
"202000034510";"154 681 778";"B01";"3";"32";"0";"2";"8";"2";"1";
"202000034510";"154 681 779";"A01";"3";"10";"0";"2";"0";"17";"1";
"202000034511";"154 681 777";"A01";"3";"10";"0";"1";"1";"15";"1";
"202000034512";"154 681 776";"A01";"1";"7";"15";"0";"1";"1";"1";
"202000034513";"154 681 774";"A01";"3";"7";"0";"2";"7";"16";"1";
"202000034513";"154 681 775";"B01";"3";"1";"0";"2";"1";"1";"5";
"202000034514";"154 681 772";"B01";"2";"7";"0";"2";"1";"1";"0";
"202000034514";"154 681 773";"A01";"1";"7";"0";"2";"1";"13";"0";
"202000034515";"154 681 771";"Z01";"0";"7";"0";"1";"1";"0";"0";
"202000034516";"154 681 769";"A01";"1";"7";"0";"2";"1";"2";"1";
"202000034516";"154 681 770";"B01";"2";"1";"0";"2";"7";"19";"5";
"202000034517";"154 681 767";"B01";"1";"17";"0";"2";"2";"1";"1";
"202000034517";"154 681 768";"A01";"1";"7";"0";"2";"6";"16";"1";
"202000034518";"154 681 765";"A01";"0";"32";"0";"2";"1";"2";"0";
"202000034518";"154 681 766";"B01";"0";"7";"0";"2";"4";"1";"0";
"202000034519";"154 681 763";"B01";"1";"31";"0";"2";"1";"1";"1";
"202000034519";"154 681 764";"A01";"2";"7";"0";"2";"3";"15";"1";
"202000034520";"154 681 761";"A01";"0";"34";"0";"2";"1";"1";"0";
"202000034520";"154 681 762";"B01";"0";"7";"0";"2";"2";"15";"1";
"202000034521";"154 681 760";"A01";"1";"7";"12";"0";"2";"1";"1";
"202000034522";"154 681 758";"A01";"2";"7";"0";"2";"1";"2";"1";
"202000034522";"154 681 759";"B01";"2";"7";"0";"2";"4";"2";"1";
"202000034523";"154 681 756";"B01";"1";"33";"0";"2";"1";"1";"1";
"202000034523";"154 681 757";"A01";"2";"7";"0";"2";"1";"19";"1";
"202000034524";"154 681 754";"A01";"3";"7";"0";"2";"7";"14";"1";
"202000034524";"154 681 755";"B01";"3";"33";"0";"2";"3";"1";"1";
"202000034525";"154 681 752";"B01";"2";"30";"0";"2";"1";"1";"1";
"202000034525";"154 681 753";"A01";"1";"7";"0";"2";"3";"15";"1";
"202000034526";"154 681 750";"B01";"2";"2";"0";"2";"7";"1";"6";
"202000034526";"154 681 751";"A01";"2";"7";"0";"2";"8";"15";"1";
"202000034527";"154 681 748";"A01";"1";"7";"0";"2";"6";"11";"1";
"202000034527";"154 681 749";"B01";"1";"33";"0";"2";"2";"3";"1";
"202000034528";"154 681 746";"B01";"1";"31";"0";"2";"3";"3";"1";
"202000034528";"154 681 747";"A01";"1";"7";"0";"2";"2";"12";"1";
"202000034529";"154 681 744";"A01";"1";"7";"0";"2";"8";"1";"1";
"202000034529";"154 681 745";"B01";"1";"7";"0";"2";"3";"1";"1";
"202000034530";"154 681 742";"B01";"2";"7";"0";"2";"4";"2";"1";
"202000034530";"154 681 743";"A01";"2";"10";"0";"2";"1";"2";"1";
"202000034531";"154 681 740";"B01";"1";"1";"0";"2";"1";"1";"5";
"202000034531";"154 681 741";"A01";"1";"7";"0";"2";"4";"16";"1";
"202000034532";"154 681 738";"B01";"3";"7";"0";"2";"5";"23";"2";
"202000034532";"154 681 739";"A01";"3";"32";"0";"2";"1";"2";"1";
"202000034533";"154 681 736";"B01";"1";"1";"0";"2";"3";"1";"5";
"202000034533";"154 681 737";"A01";"1";"7";"0";"2";"2";"22";"1";
"202000034534";"154 681 734";"A01";"1";"33";"0";"2";"5";"16";"1";
"202000034534";"154 681 735";"B01";"1";"10";"0";"2";"1";"1";"1";
"202000034535";"154 681 732";"B01";"2";"34";"0";"2";"1";"1";"1";
"202000034535";"154 681 733";"A01";"1";"7";"0";"2";"3";"15";"1";
"202000034536";"154 681 730";"A01";"1";"1";"0";"2";"3";"16";"5";
"202000034536";"154 681 731";"Z01";"3";"7";"0";"2";"1";"18";"0";
"202000034537";"154 681 729";"A01";"1";"1";"0";"1";"1";"1";"5";
"202000034538";"154 681 727";"A01";"1";"7";"0";"2";"3";"10";"1";
"202000034538";"154 681 728";"B01";"2";"32";"0";"2";"7";"1";"1";
"202000034539";"154 681 725";"B01";"1";"7";"0";"2";"8";"16";"1";
"202000034539";"154 681 726";"A01";"2";"31";"0";"2";"1";"1";"1";
"202000034540";"154 681 723";"B01";"2";"34";"0";"2";"8";"1";"1";
"202000034540";"154 681 724";"A01";"2";"10";"0";"2";"2";"9";"1";
"202000034541";"154 681 721";"B01";"1";"1";"0";"2";"1";"1";"5";
"202000034541";"154 681 722";"A01";"1";"7";"0";"2";"8";"22";"1";
"202000034542";"154 681 719";"B01";"2";"1";"0";"2";"1";"1";"0";
"202000034542";"154 681 720";"A01";"1";"7";"0";"2";"6";"16";"1";
"202000034543";"154 681 717";"A01";"1";"30";"0";"2";"3";"18";"1";
"202000034543";"154 681 718";"B01";"1";"7";"0";"2";"2";"16";"1";
"202000034544";"154 681 716";"A01";"2";"80";"0";"0";"0";"1";"3";
"202000034545";"154 681 715";"A01";"1";"1";"0";"0";"0";"23";"5";
"202000034546";"154 681 714";"Z01";"1";"7";"0";"1";"1";"16";"1";
"202000034547";"154 681 712";"B01";"1";"32";"0";"0";"4";"1";"1";
"202000034547";"154 681 713";"A01";"1";"7";"0";"2";"1";"1";"1";
"202000034548";"154 681 710";"A01";"1";"50";"0";"2";"1";"9";"3";
"202000034548";"154 681 711";"B01";"2";"7";"0";"9";"2";"1";"1";
"202000034549";"154 681 708";"A01";"1";"30";"0";"2";"3";"1";"1";
"202000034549";"154 681 709";"B01";"1";"10";"0";"2";"2";"16";"1";
"202000034550";"154 681 706";"A01";"3";"1";"6";"9";"3";"1";"5";
"202000034550";"154 681 707";"B01";"3";"1";"6";"9";"3";"1";"5";
"202000034551";"154 681 704";"A01";"2";"7";"0";"2";"4";"23";"1";
"202000034551";"154 681 705";"B01";"2";"7";"0";"2";"1";"26";"1";
"202000034552";"154 681 702";"A01";" -1";"7";"8";"0";"2";"26";"1";
"202000034552";"154 681 703";"B01";" -1";"7";"14";"0";"5";"1";"1";
"202000034553";"154 681 700";"B01";"2";"7";"0";"2";"2";"1";"0";
"202000034553";"154 681 701";"A01";"2";"2";"8";"2";"1";"5";"0";
"202000034554";"154 681 698";"B01";"1";"1";"0";"2";"1";"2";"5";
"202000034554";"154 681 699";"A01";"1";"7";"0";"9";"2";"20";"1";
"202000034555";"154 681 696";"B01";"1";"7";"0";"2";"1";"2";"0";
"202000034555";"154 681 697";"A01";"1";"7";"0";"2";"4";"23";"0";
"202000034556";"154 681 694";"B01";"2";"1";"0";"2";"1";"1";"5";
"202000034556";"154 681 695";"A01";"1";"7";"0";"2";"1";"15";"1";
"202000034557";"154 681 692";"B01";"2";"10";"0";"2";"7";"15";"1";
"202000034557";"154 681 693";"A01";"1";"7";"0";"2";"1";"2";"1";
"202000034558";"154 681 690";"A01";"2";"7";"0";"2";"2";"15";"1";
"202000034558";"154 681 691";"B01";"1";"7";"0";"2";"1";"1";"1";
"202000034559";"154 681 688";"B01";"0";"10";"0";"0";"6";"2";"1";
"202000034559";"154 681 689";"A01";"2";"7";"0";"2";"2";"2";"1";
"202000034560";"154 681 687";"A01";"2";"1";"0";"0";"0";"1";"5";
"202000034561";"154 681 686";"A01";"2";"33";"0";"0";"0";"25";"1";
"202000034562";"154 681 684";"A01";"1";"7";"0";"2";"1";"1";"0";
"202000034562";"154 681 685";"B01";"1";"7";"0";"0";"4";"1";"0";
"202000034563";"154 681 683";"A01";"2";"33";"0";"6";"2";"1";"1";
"202000034564";"154 681 681";"B01";"1";"17";"0";"0";"6";"1";"1";
"202000034564";"154 681 682";"A01";"1";"10";"0";"2";"1";"1";"1";
"202000034565";"154 681 680";"A01";"1";"33";"3";"0";"7";"14";"1";
"202000034566";"154 681 677";"A01";"3";"33";"15";"0";"1";"0";"1";
"202000034567";"154 681 676";"A01";"1";"80";"13";"0";"0";"1";"3";
"202000034568";"154 681 675";"A01";"3";"31";"12";"0";"8";"21";"6";
"202000034569";"154 681 674";"A01";"1";"7";"2";"0";"1";"14";"1";
"202000034570";"154 681 672";"A01";"3";"7";"0";"2";"1";"19";"1";
"202000034570";"154 681 673";"B01";"2";"33";"0";"2";"8";"1";"1";
"202000034571";"154 681 670";"A01";"2";"21";"0";"0";"1";"23";"1";
"202000034571";"154 681 671";"B01";"1";"7";"1";"0";"2";"1";"1";
"202000034572";"154 681 669";"A01";"1";"33";"11";"0";"1";"17";"1";
"202000034573";"154 681 667";"A01";"1";"7";"0";"2";"3";"1";"0";
"202000034573";"154 681 668";"B01";"2";"33";"0";"2";"1";"13";"0";
"202000034574";"154 681 664";"A01";"3";"10";"8";"0";"1";"1";"0";
"202000034575";"154 681 663";"A01";"0";"7";"2";"0";"1";"1";"1";
"202000034576";"154 681 665";"A01";"2";"7";"2";"0";"9";"13";"1";
"202000034577";"154 681 658";"B01";"1";"7";"0";"2";"5";"15";"1";
"202000034577";"154 681 659";"A01";"1";"7";"0";"2";"1";"1";"1";
"202000034578";"154 681 657";"A01";"3";"3";"0";"1";"0";"4";"1";
"202000034579";"154 681 654";"A01";"1";"7";"2";"0";"8";"17";"1";
"202000034580";"154 681 655";"B01";"3";"7";"0";"2";"3";"13";"1";
"202000034580";"154 681 656";"A01";"3";"7";"0";"2";"3";"13";"1";
"202000034581";"154 681 653";"A01";"1";"33";"13";"0";"1";"1";"1";
"202000034582";"154 681 650";"A01";"1";"7";"0";"1";"3";"1";"1";
"202000034583";"154 681 651";"B01";"2";"1";"0";"2";"8";"1";"5";
"202000034583";"154 681 652";"A01";"2";"7";"0";"2";"7";"17";"1";
"202000034584";"154 681 647";"A01";"2";"7";"13";"0";"3";"17";"1";
"202000034585";"154 681 648";"A01";"2";"7";"0";"2";"1";"1";"1";
"202000034585";"154 681 649";"B01";"1";"7";"0";"2";"8";"1";"1";
"202000034586";"154 681 646";"A01";"1";"7";"2";"0";"7";"0";"1";
"202000034587";"154 681 642";"A01";"1";"17";"3";"0";"8";"1";"1";
"202000034588";"154 681 643";"B01";"1";"15";"0";"0";"3";"1";"1";
"202000034588";"154 681 644";"C01";"2";"7";"0";"2";"3";"1";"1";
"202000034588";"154 681 645";"A01";"2";"7";"0";"0";"1";"13";"1";
"202000034589";"154 681 640";"A01";"2";"7";"0";"0";"9";"1";"0";
"202000034590";"154 681 639";"A01";"1";"7";"2";"0";"3";"13";"1";
"202000034591";"154 681 641";"A01";"2";"7";"0";"0";"9";"1";"1";
"202000034592";"154 681 638";"A01";"1";"2";"0";"0";"8";"1";"1";
"202000034593";"154 681 637";"A01";"2";"7";"15";"0";"9";"2";"1";
"202000034594";"154 681 635";"A01";"0";"7";"0";"2";"1";"26";"1";
"202000034594";"154 681 636";"B01";"0";"33";"0";"0";"6";"1";"1";
"202000034595";"154 681 634";"A01";"3";"7";"0";"1";"3";"1";"1";
"202000034596";"154 681 632";"B01";"1";"7";"0";"0";"0";"17";"0";
"202000034596";"154 681 633";"A01";"2";"1";"12";"0";"0";"1";"5";
"202000034597";"154 681 631";"A01";"2";"31";"3";"0";"7";"2";"1";
"202000034598";"154 681 629";"A01";"3";"2";"0";"2";"0";"18";"1";
"202000034598";"154 681 630";"B01";"3";"7";"0";"2";"7";"14";"1";
"202000034599";"154 681 624";"B01";"1";"2";"0";"2";"7";"21";"1";
"202000034599";"154 681 625";"A01";"1";"7";"0";"2";"3";"10";"1";
"202000034600";"154 681 622";"B01";"1";"7";"0";"2";"8";"14";"1";
"202000034600";"154 681 623";"A01";"2";"2";"0";"2";"8";"13";"1";
"202000034601";"154 681 621";"A01";"2";"36";"15";"0";"2";"1";"1";
"202000034602";"154 681 626";"C01";"2";"17";"0";"2";"8";"1";"1";
"202000034602";"154 681 627";"B01";"1";"14";"0";"2";"3";"1";"1";
"202000034602";"154 681 628";"A01";"2";"7";"0";"2";"1";"17";"1";
"202000034603";"154 681 618";"A01";"2";"7";"13";"0";"1";"14";"1";
"202000034604";"154 681 619";"A01";"1";"15";"0";"2";"0";"17";"1";
"202000034604";"154 681 620";"B01";"1";"1";"0";"2";"8";"2";"5";
"202000034605";"154 681 616";"A01";"1";"10";"0";"9";"2";"2";"1";
"202000034605";"154 681 617";"B01";"1";"1";"0";"0";"6";"2";"5";
"202000034606";"154 681 615";"A01";"1";"7";"15";"0";"2";"1";"1";
"202000034607";"154 681 613";"A01";"3";"7";"6";"0";"1";"1";"1";
"202000034608";"154 681 611";"B01";"2";"7";"0";"2";"8";"21";"1";
"202000034608";"154 681 612";"A01";"1";"7";"1";"2";"3";"17";"1";
"202000034609";"154 681 610";"A01";"1";"7";"2";"0";"3";"26";"1";
"202000034610";"154 681 607";"A01";"1";"15";"0";"2";"2";"12";"1";
"202000034610";"154 681 608";"B01";"1";"10";"4";"2";"6";"1";"1";
"202000034610";"154 681 614";"C01";"1";"7";"0";"2";"1";"1";"1";
"202000034611";"154 681 606";"A01";"1";"7";"0";"1";"2";"1";"1";
"202000034612";"154 681 605";"A01";"1";"30";"15";"0";"7";"0";"1";
"202000034613";"154 681 604";"A01";"2";"7";"3";"0";"3";"1";"1";
"202000034614";"154 681 602";"B01";"2";"7";"0";"2";"1";"1";"1";
"202000034614";"154 681 603";"A01";"1";"7";"0";"2";"1";"13";"1";
"202000034615";"154 681 599";"A01";"1";"7";"1";"0";"3";"1";"1";
"202000034615";"154 681 600";"B01";"0";"17";"0";"0";"5";"24";"1";
"202000034616";"154 681 601";"A01";"2";"7";"13";"0";"2";"1";"1";
"202000034617";"154 681 596";"A01";"2";"7";"13";"0";"3";"1";"1";
"202000034618";"154 681 597";"A01";"1";"7";"0";"0";"3";"15";"1";
"202000034618";"154 681 598";"B01";"2";"1";"0";"0";"1";"21";"5";
"202000034619";"154 681 592";"A01";"1";"7";"0";"2";"3";"15";"1";
"202000034619";"154 681 593";"B01";"1";"2";"0";"2";"1";"17";"1";
"202000034620";"154 681 594";"A01";"2";"33";"3";"0";"8";"1";"1";
"202000034621";"154 681 589";"B01";"1";"7";"4";"0";"5";"0";"1";
"202000034621";"154 681 590";"A01";"1";"33";"0";"0";"3";"0";"1";
"202000034622";"154 681 586";"B01";"1";"7";"0";"2";"3";"1";"1";
"202000034622";"154 681 587";"A01";"2";"14";"0";"2";"3";"1";"1";
"202000034623";"154 681 588";"A01";"1";"7";"0";"2";"1";"13";"1";
"202000034623";"154 681 591";"B01";"2";"15";"0";"2";"1";"1";"1";
"202000034624";"154 681 585";"A01";"1";"1";"3";"0";"1";"1";"5";
"202000034625";"154 681 582";"B01";"1";"15";"0";"0";"6";"0";"1";
"202000034625";"154 681 583";"A01";"1";"7";"3";"0";"1";"0";"1";
"202000034626";"154 681 581";"A01";"1";"33";"0";"2";"1";"17";"1";
"202000034626";"154 681 584";"B01";"1";"7";"0";"2";"8";"15";"1";
"202000034627";"154 681 578";"B01";"3";"33";"0";"2";"1";"1";"1";
"202000034627";"154 681 579";"A01";"3";"7";"0";"2";"2";"15";"1";
"202000034628";"154 681 575";"A01";"1";"7";"0";"1";"1";"1";"1";
"202000034629";"154 681 576";"B01";"2";"7";"0";"2";"3";"1";"1";
"202000034629";"154 681 577";"A01";"1";"32";"0";"2";"1";"13";"1";
"202000034630";"154 681 574";"A01";"1";"7";"6";"0";"2";"13";"1";
"202000034631";"154 681 571";"A01";"0";"7";"0";"2";"2";"17";"1";
"202000034631";"154 681 572";"B01";"3";"2";"0";"2";"6";"1";"1";
"202000034632";"154 681 573";"A01";"1";"7";"2";"9";"1";"1";"1";
"202000034633";"154 681 567";"A01";"3";"7";"0";"1";"1";"1";"1";
"202000034634";"154 681 566";"A01";"2";"33";"0";"0";"7";"1";"1";
"202000034635";"154 681 565";"A01";"0";"10";"3";"0";"1";"16";"1";
"202000034636";"154 681 563";"A01";"3";"33";"0";"2";"7";"17";"1";
"202000034636";"154 681 564";"B01";"3";"7";"0";"2";"8";"17";"1";
"202000034637";"154 681 562";"A01";"2";"7";"0";"0";"9";"1";"1";
"202000034638";"154 681 560";"A01";"2";"1";"0";"2";"1";"1";"6";
"202000034638";"154 681 561";"B01";"2";"7";"0";"0";"4";"1";"6";
"202000034639";"154 681 558";"A01";"1";"7";"0";"2";"3";"10";"1";
"202000034639";"154 681 559";"B01";"1";"2";"0";"2";"1";"19";"1";
"202000034640";"154 681 557";"A01";"3";"99";"0";"0";"7";"1";"6";
"202000034641";"154 681 555";"B01";"1";"7";"0";"2";"1";"2";"1";
"202000034641";"154 681 556";"A01";"1";"7";"0";"2";"4";"1";"1";
"202000034642";"154 681 553";"B01";"1";"7";"0";"2";"2";"1";"1";
"202000034642";"154 681 554";"A01";"1";"2";"0";"2";"1";"1";"1";
"202000034643";"154 681 552";"A01";"1";"33";"16";"0";"1";"3";"1";
"202000034644";"154 681 551";"A01";"2";"33";"6";"0";"1";"16";"1";
"202000034645";"154 681 548";"A01";"1";"7";"0";"2";"4";"1";"1";
"202000034645";"154 681 549";"B01";"1";"32";"0";"2";"4";"1";"1";
"202000034645";"154 681 550";"C01";"1";"7";"0";"2";"1";"1";"1";
"202000034646";"154 681 544";"B01";"2";"7";"0";"2";"4";"2";"1";
"202000034646";"154 681 546";"A01";"2";"10";"0";"2";"3";"2";"1";
"202000034646";"154 681 547";"C01";"2";"15";"0";"2";"4";"2";"1";
"202000034647";"154 681 545";"A01";"1";"7";"0";"0";"1";"0";"1";
"202000034648";"154 681 543";"A01";"1";"7";"4";"0";"1";"1";"1";
"202000034649";"154 681 540";"A01";"1";"7";"0";"2";"3";"11";"1";
"202000034649";"154 681 542";"B01";"1";"2";"0";"0";"7";"17";"1";
"202000034650";"154 681 538";"A01";"1";"7";"0";"0";"5";"23";"1";
"202000034650";"154 681 539";"B01";"1";"7";"0";"2";"1";"2";"1";
"202000034650";"154 681 541";"C01";"1";"17";"0";"2";"8";"1";"1";
"202000034651";"154 681 537";"A01";"2";"33";"0";"0";"8";"1";"1";
"202000034652";"154 681 536";"A01";"2";"7";"9";"0";"1";"14";"1";
"202000034653";"154 681 532";"A01";"2";"7";"0";"2";"1";"2";"1";
"202000034653";"154 681 533";"B01";"2";"7";"0";"2";"4";"2";"1";
"202000034653";"154 681 535";"C01";"2";"7";"0";"2";"4";"2";"1";
"202000034654";"154 681 534";"A01";"1";"7";"13";"0";"1";"0";"1";
"202000034655";"154 681 530";"A01";"1";"7";"4";"2";"6";"11";"1";
"202000034655";"154 681 531";"B01";"1";"17";"0";"2";"2";"1";"1";
"202000034656";"154 681 526";"B01";"1";"7";"0";"2";"4";"2";"1";
"202000034656";"154 681 527";"A01";"1";"7";"0";"2";"1";"2";"1";
"202000034657";"154 681 528";"A01";"1";"7";"0";"2";"2";"16";"1";
"202000034657";"154 681 529";"B01";"1";"33";"0";"2";"1";"18";"1";
"202000034658";"154 681 524";"B01";"1";"7";"0";"2";"4";"2";"1";
"202000034658";"154 681 525";"A01";"1";"33";"0";"2";"1";"2";"1";
"202000034659";"154 681 523";"A01";"0";"33";"0";"0";"8";"1";"1";