"Num_Acc";"id_vehicule";"num_veh";"senc";"catv";"obs";"obsm";"choc";"manv";"motor";"occutc"
"202000034856";"154 681 160";"B01";"1";"1";"0";"2";"8";"1";"5";
"202000034856";"154 681 161";"A01";"0";"7";"0";"2";"3";"9";"1";
"202000034857";"154 681 158";"A01";"2";"1";"0";"2";"0";"26";"5";
"202000034857";"154 681 159";"Z01";"2";"7";"0";"2";"0";"0";"0";
"202000034858";"154 681 156";"A01";"2";"7";"0";"2";"5";"15";"1";
"202000034858";"154 681 157";"B01";"1";"7";"0";"2";"1";"1";"1";
"202000034859";"154 681 154";"B01";"2";"50";"0";"2";"0";"0";"3";
"202000034859";"154 681 155";"A01";"1";"7";"0";"2";"0";"15";"1";
"202000034860";"154 681 152";"A01";"1";"33";"0";"2";"8";"17";"1";
"202000034860";"154 681 153";"B01";"1";"7";"0";"2";"1";"1";"1";
"202000034861";"154 681 151";"A01";"1";"7";"0";"1";"2";"25";"1";
"202000034862";"154 681 149";"A01";"1";"31";"0";"2";"1";"17";"1";
"202000034862";"154 681 150";"B01";"2";"10";"0";"2";"3";"26";"1";
"202000034863";"154 681 148";"A01";"2";"30";"0";"1";"2";"1";"1";
"202000034864";"154 681 146";"A01";"0";"30";"0";"2";"1";"9";"1";
"202000034864";"154 681 147";"B01";"0";"32";"0";"2";"2";"1";"1";
"202000034865";"154 681 143";"A01";"2";"15";"0";"1";"1";"0";"1";
"202000034866";"154 681 141";"A01";"2";"7";"1";"0";"1";"26";"0";
"202000034866";"154 681 142";"B01";"2";"37";"0";"2";"4";"23";"1";"1"
"202000034867";"154 681 140";"A01";"3";"10";"1";"0";"1";"1";"1";
"202000034868";"154 681 138";"A01";"0";"7";"0";"2";"0";"0";"0";
"202000034868";"154 681 139";"B01";"1";"7";"0";"2";"0";"0";"1";
"202000034869";"154 681 136";"A01";"2";"7";"0";"9";"3";"1";"1";
"202000034869";"154 681 137";"B01";"2";"50";"0";"2";"7";"1";"3";
"202000034870";"154 681 134";"A01";"2";"32";"0";"2";"3";"1";"1";
"202000034870";"154 681 135";"Z01";"2";"7";"0";"2";"5";"17";"0";
"202000034871";"154 681 132";"B01";"2";"7";"0";"2";"3";"1";"2";
"202000034871";"154 681 133";"A01";"1";"7";"0";"2";"1";"13";"1";
"202000034872";"154 681 130";"A01";"1";"10";"0";"2";"3";"13";"1";
"202000034872";"154 681 131";"B01";"2";"10";"0";"2";"0";"0";"1";
"202000034873";"154 681 128";"A01";"3";"7";"0";"2";"2";"9";"1";
"202000034873";"154 681 129";"B01";"0";"7";"0";"2";"1";"1";"1";
"202000034874";"154 681 127";"A01";"1";"7";"13";"0";"9";"13";"1";
"202000034875";"154 681 126";"A01";"1";"7";"14";"1";"7";"1";"0";
"202000034876";"154 681 124";"B01";"2";"33";"0";"2";"1";"1";"1";
"202000034876";"154 681 125";"A01";"2";"7";"0";"2";"7";"15";"1";
"202000034877";"154 681 119";"E01";"2";"10";"0";"2";"1";"1";"1";
"202000034877";"154 681 120";"D01";"1";"15";"0";"2";"1";"1";"1";
"202000034877";"154 681 121";"C01";"1";"7";"0";"2";"4";"1";"2";
"202000034877";"154 681 122";"B01";"1";"10";"0";"2";"4";"23";"1";
"202000034877";"154 681 123";"A01";"1";"7";"0";"2";"6";"1";"1";
"202000034878";"154 681 118";"A01";"1";"50";"0";"1";"7";"1";"3";
"202000034879";"154 681 117";"A01";"2";"50";"1";"0";"0";"14";"3";
"202000034880";"154 681 115";"A01";"2";"10";"0";"2";"1";"15";"1";
"202000034880";"154 681 116";"B01";"1";"32";"0";"1";"1";"1";"1";
"202000034881";"154 681 112";"C01";"1";"7";"0";"2";"4";"23";"1";
"202000034881";"154 681 113";"B01";"1";"7";"0";"2";"4";"23";"1";
"202000034881";"154 681 114";"A01";"1";"7";"0";"2";"1";"1";"1";
"202000034882";"154 681 110";"A01";"3";"50";"0";"2";"8";"9";"3";
"202000034882";"154 681 111";"B01";"3";"7";"0";"2";"1";"1";"2";
"202000034883";"154 681 108";"A01";"3";"30";"0";"2";"4";"1";"1";
"202000034883";"154 681 109";"B01";"3";"7";"0";"2";"1";"2";"1";
"202000034884";"154 681 106";"A01";"1";"7";"0";"2";"3";"13";"1";
"202000034884";"154 681 107";"B01";"2";"1";"0";"2";"1";"1";"5";
"202000034885";"154 681 104";"B01";"2";"1";"0";"2";"7";"1";"5";
"202000034885";"154 681 105";"A01";"2";"7";"0";"2";"8";"22";"1";
"202000034886";"154 681 103";"A01";"1";"10";"0";"1";"5";"4";"1";
"202000034887";"154 681 102";"A01";"1";"7";"0";"1";"2";"1";"1";
"202000034888";"154 681 101";"A01";"2";"31";"0";"0";"0";"2";"3";
"202000034889";"154 681 099";"B01";"1";"1";"0";"2";"6";"19";"5";
"202000034889";"154 681 100";"A01";"1";"32";"0";"2";"1";"1";"1";
"202000034890";"154 681 098";"A01";"2";"32";"0";"1";"3";"1";"1";
"202000034891";"154 681 096";"A01";"2";"1";"0";"2";"1";"13";"5";
"202000034891";"154 681 097";"B01";"1";"50";"0";"2";"1";"1";"3";
"202000034892";"154 681 094";"Z01";"1";"1";"0";"2";"1";"1";"5";
"202000034892";"154 681 095";"A01";"1";"1";"0";"2";"2";"23";"5";
"202000034893";"154 681 093";"A01";"2";"50";"0";"1";"1";"25";"3";
"202000034894";"154 681 091";"B01";"2";"1";"0";"2";"0";"1";"5";
"202000034894";"154 681 092";"A01";"1";"1";"0";"2";"0";"17";"5";
"202000034895";"154 681 089";"A01";"3";"7";"0";"2";"2";"15";"1";
"202000034895";"154 681 090";"B01";"1";"7";"0";"2";"3";"1";"2";
"202000034896";"154 681 087";"B01";"1";"30";"0";"2";"1";"1";"3";
"202000034896";"154 681 088";"A01";"2";"7";"0";"2";"3";"1";"1";
"202000034897";"154 681 086";"A01";"1";"32";"0";"0";"0";"21";"1";
"202000034898";"154 681 083";"B01";"2";"7";"0";"2";"3";"1";"1";
"202000034898";"154 681 084";"A01";"1";"10";"0";"2";"1";"1";"1";
"202000034899";"154 681 081";"B01";"2";"1";"1";"0";"1";"2";"0";
"202000034899";"154 681 082";"A01";"2";"10";"0";"2";"3";"24";"1";
"202000034900";"154 681 080";"A01";"1";"10";"0";"1";"7";"26";"0";
"202000034901";"154 681 079";"A01";"3";"7";"0";"1";"6";"4";"0";
"202000034902";"154 681 078";"A01";"3";"32";"0";"9";"8";"21";"0";
"202000034903";"154 681 076";"A01";"1";"7";"0";"2";"3";"1";"1";
"202000034903";"154 681 077";"Y01";"2";"60";"0";"2";"0";"19";"5";
"202000034904";"154 681 075";"A01";"3";"1";"14";"0";"1";"1";"5";
"202000034905";"154 681 074";"A01";"3";"7";"1";"0";"0";"0";"1";
"202000034906";"154 681 072";"Z01";"2";"7";"0";"2";"1";"2";"1";
"202000034906";"154 681 073";"A01";"2";"31";"0";"2";"4";"2";"1";
"202000034907";"154 681 071";"A01";"1";"7";"0";"1";"1";"16";"1";
"202000034908";"154 681 067";"A01";"2";"7";"0";"0";"4";"23";"1";
"202000034908";"154 681 068";"B01";"2";"7";"0";"2";"4";"2";"1";
"202000034908";"154 681 069";"C01";"2";"7";"0";"2";"4";"2";"1";
"202000034908";"154 681 070";"D01";"2";"7";"0";"2";"1";"2";"1";
"202000034909";"154 681 065";"B01";"0";"31";"0";"2";"4";"23";"1";
"202000034909";"154 681 066";"A01";"0";"7";"0";"2";"1";"1";"1";
"202000034910";"154 681 063";"B01";"3";"7";"0";"2";"3";"1";"1";
"202000034910";"154 681 064";"A01";"1";"7";"0";"2";"5";"1";"1";
"202000034911";"154 681 061";"A01";"2";"7";"0";"2";"4";"23";"1";
"202000034911";"154 681 062";"B01";"2";"7";"0";"2";"1";"1";"1";
"202000034912";"154 681 057";"A01";"3";"7";"0";"2";"1";"9";"0";
"202000034912";"154 681 058";"D01";"0";"7";"0";"0";"1";"0";"1";
"202000034912";"154 681 059";"C01";"0";"7";"0";"0";"3";"0";"1";
"202000034912";"154 681 060";"B01";"3";"7";"0";"2";"7";"1";"1";
"202000034913";"154 681 055";"A01";"1";"7";"0";"2";"7";"12";"1";
"202000034913";"154 681 056";"B01";"1";"32";"0";"2";"1";"0";"1";
"202000034914";"154 681 054";"A01";"2";"7";"9";"0";"3";"16";"1";
"202000034915";"154 681 052";"B01";"1";"33";"0";"2";"7";"1";"1";
"202000034915";"154 681 053";"Z01";"1";"10";"0";"2";"8";"11";"1";
"202000034916";"154 681 050";"A01";"1";"32";"0";"2";"1";"1";"1";
"202000034916";"154 681 051";"B01";"2";"2";"0";"2";"8";"19";"1";
"202000034917";"154 681 048";"A01";"1";"1";"1";"2";"8";"21";"5";
"202000034917";"154 681 049";"B01";"1";"10";"0";"0";"0";"0";"0";
"202000034918";"154 681 046";"A01";"1";"7";"0";"2";"2";"15";"1";
"202000034918";"154 681 047";"B01";"1";"10";"0";"2";"1";"1";"1";
"202000034919";"154 681 045";"A01";"3";"7";"2";"0";"3";"1";"0";
"202000034920";"154 681 042";"A01";"1";"7";"3";"0";"0";"1";"1";
"202000034920";"154 681 043";"B01";"1";"7";"3";"0";"0";"1";"1";
"202000034920";"154 681 044";"C01";"1";"7";"14";"0";"1";"1";"1";
"202000034921";"154 681 040";"A01";"2";"7";"0";"2";"2";"14";"1";
"202000034921";"154 681 041";"B01";"2";"7";"0";"0";"6";"1";"1";
"202000034922";"154 681 038";"B01";"1";"7";"0";"2";"3";"5";"1";
"202000034922";"154 681 039";"A01";"2";"7";"0";"2";"3";"1";"1";
"202000034923";"154 681 037";"A01";"1";"33";"13";"0";"1";"1";"1";
"202000034924";"154 681 036";"A01";"0";"36";"15";"0";"1";"1";"1";
"202000034925";"154 681 034";"A01";"2";"33";"0";"0";"4";"2";"1";
"202000034925";"154 681 035";"B01";"2";"10";"0";"2";"3";"2";"1";
"202000034926";"154 681 032";"B01";"2";"7";"0";"2";"1";"1";"1";
"202000034926";"154 681 033";"A01";"1";"7";"0";"2";"1";"13";"1";
"202000034927";"154 681 030";"A01";"2";"10";"0";"0";"1";"1";"1";
"202000034927";"154 681 031";"B01";"1";"7";"0";"0";"3";"1";"1";
"202000034928";"154 681 027";"B01";"0";"7";"0";"2";"3";"1";"1";
"202000034928";"154 681 028";"C01";"0";"7";"0";"2";"8";"1";"1";
"202000034928";"154 681 029";"A01";"0";"10";"0";"2";"3";"13";"1";
"202000034929";"154 681 025";"B01";"1";"15";"13";"0";"3";"1";"1";
"202000034929";"154 681 026";"A01";"2";"7";"14";"0";"3";"1";"1";
"202000034930";"154 681 024";"A01";"1";"33";"0";"0";"0";"2";"1";
"202000034931";"154 681 022";"B01";"3";"1";"0";"2";"1";"16";"5";
"202000034931";"154 681 023";"A01";"2";"7";"0";"9";"2";"1";"1";
"202000034932";"154 681 021";"A01";"0";"7";"0";"1";"2";"14";"1";
"202000034933";"154 681 019";"A01";"2";"7";"0";"2";"1";"1";"0";
"202000034933";"154 681 020";"B01";"2";"7";"0";"0";"4";"15";"0";
"202000034934";"154 681 018";"A01";"2";"2";"0";"0";"0";"14";"1";
"202000034935";"154 681 016";"B01";"2";"33";"0";"2";"1";"1";"1";
"202000034935";"154 681 017";"A01";"1";"7";"0";"2";"7";"15";"1";
"202000034936";"154 681 015";"A01";"1";"33";"13";"0";"0";"1";"1";
"202000034937";"154 681 013";"B01";"3";"2";"0";"2";"1";"0";"1";
"202000034937";"154 681 014";"A01";"3";"7";"0";"2";"1";"5";"1";
"202000034938";"154 681 012";"A01";"1";"7";"13";"0";"1";"0";"1";
"202000034939";"154 681 011";"A01";"1";"7";"2";"0";"1";"1";"1";
"202000034940";"154 681 009";"B01";"1";"7";"0";"2";"8";"15";"1";
"202000034940";"154 681 010";"A01";"2";"33";"0";"2";"1";"1";"1";
"202000034941";"154 681 008";"A01";"1";"7";"2";"0";"1";"1";"1";
"202000034942";"154 681 006";"B01";"2";"1";"0";"2";"1";"1";"5";
"202000034942";"154 681 007";"A01";"2";"7";"0";"2";"3";"15";"1";
"202000034943";"154 681 004";"A01";"1";"80";"0";"9";"4";"1";"3";
"202000034943";"154 681 005";"B01";"1";"7";"0";"9";"2";"1";"6";
"202000034944";"154 681 003";"A01";"2";"7";"2";"0";"2";"14";"1";
"202000034945";"154 681 001";"A01";"2";"7";"0";"2";"0";"17";"1";
"202000034945";"154 681 002";"B01";"2";"1";"0";"2";"8";"15";"5";
"202000034946";"154 680 999";"A01";"1";"7";"0";"2";"3";"1";"1";
"202000034946";"154 681 000";"B01";"2";"7";"0";"2";"3";"1";"1";
"202000034947";"154 680 998";"A01";"2";"7";"2";"0";"2";"13";"1";
"202000034948";"154 680 996";"B01";"2";"7";"0";"2";"1";"21";"1";
"202000034948";"154 680 997";"A01";"1";"7";"0";"2";"1";"13";"1";
"202000034949";"154 680 995";"A01";"1";"7";"0";"1";"1";"1";"1";
"202000034950";"154 680 994";"A01";"1";"7";"0";"1";"1";"2";"1";
"202000034951";"154 680 992";"A01";"1";"7";"0";"2";"1";"13";"1";
"202000034951";"154 680 993";"B01";"2";"37";"12";"2";"3";"14";"6";"11"
"202000034952";"154 680 990";"A01";"2";"33";"0";"6";"1";"1";"1";
"202000034953";"154 680 988";"A01";"1";"31";"0";"2";"4";"15";"1";
"202000034953";"154 680 989";"B01";"1";"33";"0";"2";"1";"15";"1";
"202000034954";"154 680 987";"A01";"2";"7";"13";"0";"9";"0";"1";
"202000034955";"154 680 986";"A01";"1";"7";"0";"0";"2";"1";"1";
"202000034956";"154 680 985";"A01";"1";"7";"8";"0";"2";"1";"1";
"202000034957";"154 680 984";"A01";"2";"7";"2";"0";"3";"14";"1";
"202000034958";"154 680 981";"B01";"2";"7";"0";"2";"2";"1";"1";
"202000034958";"154 680 983";"A01";"1";"7";"13";"2";"1";"13";"1";
"202000034959";"154 680 980";"A01";"3";"15";"0";"2";"1";"15";"1";
"202000034959";"154 680 982";"B01";"3";"7";"0";"2";"4";"23";"6";
"202000034960";"154 680 979";"A01";"2";"33";"0";"0";"7";"1";"1";
"202000034961";"154 680 976";"B01";"3";"31";"0";"2";"8";"15";"1";
"202000034961";"154 680 977";"A01";"2";"7";"8";"2";"2";"1";"1";
"202000034962";"154 680 975";"B01";"2";"10";"0";"2";"1";"1";"1";
"202000034962";"154 680 978";"A01";"1";"7";"0";"2";"3";"9";"1";
"202000034963";"154 680 973";"B01";"2";"15";"0";"0";"4";"1";"1";
"202000034963";"154 680 974";"A01";"2";"10";"0";"2";"1";"2";"1";
"202000034964";"154 680 971";"A01";"2";"7";"0";"2";"1";"1";"1";
"202000034964";"154 680 972";"B01";"2";"30";"0";"2";"4";"1";"1";
"202000034965";"154 680 969";"B01";"2";"7";"0";"2";"5";"11";"1";
"202000034965";"154 680 970";"A01";"2";"33";"0";"2";"1";"21";"1";
"202000034966";"154 680 967";"B01";"1";"33";"0";"2";"1";"17";"1";
"202000034966";"154 680 968";"A01";"1";"7";"0";"2";"3";"10";"1";
"202000034967";"154 680 966";"A01";"2";"7";"4";"0";"3";"17";"1";
"202000034968";"154 680 964";"B01";"1";"7";"0";"2";"4";"1";"1";
"202000034968";"154 680 965";"A01";"1";"30";"0";"2";"1";"1";"1";
"202000034969";"154 680 963";"A01";"2";"7";"3";"0";"2";"14";"1";
"202000034970";"154 680 960";"A01";"1";"7";"0";"2";"2";"15";"1";
"202000034970";"154 680 962";"B01";"2";"1";"0";"2";"1";"0";"0";
"202000034971";"154 680 959";"B01";"2";"15";"0";"0";"6";"2";"1";
"202000034971";"154 680 961";"A01";"2";"10";"0";"2";"1";"2";"1";
"202000034972";"154 680 957";"B01";"1";"1";"0";"0";"0";"0";"5";
"202000034972";"154 680 958";"A01";"1";"37";"0";"2";"5";"1";"1";"1"
"202000034973";"154 680 954";"A01";"1";"7";"0";"2";"1";"2";"1";
"202000034973";"154 680 956";"B01";"1";"7";"0";"0";"4";"1";"1";
"202000034974";"154 680 953";"A01";"1";"33";"0";"2";"1";"2";"1";
"202000034974";"154 680 955";"B01";"1";"7";"0";"2";"4";"2";"0";
"202000034975";"154 680 951";"A01";"2";"7";"0";"2";"3";"13";"0";
"202000034975";"154 680 952";"B01";"1";"7";"0";"2";"3";"1";"0";
"202000034976";"154 680 949";"A01";"2";"7";"0";"2";"5";"11";"1";
"202000034976";"154 680 950";"B01";"2";"2";"0";"2";"3";"18";"1";
"202000034977";"154 680 947";"B01";"1";"33";"0";"2";"1";"1";"1";
"202000034977";"154 680 948";"A01";"1";"7";"0";"2";"4";"17";"0";
"202000034978";"154 680 946";"A01";"1";"7";"13";"0";"1";"14";"1";
"202000034979";"154 680 943";"B01";"1";"33";"0";"2";"1";"1";"1";
"202000034979";"154 680 945";"A01";"1";"7";"0";"2";"3";"15";"1";
"202000034980";"154 680 942";"A01";"1";"7";"0";"1";"1";"1";"1";
"202000034981";"154 680 939";"A01";"1";"33";"6";"0";"7";"1";"1";
"202000034982";"154 680 938";"A01";"1";"7";"0";"2";"1";"15";"1";
"202000034982";"154 680 940";"B01";"1";"7";"0";"2";"7";"1";"1";
"202000034983";"154 680 936";"A01";"3";"33";"0";"2";"1";"1";"1";
"202000034983";"154 680 937";"B01";"0";"7";"0";"2";"3";"1";"1";
"202000034984";"154 680 935";"A01";"1";"33";"0";"6";"2";"1";"1";
"202000034985";"154 680 934";"A01";"0";"7";"0";"1";"1";"18";"1";
"202000034986";"154 680 930";"C01";"2";"7";"0";"2";"2";"1";"6";
"202000034986";"154 680 932";"B01";"2";"7";"0";"2";"5";"1";"6";
"202000034986";"154 680 933";"A01";"1";"7";"0";"2";"2";"1";"6";
"202000034987";"154 680 929";"B01";"2";"7";"0";"2";"1";"1";"1";
"202000034987";"154 680 931";"A01";"1";"7";"0";"2";"1";"15";"1";
"202000034988";"154 680 928";"A01";" -1";"33";"13";"0";"9";"14";"1";
"202000034989";"154 680 926";"A01";"1";"33";"13";"0";"1";"0";"1";
"202000034990";"154 680 925";"B01";"1";"7";"0";"2";"3";"26";"1";
"202000034990";"154 680 927";"A01";"2";"7";"15";"0";"4";"26";"0";
"202000034991";"154 680 924";"A01";"2";"7";"8";"0";"8";"1";"1";
"202000034992";"154 680 923";"A01";"2";"7";"0";"1";"1";"1";"1";
"202000034993";"154 680 919";"B01";"1";"1";"0";"2";"1";"1";"0";
"202000034993";"154 680 921";"A01";"2";"7";"0";"9";"3";"1";"0";
"202000034994";"154 680 920";"B01";"1";"33";"0";"2";"8";"1";"1";
"202000034994";"154 680 922";"X01";"1";"99";"0";"2";"1";"1";"3";
"202000034995";"154 680 916";"A01";"2";"10";"0";"2";"2";"13";"1";
"202000034995";"154 680 917";"B01";"1";"7";"0";"2";"1";"1";"1";
"202000034996";"154 680 915";"B01";"1";"2";"0";"2";"7";"1";"1";
"202000034996";"154 680 918";"A01";"1";"7";"0";"2";"3";"16";"1";
"202000034997";"154 680 912";"A01";"3";"31";"11";"0";"0";"17";"1";
"202000034998";"154 680 911";"C01";"1";"7";"0";"2";"6";"1";"1";
"202000034998";"154 680 913";"A01";"1";"7";"0";"2";"2";"12";"1";
"202000034998";"154 680 914";"B01";"1";"43";"0";"2";"3";"3";"1";
"202000034999";"154 680 910";"A01";"1";"7";"4";"0";"1";"14";"1";
"202000035000";"154 680 909";"A01";"2";"7";"4";"0";"1";"1";"1";
"202000035001";"154 680 908";"A01";"1";"7";"4";"0";"1";"14";"1";
"202000035002";"154 680 907";"A01";"2";"7";"14";"0";"1";"14";"1";
"202000035003";"154 680 904";"Z01";"1";"7";"0";"2";"2";"16";"1";
"202000035003";"154 680 906";"A01";"1";"1";"0";"2";"8";"1";"5";
"202000035004";"154 680 902";"C01";"2";"7";"0";"2";"6";"2";"1";
"202000035004";"154 680 903";"A01";"2";"7";"0";"2";"1";"2";"1";
"202000035004";"154 680 905";"B01";"2";"7";"0";"2";"4";"2";"1";
"202000035005";"154 680 901";"A01";"2";"50";"0";"1";"7";"1";"3";
"202000035006";"154 680 896";"C01";"2";"7";"0";"2";"4";"0";"1";
"202000035006";"154 680 897";"A01";"2";"7";"0";"2";"1";"2";"1";
"202000035006";"154 680 899";"B01";"2";"7";"0";"2";"4";"0";"1";
"202000035006";"154 680 900";"Z01";"2";"7";"0";"2";"0";"0";"0";
"202000035007";"154 680 898";"A01";"1";"30";"0";"0";"0";"21";"2";
"202000035008";"154 680 895";"A01";"1";"32";"0";"0";"0";"1";"1";
"202000035009";"154 680 894";"A01";"2";"32";"0";"0";"0";"1";"1";
"202000035010";"154 680 893";"A01";"1";"7";"4";"0";"3";"26";"1";
"202000035011";"154 680 890";"B01";"2";"7";"0";"2";"3";"9";"1";
"202000035011";"154 680 892";"A01";"2";"15";"0";"2";"2";"12";"1";
"202000035012";"154 680 891";"Z01";"2";"30";"0";"1";"0";"1";"1";
"202000035013";"154 680 887";"B01";"2";"7";"0";"2";"1";"0";"1";
"202000035013";"154 680 889";"A01";"2";"7";"0";"2";"4";"26";"1";
"202000035014";"154 680 886";"B01";"1";"10";"0";"2";"5";"1";"3";
"202000035014";"154 680 888";"A01";"1";"1";"0";"2";"3";"1";"5";
"202000035015";"154 680 885";"A01";"1";"7";"0";"1";"7";"15";"1";
"202000035016";"154 680 883";"A01";"2";"7";"0";"2";"1";"1";"1";
"202000035016";"154 680 884";"B01";"3";"1";"0";"2";"1";"1";"5";
"202000035017";"154 680 881";"A01";"2";"7";"0";"1";"1";"15";"1";
"202000035018";"154 680 880";"A01";"3";"32";"0";"2";"7";"1";"1";
"202000035018";"154 680 882";"B01";"3";"7";"0";"2";"0";"23";"3";
"202000035019";"154 680 878";"A01";"2";"7";"0";"2";"7";"1";"0";
"202000035019";"154 680 879";"B01";"1";"7";"0";"2";"1";"0";"0";
"202000035020";"154 680 876";"A01";"1";"7";"0";"2";"2";"15";"1";
"202000035020";"154 680 877";"B01";"2";"1";"0";"2";"1";"1";"5";
"202000035021";"154 680 875";"A01";"3";"36";"0";"0";"0";"1";"1";
"202000035022";"154 680 872";"A01";"2";"10";"0";"2";"2";"22";"1";
"202000035022";"154 680 874";"B01";"2";"1";"0";"2";"3";"1";"5";
"202000035023";"154 680 870";"Z01";"1";"1";"0";"2";"1";"10";"5";
"202000035023";"154 680 871";"A01";"2";"1";"0";"2";"1";"1";"5";
"202000035024";"154 680 869";"A01";"3";"7";"0";"2";"1";"2";"1";
"202000035024";"154 680 873";"B01";"3";"7";"0";"2";"4";"2";"1";
"202000035025";"154 680 867";"A01";"2";"7";"0";"2";"7";"1";"1";
"202000035025";"154 680 868";"B01";"2";"7";"1";"2";"3";"1";"1";
"202000035026";"154 680 865";"A01";"1";"30";"0";"2";"1";"17";"1";
"202000035026";"154 680 866";"B01";"1";"7";"0";"2";"6";"10";"1";
"202000035027";"154 680 861";"B01";"1";"7";"0";"2";"3";"10";"1";
"202000035027";"154 680 862";"A01";"1";"30";"0";"2";"0";"0";"1";
"202000035028";"154 680 863";"B01";"0";"7";"0";"2";"8";"1";"1";
"202000035028";"154 680 864";"A01";"0";"7";"0";"2";"7";"9";"1";
"202000035029";"154 680 859";"A01";"1";"7";"0";"2";"3";"15";"1";
"202000035029";"154 680 860";"B01";"1";"2";"0";"2";"7";"1";"1";
"202000035030";"154 680 857";"A01";"3";"7";"0";"2";"1";"26";"1";
"202000035030";"154 680 858";"B01";"3";"7";"0";"2";"4";"23";"1";
"202000035031";"154 680 854";"A01";"3";"7";"0";"1";"1";"26";"1";
"202000035032";"154 680 853";"C01";"1";"7";"0";"2";"1";"1";"1";
"202000035032";"154 680 855";"B01";"1";"7";"1";"2";"1";"1";"1";
"202000035032";"154 680 856";"A01";"2";"7";"0";"2";"1";"17";"1";
"202000035033";"154 680 851";"A01";"1";"7";"0";"2";"3";"9";"1";
"202000035033";"154 680 852";"B01";"1";"7";"0";"2";"2";"15";"1";
"202000035034";"154 680 849";"A01";"3";"33";"6";"2";"1";"18";"1";
"202000035034";"154 680 850";"B01";"3";"7";"0";"2";"2";"16";"1";
"202000035035";"154 680 847";"A01";"0";"7";"0";"9";"3";"23";"1";
"202000035035";"154 680 848";"B01";"3";"1";"0";"2";"1";"15";"0";
"202000035036";"154 680 846";"A01";"1";"1";"14";"0";"1";"1";"5";
"202000035037";"154 680 844";"A01";"1";"7";"0";"1";"1";"26";"1";
"202000035038";"154 680 841";"C01";"2";"10";"0";"9";"6";"1";"1";
"202000035038";"154 680 842";"B01";"2";"7";"0";"2";"5";"1";"1";
"202000035038";"154 680 843";"A01";"2";"7";"0";"2";"3";"26";"1";
"202000035039";"154 680 845";"A01";"1";"7";"0";"1";"2";"16";"1";
"202000035040";"154 680 839";"B01";"2";"7";"0";"2";"4";"1";"1";
"202000035040";"154 680 840";"A01";"2";"7";"0";"2";"1";"26";"1";
"202000035041";"154 680 838";"A01";"1";"43";"14";"9";"2";"26";"1";
"202000035042";"154 680 835";"B01";"3";"34";"0";"2";"1";"3";"1";
"202000035042";"154 680 837";"A01";"3";"7";"0";"2";"7";"1";"1";
"202000035043";"154 680 834";"B01";"1";"7";"0";"2";"2";"1";"1";
"202000035043";"154 680 836";"A01";"1";"30";"0";"2";"1";"1";"1";
"202000035044";"154 680 832";"B01";"3";"1";"0";"2";"3";"19";"5";
"202000035044";"154 680 833";"A01";"3";"7";"0";"2";"2";"1";"1";
"202000035045";"154 680 831";"A01";" -1";"7";"0";"1";"1";"1";"0";
"202000035046";"154 680 828";"C01";"3";"7";"0";"2";"4";"0";"1";
"202000035046";"154 680 829";"B01";"3";"7";"0";"2";"4";"0";"1";
"202000035046";"154 680 830";"A01";"3";"7";"0";"2";"1";"0";"1";
"202000035047";"154 680 825";"B01";"3";"7";"0";"2";"1";"2";"1";
"202000035047";"154 680 826";"A01";"3";"7";"0";"2";"1";"16";"1";
"202000035048";"154 680 822";"B01";"3";"7";"0";"2";"2";"0";"1";
"202000035048";"154 680 823";"A01";"3";"32";"0";"2";"8";"1";"1";
"202000035049";"154 680 820";"B01";"1";"1";"0";"2";"8";"0";"5";
"202000035049";"154 680 821";"A01";"1";"17";"0";"2";"5";"16";"1";
"202000035050";"154 680 819";"A01";"0";"7";"0";"1";"1";"1";"1";
"202000035051";"154 680 818";"A01";"2";"7";"0";"1";"2";"1";"0";
"202000035052";"154 680 816";"B01";"3";"1";"0";"2";"2";"1";"0";
"202000035052";"154 680 817";"A01";"3";"10";"0";"2";"3";"3";"1";
"202000035053";"154 680 813";"B01";"2";"33";"0";"2";"1";"1";"1";
"202000035053";"154 680 814";"A01";"1";"3";"0";"2";"6";"15";"1";
"202000035054";"154 680 815";"A01";"2";"7";"2";"0";"1";"1";"1";
"202000035055";"154 680 811";"A01";"2";"3";"3";"0";"0";"0";"3";
"202000035056";"154 680 810";"A01";"0";"14";"0";"2";"1";"1";"1";
"202000035056";"154 680 812";"B01";"0";"7";"0";"2";"7";"1";"1";
"202000035057";"154 680 808";"A01";"2";"7";"8";"0";"1";"1";"1";
"202000035058";"154 680 806";"A01";"1";"7";"0";"2";"1";"1";"1";
"202000035058";"154 680 824";"B01";"1";"2";"0";"2";"7";"1";"1";
"202000035059";"154 680 807";"B01";"1";"33";"0";"2";"1";"0";"1";
"202000035059";"154 680 809";"A01";"2";"7";"0";"2";"6";"0";"1";
"202000035060";"154 680 802";"A01";"2";"7";"0";"2";"3";"20";"1";
"202000035060";"154 680 804";"B01";"2";"32";"0";"2";"2";"2";"1";
"202000035061";"154 680 799";"A01";"2";"7";"0";"2";"1";"2";"1";
"202000035061";"154 680 801";"B01";"2";"7";"0";"2";"4";"2";"1";
"202000035061";"154 680 805";"C01";"2";"7";"0";"2";"4";"2";"1";
"202000035062";"154 680 800";"A01";"2";"15";"0";"2";"6";"12";"1";
"202000035062";"154 680 803";"B01";"2";"7";"0";"2";"6";"1";"1";