"Num_Acc";"id_vehicule";"num_veh";"senc";"catv";"obs";"obsm";"choc";"manv";"motor";"occutc"
"202000035063";"154 680 797";"A01";"1";"7";"0";"1";"7";"1";"3";
"202000035064";"154 680 795";"B01";"3";"7";"0";"2";"2";"9";"0";
"202000035064";"154 680 798";"A01";"1";"7";"0";"2";"3";"9";"0";
"202000035065";"154 680 794";"A01";"1";"7";"0";"2";"1";"2";"1";
"202000035065";"154 680 796";"B01";"1";"7";"0";"0";"4";"1";"1";
"202000035066";"154 680 791";"B01";"1";"17";"0";"1";"1";"21";"1";
"202000035067";"154 680 789";"B01";"1";"33";"0";"2";"1";"3";"0";
"202000035067";"154 680 793";"A01";"1";"7";"0";"2";"8";"15";"0";
"202000035068";"154 680 790";"B01";"0";"31";"0";"2";"7";"1";"0";
"202000035068";"154 680 792";"A01";"0";"7";"0";"2";"8";"10";"0";
"202000035069";"154 680 788";"A01";"1";"33";"16";"0";"0";"13";"1";
"202000035070";"154 680 786";"A01";"0";"33";"0";"0";"0";"0";"0";
"202000035071";"154 680 785";"B01";"1";"7";"0";"0";"3";"15";"0";
"202000035071";"154 680 787";"A01";"1";"30";"0";"0";"7";"17";"0";
"202000035072";"154 680 781";"A01";"2";"7";"0";"2";"1";"1";"1";
"202000035072";"154 680 783";"B01";"2";"7";"0";"2";"4";"2";"1";
"202000035072";"154 680 784";"C01";"2";"7";"0";"2";"4";"1";"1";
"202000035073";"154 680 782";"A01";"2";"33";"0";"0";"3";"1";"1";
"202000035074";"154 680 779";"A01";"2";"33";"16";"0";"1";"26";"1";
"202000035075";"154 680 778";"A01";"1";"7";"0";"2";"2";"15";"1";
"202000035075";"154 680 780";"B01";"2";"32";"0";"2";"1";"1";"1";
"202000035076";"154 680 777";"A01";"2";"7";"0";"1";"3";"26";"1";
"202000035077";"154 680 775";"B01";"2";"33";"0";"2";"1";"3";"1";
"202000035077";"154 680 776";"A01";"2";"7";"0";"2";"5";"12";"1";
"202000035078";"154 680 774";"A01";"2";"7";"11";"0";"1";"6";"1";
"202000035079";"154 680 771";"B01";"0";"33";"0";"2";"1";"3";"1";
"202000035079";"154 680 773";"A01";"0";"7";"0";"2";"3";"15";"2";
"202000035080";"154 680 769";"A01";"2";"33";"0";"2";"1";"21";"1";
"202000035080";"154 680 772";"B01";"2";"7";"0";"2";"4";"1";"1";
"202000035081";"154 680 768";"A01";"1";"7";"0";"2";"4";"20";"1";
"202000035081";"154 680 770";"B01";"1";"30";"0";"2";"7";"1";"1";
"202000035082";"154 680 764";"A01";"1";"20";"4";"0";"7";"26";"1";
"202000035082";"154 680 765";"B01";"1";"32";"4";"2";"8";"18";"1";
"202000035083";"154 680 766";"A01";"1";"7";"0";"2";"9";"2";"1";
"202000035083";"154 680 767";"B01";"1";"7";"0";"2";"0";"2";"1";
"202000035084";"154 680 762";"B01";"1";"7";"0";"2";"8";"1";"1";
"202000035084";"154 680 763";"A01";"1";"33";"0";"2";"1";"9";"1";
"202000035085";"154 680 760";"A01";"1";"30";"0";"2";"4";"0";"1";
"202000035085";"154 680 761";"B01";"1";"7";"0";"2";"4";"1";"1";
"202000035086";"154 680 758";"B01";"2";"7";"0";"2";"4";"2";"1";
"202000035086";"154 680 759";"A01";"2";"7";"0";"2";"1";"1";"1";
"202000035087";"154 680 756";"B01";"2";"7";"0";"2";"1";"1";"1";
"202000035087";"154 680 757";"A01";"2";"1";"0";"2";"1";"9";"1";
"202000035088";"154 680 755";"A01";"1";"30";"8";"0";"1";"1";"1";
"202000035089";"154 680 752";"A01";"2";"10";"0";"1";"3";"4";"1";
"202000035090";"154 680 750";"A01";"2";"7";"0";"2";"1";"2";"1";
"202000035090";"154 680 753";"C01";"2";"7";"0";"2";"4";"2";"1";
"202000035090";"154 680 754";"B01";"2";"7";"0";"2";"4";"2";"1";
"202000035091";"154 680 749";"B01";"1";"7";"0";"2";"1";"1";"1";
"202000035091";"154 680 751";"Z01";"1";"7";"0";"2";"4";"26";"0";
"202000035092";"154 680 748";"A01";"2";"7";"8";"0";"1";"26";"6";
"202000035093";"154 680 745";"A01";"1";"37";"0";"1";"2";"15";"1";"1"
"202000035094";"154 680 746";"A01";"1";"10";"0";"2";"1";"2";"1";
"202000035094";"154 680 747";"B01";"1";"38";"0";"2";"4";"2";"1";"2"
"202000035095";"154 680 744";"A01";"3";"7";"0";"1";"2";"26";"1";
"202000035096";"154 680 742";"B01";"1";"7";"0";"2";"1";"1";"1";
"202000035096";"154 680 743";"A01";"1";"7";"0";"2";"3";"10";"1";
"202000035097";"154 680 740";"A01";"1";"7";"0";"2";"1";"1";"1";
"202000035097";"154 680 741";"B01";"2";"7";"0";"2";"4";"1";"1";
"202000035098";"154 680 737";"A01";"2";"7";"13";"0";"8";"1";"1";
"202000035099";"154 680 738";"B01";"1";"7";"0";"2";"1";"1";"1";
"202000035099";"154 680 739";"A01";"2";"7";"0";"2";"1";"13";"1";
"202000035100";"154 680 734";"A01";"1";"1";"1";"0";"1";"0";"5";
"202000035101";"154 680 733";"A01";"1";"7";"0";"2";"1";"1";"1";
"202000035101";"154 680 735";"C01";"1";"7";"0";"2";"5";"23";"1";
"202000035101";"154 680 736";"B01";"1";"7";"0";"2";"6";"23";"1";
"202000035102";"154 680 728";"A01";"2";"7";"0";"2";"3";"17";"1";
"202000035102";"154 680 731";"B01";"1";"7";"0";"2";"3";"1";"1";
"202000035102";"154 680 732";"C01";"2";"17";"0";"9";"1";"1";"1";
"202000035103";"154 680 727";"B01";"1";"33";"0";"2";"7";"0";"1";
"202000035103";"154 680 730";"A01";"1";"7";"0";"2";"0";"0";"1";
"202000035104";"154 680 726";"B01";"2";"7";"0";"2";"2";"12";"1";
"202000035104";"154 680 729";"A01";"2";"33";"0";"2";"6";"1";"1";
"202000035105";"154 680 724";"A01";"2";"31";"0";"2";"0";"0";"1";
"202000035106";"154 680 722";"B01";"0";"7";"0";"2";"6";"1";"1";
"202000035106";"154 680 725";"A01";"0";"7";"0";"2";"1";"16";"1";
"202000035107";"154 680 719";"B01";"3";"1";"0";"2";"3";"2";"0";
"202000035107";"154 680 720";"A01";"0";"7";"0";"2";"0";"26";"0";
"202000035108";"154 680 717";"B01";"1";"31";"0";"2";"1";"1";"1";
"202000035108";"154 680 723";"A01";"1";"7";"0";"2";"2";"9";"1";
"202000035109";"154 680 718";"B01";"1";"33";"4";"2";"1";"1";"1";
"202000035109";"154 680 721";"A01";"1";"10";"4";"2";"6";"1";"1";
"202000035110";"154 680 715";"B01";"2";"7";"0";"2";"4";"2";"1";
"202000035110";"154 680 716";"A01";"2";"7";"0";"2";"1";"2";"1";
"202000035111";"154 680 708";"A01";"2";"7";"0";"2";"0";"0";"1";
"202000035111";"154 680 712";"B01";"0";"1";"0";"2";"0";"0";"5";
"202000035112";"154 680 709";"A01";"1";"7";"0";"0";"5";"15";"1";
"202000035112";"154 680 711";"B01";"2";"80";"0";"2";"1";"1";"3";
"202000035113";"154 680 705";"A01";"2";"7";"3";"0";"2";"1";"1";
"202000035114";"154 680 707";"B01";"2";"7";"0";"2";"7";"1";"1";
"202000035114";"154 680 710";"A01";"2";"7";"0";"2";"8";"13";"1";
"202000035115";"154 680 701";"B01";"3";"80";"0";"2";"1";"1";"3";
"202000035115";"154 680 706";"A01";"3";"7";"0";"2";"3";"9";"1";
"202000035116";"154 680 702";"B01";"2";"7";"0";"2";"2";"1";"1";
"202000035116";"154 680 704";"A01";"1";"2";"0";"2";"3";"1";"1";
"202000035117";"154 680 698";"A01";"2";"2";"0";"0";"9";"15";"1";
"202000035118";"154 680 699";"A01";"1";"7";"0";"2";"8";"11";"1";
"202000035118";"154 680 700";"B01";"1";"7";"0";"2";"7";"3";"1";
"202000035118";"154 680 703";"C01";"1";"7";"0";"2";"6";"1";"1";
"202000035119";"154 680 697";"A01";"2";"33";"0";"0";"0";"17";"1";
"202000035120";"154 680 693";"D01";"1";"7";"0";"2";"4";"2";"1";
"202000035120";"154 680 694";"C01";"1";"10";"0";"2";"4";"2";"1";
"202000035120";"154 680 695";"B01";"1";"7";"0";"2";"4";"2";"1";
"202000035120";"154 680 696";"A01";"1";"7";"0";"2";"1";"1";"1";
"202000035121";"154 680 692";"A01";"2";"33";"12";"0";"1";"1";"0";
"202000035122";"154 680 688";"B01";"3";"7";"0";"2";"3";"1";"2";
"202000035122";"154 680 691";"A01";"3";"7";"0";"2";"1";"1";"1";
"202000035123";"154 680 687";"A01";"2";"7";"0";"0";"6";"1";"1";
"202000035123";"154 680 689";"B01";"2";"7";"0";"2";"4";"1";"1";
"202000035123";"154 680 690";"C01";"2";"7";"0";"2";"1";"1";"1";
"202000035124";"154 680 686";"A01";"2";"33";"0";"2";"1";"21";"1";
"202000035125";"154 680 682";"C01";"1";"7";"0";"0";"5";"15";"1";
"202000035125";"154 680 684";"B01";"1";"7";"0";"2";"5";"15";"3";
"202000035125";"154 680 685";"A01";"1";"7";"0";"2";"1";"1";"1";
"202000035126";"154 680 681";"B01";"1";"7";"0";"9";"5";"1";"0";
"202000035126";"154 680 683";"A01";"2";"1";"0";"2";"1";"9";"0";
"202000035127";"154 680 679";"A01";"3";"37";"7";"2";"2";"19";"1";"2"
"202000035127";"154 680 680";"B01";"2";"7";"0";"2";"1";"1";"1";
"202000035128";"154 680 677";"A01";"0";"30";"0";"0";"8";"1";"1";
"202000035129";"154 680 675";"C01";"2";"10";"0";"2";"1";"1";"1";
"202000035129";"154 680 676";"B01";"3";"10";"0";"2";"2";"1";"1";
"202000035129";"154 680 678";"A01";"3";"10";"0";"2";"1";"26";"1";
"202000035130";"154 680 673";"A01";"1";"7";"0";"2";"5";"15";"1";
"202000035130";"154 680 674";"B01";"2";"2";"0";"2";"1";"1";"1";
"202000035131";"154 680 672";"A01";"3";"37";"0";"1";"7";"1";"1";"1"
"202000035132";"154 680 671";"A01";"2";"7";"0";"0";"0";"17";"1";
"202000035133";"154 680 670";"A01";"1";"33";"0";"0";"7";"15";"1";
"202000035134";"154 680 669";"A01";"0";"7";"0";"1";"1";"1";"1";
"202000035135";"154 680 668";"A01";"2";"7";"0";"1";"2";"16";"1";
"202000035136";"154 680 666";"A01";"2";"7";"6";"0";"1";"1";"1";
"202000035137";"154 680 664";"B01";"2";"33";"0";"2";"1";"1";"0";
"202000035137";"154 680 667";"A01";"1";"7";"0";"2";"7";"15";"0";
"202000035138";"154 680 662";"C01";"1";"7";"0";"2";"3";"1";"0";
"202000035138";"154 680 663";"B01";"1";"7";"0";"2";"1";"1";"0";
"202000035138";"154 680 665";"A01";"2";"15";"0";"2";"6";"1";"0";
"202000035139";"154 680 659";"A01";"3";"7";"0";"2";"2";"1";"0";
"202000035139";"154 680 661";"B01";"3";"7";"0";"2";"3";"16";"0";
"202000035140";"154 680 658";"A01";"2";"2";"0";"2";"3";"1";"1";
"202000035140";"154 680 660";"B01";"2";"7";"0";"2";"3";"1";"1";
"202000035141";"154 680 657";"A01";"2";"10";"1";"1";"2";"1";"1";
"202000035142";"154 680 656";"A01";"2";"7";"2";"0";"3";"1";"1";
"202000035143";"154 680 654";"A01";"2";"3";"13";"0";"2";"14";"1";
"202000035144";"154 680 653";"A01";"1";"7";"0";"2";"2";"1";"1";
"202000035144";"154 680 655";"B01";"2";"32";"0";"2";"1";"1";"1";
"202000035145";"154 680 651";"B01";"1";"13";"0";"2";"1";"15";"1";
"202000035145";"154 680 652";"A01";"2";"33";"0";"2";"1";"1";"1";
"202000035146";"154 680 648";"A01";"3";"7";"0";"2";"1";"1";"1";
"202000035146";"154 680 650";"B01";"3";"1";"0";"2";"1";"9";"5";
"202000035147";"154 680 646";"A01";"2";"7";"0";"1";"0";"1";"1";
"202000035148";"154 680 645";"B01";"3";"21";"0";"9";"6";"1";"1";
"202000035148";"154 680 647";"A01";"3";"1";"0";"9";"3";"1";"5";
"202000035149";"154 680 643";"A01";"2";"7";"0";"1";"2";"21";"1";
"202000035150";"154 680 642";"A01";"2";"15";"0";"2";"8";"17";"1";
"202000035150";"154 680 644";"B01";"1";"7";"0";"2";"1";"1";"1";
"202000035151";"154 680 638";"A01";"3";"14";"0";"2";"1";"0";"1";
"202000035151";"154 680 640";"B01";"0";"7";"0";"2";"8";"0";"1";
"202000035152";"154 680 639";"A01";"1";"7";"0";"2";"2";"1";"1";
"202000035152";"154 680 641";"B01";"1";"99";"0";"2";"0";"1";"3";
"202000035153";"154 680 636";"A01";"1";"17";"13";"0";"2";"1";"1";
"202000035154";"154 680 634";"A01";"3";"31";"0";"2";"1";"1";"0";
"202000035154";"154 680 635";"B01";"1";"7";"0";"2";"3";"15";"1";
"202000035155";"154 680 633";"A01";"1";"14";"0";"0";"9";"1";"1";
"202000035156";"154 680 631";"A01";"3";"10";"3";"0";"1";"14";"1";
"202000035157";"154 680 630";"B01";"0";"7";"0";"0";"4";"2";"1";
"202000035157";"154 680 632";"A01";"0";"7";"7";"1";"1";"2";"2";
"202000035158";"154 680 626";"A01";"1";"7";"0";"0";"6";"15";"1";
"202000035158";"154 680 627";"B01";"1";"33";"0";"2";"1";"17";"1";
"202000035159";"154 680 624";"B01";"1";"7";"0";"2";"1";"1";"0";
"202000035159";"154 680 625";"A01";"1";"7";"0";"2";"4";"1";"0";
"202000035160";"154 680 622";"A01";"1";"1";"0";"0";"4";"1";"6";
"202000035160";"154 680 623";"B01";"1";"7";"0";"2";"2";"14";"1";
"202000035161";"154 680 620";"A01";"2";"7";"5";"0";"4";"0";"6";
"202000035161";"154 680 621";"B01";"2";"38";"0";"2";"1";"1";"0";"5"
"202000035162";"154 680 628";"B01";"0";"7";"0";"0";"0";"0";"0";
"202000035162";"154 680 629";"A01";"0";"2";"0";"2";"1";"1";"1";
"202000035163";"154 680 618";"A01";"2";"7";"3";"2";"1";"26";"1";
"202000035163";"154 680 619";"B01";"2";"7";"3";"2";"6";"1";"1";
"202000035164";"154 680 616";"A01";"2";"7";"0";"2";"5";"19";"0";
"202000035164";"154 680 617";"B01";"1";"7";"0";"2";"1";"1";"0";
"202000035165";"154 680 613";"B01";"1";"33";"0";"2";"2";"17";"0";
"202000035165";"154 680 614";"A01";"1";"13";"0";"2";"8";"15";"0";
"202000035166";"154 680 612";"A01";"1";"7";"13";"0";"9";"1";"1";
"202000035167";"154 680 611";"A01";"2";"7";"0";"1";"4";"4";"1";
"202000035168";"154 680 610";"A01";"3";"7";"0";"1";"2";"20";"1";
"202000035169";"154 680 608";"A01";"2";"33";"13";"0";"1";"0";"1";
"202000035170";"154 680 606";"A01";"0";"7";"13";"0";"3";"13";"1";
"202000035171";"154 680 604";"A01";"1";"33";"0";"2";"1";"1";"1";
"202000035171";"154 680 605";"B01";"2";"33";"0";"2";"1";"1";"1";
"202000035172";"154 680 599";"A01";"2";"7";"0";"2";"3";"13";"1";
"202000035172";"154 680 601";"B01";"2";"7";"0";"2";"7";"1";"1";
"202000035172";"154 680 607";"C01";"2";"10";"0";"2";"8";"1";"1";
"202000035172";"154 680 609";"D01";"2";"15";"0";"0";"0";"1";"1";
"202000035173";"154 680 597";"B01";"1";"7";"0";"2";"4";"1";"1";
"202000035173";"154 680 598";"A01";"1";"10";"0";"2";"1";"2";"1";
"202000035174";"154 680 600";"B01";"2";"7";"0";"2";"2";"21";"1";
"202000035174";"154 680 603";"A01";"1";"31";"3";"2";"2";"13";"1";
"202000035175";"154 680 593";"B01";"1";"1";"0";"2";"7";"1";"5";
"202000035175";"154 680 594";"A01";"1";"7";"0";"2";"1";"9";"1";
"202000035176";"154 680 592";"A01";"2";"7";"5";"0";"1";"1";"1";
"202000035177";"154 680 591";"A01";"2";"33";"6";"0";"1";"1";"1";
"202000035178";"154 680 589";"A01";"2";"7";"0";"1";"3";"1";"1";
"202000035179";"154 680 588";"B01";"2";"7";"0";"2";"3";"1";"1";
"202000035179";"154 680 590";"A01";"1";"7";"0";"2";"7";"1";"1";
"202000035180";"154 680 585";"A01";"2";"7";"0";"2";"1";"1";"1";
"202000035180";"154 680 586";"B01";"2";"33";"0";"2";"1";"15";"1";
"202000035180";"154 680 587";"C01";"2";"7";"0";"2";"1";"1";"1";
"202000035181";"154 680 583";"B01";"0";"7";"0";"2";"2";"15";"1";
"202000035181";"154 680 584";"A01";"3";"7";"2";"2";"7";"1";"1";
"202000035182";"154 680 580";"B01";"1";"7";"0";"2";"8";"15";"1";
"202000035182";"154 680 582";"A01";"1";"31";"0";"2";"1";"17";"1";
"202000035183";"154 680 579";"A01";"1";"3";"0";"2";"8";"1";"1";
"202000035183";"154 680 581";"B01";"1";"80";"0";"2";"1";"1";"3";
"202000035184";"154 680 578";"A01";"2";"33";"17";"0";"4";"1";"1";
"202000035185";"154 680 574";"B01";"1";"31";"0";"2";"3";"1";"1";
"202000035185";"154 680 575";"A01";"2";"10";"0";"2";"3";"13";"1";
"202000035186";"154 680 576";"B01";"1";"33";"0";"2";"1";"1";"1";
"202000035186";"154 680 577";"A01";"2";"7";"0";"0";"7";"15";"1";
"202000035187";"154 680 573";"A01";"3";"36";"16";"0";"0";"1";"1";
"202000035188";"154 680 571";"A01";"1";"33";"0";"6";"1";"1";"1";
"202000035189";"154 680 570";"B01";"0";"30";"0";"2";"2";"1";"1";
"202000035189";"154 680 572";"A01";"0";"7";"0";"2";"3";"20";"1";
"202000035190";"154 680 569";"A01";"3";"7";"0";"1";"1";"0";"0";
"202000035191";"154 680 566";"B01";"0";"7";"0";"2";"3";"1";"1";
"202000035191";"154 680 568";"A01";"0";"50";"0";"2";"1";"19";"3";
"202000035192";"154 680 565";"B01";"2";"33";"0";"2";"1";"1";"1";
"202000035192";"154 680 567";"A01";"1";"7";"0";"2";"3";"1";"1";
"202000035193";"154 680 562";"A01";"2";"7";"0";"0";"1";"13";"1";
"202000035194";"154 680 563";"A01";"0";"7";"0";"1";"6";"26";"1";
"202000035195";"154 680 560";"A01";"2";"7";"10";"0";"1";"1";"1";
"202000035196";"154 680 558";"A01";"2";"7";"0";"2";"1";"13";"1";
"202000035196";"154 680 559";"B01";"1";"7";"0";"2";"1";"1";"1";
"202000035197";"154 680 557";"A01";"1";"7";"2";"0";"1";"19";"1";
"202000035198";"154 680 556";"Z01";"2";"7";"0";"1";"0";"1";"0";
"202000035199";"154 680 555";"A01";"1";"33";"0";"0";"0";"1";"1";
"202000035200";"154 680 561";"A01";"2";"33";"13";"0";"2";"1";"1";
"202000035201";"154 680 553";"B01";"1";"7";"0";"2";"1";"1";"3";
"202000035201";"154 680 554";"A01";"2";"33";"0";"2";"1";"1";"1";
"202000035202";"154 680 551";"A01";"2";"10";"0";"1";"3";"1";"1";
"202000035203";"154 680 550";"A01";"1";"33";"0";"0";"8";"1";"1";
"202000035204";"154 680 548";"B01";"1";"10";"0";"2";"3";"1";"1";
"202000035204";"154 680 552";"A01";"1";"7";"0";"2";"6";"1";"1";
"202000035205";"154 680 547";"B01";"1";"7";"0";"2";"2";"1";"0";
"202000035205";"154 680 549";"A01";"2";"7";"3";"2";"2";"0";"0";
"202000035206";"154 680 546";"A01";"1";"7";"0";"1";"3";"1";"1";
"202000035207";"154 680 541";"B01";"1";"7";"0";"2";"1";"1";"1";
"202000035207";"154 680 544";"A01";"1";"7";"0";"1";"1";"1";"1";
"202000035208";"154 680 543";"A01";"0";"7";"0";"1";"1";"1";"1";
"202000035209";"154 680 542";"A01";"1";"7";"0";"2";"3";"9";"0";
"202000035209";"154 680 545";"B01";"1";"36";"0";"0";"5";"1";"0";
"202000035210";"154 680 539";"B01";"3";"7";"0";"2";"7";"1";"0";
"202000035210";"154 680 540";"A01";"3";"33";"0";"2";"1";"19";"0";
"202000035211";"154 680 537";"B01";"3";"99";"0";"2";"1";"1";"3";
"202000035211";"154 680 538";"A01";"3";"7";"0";"9";"2";"15";"1";
"202000035212";"154 680 536";"A01";"1";"2";"0";"0";"0";"1";"1";
"202000035213";"154 680 534";"B01";"1";"7";"0";"2";"1";"2";"1";
"202000035213";"154 680 535";"A01";"1";"7";"0";"2";"4";"21";"1";
"202000035214";"154 680 531";"A01";"1";"33";"0";"6";"2";"0";"0";
"202000035215";"154 680 528";"A01";"2";"10";"1";"2";"3";"19";"1";
"202000035215";"154 680 530";"B01";"2";"10";"1";"2";"2";"1";"1";
"202000035216";"154 680 527";"A01";"3";"7";"0";"2";"2";"1";"1";
"202000035216";"154 680 529";"B01";"3";"1";"0";"2";"8";"15";"5";
"202000035217";"154 680 532";"B01";"3";"7";"0";"2";"2";"1";"1";
"202000035217";"154 680 533";"A01";"3";"7";"0";"0";"6";"1";"1";
"202000035218";"154 680 523";"A01";"1";"33";"13";"0";"0";"1";"1";
"202000035219";"154 680 525";"A01";"3";"33";"3";"0";"8";"1";"1";
"202000035220";"154 680 520";"B01";"2";"7";"0";"2";"4";"2";"1";
"202000035220";"154 680 521";"A01";"2";"7";"0";"2";"4";"2";"1";
"202000035220";"154 680 522";"C01";"2";"7";"0";"2";"1";"2";"1";
"202000035221";"154 680 518";"A01";"3";"2";"0";"2";"1";"1";"1";
"202000035221";"154 680 519";"B01";"3";"99";"0";"0";"3";"1";"1";
"202000035222";"154 680 513";"B01";"2";"7";"0";"2";"2";"1";"1";
"202000035222";"154 680 515";"A01";"2";"7";"4";"2";"1";"17";"1";
"202000035223";"154 680 514";"B01";"1";"7";"0";"2";"3";"1";"1";
"202000035223";"154 680 516";"A01";"2";"31";"0";"2";"1";"5";"1";
"202000035224";"154 680 524";"B01";"2";"15";"0";"2";"1";"1";"1";
"202000035224";"154 680 526";"A01";"2";"30";"0";"2";"7";"1";"1";
"202000035225";"154 680 507";"B01";"1";"33";"0";"2";"7";"1";"0";
"202000035225";"154 680 511";"A01";"1";"7";"0";"2";"3";"11";"1";
"202000035226";"154 680 509";"B01";"2";"30";"0";"2";"1";"1";"1";
"202000035226";"154 680 512";"A01";"1";"7";"8";"2";"1";"15";"1";
"202000035227";"154 680 508";"A01";"2";"7";"0";"2";"2";"16";"1";
"202000035227";"154 680 510";"B01";"2";"1";"0";"2";"5";"16";"5";
"202000035228";"154 680 501";"A01";"2";"33";"13";"0";"1";"1";"1";
"202000035229";"154 680 502";"A01";"2";"7";"0";"1";"1";"1";"1";
"202000035230";"154 680 499";"A01";"2";"7";"0";"1";"1";"1";"1";
"202000035231";"154 680 498";"B01";"1";"7";"0";"2";"4";"23";"1";
"202000035231";"154 680 500";"C01";"1";"7";"0";"2";"4";"23";"1";
"202000035231";"154 680 503";"D01";"1";"10";"0";"2";"4";"23";"1";
"202000035231";"154 680 504";"E01";"1";"7";"0";"2";"4";"23";"1";
"202000035231";"154 680 505";"F01";"1";"17";"0";"2";"4";"23";"1";
"202000035231";"154 680 506";"A01";"1";"14";"0";"2";"1";"1";"1";
"202000035232";"154 680 495";"C01";"1";"7";"0";"2";"4";"1";"1";
"202000035232";"154 680 496";"B01";"1";"7";"0";"2";"9";"1";"1";
"202000035232";"154 680 497";"A01";"1";"7";"0";"2";"1";"1";"1";
"202000035233";"154 680 492";"A01";"1";"7";"0";"1";"1";"2";"1";
"202000035233";"154 680 493";"B01";"1";"7";"0";"2";"1";"2";"1";
"202000035233";"154 680 494";"C01";"1";"7";"0";"2";"1";"2";"1";
"202000035234";"154 680 489";"A01";"1";"7";"0";"2";"1";"17";"1";
"202000035234";"154 680 491";"B01";"2";"7";"0";"2";"3";"21";"1";
"202000035235";"154 680 490";"A01";"1";"7";"0";"1";"1";"1";"1";
"202000035236";"154 680 488";"A01";"1";"33";"0";"0";"9";"2";"1";
"202000035237";"154 680 485";"B01";"2";"33";"0";"2";"3";"13";"1";
"202000035237";"154 680 487";"A01";"1";"7";"0";"2";"3";"13";"1";
"202000035238";"154 680 483";"B01";"2";"7";"0";"2";"3";"1";"1";
"202000035238";"154 680 484";"A01";"2";"7";"0";"2";"2";"1";"1";
"202000035239";"154 680 482";"A01";"2";"33";"0";"0";"7";"1";"1";
"202000035240";"154 680 479";"B01";"1";"7";"0";"2";"1";"2";"2";
"202000035240";"154 680 480";"A01";"1";"7";"0";"2";"1";"2";"1";
"202000035240";"154 680 481";"C01";"1";"7";"0";"2";"1";"2";"1";
"202000035241";"154 680 474";"A01";"2";"7";"4";"0";"7";"1";"1";
"202000035242";"154 680 475";"A01";"2";"7";"0";"0";"6";"23";"1";
"202000035242";"154 680 477";"B01";"2";"1";"0";"2";"1";"23";"0";
"202000035243";"154 680 472";"A01";"1";"7";"0";"2";"1";"2";"1";
"202000035243";"154 680 473";"B01";"1";"7";"0";"2";"4";"2";"1";
"202000035244";"154 680 470";"B01";"1";"7";"0";"2";"7";"1";"1";
"202000035244";"154 680 471";"A01";"1";"7";"0";"2";"1";"1";"1";
"202000035245";"154 680 467";"A01";"2";"7";"0";"0";"9";"1";"1";
"202000035246";"154 680 466";"B01";"2";"1";"0";"2";"1";"25";"5";
"202000035246";"154 680 468";"A01";"0";"7";"0";"2";"2";"26";"1";
"202000035247";"154 680 461";"A01";"2";"7";"0";"2";"1";"0";"1";
"202000035247";"154 680 463";"B01";"2";"7";"0";"2";"2";"1";"1";
"202000035248";"154 680 460";"B01";"0";"7";"0";"2";"3";"1";"1";
"202000035248";"154 680 465";"A01";"0";"7";"0";"2";"1";"1";"1";
"202000035249";"154 680 462";"C01";"1";"7";"0";"9";"5";"24";"1";
"202000035249";"154 680 464";"B01";"1";"33";"0";"2";"1";"1";"1";
"202000035249";"154 680 469";"A01";"2";"7";"0";"2";"3";"15";"1";
"202000035250";"154 680 458";"A01";"0";"1";"0";"2";"1";"1";"5";
"202000035251";"154 680 459";"A01";"2";"33";"0";"2";"7";"2";"1";
"202000035252";"154 680 457";"A01";"2";"14";"3";"0";"2";"14";"1";
"202000035253";"154 680 456";"A01";"0";"50";"0";"0";"0";"0";"3";
"202000035254";"154 680 451";"A01";"2";"7";"0";"2";"2";"13";"6";
"202000035254";"154 680 453";"B01";"2";"7";"0";"0";"8";"1";"6";
"202000035254";"154 680 454";"C01";"2";"7";"0";"2";"1";"1";"6";
"202000035255";"154 680 452";"B01";"1";"10";"0";"2";"1";"1";"1";
"202000035255";"154 680 455";"A01";"2";"10";"0";"2";"1";"13";"1";
"202000035256";"154 680 450";"A01";"0";"30";"0";"0";"0";"0";"1";
"202000035257";"154 680 449";"A01";"2";"10";"13";"0";"2";"1";"1";
"202000035258";"154 680 447";"B01";"1";"7";"0";"2";"8";"5";"1";
"202000035258";"154 680 448";"A01";"2";"32";"0";"2";"2";"5";"1";
"202000035259";"154 680 443";"A01";"1";"33";"10";"0";"7";"21";"1";
"202000035260";"154 680 444";"A01";"1";"7";"0";"2";"2";"15";"1";
"202000035260";"154 680 446";"B01";"2";"31";"0";"2";"1";"0";"1";
"202000035261";"154 680 442";"B01";"2";"10";"13";"0";"6";"23";"1";
"202000035261";"154 680 445";"A01";"2";"15";"0";"2";"2";"2";"1";
"202000035262";"154 680 439";"A01";"3";"7";"0";"2";"2";"12";"1";
"202000035262";"154 680 441";"B01";"3";"33";"0";"2";"6";"1";"1";
"202000035263";"154 680 437";"A01";"1";"7";"0";"0";"9";"1";"1";
"202000035264";"154 680 436";"A01";"3";"7";"1";"0";"2";"19";"1";
"202000035265";"154 680 438";"A01";"3";"7";"0";"4";"1";"1";" -1";
"202000035265";"154 680 440";"B01";"3";"40";"0";"2";"1";"1";" -1";
"202000035266";"154 680 435";"A01";"1";"10";"0";"1";"1";"1";"6";
"202000035267";"154 680 432";"B01";"3";"7";"0";"2";"1";"1";"1";
"202000035267";"154 680 434";"A01";"3";"7";"0";"2";"1";"13";"1";
"202000035268";"154 680 431";"A01";"2";"7";"2";"0";"2";"1";"1";
"202000035269";"154 680 433";"A01";"3";"7";"0";"1";"1";"1";" -1";