"Num_Acc";"id_vehicule";"num_veh";"senc";"catv";"obs";"obsm";"choc";"manv";"motor";"occutc"
"202000035473";"154 680 061";"B01";"2";"32";"0";"2";"2";"1";"1";
"202000035474";"154 680 059";"A01";"1";"32";"10";"0";"3";"1";"1";
"202000035475";"154 680 056";"B01";"2";"7";"0";"2";"4";"2";"1";
"202000035475";"154 680 058";"A01";"2";"7";"0";"2";"1";"2";"1";
"202000035476";"154 680 055";"A01";"2";"7";"0";"2";"4";"1";"1";
"202000035476";"154 680 057";"B01";"2";"7";"0";"2";"1";"0";"1";
"202000035477";"154 680 051";"A01";"1";"7";"0";"1";"1";"19";"1";
"202000035478";"154 680 052";"A01";"1";"33";"0";"0";"1";"1";"1";
"202000035479";"154 680 053";"A01";"2";"1";"0";"2";"3";"1";"5";
"202000035479";"154 680 064";"B01";"2";"30";"0";"2";"1";"1";"3";
"202000035480";"154 680 046";"A01";"2";"7";"0";"2";"1";"13";"1";
"202000035480";"154 680 054";"B01";"1";"7";"0";"2";"1";"1";"1";
"202000035481";"154 680 045";"B01";"2";"10";"0";"2";"1";"1";"1";
"202000035481";"154 680 050";"A01";"1";"7";"0";"2";"2";"15";"1";
"202000035482";"154 680 043";"A01";"3";"50";"0";"2";"3";"15";"3";
"202000035482";"154 680 044";"B01";"3";"31";"0";"2";"3";"1";"1";
"202000035483";"154 680 041";"A01";"2";"10";"0";"2";"3";"13";"1";
"202000035483";"154 680 042";"B01";"1";"7";"0";"2";"2";"1";"1";
"202000035484";"154 680 040";"A01";"2";"99";"13";"0";"1";"17";"1";
"202000035485";"154 680 038";"A01";"1";"7";"0";"2";"2";"0";"1";
"202000035485";"154 680 039";"B01";"1";"1";"0";"0";"4";"1";"5";
"202000035486";"154 680 036";"A01";"1";"7";"9";"0";"3";"20";"1";
"202000035486";"154 680 037";"B01";"2";"1";"0";"2";"1";"1";"5";
"202000035487";"154 680 034";"B01";"0";"2";"0";"2";"8";"13";"1";
"202000035487";"154 680 035";"A01";"0";"7";"0";"2";"5";"17";"1";
"202000035488";"154 680 048";"A01";"1";"33";"0";"4";"1";"9";"1";
"202000035489";"154 680 049";"A01";"3";"7";"6";"0";"9";"13";"1";
"202000035490";"154 680 028";"B01";"1";"3";"0";"2";"3";"15";"1";
"202000035490";"154 680 030";"A01";"2";"30";"0";"2";"2";"1";"1";
"202000035491";"154 680 027";"B01";"0";"2";"0";"2";"1";"1";"0";
"202000035491";"154 680 029";"A01";"0";"7";"0";"0";"7";"19";"1";
"202000035492";"154 680 026";"A01";"1";"7";"6";"0";"1";"1";"1";
"202000035493";"154 680 025";"A01";"1";"13";"0";"1";"2";"17";"0";
"202000035494";"154 680 023";"A01";"1";"2";"0";"0";"2";"16";"1";
"202000035495";"154 680 031";"A01";"1";"10";"0";"2";"1";"2";"0";
"202000035495";"154 680 032";"B01";"1";"7";"0";"2";"9";"1";"0";
"202000035495";"154 680 033";"C01";"1";"7";"0";"2";"4";"1";"0";
"202000035496";"154 680 024";"A01";"1";"7";"2";"0";"8";"14";"1";
"202000035497";"154 680 021";"A01";"2";"10";"0";"2";"7";"1";"1";
"202000035497";"154 680 047";"B01";"2";"1";"0";"2";"1";"1";"5";
"202000035498";"154 680 017";"B01";"1";"33";"0";"2";"0";"1";"0";
"202000035498";"154 680 020";"A01";"1";"7";"0";"2";"3";"15";"1";
"202000035499";"154 680 014";"B01";"2";"1";"0";"2";"1";"1";"5";
"202000035499";"154 680 018";"A01";"2";"1";"0";"2";"8";"1";"5";
"202000035500";"154 680 012";"A01";"2";"31";"0";"2";"1";"2";"1";
"202000035500";"154 680 013";"B01";"2";"7";"0";"2";"6";"1";"1";
"202000035501";"154 680 008";"A01";"3";"7";"0";"1";"6";"1";"1";
"202000035502";"154 680 009";"A01";"2";"30";"0";"2";"1";"13";"1";
"202000035502";"154 680 010";"B01";"2";"10";"0";"2";"2";"23";"3";
"202000035502";"154 680 011";"C01";"2";"33";"0";"2";"2";"1";"1";
"202000035503";"154 680 016";"B01";"1";"7";"0";"2";"2";"19";"1";
"202000035503";"154 680 022";"A01";"1";"38";"0";"2";"6";"26";"1";"1"
"202000035504";"154 680 000";"A01";"0";"30";"14";"2";"1";"17";"1";
"202000035505";"154 679 999";"A01";" -1";"15";"9";"1";"2";"12";"0";
"202000035506";"154 679 998";"A01";"3";"32";"0";"0";"7";"16";"1";
"202000035507";"154 680 003";"A01";"2";"21";"0";"2";"3";"9";"1";
"202000035507";"154 680 004";"B01";"2";"33";"0";"0";"2";"1";"1";
"202000035508";"154 680 006";"A01";"2";"10";"0";"2";"1";"9";"1";
"202000035508";"154 680 007";"B01";"3";"33";"0";"2";"7";"1";"1";
"202000035509";"154 680 001";"B01";"1";"7";"0";"2";"1";"1";"1";
"202000035509";"154 680 019";"A01";"2";"7";"0";"2";"1";"1";"1";
"202000035510";"154 680 002";"B01";"1";"34";"0";"2";"2";"17";"1";
"202000035510";"154 680 005";"A01";"1";"7";"0";"2";"3";"10";"1";
"202000035511";"154 679 996";"B01";"1";"99";"0";"2";"1";"1";"0";
"202000035511";"154 679 997";"A01";"1";"7";"0";"2";"6";"23";"1";
"202000035512";"154 679 992";"A01";"2";"7";"0";"1";"3";"15";"0";
"202000035513";"154 679 993";"C01";"3";"7";"0";"0";"8";"1";"1";
"202000035513";"154 679 994";"B01";"3";"7";"0";"0";"3";"1";"1";
"202000035513";"154 679 995";"A01";"3";"7";"0";"2";"8";"13";"1";
"202000035514";"154 679 989";"A01";"1";"7";"0";"2";"8";"9";"1";
"202000035514";"154 679 990";"B01";"1";"1";"0";"2";"1";"1";"5";
"202000035515";"154 679 988";"A01";"1";"7";"0";"0";"0";"1";"0";
"202000035516";"154 679 987";"A01";"2";"7";"0";"1";"2";"1";"1";
"202000035517";"154 679 986";"A01";"3";"7";"0";"1";"1";"17";"1";
"202000035518";"154 679 991";"A01";"1";"7";"0";"9";"1";"14";"1";
"202000035519";"154 679 983";"A01";"1";"7";"0";"2";"7";"1";"1";
"202000035519";"154 679 984";"B01";"2";"7";"0";"2";"1";"1";"1";
"202000035520";"154 679 982";"A01";"3";"7";"11";"1";"3";"1";"1";
"202000035521";"154 679 980";"A01";"0";"7";"13";"2";"1";"19";"1";
"202000035521";"154 679 981";"B01";"0";"7";"13";"2";"6";"1";"1";
"202000035522";"154 679 979";"A01";"2";"7";"6";"2";"5";"1";"1";
"202000035522";"154 679 985";"B01";"1";"15";"0";"2";"2";"1";"1";
"202000035523";"154 679 978";"A01";"1";"50";"14";"0";"0";"1";"3";
"202000035524";"154 679 977";"A01";"3";"34";"0";"0";"2";"5";"1";
"202000035525";"154 679 976";"A01";"1";"7";"0";"1";"3";"1";"1";
"202000035526";"154 679 974";"A01";"1";"7";"0";"2";"1";"15";"1";
"202000035526";"154 679 975";"B01";"2";"7";"0";"2";"1";"1";"1";
"202000035527";"154 679 971";"B01";"3";"7";"0";"2";"5";"2";"1";
"202000035527";"154 679 973";"A01";"3";"7";"0";"2";"2";"2";"1";
"202000035528";"154 679 972";"A01";"2";"7";"0";"1";"7";"1";"1";
"202000035529";"154 679 969";"B01";"1";"31";"9";"2";"6";"18";"1";
"202000035529";"154 679 970";"A01";"1";"7";"0";"2";"1";"15";"1";
"202000035530";"154 679 965";"B01";"2";"30";"0";"2";"6";"21";"1";
"202000035530";"154 679 968";"A01";"1";"3";"0";"2";"3";"15";"1";
"202000035531";"154 679 966";"B01";" -1";"7";"0";"2";"3";"1";"1";
"202000035531";"154 679 967";"A01";"0";"7";"0";"2";"1";"15";"1";
"202000035532";"154 679 962";"B01";"1";"80";"0";"2";"3";"1";"3";
"202000035532";"154 679 964";"A01";"1";"7";"0";"2";"2";"16";"1";
"202000035533";"154 679 961";"A01";"2";"1";"0";"2";"1";"1";"5";
"202000035533";"154 679 963";"B01";"1";"7";"0";"9";"3";"19";"1";
"202000035534";"154 679 958";"A01";"1";"33";"0";"2";"7";"17";"1";
"202000035534";"154 679 959";"B01";"1";"7";"0";"2";"3";"13";"1";
"202000035535";"154 679 956";"B01";"1";"32";"1";"0";"1";"18";"0";
"202000035535";"154 679 957";"A01";"1";"7";"0";"2";"4";"14";"0";
"202000035536";"154 679 953";"A01";"1";"15";"0";"1";"1";"1";"1";
"202000035537";"154 679 949";"B01";"1";"7";"0";"0";"6";"1";"1";
"202000035537";"154 679 950";"A01";"1";"7";"0";"0";"5";"1";"1";
"202000035537";"154 679 954";"C01";"1";"7";"0";"2";"4";"1";"1";
"202000035537";"154 679 955";"E01";"1";"10";"0";"2";"2";"1";"1";
"202000035537";"154 679 960";"D01";"1";"10";"0";"2";"1";"1";"1";
"202000035538";"154 679 948";"A01";"2";"80";"0";"0";"0";"1";"3";
"202000035539";"154 679 946";"A01";"3";"10";"0";"2";"2";"1";"1";
"202000035539";"154 679 947";"B01";"3";"33";"0";"2";"3";"1";"1";
"202000035540";"154 679 943";"A01";"1";"7";"0";"2";"1";"9";"1";
"202000035540";"154 679 945";"B01";"1";"7";"0";"2";"2";"1";"1";
"202000035541";"154 679 942";"A01";"2";"7";"0";"2";"4";"1";"1";
"202000035541";"154 679 944";"B01";"2";"7";"0";"2";"1";"1";"6";
"202000035542";"154 679 938";"A01";"1";"7";"0";"0";"5";"15";"1";
"202000035542";"154 679 941";"B01";"2";"33";"0";"2";"1";"1";"1";
"202000035543";"154 679 933";"B01";"2";"33";"0";"2";"1";"1";"1";
"202000035543";"154 679 935";"A01";"3";"7";"0";"2";"5";"15";"1";
"202000035544";"154 679 932";"A01";"2";"7";"0";"2";"2";"0";"1";
"202000035544";"154 679 934";"C01";"2";"15";"0";"0";"6";"0";"1";
"202000035544";"154 679 936";"D01";"2";"7";"14";"0";"1";"0";"1";
"202000035544";"154 679 937";"B01";"2";"7";"0";"2";"6";"0";"1";
"202000035545";"154 679 931";"A01";"3";"14";"1";"0";"1";"1";"1";
"202000035546";"154 679 925";"B01";"1";"0";"0";"0";"0";"2";"0";
"202000035546";"154 679 926";"A01";"1";"1";"0";"0";"0";"2";"5";
"202000035547";"154 679 921";"B01";"0";"7";"0";"2";"1";"2";"1";
"202000035547";"154 679 923";"C01";"0";"7";"0";"2";"4";"2";"1";
"202000035547";"154 679 951";"A01";"0";"7";"0";"2";"1";"2";"1";
"202000035548";"154 679 922";"A01";"3";"7";"0";"1";"3";"15";"1";
"202000035549";"154 679 919";"A01";"2";"7";"2";"0";"1";"14";"1";
"202000035550";"154 679 918";"A01";"1";"7";"0";"1";"2";"2";"6";
"202000035551";"154 679 917";"A01";"1";"7";"2";"0";"7";"1";"1";
"202000035552";"154 679 916";"A01";"3";"10";"0";"1";"8";"15";"1";
"202000035553";"154 679 924";"D01";"1";"7";"0";"2";"6";"0";"1";
"202000035553";"154 679 927";"C01";"1";"7";"0";"2";"3";"0";"1";
"202000035553";"154 679 928";"B01";"1";"7";"0";"2";"7";"1";"1";
"202000035553";"154 679 929";"A01";"1";"7";"0";"2";"8";"1";"1";
"202000035553";"154 679 930";"Z01";"1";"7";"14";"0";"9";"3";"1";
"202000035554";"154 679 914";"B01";"1";"7";"0";"2";"3";"1";"1";
"202000035554";"154 679 915";"A01";"2";"7";"0";"2";"3";"1";"1";
"202000035555";"154 679 911";"A01";"2";"7";"0";"2";"1";"15";"1";
"202000035555";"154 679 913";"B01";"1";"2";"15";"2";"7";"1";"1";
"202000035556";"154 679 910";"B01";"2";"7";"0";"2";"2";"1";"1";
"202000035556";"154 679 912";"A01";"2";"7";"0";"2";"3";"1";"1";
"202000035557";"154 679 940";"A01";"1";"7";"0";"1";"2";"15";"1";
"202000035558";"154 679 920";"A01";"2";"1";"0";"1";"7";"18";"5";
"202000035559";"154 679 908";"A01";"1";"34";"16";"0";"8";"21";"1";
"202000035560";"154 679 909";"A01";"1";"7";"2";"0";"1";"1";"1";
"202000035561";"154 679 903";"A01";"1";"99";"3";"0";"3";"16";"1";
"202000035562";"154 679 898";"A01";"3";"7";"0";"1";"2";"16";"1";
"202000035563";"154 679 896";"B01";"2";"7";"0";"2";"4";"0";"1";
"202000035563";"154 679 897";"A01";"2";"7";"0";"2";"1";"26";"1";
"202000035564";"154 679 894";"B01";"1";"7";"0";"2";"4";"2";"0";
"202000035564";"154 679 895";"A01";"1";"7";"0";"2";"4";"2";"0";
"202000035565";"154 679 901";"B01";"1";"7";"0";"2";"4";"2";"1";
"202000035565";"154 679 905";"A01";"1";"10";"0";"2";"1";"2";"1";
"202000035566";"154 679 891";"C01";"0";"7";"0";"2";"4";"1";"1";
"202000035566";"154 679 892";"B01";"0";"7";"0";"2";"4";"1";"1";
"202000035566";"154 679 893";"A01";"0";"10";"0";"2";"1";"1";"1";
"202000035567";"154 679 888";"B01";"2";"7";"0";"2";"1";"2";"1";
"202000035567";"154 679 890";"A01";"2";"7";"0";"2";"4";"2";"1";
"202000035568";"154 679 887";"A01";"1";"7";"0";"2";"3";"17";"1";
"202000035568";"154 679 889";"B01";"2";"30";"0";"2";"1";"1";"1";
"202000035569";"154 679 899";"B01";"2";"7";"0";"2";"4";"23";"1";
"202000035569";"154 679 900";"A01";"2";"10";"0";"2";"1";"2";"1";
"202000035570";"154 679 878";"A01";"2";"32";"0";"2";"1";"1";"1";
"202000035570";"154 679 879";"B01";"2";"7";"0";"2";"6";"15";"1";
"202000035571";"154 679 882";"A01";"3";"7";"0";"2";"1";"1";"1";
"202000035571";"154 679 885";"B01";"3";"7";"0";"2";"6";"23";"1";
"202000035571";"154 679 886";"C01";"3";"7";"0";"2";"5";"23";"1";
"202000035572";"154 679 883";"A01";"3";"7";"0";"1";"3";"1";"1";
"202000035573";"154 679 884";"A01";"2";"34";"0";"0";"1";"2";"1";
"202000035574";"154 679 875";"A01";"2";"10";"4";"0";"1";"1";"1";
"202000035575";"154 679 874";"B01";"1";"7";"0";"2";"2";"1";"1";
"202000035575";"154 679 877";"A01";"1";"32";"0";"2";"3";"9";"1";
"202000035576";"154 679 871";"B01";"1";"7";"0";"2";"4";"1";"1";
"202000035576";"154 679 872";"A01";"1";"34";"0";"2";"1";"1";"1";
"202000035577";"154 679 868";"A01";"1";"1";"0";"2";"1";"0";"0";
"202000035577";"154 679 869";"B01";"1";"7";"0";"2";"4";"23";"1";
"202000035578";"154 679 867";"A01";"1";"30";"12";"0";"3";"1";"1";
"202000035579";"154 679 864";"B01";"1";"7";"0";"2";"4";"2";"1";
"202000035579";"154 679 865";"A01";"1";"7";"0";"2";"1";"2";"1";
"202000035579";"154 679 866";"C01";"1";"7";"0";"2";"4";"23";"1";
"202000035580";"154 679 862";"C01";"1";"7";"0";"2";"1";"2";"1";
"202000035580";"154 679 870";"B01";"1";"7";"0";"2";"4";"2";"1";
"202000035580";"154 679 873";"A01";"1";"7";"0";"2";"4";"2";"1";
"202000035581";"154 679 860";"B01";"2";"7";"0";"2";"3";"1";"1";
"202000035581";"154 679 876";"A01";"1";"7";"0";"2";"3";"1";"1";
"202000035582";"154 679 861";"A01";"2";"7";"0";"0";"2";"0";"1";
"202000035583";"154 679 859";"B01";"3";"7";"0";"2";"8";"1";"1";
"202000035583";"154 679 863";"A01";"3";"7";"0";"2";"1";"9";"1";
"202000035584";"154 679 857";"A01";"2";"7";"2";"0";"0";"1";"1";
"202000035585";"154 679 855";"B01";"1";"7";"0";"2";"4";"2";"1";
"202000035585";"154 679 856";"A01";"1";"10";"0";"2";"1";"2";"1";
"202000035586";"154 679 853";"B01";"2";"7";"0";"2";"1";"1";"1";
"202000035586";"154 679 854";"A01";"1";"7";"0";"2";"1";"17";"1";
"202000035587";"154 679 850";"A01";"1";"37";"0";"1";"5";"1";"1";"1"
"202000035588";"154 679 849";"A01";"1";"7";"10";"0";"1";"13";"1";
"202000035589";"154 679 852";"B01";"3";"80";"0";"2";"8";"1";"3";
"202000035589";"154 679 858";"A01";"3";"7";"0";"9";"1";"15";"1";
"202000035590";"154 679 845";"A01";"1";"7";"0";"2";"1";"1";"1";
"202000035590";"154 679 848";"B01";"1";"7";"0";"2";"8";"1";"1";
"202000035591";"154 679 851";"A01";"1";"7";"3";"0";"1";"0";"1";
"202000035592";"154 679 842";"A01";"2";"7";"14";"0";"1";"26";"1";
"202000035593";"154 679 841";"A01";"1";"7";"3";"0";"8";"1";"1";
"202000035594";"154 679 839";"A01";"2";"7";"0";"2";"4";"2";"1";
"202000035594";"154 679 840";"B01";"2";"7";"0";"2";"1";"2";"1";
"202000035595";"154 679 837";"A01";"1";"33";"0";"2";"7";"1";"1";
"202000035595";"154 679 838";"Z01";"1";"7";"0";"2";"6";"13";"0";
"202000035596";"154 679 846";"B01";"1";"7";"0";"2";"3";"1";"1";
"202000035596";"154 679 847";"A01";"2";"10";"0";"2";"3";"15";"1";
"202000035597";"154 679 836";"A01";"2";"7";"0";"1";"4";"4";"1";
"202000035598";"154 679 834";"A01";"2";"7";"0";"2";"2";"1";"1";
"202000035598";"154 679 835";"B01";"2";"1";"0";"2";"4";"1";"5";
"202000035599";"154 679 833";"A01";"1";"7";"13";"0";"1";"1";"1";
"202000035600";"154 679 832";"A01";"2";"7";"8";"0";"2";"1";"2";
"202000035601";"154 679 831";"A01";"1";"7";"2";"0";"2";"0";"1";
"202000035602";"154 679 827";"A01";"2";"7";"0";"2";"0";"17";"1";
"202000035602";"154 679 828";"B01";"2";"7";"13";"2";"1";"17";"1";
"202000035602";"154 679 829";"D01";"1";"7";"0";"2";"0";"1";"1";
"202000035602";"154 679 830";"C01";"2";"7";"13";"2";"0";"1";"1";
"202000035603";"154 679 824";"B01";"1";"33";"0";"2";"2";"1";"1";
"202000035603";"154 679 825";"A01";"1";"7";"0";"2";"1";"1";"1";
"202000035604";"154 679 822";"A01";"2";"10";"0";"2";"3";"16";"1";
"202000035604";"154 679 823";"B01";"1";"50";"0";"2";"1";"1";"3";
"202000035605";"154 679 843";"B01";"3";"99";"0";"2";"6";"15";"1";
"202000035605";"154 679 844";"A01";"3";"33";"0";"2";"1";"17";"1";
"202000035606";"154 679 821";"Z01";"1";"50";"0";"1";"1";"1";"3";
"202000035607";"154 679 819";"A01";"1";"7";"0";"1";"7";"1";"1";
"202000035608";"154 679 818";"B01";"2";"1";"0";"2";"4";"1";"0";
"202000035608";"154 679 820";"A01";"2";"7";"0";"2";"2";"1";"1";
"202000035609";"154 679 813";"A01";"1";"7";"0";"2";"1";"2";"1";
"202000035609";"154 679 814";"B01";"1";"7";"0";"2";"4";"2";"1";
"202000035610";"154 679 811";"B01";"3";"33";"0";"2";"1";"2";"1";
"202000035610";"154 679 812";"A01";"3";"7";"0";"2";"6";"26";"1";
"202000035611";"154 679 810";"A01";"0";"7";"6";"0";"1";"1";"1";
"202000035612";"154 679 817";"Z01";"3";"7";"0";"1";"0";"20";"0";
"202000035613";"154 679 808";"A01";"3";"7";"0";"2";"4";"16";"1";
"202000035613";"154 679 809";"B01";"3";"1";"0";"2";"2";"2";"5";
"202000035614";"154 679 815";"A01";"2";"13";"0";"2";"5";"17";"1";
"202000035614";"154 679 816";"B01";"2";"1";"0";"2";"8";"1";"5";
"202000035615";"154 679 799";"B01";"1";"40";"0";"2";"2";"2";"3";
"202000035615";"154 679 803";"A01";"1";"30";"0";"4";"3";"15";"1";
"202000035616";"154 679 797";"A01";"1";"7";"0";"2";"3";"13";"1";
"202000035616";"154 679 798";"B01";"2";"7";"0";"2";"1";"1";"1";
"202000035616";"154 679 800";"C01";"1";"7";"0";"2";"1";"1";"1";
"202000035617";"154 679 796";"A01";"2";"7";"8";"0";"1";"1";"1";
"202000035618";"154 679 795";"A01";"1";"7";"2";"0";"8";"1";"1";
"202000035619";"154 679 801";"C01";"2";"37";"0";"2";"0";"1";"2";"1"
"202000035619";"154 679 804";"A01";"2";"7";"0";"2";"6";"13";"1";
"202000035619";"154 679 805";"B01";"2";"37";"0";"2";"1";"1";"1";"1"
"202000035620";"154 679 793";"A01";"2";"1";"0";"2";"7";"1";"5";
"202000035620";"154 679 794";"B01";"1";"7";"0";"2";"3";"1";"1";
"202000035621";"154 679 802";"C01";"2";"1";"0";"2";"1";"7";"5";
"202000035621";"154 679 806";"B01";"2";"7";"0";"2";"5";"16";"1";
"202000035621";"154 679 807";"A01";"2";"33";"0";"2";"1";"18";"1";
"202000035622";"154 679 792";"A01";"1";"7";"15";"0";"2";"2";"1";
"202000035623";"154 679 789";"B01";"3";"1";"0";"2";"7";"19";"5";
"202000035623";"154 679 790";"A01";"3";"7";"12";"2";"1";"1";"1";
"202000035624";"154 679 785";"A01";"1";"7";"0";"2";"3";"10";"1";
"202000035624";"154 679 787";"B01";"1";"33";"0";"2";"1";"5";"1";
"202000035625";"154 679 784";"A01";"2";"7";"0";"2";"1";"1";"1";
"202000035625";"154 679 786";"C01";"1";"7";"0";"2";"2";"1";"1";
"202000035625";"154 679 788";"B01";"2";"7";"0";"0";"6";"1";"1";
"202000035626";"154 679 782";"Z01";"2";"7";"0";"2";"1";"15";"0";
"202000035626";"154 679 783";"A01";"1";"50";"0";"2";"0";"19";"3";
"202000035627";"154 679 781";"A01";"1";"33";"0";"2";"1";"17";"1";
"202000035627";"154 679 791";"B01";"1";"7";"0";"2";"1";"15";"1";
"202000035628";"154 679 779";"A01";"2";"7";"13";"0";"3";"26";"1";
"202000035629";"154 679 775";"B01";"2";"7";"2";"2";"1";"1";"1";
"202000035629";"154 679 778";"A01";"1";"7";"1";"2";"1";"15";"1";
"202000035630";"154 679 774";"C01";"2";"7";"0";"2";"1";"21";"1";
"202000035630";"154 679 776";"B01";"2";"7";"0";"2";"4";"0";"1";
"202000035630";"154 679 777";"A01";"2";"7";"0";"0";"4";"23";"1";
"202000035631";"154 679 773";"A01";"1";"33";"6";"0";"1";"15";"1";
"202000035632";"154 679 771";"A01";"1";"7";"0";"1";"1";"26";"1";
"202000035633";"154 679 772";"A01";" -1";"32";"0";"0";"7";"1";"1";
"202000035634";"154 679 768";"A01";"1";"7";"0";"1";"3";"15";"1";
"202000035635";"154 679 767";"A01";"1";"7";"0";"2";"1";"15";"1";
"202000035635";"154 679 769";"B01";"2";"80";"0";"2";"8";"15";"3";
"202000035636";"154 679 764";"A01";"1";"50";"0";"2";"2";"19";"3";
"202000035636";"154 679 766";"Z01";"1";"7";"0";"2";"1";"1";"1";
"202000035637";"154 679 780";"A01";"1";"10";"0";"1";"1";"2";"0";
"202000035638";"154 679 761";"B01";"1";"33";"0";"2";"0";"1";"1";
"202000035638";"154 679 762";"A01";"1";"7";"0";"2";"6";"11";"1";
"202000035639";"154 679 759";"B01";"1";"7";"0";"2";"1";"1";"0";
"202000035639";"154 679 760";"A01";"1";"34";"0";"2";"7";"1";"0";
"202000035640";"154 679 770";"A01";"1";"7";"0";"1";"1";"1";"1";
"202000035641";"154 679 757";"A01";"1";"1";"0";"2";"1";"13";"5";
"202000035641";"154 679 758";"Z01";"1";"7";"0";"2";"2";"1";"0";
"202000035642";"154 679 763";"A01";"1";"7";"0";"2";"3";"13";"1";
"202000035642";"154 679 765";"B01";"2";"7";"0";"2";"3";"1";"1";
"202000035643";"154 679 755";"A01";"2";"32";"1";"0";"1";"16";"1";
"202000035644";"154 679 752";"B01";"2";"7";"0";"2";"1";"1";"1";
"202000035644";"154 679 754";"A01";"1";"33";"0";"2";"1";"15";"1";
"202000035645";"154 679 751";"A01";"1";"1";"0";"2";"8";"26";"5";
"202000035645";"154 679 756";"B01";"2";"31";"0";"2";"1";"17";"1";
"202000035646";"154 679 747";"A01";"1";"7";"0";"2";"1";"5";"1";
"202000035646";"154 679 749";"C01";"2";"7";"0";"2";"6";"0";"1";
"202000035646";"154 679 753";"B01";"2";"7";"0";"2";"1";"1";"1";
"202000035647";"154 679 746";"B01";"1";"2";"0";"2";"1";"3";"1";
"202000035647";"154 679 748";"A01";"1";"7";"0";"2";"3";"9";"1";
"202000035648";"154 679 744";"A01";"2";"34";"0";"0";"0";"20";"1";
"202000035649";"154 679 743";"B01";"3";"7";"0";"2";"1";"1";"1";
"202000035649";"154 679 745";"A01";"3";"10";"0";"2";"6";"4";"1";
"202000035650";"154 679 740";"A01";"3";"13";"2";"0";"1";"10";"0";
"202000035651";"154 679 738";"A01";"3";"7";"1";"0";"2";"14";"0";
"202000035652";"154 679 737";"B01";"2";"7";"0";"0";"2";"15";"0";
"202000035652";"154 679 739";"A01";"1";"33";"0";"0";"1";"0";"1";
"202000035653";"154 679 734";"Z01";"1";"7";"0";"2";"7";"16";"1";
"202000035653";"154 679 736";"A01";"1";"31";"0";"2";"8";"1";"1";
"202000035654";"154 679 732";"A01";"2";"7";"0";"2";"7";"13";"1";
"202000035654";"154 679 733";"B01";"1";"10";"0";"2";"1";"1";"1";
"202000035654";"154 679 735";"C01";"1";"10";"0";"2";"3";"1";"1";
"202000035655";"154 679 741";"B01";"1";"30";"0";"2";"0";"16";"1";
"202000035655";"154 679 750";"A01";"1";"7";"0";"2";"1";"2";"1";
"202000035656";"154 679 742";"A01";"2";"7";"0";"1";"8";"2";"1";
"202000035657";"154 679 731";"A01";"1";"7";"0";"1";"3";"7";"2";
"202000035658";"154 679 729";"A01";"1";"14";"6";"2";"3";"13";"1";
"202000035658";"154 679 730";"B01";"2";"7";"6";"2";"3";"21";"1";
"202000035659";"154 679 722";"A01";"1";"7";"13";"2";"2";"13";"1";
"202000035659";"154 679 723";"B01";"2";"7";"0";"2";"2";"21";"1";
"202000035660";"154 679 724";"B01";"2";"7";"0";"2";"1";"1";"1";
"202000035660";"154 679 726";"A01";"1";"1";"0";"2";"8";"1";"5";
"202000035661";"154 679 727";"A01";"2";"7";"0";"2";"0";"15";"1";
"202000035661";"154 679 728";"B01";"1";"33";"0";"2";"2";"1";"1";
"202000035662";"154 679 725";"Z01";"1";"1";"0";"1";"1";"1";"5";
"202000035663";"154 679 715";"A01";"1";"7";"0";"2";"3";"10";"1";
"202000035663";"154 679 716";"B01";"1";"32";"0";"2";"2";"1";"1";
"202000035664";"154 679 712";"B01";"2";"7";"0";"2";"3";"1";"1";
"202000035664";"154 679 713";"A01";"1";"30";"0";"1";"1";"17";"1";
"202000035665";"154 679 711";"B01";"1";"7";"0";"2";"6";"9";"2";
"202000035665";"154 679 717";"A01";"2";"34";"9";"2";"1";"1";"1";
"202000035666";"154 679 710";"Z01";"2";"1";"0";"1";"1";"1";"5";
"202000035667";"154 679 707";"B01";"1";"2";"0";"2";"1";"1";"1";
"202000035667";"154 679 709";"A01";"2";"7";"0";"2";"3";"15";"1";
"202000035668";"154 679 708";"A01";"1";"50";"0";"1";"1";"1";"3";
"202000035669";"154 679 706";"A01";"2";"7";"0";"2";"3";"15";"1";
"202000035669";"154 679 718";"B01";"2";"1";"0";"2";"1";"1";"5";
"202000035670";"154 679 702";"A01";"1";"7";"3";"0";"2";"26";"1";
"202000035670";"154 679 714";"B01";"1";"7";"14";"0";"2";"21";"1";
"202000035671";"154 679 700";"Z01";"1";"7";"0";"2";"4";"2";"1";
"202000035671";"154 679 704";"A01";"1";"30";"0";"2";"1";"2";"1";
"202000035672";"154 679 698";"A01";"2";"7";"0";"2";"2";"1";"1";
"202000035672";"154 679 699";"B01";"2";"7";"0";"2";"4";"2";"1";
"202000035673";"154 679 696";"A01";"1";"7";"0";"2";"2";"15";"1";
"202000035673";"154 679 697";"B01";"2";"2";"0";"2";"1";"1";"1";
"202000035674";"154 679 701";"A01";"1";"7";"0";"2";"4";"2";"1";
"202000035674";"154 679 705";"B01";"1";"2";"0";"2";"1";"2";"1";
"202000035675";"154 679 691";"B01";"1";"10";"0";"0";"4";"1";"1";
"202000035675";"154 679 692";"A01";"1";"7";"0";"2";"1";"2";"1";
"202000035676";"154 679 689";"A01";"2";"33";"0";"2";"1";"17";"1";