"Num_Acc";"id_vehicule";"num_veh";"senc";"catv";"obs";"obsm";"choc";"manv";"motor";"occutc"
"202000035676";"154 679 690";"B01";"2";"7";"0";"2";"3";"1";"1";
"202000035677";"154 679 688";"A01";"2";"1";"0";"2";"1";"2";"5";
"202000035678";"154 679 685";"A01";"1";"7";"2";"0";"1";"1";"1";
"202000035679";"154 679 686";"B01";"2";"33";"0";"2";"3";"1";"1";
"202000035679";"154 679 687";"A01";"1";"7";"0";"2";"3";"15";"1";
"202000035680";"154 679 682";"B01";"2";"1";"0";"2";"1";"1";"5";
"202000035680";"154 679 684";"A01";"2";"7";"0";"2";"5";"16";"1";
"202000035681";"154 679 681";"A01";"1";"7";"13";"0";"2";"1";"1";
"202000035682";"154 679 693";"A01";"1";"7";"0";"2";"1";"2";"1";
"202000035682";"154 679 694";"B01";"1";"7";"0";"2";"1";"2";"1";
"202000035682";"154 679 695";"C01";"1";"17";"0";"2";"4";"24";"1";
"202000035683";"154 679 703";"A01";"1";"1";"0";"0";"0";"1";"5";
"202000035684";"154 679 677";"A01";"2";"15";"3";"2";"3";"13";"1";
"202000035684";"154 679 680";"B01";"2";"7";"3";"2";"0";"17";"1";
"202000035685";"154 679 675";"B01";"2";"1";"0";"2";"1";"1";"5";
"202000035685";"154 679 676";"A01";"2";"7";"0";"2";"8";"22";"1";
"202000035686";"154 679 673";"B01";"2";"15";"0";"9";"6";"2";"1";
"202000035686";"154 679 674";"A01";"2";"7";"0";"2";"2";"2";"1";
"202000035687";"154 679 671";"A01";"1";"7";"6";"0";"2";"1";"1";
"202000035688";"154 679 670";"A01";"2";"7";"0";"2";"2";"15";"1";
"202000035688";"154 679 672";"B01";"1";"43";"0";"2";"3";"1";"1";
"202000035689";"154 679 667";"A01";"1";"7";"0";"2";"2";"13";"1";
"202000035689";"154 679 668";"B01";"2";"7";"0";"2";"2";"0";"1";
"202000035689";"154 679 669";"C01";"2";"7";"0";"2";"1";"0";"1";
"202000035690";"154 679 664";"A01";"1";"7";"2";"0";"0";"1";"1";
"202000035691";"154 679 665";"A01";"2";"7";"0";"2";"2";"1";"1";
"202000035691";"154 679 666";"Z01";"2";"7";"0";"2";"0";"1";"1";
"202000035692";"154 679 661";"A01";"2";"17";"0";"2";"2";"26";"1";
"202000035692";"154 679 679";"B01";"2";"7";"0";"2";"8";"2";"1";
"202000035693";"154 679 660";"A01";"1";"1";"0";"1";"2";"1";"5";
"202000035694";"154 679 658";"A01";"1";"33";"0";"2";"7";"1";"1";
"202000035694";"154 679 659";"B01";"1";"7";"0";"0";"4";"1";"1";
"202000035695";"154 679 656";"B01";"1";"33";"0";"2";"1";"1";"1";
"202000035695";"154 679 657";"A01";"1";"10";"0";"2";"7";"12";"1";
"202000035696";"154 679 662";"B01";"2";"7";"0";"2";"1";"1";"0";
"202000035696";"154 679 678";"A01";"2";"7";"0";"2";"5";"1";"0";
"202000035697";"154 679 663";"A01";"1";"10";"2";"0";"5";"1";"1";
"202000035698";"154 679 655";"A01";"1";"10";"4";"2";"3";"26";"1";
"202000035699";"154 679 652";"A01";"2";"7";"0";"1";"1";"0";"0";
"202000035700";"154 679 646";"B01";"2";"32";"0";"2";"1";"1";"1";
"202000035700";"154 679 648";"A01";"1";"7";"0";"2";"2";"20";"1";
"202000035701";"154 679 645";"D01";"1";"31";"0";"2";"1";"3";"1";
"202000035701";"154 679 647";"C01";"1";"7";"0";"2";"2";"1";"1";
"202000035701";"154 679 649";"B01";"1";"7";"0";"2";"8";"1";"1";
"202000035701";"154 679 650";"A01";"1";"7";"0";"2";"6";"1";"1";
"202000035702";"154 679 651";"A01";"1";"7";"17";"0";"3";"17";"1";
"202000035703";"154 679 653";"B01";"2";"1";"0";"2";"0";"1";"5";
"202000035703";"154 679 654";"A01";"2";"10";"0";"2";"2";"16";"1";
"202000035704";"154 679 640";"A01";"3";"7";"0";"0";"1";"2";"1";
"202000035704";"154 679 642";"B01";"1";"7";"0";"2";"0";"0";"1";
"202000035704";"154 679 644";"C01";"3";"7";"0";"2";"1";"5";"1";
"202000035705";"154 679 639";"B01";"1";"7";"0";"2";"4";"2";"1";
"202000035705";"154 679 641";"A01";"1";"7";"0";"2";"4";"2";"1";
"202000035705";"154 679 643";"C01";"1";"7";"0";"2";"1";"2";"1";
"202000035706";"154 679 633";"A01";"1";"37";"0";"1";"3";"1";"1";"1"
"202000035707";"154 679 635";"Z01";"0";"7";"0";"0";"0";"0";"0";
"202000035707";"154 679 636";"A01";"0";"7";"0";"0";"0";"0";"1";
"202000035707";"154 679 637";"C01";"0";"7";"0";"0";"0";"0";"1";
"202000035707";"154 679 638";"B01";"0";"7";"0";"0";"0";"0";"1";
"202000035708";"154 679 631";"A01";"1";"7";"0";"2";"1";"2";"1";
"202000035708";"154 679 632";"B01";"1";"31";"0";"2";"4";"23";"1";
"202000035709";"154 679 630";"A01";"1";"10";"0";"1";"1";"16";"0";
"202000035710";"154 679 634";"A01";"1";"7";"3";"0";"2";"2";"1";
"202000035711";"154 679 625";"B01";"2";"7";"0";"2";"2";"1";"1";
"202000035711";"154 679 629";"A01";"1";"7";"0";"2";"3";"2";"1";
"202000035712";"154 679 628";"A01";"1";"7";"0";"1";"1";"1";"1";
"202000035713";"154 679 623";"A01";"2";"7";"0";"2";"1";"26";"1";
"202000035713";"154 679 624";"B01";"1";"7";"0";"2";"1";"19";"1";
"202000035714";"154 679 621";"B01";"3";"7";"0";"2";"7";"16";"1";
"202000035714";"154 679 622";"A01";"3";"30";"0";"2";"1";"1";"1";
"202000035715";"154 679 619";"B01";"1";"7";"0";"2";"8";"1";"1";
"202000035715";"154 679 620";"A01";"2";"7";"0";"2";"1";"1";"1";
"202000035716";"154 679 617";"A01";"3";"7";"0";"2";"1";"19";"0";
"202000035716";"154 679 618";"B01";"3";"10";"0";"2";"5";"1";"0";
"202000035717";"154 679 614";"A01";"3";"7";"0";"1";"1";"16";"0";
"202000035718";"154 679 612";"B01";"3";"50";"0";"2";"0";"0";"3";
"202000035718";"154 679 613";"A01";"3";"7";"0";"9";"4";"4";"1";
"202000035719";"154 679 626";"A01";"2";"20";"0";"0";"0";"1";"1";
"202000035720";"154 679 627";"A01";"1";"33";"14";"0";"7";"14";"1";
"202000035721";"154 679 610";"A01";"2";"31";"0";"2";"8";"3";"0";
"202000035721";"154 679 611";"Z01";"2";"3";"0";"2";"0";"0";"0";
"202000035722";"154 679 615";"B01";"1";"32";"0";"2";"0";"0";" -1";
"202000035722";"154 679 616";"A01";"1";"7";"0";"2";"0";"0";" -1";
"202000035723";"154 679 608";"A01";"2";"33";"0";"0";"8";"0";"1";
"202000035724";"154 679 606";"A01";"1";"7";"0";"1";"1";"1";"1";
"202000035725";"154 679 604";"A01";"3";"7";"0";"2";"2";"18";"0";
"202000035725";"154 679 605";"B01";"3";"7";"0";"2";"7";"15";"0";
"202000035726";"154 679 601";"A01";"2";"7";"0";"2";"3";"22";"1";
"202000035726";"154 679 607";"B01";"2";"1";"1";"0";"3";"1";"5";
"202000035727";"154 679 600";"A01";"3";"36";"4";"0";"1";"1";"3";
"202000035728";"154 679 598";"A01";"1";"7";"0";"1";"2";"1";"1";
"202000035729";"154 679 599";"A01";"3";"30";"0";"2";"2";"1";"1";
"202000035729";"154 679 602";"B01";"3";"1";"0";"2";"1";"1";"5";
"202000035730";"154 679 596";"B01";"3";"2";"0";"0";"0";"0";"0";
"202000035730";"154 679 597";"A01";"3";"7";"0";"0";"3";"13";"1";
"202000035731";"154 679 594";"A01";"2";"33";"0";"2";"3";"7";"1";
"202000035731";"154 679 595";"B01";"1";"7";"0";"2";"2";"15";"2";
"202000035732";"154 679 592";"B01";"1";"1";"0";"2";"1";"1";"5";
"202000035732";"154 679 593";"A01";"1";"7";"0";"2";"8";"22";"1";
"202000035733";"154 679 603";"B01";"1";"17";"0";"2";"3";"1";"1";
"202000035733";"154 679 609";"A01";"2";"7";"0";"2";"3";"13";"1";
"202000035734";"154 679 589";"B01";"1";"2";"0";"2";"2";"1";"1";
"202000035734";"154 679 590";"A01";"1";"7";"0";"2";"6";"15";"1";
"202000035735";"154 679 588";"A01";"1";"7";"0";"1";"3";"1";"1";
"202000035736";"154 679 585";"B01";"1";"32";"0";"2";"1";"1";"1";
"202000035736";"154 679 591";"A01";"2";"7";"0";"2";"8";"15";"1";
"202000035737";"154 679 582";"A01";"2";"0";"0";"2";"1";"1";"0";
"202000035737";"154 679 583";"B01";"1";"7";"0";"2";"7";"15";"6";
"202000035738";"154 679 584";"A01";"0";"10";"0";"1";"1";"17";"1";
"202000035739";"154 679 579";"A01";"2";"99";"0";"2";"3";"1";"1";
"202000035739";"154 679 580";"B01";"2";"7";"0";"2";"8";"1";"1";
"202000035740";"154 679 586";"B01";"1";"7";"0";"0";"4";"10";"1";
"202000035740";"154 679 587";"A01";"1";"33";"8";"2";"1";"1";"1";
"202000035741";"154 679 578";"A01";"1";"7";"8";"0";"8";"1";"1";
"202000035742";"154 679 581";"A01";"1";"7";"1";"0";"2";"14";"1";
"202000035743";"154 679 574";"B01";"2";"33";"0";"2";"7";"1";"1";
"202000035743";"154 679 575";"A01";"3";"7";"0";"2";"3";"16";"1";
"202000035744";"154 679 572";"B01";"2";"7";"0";"2";"3";"23";"1";
"202000035744";"154 679 573";"A01";"2";"33";"0";"2";"1";"9";"1";
"202000035745";"154 679 570";"A01";"2";"7";"0";"0";"8";"19";"1";
"202000035745";"154 679 571";"B01";"2";"7";"0";"2";"1";"1";"1";
"202000035746";"154 679 568";"A01";"2";"7";"13";"0";"8";"1";"1";
"202000035747";"154 679 576";"B01";"2";"7";"0";"0";"1";"5";"1";
"202000035747";"154 679 577";"A01";"1";"7";"0";"0";"1";"1";"1";
"202000035748";"154 679 566";"B01";"2";"7";"0";"2";"1";"1";"1";
"202000035748";"154 679 567";"A01";"1";"7";"0";"2";"1";"13";"1";
"202000035749";"154 679 565";"A01";"2";"7";"6";"0";"1";"14";"1";
"202000035750";"154 679 562";"A01";"3";"7";"0";"1";"2";"25";"1";
"202000035751";"154 679 569";"A01";"2";"7";"15";"0";"2";"1";"1";
"202000035752";"154 679 558";"A01";"1";"7";"0";"2";"8";"26";"1";
"202000035752";"154 679 560";"B01";"1";"1";"0";"2";"1";"1";"5";
"202000035753";"154 679 561";"C01";"1";"7";"0";"2";"1";"1";"1";
"202000035753";"154 679 563";"B01";"2";"17";"0";"2";"1";"1";"1";
"202000035753";"154 679 564";"A01";"2";"7";"0";"2";"0";"17";"1";
"202000035754";"154 679 559";"A01";"1";"7";"0";"1";"1";"1";"1";
"202000035755";"154 679 554";"A01";"2";"2";"0";"2";"8";"15";"1";
"202000035755";"154 679 555";"B01";"1";"99";"0";"2";"3";"1";"1";
"202000035756";"154 679 549";"B01";"2";"17";"0";"2";"1";"1";"1";
"202000035756";"154 679 551";"A01";"1";"2";"0";"2";"1";"13";"1";
"202000035757";"154 679 552";"Y01";"3";"1";"0";"2";"1";"19";"0";
"202000035757";"154 679 556";"A01";"3";"7";"0";"9";"3";"15";"0";
"202000035758";"154 679 550";"B01";"1";"7";"0";"2";"3";"15";"1";
"202000035758";"154 679 553";"A01";"2";"33";"0";"2";"3";"1";"1";
"202000035759";"154 679 547";"A01";"3";"10";"0";"1";"2";"1";"1";
"202000035760";"154 679 546";"B01";"1";"2";"0";"2";"4";"1";"1";
"202000035760";"154 679 548";"Z01";" -1";"7";"4";"2";"1";"2";"0";
"202000035761";"154 679 545";"A01";"2";"7";"2";"0";"1";"1";"0";
"202000035762";"154 679 543";"Z01";"1";"7";"0";"2";"0";"2";"1";
"202000035762";"154 679 544";"B01";"2";"2";"0";"2";"8";"2";"1";
"202000035763";"154 679 540";"A01";"2";"7";"8";"0";"8";"1";"1";
"202000035764";"154 679 538";"A01";"1";"7";"0";"2";"5";"15";"1";
"202000035764";"154 679 542";"B01";"1";"33";"0";"2";"1";"1";"1";
"202000035765";"154 679 537";"B01";"3";"7";"0";"2";"3";"0";"3";
"202000035765";"154 679 541";"A01";"1";"7";"0";"2";"1";"1";"1";
"202000035766";"154 679 536";"A01";"2";"7";"6";"0";"3";"14";"1";
"202000035767";"154 679 534";"B01";"1";"7";"0";"2";"2";"2";"1";
"202000035767";"154 679 535";"A01";"1";"30";"0";"2";"1";"9";"1";
"202000035768";"154 679 532";"A01";"2";"7";"0";"2";"1";"1";"1";
"202000035768";"154 679 533";"B01";"2";"7";"0";"0";"4";"1";"1";
"202000035769";"154 679 529";"A01";"1";"7";"3";"0";"7";"1";"1";
"202000035770";"154 679 530";"A01";"1";"1";"0";"0";"0";"0";"5";
"202000035770";"154 679 531";"B01";"0";"7";"0";"0";"3";"26";"1";
"202000035771";"154 679 526";"A01";"2";"7";"0";"2";"1";"2";"1";
"202000035771";"154 679 528";"B01";"2";"7";"0";"2";"4";"2";"1";
"202000035772";"154 679 525";"B01";"1";"7";"0";"2";"3";"1";"0";
"202000035772";"154 679 527";"A01";"2";"2";"0";"2";"1";"1";"0";
"202000035773";"154 679 523";"B01";"1";"10";"0";"2";"1";"2";"1";
"202000035773";"154 679 524";"A01";"1";"7";"0";"2";"4";"15";"1";
"202000035774";"154 679 520";"B01";"2";"7";"0";"2";"1";"1";"1";
"202000035774";"154 679 521";"A01";"2";"1";"0";"2";"4";"11";"5";
"202000035775";"154 679 518";"A01";"2";"33";"0";"0";"8";"1";"1";
"202000035776";"154 679 517";"A01";"2";"7";"0";"2";"7";"21";"1";
"202000035776";"154 679 519";"B01";"2";"1";"0";"0";"4";"26";"5";
"202000035777";"154 679 513";"A01";"2";"7";"0";"2";"3";"13";"1";
"202000035777";"154 679 522";"B01";"1";"7";"0";"2";"3";"1";"1";
"202000035778";"154 679 512";"B01";"1";"99";"0";"2";"9";"1";"1";
"202000035778";"154 679 514";"A01";"1";"10";"4";"2";"3";"21";"1";
"202000035779";"154 679 511";"A01";"1";"7";"8";"0";"5";"1";"0";
"202000035780";"154 679 506";"A01";"2";"7";"0";"2";"2";"13";"1";
"202000035780";"154 679 508";"B01";"1";"15";"0";"2";"1";"1";"1";
"202000035780";"154 679 509";"C01";"2";"7";"0";"2";"1";"2";"1";
"202000035780";"154 679 510";"D01";"2";"10";"0";"2";"8";"2";"1";
"202000035781";"154 679 515";"A01";"1";"7";"0";"2";"1";"13";"1";
"202000035781";"154 679 516";"B01";"1";"7";"0";"2";"1";"1";"1";
"202000035782";"154 679 505";"A01";"1";"7";"0";"2";"1";"17";"1";
"202000035782";"154 679 507";"B01";"2";"7";"0";"2";"1";"1";"1";
"202000035783";"154 679 503";"A01";"2";"80";"0";"6";"1";"0";"3";
"202000035784";"154 679 501";"A01";"1";"33";"6";"0";"0";"17";"1";
"202000035785";"154 679 502";"A01";"2";"7";"0";"2";"2";"1";"1";
"202000035785";"154 679 504";"B01";"2";"17";"0";"0";"6";"1";"1";
"202000035786";"154 679 498";"A01";"1";"7";"0";"1";"2";"1";"0";
"202000035787";"154 679 496";"B01";"1";"1";"0";"2";"8";"0";"5";
"202000035787";"154 679 497";"A01";"1";"7";"0";"2";"2";"1";"1";
"202000035788";"154 679 495";"B01";"1";"10";"12";"1";"5";"1";"1";
"202000035789";"154 679 493";"A01";"1";"7";"2";"0";"1";"1";"1";
"202000035790";"154 679 494";"A01";"0";"33";"0";"2";"3";"18";"1";
"202000035791";"154 679 492";"A01";"1";"7";"8";"0";"1";"13";"1";
"202000035792";"154 679 489";"A01";"1";"7";"0";"2";"1";"5";"1";
"202000035792";"154 679 491";"B01";"2";"7";"0";"2";"1";"1";"1";
"202000035793";"154 679 486";"B01";"2";"7";"0";"2";"2";"1";"1";
"202000035793";"154 679 487";"A01";"1";"7";"3";"2";"5";"1";"1";
"202000035794";"154 679 499";"A01";"1";"7";"0";"2";"2";"1";"1";
"202000035794";"154 679 500";"B01";"1";"1";"0";"2";"4";"2";"5";
"202000035795";"154 679 483";"A01";"2";"7";"0";"0";"2";"1";"1";
"202000035795";"154 679 485";"B01";"1";"7";"0";"2";"1";"10";"1";
"202000035796";"154 679 482";"B01";"1";"7";"0";"2";"7";"1";"1";
"202000035796";"154 679 484";"A01";"1";"7";"0";"2";"1";"15";"1";
"202000035797";"154 679 480";"A01";"1";"7";"8";"0";"6";"1";"1";
"202000035798";"154 679 477";"A01";"1";"33";"16";"0";"0";"1";"1";
"202000035799";"154 679 476";"A01";"2";"33";"0";"0";"0";"1";"1";
"202000035800";"154 679 481";"A01";"3";"7";"0";"1";"2";"15";"1";
"202000035801";"154 679 488";"A01";"3";"7";"0";"2";"1";"15";"1";
"202000035801";"154 679 490";"B01";"1";"2";"0";"2";"7";"1";"1";
"202000035802";"154 679 474";"A01";"1";"7";"0";"2";"1";"15";"1";
"202000035802";"154 679 475";"B01";"2";"1";"0";"2";"1";"1";"5";
"202000035803";"154 679 470";"A01";"2";"7";"3";"2";"3";"1";"1";
"202000035803";"154 679 472";"B01";"1";"7";"3";"2";"3";"1";"1";
"202000035804";"154 679 467";"A01";"3";"2";"0";"0";"0";"1";"1";
"202000035805";"154 679 466";"B01";"2";"7";"0";"0";"1";"1";"1";
"202000035805";"154 679 468";"A01";"1";"7";"12";"0";"1";"1";"1";
"202000035806";"154 679 465";"A01";"2";"7";"13";"0";"1";"1";"1";
"202000035807";"154 679 461";"A01";"1";"7";"3";"2";"1";"2";"1";
"202000035807";"154 679 463";"B01";"1";"15";"0";"2";"6";"2";"1";
"202000035808";"154 679 460";"A01";"1";"7";"13";"0";"0";"1";"1";
"202000035809";"154 679 458";"B01";"1";"7";"0";"2";"1";"1";"1";
"202000035809";"154 679 462";"A01";"1";"7";"0";"2";"7";"1";"1";
"202000035810";"154 679 456";"B01";"1";"10";"0";"2";"4";"1";"1";
"202000035810";"154 679 457";"A01";"1";"33";"0";"2";"1";"2";"1";
"202000035811";"154 679 454";"A01";"1";"33";"0";"0";"0";"0";"1";
"202000035812";"154 679 453";"A01";"1";"7";"2";"0";"1";"1";"1";
"202000035813";"154 679 451";"A01";"1";"2";"0";"0";"9";"1";"1";
"202000035814";"154 679 449";"B01";"2";"7";"0";"2";"1";"1";"1";
"202000035814";"154 679 452";"A01";"1";"7";"0";"2";"2";"15";"1";
"202000035815";"154 679 447";"A01";"1";"33";"13";"0";"0";"17";"1";
"202000035816";"154 679 448";"A01";"1";"7";"0";"0";"9";"1";"0";
"202000035817";"154 679 445";"A01";"1";"7";"0";"0";"1";"1";"3";
"202000035817";"154 679 446";"B01";"2";"7";"0";"0";"2";"9";"1";
"202000035818";"154 679 442";"B01";"1";"33";"0";"2";"1";"1";"1";
"202000035818";"154 679 444";"A01";"1";"10";"0";"2";"5";"19";"1";
"202000035819";"154 679 441";"A01";"3";"7";"0";"2";"1";"1";"1";
"202000035819";"154 679 443";"B01";"3";"7";"6";"2";"3";"17";"1";
"202000035820";"154 679 438";"A01";"1";"7";"7";"0";"8";"15";"1";
"202000035820";"154 679 440";"B01";"2";"7";"0";"0";"1";"1";"1";
"202000035821";"154 679 436";"A01";"1";"15";"0";"9";"7";"17";"1";
"202000035821";"154 679 439";"B01";"1";"1";"13";"0";"8";"2";"5";
"202000035822";"154 679 433";"A01";"2";"7";"13";"0";"9";"21";"1";
"202000035823";"154 679 434";"A01";"3";"10";"2";"0";"7";"14";"1";
"202000035824";"154 679 432";"B01";"2";"7";"0";"2";"3";"1";"1";
"202000035824";"154 679 435";"A01";"1";"7";"0";"2";"3";"13";"1";
"202000035825";"154 679 429";"A01";"3";"7";"0";"1";"2";"0";"1";
"202000035826";"154 679 428";"B01";"1";"80";"0";"2";"1";"9";"3";
"202000035826";"154 679 430";"A01";"2";"7";"0";"2";"2";"1";"1";
"202000035827";"154 679 427";"B01";"2";"1";"1";"0";"0";"21";"5";
"202000035827";"154 679 431";"A01";"1";"7";"0";"2";"3";"19";"1";
"202000035828";"154 679 425";"A01";"1";"7";"4";"0";"0";"17";"1";
"202000035829";"154 679 423";"A01";"1";"7";"0";"1";"3";"1";"1";
"202000035830";"154 679 424";"A01";"1";"7";"2";"0";"9";"0";"1";
"202000035831";"154 679 422";"A01";"2";"7";"6";"0";"2";"16";"1";
"202000035832";"154 679 421";"A01";"2";"7";"6";"9";"1";"1";"1";
"202000035833";"154 679 420";"A01";"1";"7";"0";"1";"1";"1";"1";
"202000035834";"154 679 415";"A01";"1";"7";"13";"0";"2";"1";"0";
"202000035835";"154 679 416";"A01";"2";"33";"0";"2";"5";"23";"1";
"202000035835";"154 679 419";"B01";"1";"7";"0";"2";"3";"1";"1";
"202000035836";"154 679 410";"B01";"2";"7";"0";"2";"3";"1";"1";
"202000035836";"154 679 414";"A01";"1";"7";"0";"2";"3";"13";"1";
"202000035837";"154 679 411";"A01";"0";"7";"8";"2";"1";"13";"1";
"202000035837";"154 679 413";"B01";"0";"7";"0";"2";"8";"1";"1";
"202000035838";"154 679 412";"A01";"0";"99";"1";"0";"1";"5";"1";
"202000035839";"154 679 408";"A01";"2";"7";"0";"2";"2";"2";"1";
"202000035839";"154 679 409";"B01";"2";"1";"0";"0";"4";"2";"5";
"202000035840";"154 679 406";"B01";"3";"7";"0";"2";"1";"1";"1";
"202000035840";"154 679 407";"A01";"0";"7";"0";"2";"1";"1";"0";
"202000035841";"154 679 404";"A01";"1";"33";"13";"0";"1";"1";"1";
"202000035842";"154 679 403";"A01";"0";"7";"0";"9";"8";"1";"1";
"202000035842";"154 679 405";"B01";"0";"1";"0";"2";"7";"1";"5";
"202000035843";"154 679 400";"A01";"1";"33";"2";"0";"1";"0";"1";
"202000035844";"154 679 402";"A01";"2";"7";"0";"1";"2";"1";"1";
"202000035845";"154 679 399";"B01";"1";"7";"0";"2";"1";"1";"1";
"202000035845";"154 679 401";"A01";"2";"14";"0";"0";"6";"15";"1";
"202000035846";"154 679 398";"A01";"1";"33";"7";"0";"8";"1";"1";
"202000035847";"154 679 395";"Z01";"1";"7";"0";"2";"1";"9";"1";
"202000035847";"154 679 396";"B01";"1";"7";"0";"2";"4";"9";"1";
"202000035848";"154 679 394";"B01";"1";"7";"0";"2";"2";"11";"1";
"202000035848";"154 679 397";"A01";"2";"7";"0";"2";"3";"1";"1";
"202000035849";"154 679 391";"B01";"2";"33";"0";"2";"8";"1";"1";
"202000035849";"154 679 392";"A01";"2";"7";"0";"2";"7";"12";"1";
"202000035850";"154 679 388";"A01";"1";"7";"13";"2";"2";"15";"1";
"202000035850";"154 679 390";"B01";"2";"10";"13";"2";"1";"1";"1";
"202000035850";"154 679 393";"C01";"2";"7";"0";"2";"1";"23";"1";
"202000035851";"154 679 387";"B01";"1";"38";"0";"2";"1";"1";"1";"1"
"202000035851";"154 679 389";"A01";"2";"7";"0";"2";"1";"13";"1";
"202000035852";"154 679 383";"B01";"1";"7";"0";"2";"1";"1";"1";
"202000035852";"154 679 385";"A01";"1";"7";"3";"0";"1";"1";"1";
"202000035852";"154 679 386";"C01";"1";"7";"0";"2";"1";"1";"1";
"202000035853";"154 679 384";"A01";"2";"33";"3";"0";"1";"1";"1";
"202000035854";"154 679 382";"A01";"1";"7";"0";"1";"3";"13";"1";
"202000035855";"154 679 380";"A01";"1";"7";"3";"0";"8";"13";"1";
"202000035856";"154 679 377";"A01";"2";"7";"0";"2";"2";"9";"1";
"202000035856";"154 679 379";"B01";"1";"1";"0";"0";"5";"15";"6";
"202000035857";"154 679 376";"A01";"2";"7";"0";"2";"4";"23";"1";
"202000035857";"154 679 378";"B01";"1";"7";"0";"2";"4";"23";"1";
"202000035857";"154 679 381";"C01";"2";"7";"0";"2";"1";"1";"1";
"202000035858";"154 679 374";"A01";"1";"31";"3";"2";"8";"13";"1";
"202000035858";"154 679 375";"B01";"2";"7";"0";"2";"6";"1";"1";
"202000035859";"154 679 373";"A01";"1";"7";"7";"0";"1";"14";"1";
"202000035860";"154 679 369";"B01";"2";"7";"0";"2";"4";"2";"1";
"202000035860";"154 679 371";"C01";"2";"10";"0";"2";"4";"2";"1";
"202000035860";"154 679 372";"A01";"2";"10";"0";"2";"1";"1";"1";
"202000035861";"154 679 365";"A01";"2";"7";"0";"0";"4";"26";"1";
"202000035861";"154 679 367";"C01";"2";"7";"0";"2";"1";"0";"0";
"202000035861";"154 679 368";"B01";"2";"7";"0";"0";"0";"0";"1";
"202000035862";"154 679 366";"A01";"1";"2";"2";"0";"1";"13";"1";
"202000035863";"154 679 363";"A01";"1";"15";"0";"2";"4";"24";"1";
"202000035863";"154 679 364";"B01";"1";"7";"1";"0";"1";"2";"1";
"202000035864";"154 679 358";"A01";"2";"2";"0";"0";"0";"0";"1";
"202000035865";"154 679 359";"B01";"1";"7";"6";"2";"2";"14";"1";
"202000035865";"154 679 360";"A01";"1";"7";"0";"2";"6";"1";"1";
"202000035866";"154 679 356";"A01";"2";"7";"0";"2";"1";"2";"1";
"202000035866";"154 679 357";"B01";"2";"7";"0";"2";"4";"2";"1";
"202000035867";"154 679 354";"A01";"1";"7";"0";"0";"8";"15";"1";
"202000035867";"154 679 355";"B01";"1";"7";"0";"2";"1";"17";"1";
"202000035868";"154 679 350";"A01";"2";"7";"0";"2";"3";"9";"1";
"202000035868";"154 679 353";"B01";"2";"7";"0";"2";"8";"1";"1";
"202000035869";"154 679 346";"B01";"2";"33";"0";"2";"1";"2";"1";
"202000035869";"154 679 348";"A01";"2";"7";"0";"2";"5";"2";"1";
"202000035870";"154 679 351";"A01";"1";"33";"12";"0";"3";"13";"1";
"202000035871";"154 679 341";"B01";"2";"7";"0";"2";"4";"1";"1";
"202000035871";"154 679 344";"A01";"2";"33";"0";"2";"1";"2";"0";
"202000035872";"154 679 339";"C01";"1";"7";"0";"2";"5";"1";"1";
"202000035872";"154 679 340";"D01";"1";"7";"0";"2";"8";"1";"1";
"202000035872";"154 679 342";"A01";"1";"7";"0";"2";"3";"11";"1";
"202000035872";"154 679 343";"B01";"1";"33";"0";"2";"5";"3";"1";
"202000035873";"154 679 336";"A01";"1";"7";"4";"0";"1";"21";"1";
"202000035874";"154 679 335";"C01";"1";"33";"0";"2";"1";"1";"1";
"202000035874";"154 679 337";"B01";"1";"7";"3";"2";"7";"14";"1";
"202000035874";"154 679 338";"A01";"1";"13";"0";"2";"3";"13";"1";
"202000035875";"154 679 334";"A01";"2";"7";"13";"0";"9";"14";"1";
"202000035876";"154 679 333";"A01";"1";"33";"0";"0";"9";"9";"1";
"202000035877";"154 679 332";"A01";"2";"7";"4";"0";"1";"13";"1";
"202000035878";"154 679 331";"A01";"1";"7";"0";"0";"9";"13";"1";
"202000035879";"154 679 328";"A01";"2";"10";"0";"2";"1";"1";"1";
"202000035879";"154 679 330";"B01";"2";"7";"0";"2";"4";"2";"1";
"202000035880";"154 679 345";"A01";"2";"33";"0";"2";"1";"13";"1";
"202000035880";"154 679 347";"B01";"1";"7";"0";"2";"1";"1";"1";
"202000035880";"154 679 349";"C01";"1";"7";"0";"9";"4";"1";"1";
"202000035881";"154 679 329";"A01";"1";"7";"4";"0";"3";"15";"1";
"202000035882";"154 679 323";"B01";"2";"7";"0";"2";"1";"21";"1";
"202000035882";"154 679 326";"A01";"1";"7";"0";"2";"1";"11";"1";
"202000035883";"154 679 322";"Z01";"1";"7";"0";"2";"1";"1";"0";
"202000035883";"154 679 324";"A01";"2";"7";"0";"2";"4";"1";"1";
"202000035884";"154 679 321";"A01";"2";"1";"8";"0";"1";"0";"5";
"202000035885";"154 679 316";"A01";"1";"7";"2";"0";"8";"1";"1";
"202000035886";"154 679 315";"A01";"1";"1";"0";"0";"9";"1";"5";
"202000035887";"154 679 317";"C01";"1";"10";"0";"2";"1";"2";"1";
"202000035887";"154 679 319";"A01";"1";"7";"0";"2";"4";"2";"1";
"202000035887";"154 679 320";"B01";"1";"7";"0";"2";"4";"2";"1";
"202000035888";"154 679 325";"A01";"1";"7";"4";"2";"1";"2";"1";