"Num_Acc";"id_vehicule";"num_veh";"senc";"catv";"obs";"obsm";"choc";"manv";"motor";"occutc"
"202000035888";"154 679 327";"B01";"1";"7";"0";"2";"4";"2";"1";
"202000035889";"154 679 312";"A01";"2";"10";"0";"2";"3";"1";"0";
"202000035889";"154 679 314";"Z01";"2";"15";"0";"2";"8";"14";"1";
"202000035890";"154 679 309";"B01";"1";"7";"0";"2";"4";"1";"1";
"202000035890";"154 679 310";"A01";"2";"7";"0";"2";"1";"3";"1";
"202000035891";"154 679 306";"B01";"2";"7";"0";"2";"1";"1";"1";
"202000035891";"154 679 308";"A01";"2";"7";"0";"2";"2";"9";"1";
"202000035892";"154 679 304";"A01";"2";"33";"0";"2";"3";"11";"1";
"202000035892";"154 679 305";"B01";"1";"7";"0";"2";"3";"2";"0";
"202000035892";"154 679 307";"C01";"1";"7";"0";"2";"3";"2";"1";
"202000035893";"154 679 302";"A01";"1";"7";"0";"1";"3";"1";"1";
"202000035894";"154 679 301";"B01";"3";"33";"0";"2";"1";"0";"0";
"202000035894";"154 679 303";"A01";"3";"7";"0";"2";"6";"15";"0";
"202000035895";"154 679 299";"A01";"1";"7";"0";"2";"1";"1";"1";
"202000035895";"154 679 300";"B01";"1";"33";"0";"2";"4";"2";"1";
"202000035896";"154 679 295";"A01";"1";"43";"0";"2";"1";"3";"1";
"202000035896";"154 679 297";"B01";"1";"7";"0";"2";"6";"11";"1";
"202000035897";"154 679 296";"B01";"2";"7";"0";"2";"0";"0";"0";
"202000035897";"154 679 298";"A01";"1";"7";"0";"2";"0";"0";"0";
"202000035898";"154 679 294";"A01";"1";"7";"4";"0";"8";"13";"1";
"202000035899";"154 679 293";"A01";"2";"34";"0";"1";"1";"1";"1";
"202000035900";"154 679 291";"B01";"2";"7";"5";"2";"5";"1";"1";
"202000035900";"154 679 292";"A01";"2";"7";"0";"2";"3";"13";"1";
"202000035901";"154 679 289";"B01";"1";"7";"0";"2";"4";"26";"1";
"202000035901";"154 679 290";"A01";"1";"7";"0";"2";"1";"26";"1";
"202000035902";"154 679 287";"A01";"3";"7";"16";"0";"3";"9";"1";
"202000035902";"154 679 288";"B01";"0";"2";"16";"0";"4";"0";"1";
"202000035903";"154 679 285";"Z01";"1";"7";"0";"2";"3";"12";"0";
"202000035903";"154 679 286";"A01";"1";"31";"0";"2";"1";"3";"1";
"202000035904";"154 679 282";"B01";"1";"33";"0";"2";"1";"1";"1";
"202000035904";"154 679 284";"A01";"1";"7";"0";"2";"6";"11";"1";
"202000035905";"154 679 281";"A01";"3";"33";"0";"2";"8";"15";"0";
"202000035905";"154 679 283";"B01";"1";"37";"0";"2";"1";"1";"0";"3"
"202000035906";"154 679 277";"B01";"1";"43";"0";"2";"1";"3";"1";
"202000035906";"154 679 278";"A01";"1";"7";"0";"2";"3";"17";"1";
"202000035906";"154 679 279";"C01";"1";"7";"0";"2";"8";"2";"1";
"202000035906";"154 679 280";"D01";"1";"7";"0";"2";"4";"2";"1";
"202000035907";"154 679 276";"A01";"3";"7";"0";"1";"3";"2";"1";
"202000035908";"154 679 275";"A01";"2";"7";"0";"1";"0";"1";"0";
"202000035909";"154 679 273";"Z01";"2";"7";"0";"1";"1";"5";"1";
"202000035909";"154 679 274";"A01";"2";"7";"0";"2";"1";"5";"1";
"202000035910";"154 679 271";"A01";"2";"7";"0";"2";"1";"1";"0";
"202000035910";"154 679 272";"B01";"3";"7";"0";"2";"1";"1";"0";
"202000035911";"154 679 269";"B01";"3";"33";"0";"2";"8";"1";"1";
"202000035911";"154 679 270";"A01";"3";"7";"0";"2";"2";"1";"1";
"202000035912";"154 679 267";"A01";"1";"30";"0";"2";"2";"1";"1";
"202000035912";"154 679 268";"B01";"1";"7";"0";"2";"3";"1";"1";
"202000035913";"154 679 265";"A01";"3";"7";"0";"1";"1";"21";"1";
"202000035914";"154 679 264";"A01";"1";"30";"8";"2";"0";"1";"1";
"202000035914";"154 679 266";"Z01";"1";"7";"0";"2";"0";"9";"1";
"202000035915";"154 679 261";"A01";"0";"7";"0";"2";"0";"19";"1";
"202000035915";"154 679 263";"B01";"0";"7";"0";"2";"0";"1";"1";
"202000035916";"154 679 260";"A01";"2";"1";"0";"2";"1";"1";"5";
"202000035916";"154 679 262";"B01";"1";"7";"0";"2";"5";"15";"1";
"202000035917";"154 679 259";"A01";"1";"7";"0";"1";"1";"15";"0";
"202000035918";"154 679 257";"A01";"2";"7";"0";"2";"2";"1";"1";
"202000035918";"154 679 258";"B01";"2";"80";"0";"2";"1";"1";"3";
"202000035919";"154 679 255";"A01";"0";"7";"0";"1";"1";"16";"1";
"202000035920";"154 679 254";"B01";"1";"7";"0";"2";"3";"1";"1";
"202000035920";"154 679 256";"A01";"2";"33";"0";"2";"2";"1";"1";
"202000035921";"154 679 253";"A01";"1";"7";"6";"0";"1";"14";"1";
"202000035922";"154 679 252";"A01";"1";"34";"0";"1";"1";"1";"1";
"202000035923";"154 679 251";"A01";"2";"7";"1";"0";"2";"14";"1";
"202000035924";"154 679 248";"B01";"2";"1";"0";"2";"2";"1";"5";
"202000035924";"154 679 249";"A01";"1";"7";"0";"2";"1";"15";"1";
"202000035925";"154 679 250";"A01";"1";"10";"0";"1";"3";"4";"1";
"202000035926";"154 679 246";"A01";"1";"30";"0";"1";"3";"1";"1";
"202000035927";"154 679 245";"B01";"2";"7";"0";"2";"2";"15";"1";
"202000035927";"154 679 247";"A01";"1";"1";"0";"2";"8";"1";"5";
"202000035928";"154 679 242";"A01";"1";"7";"0";"2";"7";"16";"1";
"202000035928";"154 679 244";"B01";"1";"50";"0";"2";"1";"18";"3";
"202000035929";"154 679 241";"B01";"1";"2";"0";"2";"1";"1";"1";
"202000035929";"154 679 243";"A01";"1";"7";"0";"2";"3";"15";"1";
"202000035930";"154 679 240";"A01";"2";"30";"15";"0";"0";"18";"1";
"202000035931";"154 679 238";"A01";"2";"7";"0";"2";"1";"9";"1";
"202000035931";"154 679 239";"B01";"2";"7";"1";"0";"7";"1";"1";
"202000035932";"154 679 236";"A01";"1";"10";"0";"2";"3";"13";"1";
"202000035932";"154 679 237";"B01";"2";"7";"0";"2";"8";"1";"1";
"202000035933";"154 679 235";"A01";"1";"32";"0";"0";"7";"1";"1";
"202000035934";"154 679 233";"B01";"2";"30";"0";"2";"1";"1";"1";
"202000035934";"154 679 234";"A01";"2";"7";"0";"2";"2";"1";"1";
"202000035935";"154 679 231";"A01";"1";"1";"0";"0";"1";"12";"5";
"202000035936";"154 679 230";"A01";"1";"7";"0";"2";"2";"15";"1";
"202000035936";"154 679 232";"B01";"2";"7";"0";"2";"1";"1";"1";
"202000035937";"154 679 229";"A01";"1";"31";"0";"0";"8";"1";"1";
"202000035938";"154 679 225";"B01";"1";"50";"0";"2";"2";"1";"3";
"202000035938";"154 679 226";"A01";"1";"7";"0";"2";"3";"1";"1";
"202000035939";"154 679 227";"B01";"1";"7";"0";"2";"6";"2";"1";
"202000035939";"154 679 228";"A01";"1";"7";"0";"2";"1";"26";"1";
"202000035940";"154 679 223";"A01";"0";"10";"0";"1";"1";"15";"1";
"202000035941";"154 679 222";"A01";"2";"50";"0";"2";"0";"19";"3";
"202000035941";"154 679 224";"B01";"2";"7";"0";"2";"2";"16";"1";
"202000035942";"154 679 219";"B01";"2";"80";"0";"2";"4";"1";"3";
"202000035942";"154 679 221";"A01";"2";"7";"0";"2";"2";"1";"1";
"202000035943";"154 679 218";"B01";"1";"1";"0";"2";"7";"19";"5";
"202000035943";"154 679 220";"A01";"1";"30";"0";"2";"1";"1";"1";
"202000035944";"154 679 216";"A01";"2";"31";"0";"1";"1";"17";"1";
"202000035945";"154 679 215";"B01";"1";"50";"0";"2";"7";"1";"3";
"202000035945";"154 679 217";"A01";"2";"7";"0";"2";"1";"19";"1";
"202000035946";"154 679 212";"A01";"0";"7";"0";"2";"7";"1";"1";
"202000035946";"154 679 214";"B01";"0";"7";"0";"2";"1";"1";"1";
"202000035947";"154 679 211";"A01";"0";"7";"0";"2";"3";"15";"1";
"202000035947";"154 679 213";"B01";"0";"7";"0";"2";"3";"16";"1";
"202000035948";"154 679 210";"A01";"1";"7";"0";"1";"0";"1";"1";
"202000035949";"154 679 209";"Z01";"3";"7";"0";"1";"0";"16";"0";
"202000035950";"154 679 207";"Z01";"3";"7";"0";"2";"1";"0";"1";
"202000035950";"154 679 208";"B01";"0";"99";"0";"0";"0";"0";"0";
"202000035951";"154 679 206";"A01";"0";"7";"0";"1";"1";"15";"1";
"202000035952";"154 679 204";"A01";"3";"7";"0";"2";"6";"2";"1";
"202000035952";"154 679 205";"B01";"3";"1";"0";"2";"1";"1";"5";
"202000035953";"154 679 203";"A01";"2";"30";"0";"0";"8";"1";"1";
"202000035954";"154 679 201";"A01";"1";"38";"0";"2";"1";"2";"1";"1"
"202000035954";"154 679 202";"B01";"1";"7";"0";"0";"4";"2";"3";
"202000035955";"154 679 199";"A01";"3";"7";"0";"2";"8";"18";"1";
"202000035955";"154 679 200";"B01";"3";"7";"0";"2";"2";"12";"1";
"202000035956";"154 679 198";"A01";"0";"7";"0";"0";"9";"26";"1";
"202000035957";"154 679 197";"A01";"2";"7";"0";"1";"7";"26";"1";
"202000035958";"154 679 196";"A01";"3";"30";"12";"0";"1";"26";"1";
"202000035959";"154 679 194";"A01";"1";"7";"0";"2";"3";"26";"1";
"202000035959";"154 679 195";"B01";"1";"33";"0";"2";"4";"1";"1";
"202000035960";"154 679 192";"A01";"2";"7";"0";"2";"8";"1";"1";
"202000035960";"154 679 193";"B01";"1";"1";"0";"2";"2";"19";"5";
"202000035961";"154 679 190";"B01";"1";"38";"0";"2";"4";"2";"0";"2"
"202000035961";"154 679 191";"A01";"1";"7";"0";"2";"1";"26";"0";
"202000035962";"154 679 189";"Z01";"3";"7";"0";"1";"1";"1";"0";
"202000035963";"154 679 187";"A01";"1";"7";"0";"2";"1";"15";"1";
"202000035963";"154 679 188";"B01";"2";"7";"0";"2";"3";"1";"1";
"202000035964";"154 679 185";"A01";"0";"7";"0";"2";"1";"2";"1";
"202000035964";"154 679 186";"B01";"0";"7";"0";"2";"4";"2";"1";
"202000035965";"154 679 183";"A01";"1";"7";"0";"2";"1";"15";"1";
"202000035965";"154 679 184";"B01";"1";"7";"0";"2";"7";"1";"1";
"202000035966";"154 679 181";"A01";"1";"7";"0";"2";"2";"19";"1";
"202000035966";"154 679 182";"B01";"1";"2";"0";"2";"1";"2";"1";
"202000035967";"154 679 179";"B01";"2";"7";"0";"2";"4";"1";"1";
"202000035967";"154 679 180";"A01";"2";"33";"0";"2";"1";"2";"1";
"202000035968";"154 679 177";"A01";"1";"7";"0";"2";"3";"9";"0";
"202000035968";"154 679 178";"B01";"1";"32";"0";"2";"1";"1";"1";
"202000035969";"154 679 175";"A01";"1";"10";"7";"2";"2";"26";"1";
"202000035969";"154 679 176";"B01";"1";"7";"0";"2";"3";"26";"1";
"202000035970";"154 679 172";"A01";"1";"33";"0";"2";"1";"3";"1";
"202000035970";"154 679 173";"B01";"1";"7";"0";"2";"5";"1";"1";
"202000035970";"154 679 174";"C01";"1";"7";"0";"2";"8";"1";"1";
"202000035971";"154 679 170";"B01";"1";"10";"0";"2";"6";"2";"1";
"202000035971";"154 679 171";"A01";"1";"33";"0";"2";"1";"2";"1";
"202000035972";"154 679 167";"A01";"1";"32";"0";"2";"2";"3";"1";
"202000035972";"154 679 168";"C01";"1";"7";"0";"2";"7";"1";"3";
"202000035972";"154 679 169";"B01";"1";"10";"0";"2";"6";"1";"1";
"202000035973";"154 679 165";"A01";"2";"14";"0";"2";"2";"1";"1";
"202000035973";"154 679 166";"B01";"2";"7";"0";"2";"8";"9";"1";
"202000035974";"154 679 163";"A01";"2";"32";"0";"2";"7";"2";"1";
"202000035974";"154 679 164";"Z01";"2";"7";"0";"2";"0";"18";"0";
"202000035975";"154 679 162";"A01";"1";"43";"4";"0";"3";"13";"1";
"202000035976";"154 679 161";"A01";"2";"33";"14";"0";"0";"13";"1";
"202000035977";"154 679 160";"A01";"2";"10";"0";"1";"4";"4";"1";
"202000035978";"154 679 158";"A01";"1";"10";"0";"2";"2";"16";"3";
"202000035978";"154 679 159";"B01";"1";"50";"0";"2";"1";"1";"3";
"202000035979";"154 679 156";"Z01";"1";"7";"0";"2";"0";"1";"0";
"202000035979";"154 679 157";"A01";"2";"2";"0";"2";"3";"1";"1";
"202000035980";"154 679 154";"A01";"2";"7";"0";"2";"3";"8";"1";
"202000035980";"154 679 155";"B01";"1";"1";"0";"2";"8";"19";"5";
"202000035981";"154 679 152";"A01";"1";"7";"0";"2";"8";"22";"1";
"202000035981";"154 679 153";"B01";"1";"1";"0";"2";"1";"1";"5";
"202000035982";"154 679 150";"A01";"3";"1";"0";"2";"1";"19";"5";
"202000035982";"154 679 151";"B01";"3";"7";"0";"2";"1";"15";"1";
"202000035983";"154 679 149";"A01";"1";"7";"0";"1";"2";"1";"2";
"202000035984";"154 679 147";"B01";"1";"7";"0";"2";"5";"15";"1";
"202000035984";"154 679 148";"A01";"1";"32";"0";"2";"2";"2";"1";
"202000035985";"154 679 145";"B01";"1";"43";"0";"2";"4";"23";"1";
"202000035985";"154 679 146";"A01";"1";"33";"0";"2";"1";"2";"1";
"202000035986";"154 679 143";"B01";"1";"32";"0";"2";"4";"0";"1";
"202000035986";"154 679 144";"A01";"1";"7";"0";"2";"4";"2";"1";
"202000035987";"154 679 141";"A01";"2";"7";"0";"2";"2";"16";"1";
"202000035987";"154 679 142";"B01";"2";"32";"0";"2";"3";"1";"1";
"202000035988";"154 679 139";"B01";"1";"7";"0";"9";"2";"1";"1";
"202000035988";"154 679 140";"A01";"2";"1";"0";"2";"8";"15";"5";
"202000035989";"154 679 137";"B01";"2";"7";"0";"2";"8";"1";"2";
"202000035989";"154 679 138";"A01";"1";"33";"0";"2";"1";"17";"1";
"202000035990";"154 679 136";"A01";"1";"7";"0";"0";"0";"0";"0";
"202000035991";"154 679 134";"B01";"1";"7";"0";"0";"6";"15";"1";
"202000035991";"154 679 135";"A01";"1";"33";"0";"2";"1";"2";"1";
"202000035992";"154 679 132";"A01";"3";"7";"0";"2";"3";"9";"1";
"202000035992";"154 679 133";"B01";"1";"7";"0";"2";"1";"1";"1";
"202000035993";"154 679 129";"A01";"1";"7";"0";"0";"0";"1";"1";
"202000035993";"154 679 130";"B01";"2";"7";"0";"0";"6";"1";"1";
"202000035993";"154 679 131";"C01";"2";"7";"0";"0";"1";"1";"1";
"202000035994";"154 679 126";"A01";"2";"7";"13";"0";"8";"1";"1";
"202000035995";"154 679 124";"A01";"2";"33";"0";"2";"7";"15";"1";
"202000035995";"154 679 125";"B01";"1";"7";"0";"2";"1";"1";"1";
"202000035996";"154 679 122";"B01";"1";"7";"0";"2";"3";"1";"1";
"202000035996";"154 679 123";"A01";"2";"7";"0";"2";"1";"13";"1";
"202000035997";"154 679 121";"A01";"1";"33";"0";"0";"8";"1";"1";
"202000035998";"154 679 117";"A01";"1";"7";"13";"0";"9";"17";"1";
"202000035999";"154 679 116";"A01";"2";"13";"6";"0";"1";"1";"1";
"202000036000";"154 679 114";"A01";"3";"32";"0";"2";"1";"13";"1";
"202000036000";"154 679 115";"B01";"3";"30";"0";"2";"1";"1";"1";
"202000036001";"154 679 112";"B01";"3";"7";"0";"2";"2";"1";"1";
"202000036001";"154 679 113";"A01";"3";"31";"0";"2";"1";"13";"1";
"202000036002";"154 679 110";"A01";"3";"7";"0";"1";"4";"23";"1";
"202000036002";"154 679 111";"B01";"3";"7";"0";"2";"1";"1";"1";
"202000036003";"154 679 108";"A01";"1";"7";"13";"2";"5";"9";"1";
"202000036003";"154 679 109";"B01";"1";"13";"0";"2";"3";"9";"0";
"202000036004";"154 679 106";"A01";"3";"7";"0";"0";"7";"19";"6";
"202000036004";"154 679 107";"B01";"2";"33";"0";"2";"1";"1";"1";
"202000036005";"154 679 105";"A01";"2";"7";"2";"0";"8";"0";"1";
"202000036006";"154 679 103";"B01";"2";"33";"0";"2";"5";"2";"1";
"202000036006";"154 679 104";"A01";"2";"7";"0";"2";"3";"2";"1";
"202000036007";"154 679 101";"A01";"0";"7";"0";"2";"1";"2";"0";
"202000036007";"154 679 102";"B01";"0";"1";"0";"2";"4";"2";"5";
"202000036008";"154 679 100";"A01";"1";"33";"3";"0";"7";"1";"1";
"202000036009";"154 679 098";"A01";"0";"7";"0";"2";"2";"15";"1";
"202000036009";"154 679 099";"B01";"0";"33";"0";"2";"1";"1";"1";
"202000036010";"154 679 097";"A01";"0";"7";"0";"0";"1";"15";"1";
"202000036011";"154 679 096";"A01";"3";"32";"0";"0";"7";"16";"1";
"202000036012";"154 679 094";"B01";"1";"2";"0";"2";"1";"17";"1";
"202000036012";"154 679 095";"A01";"1";"7";"0";"2";"3";"15";"1";
"202000036013";"154 679 093";"A01";"2";"33";"3";"0";"1";"1";"1";
"202000036014";"154 679 092";"A01";"1";"33";"0";"0";"8";"2";"1";
"202000036015";"154 679 090";"A01";"1";"7";"0";"2";"1";"13";"1";
"202000036015";"154 679 091";"B01";"2";"7";"0";"2";"1";"1";"1";
"202000036016";"154 679 088";"B01";"1";"7";"0";"2";"7";"19";"1";
"202000036016";"154 679 089";"A01";"2";"2";"0";"2";"1";"1";"1";
"202000036017";"154 679 087";"A01";"1";"33";"3";"0";"8";"14";"1";
"202000036018";"154 679 085";"B01";"3";"1";"0";"2";"0";"13";"5";
"202000036018";"154 679 086";"A01";"3";"7";"0";"9";"2";"13";"1";
"202000036019";"154 679 083";"B01";"2";"7";"0";"2";"3";"1";"1";
"202000036019";"154 679 084";"A01";"1";"7";"0";"2";"3";"13";"1";
"202000036020";"154 679 081";"B01";"2";"7";"0";"2";"6";"1";"1";
"202000036020";"154 679 082";"A01";"2";"7";"0";"2";"2";"9";"1";
"202000036021";"154 679 079";"B01";"2";"10";"0";"2";"1";"1";"1";
"202000036021";"154 679 080";"A01";"1";"7";"0";"2";"1";"5";"1";
"202000036022";"154 679 076";"A01";"1";"7";"0";"2";"1";"2";"1";
"202000036022";"154 679 077";"B01";"1";"7";"0";"2";"4";"2";"1";
"202000036022";"154 679 078";"C01";"1";"7";"0";"2";"1";"2";"1";
"202000036023";"154 679 074";"B01";"1";"34";"14";"0";"3";"2";"1";
"202000036023";"154 679 075";"A01";"1";"7";"0";"2";"2";"2";"1";
"202000036024";"154 679 072";"A01";"2";"7";"0";"2";"1";"1";"1";
"202000036024";"154 679 073";"B01";"2";"7";"0";"2";"4";"2";"1";
"202000036025";"154 679 070";"A01";"2";"7";"0";"2";"7";"12";"1";
"202000036025";"154 679 071";"B01";"2";"33";"0";"2";"8";"3";"1";
"202000036026";"154 679 069";"A01";"1";"31";"0";"2";"3";"21";"1";
"202000036027";"154 679 067";"B01";"2";"7";"0";"2";"5";"2";"1";
"202000036027";"154 679 068";"A01";"2";"33";"0";"2";"3";"1";"1";
"202000036028";"154 679 065";"A01";"1";"31";"0";"2";"3";"21";"1";
"202000036028";"154 679 066";"B01";"1";"7";"0";"2";"5";"2";"1";
"202000036029";"154 679 063";"A01";"1";"7";"0";"2";"3";"21";"1";
"202000036029";"154 679 064";"B01";"1";"7";"0";"9";"1";"18";"1";
"202000036030";"154 679 061";"A01";"1";"43";"0";"2";"3";"3";"1";
"202000036030";"154 679 062";"B01";"1";"7";"0";"2";"2";"12";"1";
"202000036031";"154 679 059";"B01";"1";"10";"0";"2";"4";"2";"1";
"202000036031";"154 679 060";"A01";"1";"7";"0";"2";"1";"2";"1";
"202000036032";"154 679 057";"A01";"2";"33";"0";"2";"2";"3";"1";
"202000036032";"154 679 058";"B01";"2";"7";"0";"2";"4";"1";"1";
"202000036033";"154 679 055";"B01";"1";"7";"0";"2";"6";"1";"1";
"202000036033";"154 679 056";"A01";"1";"14";"0";"2";"2";"12";"1";
"202000036034";"154 679 053";"B01";"2";"7";"4";"2";"4";"1";"1";
"202000036034";"154 679 054";"A01";"2";"15";"0";"2";"1";"12";"1";
"202000036035";"154 679 051";"A01";"2";"7";"0";"2";"1";"16";"1";
"202000036035";"154 679 052";"B01";"1";"7";"0";"2";"3";"1";"1";
"202000036036";"154 679 049";"A01";"2";"7";"1";"0";"2";"10";"1";
"202000036036";"154 679 050";"B01";"2";"32";"0";"2";"3";"1";"1";
"202000036037";"154 679 048";"A01";"2";"7";"0";"1";"1";"26";"1";
"202000036038";"154 679 047";"B01";"1";"10";"0";"1";"8";"16";"1";
"202000036039";"154 679 045";"A01";"1";"7";"0";"2";"7";"9";"1";
"202000036039";"154 679 046";"B01";"1";"32";"0";"2";"8";"1";"0";
"202000036040";"154 679 041";"A01";"1";"33";"0";"2";"1";"17";"1";
"202000036040";"154 679 042";"B01";"1";"7";"0";"2";"8";"1";"1";
"202000036040";"154 679 043";"C01";"1";"7";"0";"2";"8";"1";"1";
"202000036040";"154 679 044";"D01";"1";"2";"0";"2";"0";"1";"1";
"202000036041";"154 679 039";"B01";"1";"30";"0";"2";"4";"9";"1";
"202000036041";"154 679 040";"A01";"1";"7";"0";"2";"1";"9";"1";
"202000036042";"154 679 037";"A01";"2";"7";"0";"2";"2";"26";"1";
"202000036042";"154 679 038";"B01";"2";"1";"0";"2";"4";"15";"5";
"202000036043";"154 679 036";"A01";"1";"7";"1";"0";"1";"21";"1";
"202000036044";"154 679 034";"A01";"1";"7";"0";"2";"2";"15";"1";
"202000036044";"154 679 035";"B01";"1";"2";"0";"2";"6";"2";"3";
"202000036045";"154 679 032";"A01";"2";"10";"0";"2";"1";"26";"1";
"202000036045";"154 679 033";"B01";"2";"10";"0";"2";"4";"1";"4";
"202000036046";"154 679 030";"B01";"1";"7";"0";"9";"4";"23";"1";
"202000036046";"154 679 031";"A01";"1";"1";"0";"2";"1";"1";"5";
"202000036047";"154 679 028";"A01";"2";"7";"0";"2";"3";"15";"2";
"202000036047";"154 679 029";"B01";"1";"1";"0";"2";"1";"1";"5";
"202000036048";"154 679 026";"B01";"2";"2";"0";"2";"1";"1";"0";
"202000036048";"154 679 027";"A01";"1";"7";"0";"2";"3";"15";"2";
"202000036049";"154 679 025";"A01";"3";"7";"0";"1";"1";"15";"1";
"202000036050";"154 679 023";"A01";"1";"7";"0";"2";"2";"1";"1";
"202000036050";"154 679 024";"B01";"1";"7";"0";"2";"1";"1";"1";
"202000036051";"154 679 021";"B01";"2";"31";"0";"2";"1";"0";"1";
"202000036051";"154 679 022";"A01";"2";"7";"0";"9";"5";"15";"1";
"202000036052";"154 679 020";"A01";"2";"1";"8";"0";"1";"13";"5";
"202000036053";"154 679 018";"B01";"2";"1";"0";"2";"7";"19";"5";
"202000036053";"154 679 019";"A01";"1";"7";"0";"2";"3";"1";"1";
"202000036054";"154 679 016";"A01";"2";"7";"0";"2";"2";"1";"1";
"202000036054";"154 679 017";"B01";"0";"50";"0";"2";"3";"1";"3";
"202000036055";"154 679 013";"C01";"0";"10";"0";"2";"1";"0";"1";
"202000036055";"154 679 014";"B01";"0";"7";"0";"2";"5";"1";"1";
"202000036055";"154 679 015";"A01";"0";"7";"0";"2";"6";"4";"1";
"202000036056";"154 679 012";"A01";"3";"30";"14";"0";"0";"0";"1";
"202000036057";"154 679 010";"A01";"1";"7";"0";"2";"7";"15";"1";
"202000036057";"154 679 011";"B01";"1";"7";"0";"2";"1";"1";"1";
"202000036058";"154 679 009";"A01";"2";"7";"0";"1";"3";"1";"1";
"202000036059";"154 679 007";"A01";"1";"7";"0";"9";"1";"19";"1";
"202000036059";"154 679 008";"B01";"2";"1";"0";"2";"1";"19";"5";
"202000036060";"154 679 005";"A01";"1";"1";"0";"2";"1";"9";"5";
"202000036060";"154 679 006";"B01";"2";"7";"0";"2";"1";"1";"1";
"202000036061";"154 679 003";"B01";"2";"1";"0";"2";"0";"19";"5";
"202000036061";"154 679 004";"A01";"1";"7";"0";"2";"1";"1";"1";
"202000036062";"154 679 002";"A01";"1";"7";"0";"1";"1";"16";"1";
"202000036063";"154 679 001";"A01";"1";"33";"0";"1";"1";"1";"1";
"202000036064";"154 678 997";"D01";"2";"7";"0";"2";"4";"23";"1";
"202000036064";"154 678 998";"C01";"2";"7";"0";"2";"4";"23";"1";
"202000036064";"154 678 999";"B01";"2";"7";"0";"2";"4";"23";"1";
"202000036064";"154 679 000";"A01";"2";"7";"0";"2";"1";"2";"1";
"202000036065";"154 678 995";"B01";"2";"7";"0";"2";"4";"2";"1";
"202000036065";"154 678 996";"A01";"2";"7";"0";"2";"1";"2";"1";
"202000036066";"154 678 993";"B01";"3";"1";"0";"2";"0";"0";"5";
"202000036066";"154 678 994";"A01";"2";"7";"0";"2";"3";"9";"1";
"202000036067";"154 678 991";"A01";"1";"10";"0";"2";"2";"16";"1";
"202000036067";"154 678 992";"B01";"1";"2";"0";"2";"8";"18";"1";
"202000036068";"154 678 990";"A01";"2";"33";"0";"0";"9";"17";"1";
"202000036069";"154 678 988";"A01";"0";"1";"1";"0";"1";"19";"5";
"202000036069";"154 678 989";"B01";"0";"7";"1";"0";"2";"1";"1";
"202000036070";"154 678 987";"A01";"2";"7";"1";"0";"2";"14";"1";
"202000036071";"154 678 985";"A01";"1";"7";"0";"2";"8";"15";"1";
"202000036071";"154 678 986";"B01";"1";"30";"0";"2";"1";"17";"1";
"202000036072";"154 678 984";"A01";"3";"7";"1";"0";"0";"1";"0";
"202000036073";"154 678 981";"A01";"2";"10";"0";"2";"2";"1";"1";
"202000036073";"154 678 982";"B01";"2";"7";"0";"2";"1";"1";"1";
"202000036074";"154 678 980";"A01";"0";"37";"0";"1";"3";"15";"1";"1"
"202000036075";"154 678 978";"B01";"1";"1";"0";"2";"0";"0";"5";
"202000036075";"154 678 979";"A01";"1";"7";"0";"2";"2";"0";"1";
"202000036076";"154 678 976";"B01";"2";"31";"0";"2";"1";"1";"1";
"202000036076";"154 678 977";"A01";"1";"10";"0";"2";"5";"15";"1";
"202000036077";"154 678 974";"E01";"2";"34";"0";"0";"4";"2";"1";
"202000036077";"154 678 975";"A01";"2";"7";"14";"2";"1";"26";"1";
"202000036078";"154 678 972";"B01";"1";"1";"0";"2";"7";"1";"5";
"202000036078";"154 678 973";"A01";"3";"7";"0";"2";"1";"1";"1";
"202000036079";"154 678 968";"B01";"0";"33";"0";"2";"6";"1";"1";
"202000036079";"154 678 969";"A01";"0";"7";"0";"2";"2";"1";"1";
"202000036080";"154 678 966";"B01";"2";"7";"0";"2";"4";"2";"1";
"202000036080";"154 678 967";"A01";"2";"10";"0";"2";"1";"2";"1";
"202000036081";"154 678 964";"Z01";"1";"7";"0";"2";"6";"1";"1";
"202000036081";"154 678 965";"B01";"1";"33";"0";"2";"1";"1";"1";
"202000036082";"154 678 962";"B01";"2";"7";"0";"2";"8";"15";"1";
"202000036082";"154 678 963";"A01";"1";"33";"0";"2";"1";"1";"1";
"202000036083";"154 678 961";"A01";"2";"7";"0";"0";"9";"13";"1";
"202000036084";"154 678 960";"A01";"1";"7";"0";"1";"1";"1";"1";
"202000036085";"154 678 958";"A01";"0";"7";"0";"1";"3";"1";"1";
"202000036086";"154 678 956";"B01";"2";"1";"0";"2";"1";"2";"0";
"202000036086";"154 678 957";"A01";"2";"7";"0";"9";"1";"9";"1";
"202000036087";"154 678 954";"B01";"3";"30";"0";"2";"1";"1";"1";
"202000036087";"154 678 955";"A01";"3";"7";"0";"2";"3";"1";"1";
"202000036088";"154 678 952";"A01";"1";"7";"0";"2";"7";"1";"1";
"202000036088";"154 678 953";"B01";"1";"30";"0";"2";"8";"1";"1";
"202000036089";"154 678 950";"B01";"1";"7";"0";"2";"4";"1";"1";
"202000036089";"154 678 951";"A01";"1";"30";"0";"2";"1";"1";"1";