"Num_Acc";"id_vehicule";"num_veh";"senc";"catv";"obs";"obsm";"choc";"manv";"motor";"occutc"
"202000036288";"154 678 583";"A01";"0";"7";"0";"2";"3";"15";"1";
"202000036289";"154 678 579";"A01";"2";"7";"0";"2";"3";"2";"6";
"202000036289";"154 678 580";"C01";"2";"7";"0";"2";"4";"2";"6";
"202000036289";"154 678 581";"B01";"0";"7";"0";"2";"5";"2";"6";
"202000036290";"154 678 577";"B01";"1";"7";"0";"2";"1";"9";"1";
"202000036290";"154 678 578";"A01";"1";"32";"0";"2";"4";"1";"1";
"202000036291";"154 678 574";"A01";"2";"7";"0";"0";"0";"2";"1";
"202000036292";"154 678 573";"A01";"1";"7";"8";"0";"1";"13";"1";
"202000036293";"154 678 572";"A01";"1";"7";"13";"2";"3";"1";"1";
"202000036294";"154 678 571";"A01";"2";"7";"6";"0";"2";"1";"1";
"202000036295";"154 678 569";"A01";"2";"31";"8";"1";"1";"17";"1";
"202000036296";"154 678 567";"A01";"1";"7";"0";"2";"2";"11";"0";
"202000036296";"154 678 568";"B01";"2";"33";"0";"2";"1";"1";"0";
"202000036297";"154 678 565";"A01";"1";"10";"4";"2";"1";"19";"6";
"202000036297";"154 678 566";"B01";"2";"10";"0";"2";"1";"0";"6";
"202000036298";"154 678 564";"Z01";"1";"7";"2";"0";"1";"1";"1";
"202000036299";"154 678 562";"B01";"1";"33";"0";"2";"1";"1";"1";
"202000036299";"154 678 563";"A01";"2";"7";"0";"2";"3";"19";"1";
"202000036300";"154 678 561";"A01";"1";"7";"0";"1";"1";"1";"1";
"202000036301";"154 678 559";"A01";"2";"7";"0";"2";"1";"15";"1";
"202000036301";"154 678 560";"B01";"1";"7";"0";"2";"7";"1";"1";
"202000036302";"154 678 558";"A01";"1";"7";"8";"0";"1";"1";"1";
"202000036303";"154 678 556";"Z01";"2";"0";"0";"2";"6";"15";"0";
"202000036303";"154 678 557";"B01";"1";"7";"0";"2";"3";"1";"1";
"202000036304";"154 678 554";"A01";"1";"10";"0";"2";"1";"1";"1";
"202000036304";"154 678 555";"B01";"2";"7";"0";"2";"2";"1";"1";
"202000036305";"154 678 553";"A01";"2";"30";"0";"0";"8";"1";"1";
"202000036306";"154 678 551";"B01";"1";"33";"0";"2";"1";"1";"1";
"202000036306";"154 678 552";"A01";"1";"7";"0";"2";"5";"15";"1";
"202000036307";"154 678 549";"B01";"1";"10";"0";"2";"2";"16";"1";
"202000036307";"154 678 550";"A01";"1";"30";"0";"2";"3";"18";"1";
"202000036308";"154 678 547";"B01";"1";"7";"0";"2";"8";"1";"1";
"202000036308";"154 678 548";"A01";"1";"7";"0";"2";"1";"1";"1";
"202000036309";"154 678 544";"C01";"2";"7";"0";"2";"4";"23";"1";
"202000036309";"154 678 545";"A01";"2";"7";"0";"2";"1";"1";"1";
"202000036309";"154 678 546";"B01";"2";"7";"0";"2";"4";"23";"1";
"202000036310";"154 678 542";"A01";"1";"7";"0";"9";"7";"1";"1";
"202000036310";"154 678 543";"B01";"2";"1";"0";"2";"1";"19";"5";
"202000036311";"154 678 540";"B01";"1";"7";"0";"2";"4";"0";"6";
"202000036311";"154 678 541";"A01";"1";"32";"0";"2";"1";"1";"1";
"202000036312";"154 678 538";"A01";"2";"7";"0";"2";"2";"16";"1";
"202000036312";"154 678 539";"B01";"2";"2";"0";"2";"3";"1";"1";
"202000036313";"154 678 536";"B01";"1";"7";"0";"2";"8";"15";"1";
"202000036313";"154 678 537";"A01";"1";"30";"0";"2";"1";"17";"1";
"202000036314";"154 678 534";"A01";"0";"7";"0";"2";"1";"26";"1";
"202000036314";"154 678 535";"B01";"0";"7";"0";"2";"4";"0";"1";
"202000036315";"154 678 531";"A01";"1";"7";"0";"2";"3";"9";"1";
"202000036315";"154 678 532";"B01";"1";"2";"1";"2";"1";"1";"1";
"202000036316";"154 678 529";"A01";"3";"2";"0";"2";"8";"10";"1";
"202000036316";"154 678 530";"B01";"3";"33";"0";"2";"1";"1";"1";
"202000036317";"154 678 527";"A01";"0";"7";"0";"2";"1";"15";"1";
"202000036317";"154 678 528";"B01";"0";"10";"0";"2";"3";"1";"1";
"202000036318";"154 678 525";"B01";"2";"7";"0";"2";"8";"26";"1";
"202000036318";"154 678 526";"A01";"1";"32";"0";"2";"1";"26";"1";
"202000036319";"154 678 524";"A01";"1";"7";"7";"0";"1";"1";"1";
"202000036320";"154 678 522";"Z01";"1";"10";"0";"2";"0";"14";"0";
"202000036320";"154 678 523";"A01";"2";"7";"4";"2";"6";"1";"1";
"202000036321";"154 678 520";"A01";"1";"7";"0";"2";"3";"11";"1";
"202000036321";"154 678 521";"B01";"1";"33";"0";"2";"2";"3";"1";
"202000036322";"154 678 519";"A01";"2";"33";"0";"0";"8";"1";"1";
"202000036323";"154 678 516";"C01";"2";"7";"0";"2";"8";"1";"1";
"202000036323";"154 678 517";"B01";"2";"32";"0";"2";"6";"11";"1";
"202000036323";"154 678 518";"A01";"2";"33";"0";"2";"2";"3";"1";
"202000036324";"154 678 515";"A01";"1";"7";"14";"0";"3";"1";"1";
"202000036325";"154 678 514";"A01";"1";"43";"14";"0";"1";"13";"1";
"202000036326";"154 678 512";"B01";"1";"7";"0";"2";"2";"16";"2";
"202000036326";"154 678 513";"A01";"1";"30";"0";"2";"3";"18";"1";
"202000036327";"154 678 511";"A01";"2";"1";"1";"0";"1";"14";"5";
"202000036328";"154 678 509";"B01";"2";"1";"0";"2";"1";"2";"5";
"202000036328";"154 678 510";"A01";"2";"7";"0";"2";"4";"23";"1";
"202000036329";"154 678 507";"A01";"2";"7";"0";"2";"1";"1";"1";
"202000036329";"154 678 508";"B01";"2";"7";"0";"2";"4";"23";"1";
"202000036330";"154 678 506";"A01";"2";"10";"0";"1";"4";"4";"1";
"202000036331";"154 678 505";"A01";"3";"7";"0";"1";"3";"1";"1";
"202000036332";"154 678 503";"B01";"2";"7";"0";"2";"3";"9";"1";
"202000036332";"154 678 504";"A01";"1";"7";"0";"2";"2";"1";"4";
"202000036333";"154 678 501";"B01";"1";"50";"1";"0";"7";"2";"3";
"202000036333";"154 678 502";"A01";"0";"10";"0";"0";"0";"0";"0";
"202000036334";"154 678 499";"B01";"2";"7";"0";"2";"4";"1";"1";
"202000036334";"154 678 500";"A01";"2";"7";"0";"2";"1";"1";"1";
"202000036335";"154 678 496";"C01";"2";"7";"0";"2";"4";"23";"1";
"202000036335";"154 678 497";"B01";"2";"7";"0";"2";"1";"7";"1";
"202000036335";"154 678 498";"A01";"2";"7";"0";"2";"4";"1";"1";
"202000036336";"154 678 494";"A01";" -1";"10";"0";"2";"3";"26";"1";
"202000036336";"154 678 495";"B01";" -1";"99";"0";"0";"3";"26";"3";
"202000036337";"154 678 493";"A01";"2";"7";"0";"1";"2";"1";"6";
"202000036338";"154 678 492";"A01";"2";"7";"6";"0";"1";"26";"1";
"202000036339";"154 678 491";"A01";"1";"7";"0";"0";"1";"1";"1";
"202000036340";"154 678 490";"A01";"1";"7";"0";"1";"3";"15";"1";
"202000036341";"154 678 489";"A01";"1";"1";"0";"1";"3";"26";"0";
"202000036342";"154 678 488";"A01";"1";"1";"0";"1";"1";"15";"5";
"202000036343";"154 678 486";"B01";"2";"31";"0";"2";"1";"12";"1";
"202000036343";"154 678 487";"A01";"2";"7";"0";"2";"6";"11";"6";
"202000036344";"154 678 484";"A01";"2";"10";"0";"2";"8";"1";"1";
"202000036344";"154 678 485";"B01";"1";"7";"0";"2";"1";"1";"1";
"202000036345";"154 678 483";"A01";"1";"14";"0";"1";"2";"1";"1";
"202000036346";"154 678 479";"B01";"2";"7";"0";"2";"3";"1";"1";
"202000036346";"154 678 480";"A01";"1";"7";"0";"2";"1";"15";"1";
"202000036347";"154 678 477";"A01";"1";"7";"0";"0";"2";"1";"1";
"202000036347";"154 678 478";"B01";"1";"7";"0";"0";"5";"1";"1";
"202000036348";"154 678 475";"B01";"2";"7";"0";"2";"3";"1";"1";
"202000036348";"154 678 476";"A01";"1";"33";"0";"2";"1";"13";"1";
"202000036349";"154 678 473";"B01";"2";"2";"0";"0";"0";"2";"1";
"202000036349";"154 678 474";"A01";"2";"2";"0";"0";"0";"0";"1";
"202000036350";"154 678 472";"A01";"2";"7";"6";"0";"1";"1";"1";
"202000036351";"154 678 471";"A01";"1";"7";"6";"0";"1";"1";"1";
"202000036352";"154 678 469";"A01";"1";"7";"0";"2";"1";"9";"0";
"202000036352";"154 678 470";"B01";"1";"7";"0";"2";"3";"1";"0";
"202000036353";"154 678 468";"A01";"1";"7";"8";"0";"3";"1";"1";
"202000036354";"154 678 467";"A01";"3";"21";"0";"0";"9";"0";"1";
"202000036355";"154 678 466";"A01";"1";"2";"6";"5";"1";"1";"1";
"202000036356";"154 678 464";"A01";"1";"7";"0";"2";"3";"15";"1";
"202000036356";"154 678 465";"B01";"2";"7";"0";"2";"2";"1";"1";
"202000036357";"154 678 463";"A01";"2";"0";"0";"1";"2";"0";"0";
"202000036358";"154 678 462";"A01";"2";"7";"16";"0";"1";"13";"1";
"202000036359";"154 678 460";"A01";"1";"7";"0";"9";"8";"19";"1";
"202000036359";"154 678 461";"B01";"2";"80";"0";"2";"1";"1";"3";
"202000036360";"154 678 459";"A01";"3";"7";"6";"0";"1";"1";"1";
"202000036361";"154 678 458";"A01";"1";"7";"6";"0";"1";"1";"1";
"202000036362";"154 678 456";"A01";"2";"7";"0";"0";"4";"24";"1";
"202000036362";"154 678 457";"B01";"2";"1";"1";"0";"1";"26";"5";
"202000036363";"154 678 454";"B01";"2";"7";"0";"2";"2";"1";"1";
"202000036363";"154 678 455";"A01";"1";"7";"2";"2";"2";"1";"1";
"202000036364";"154 678 452";"A01";"3";"7";"0";"2";"3";"1";"1";
"202000036364";"154 678 453";"B01";"3";"1";"0";"2";"1";"19";"0";
"202000036365";"154 678 451";"A01";"1";"7";"16";"0";"9";"1";"1";
"202000036366";"154 678 450";"A01";"0";"36";"6";"0";"1";"16";"1";
"202000036367";"154 678 449";"A01";"1";"32";"5";"0";"2";"1";"1";
"202000036368";"154 678 447";"B01";"2";"7";"0";"2";"3";"1";"1";
"202000036368";"154 678 448";"A01";"1";"7";"0";"2";"1";"5";"1";
"202000036369";"154 678 446";"A01";"0";"2";"0";"0";"0";"17";"1";
"202000036370";"154 678 444";"A01";"1";"7";"0";"2";"3";"15";"0";
"202000036370";"154 678 445";"B01";"1";"33";"0";"2";"1";"17";"1";
"202000036371";"154 678 443";"A01";"1";"7";"0";"1";"1";"1";"1";
"202000036372";"154 678 441";"A01";"2";"33";"0";"2";"7";"1";"1";
"202000036372";"154 678 442";"B01";"2";"7";"0";"2";"1";"9";"1";
"202000036373";"154 678 439";"B01";"1";"7";"0";"2";"2";"1";"1";
"202000036373";"154 678 440";"A01";"1";"7";"0";"2";"6";"1";"1";
"202000036374";"154 678 437";"B01";"1";"7";"0";"2";"3";"1";"1";
"202000036374";"154 678 438";"A01";"2";"42";"0";"2";"1";"1";"1";
"202000036375";"154 678 435";"A01";"3";"10";"0";"2";"3";"9";"1";
"202000036375";"154 678 436";"B01";"1";"33";"0";"2";"2";"2";"0";
"202000036376";"154 678 432";"C01";"3";"7";"0";"2";"8";"16";"1";
"202000036376";"154 678 433";"B01";"3";"7";"0";"2";"4";"2";"1";
"202000036376";"154 678 434";"A01";"3";"13";"16";"2";"1";"2";"0";
"202000036377";"154 678 430";"A01";"0";"10";"1";"0";"3";"17";"0";
"202000036377";"154 678 431";"B01";"3";"2";"0";"0";"5";"0";"0";
"202000036378";"154 678 428";"A01";"2";"34";"0";"2";"7";"17";"1";
"202000036378";"154 678 429";"B01";"2";"7";"0";"2";"8";"1";"1";
"202000036379";"154 678 426";"B01";"1";"7";"0";"2";"3";"1";"1";
"202000036379";"154 678 427";"A01";"1";"33";"0";"2";"7";"12";"1";
"202000036380";"154 678 425";"A01";"0";"1";"0";"1";"1";"1";"5";
"202000036381";"154 678 423";"B01";"3";"10";"0";"2";"3";"0";"1";
"202000036381";"154 678 424";"A01";"3";"33";"0";"2";"0";"16";"1";
"202000036382";"154 678 422";"A01";"2";"7";"0";"1";"1";"1";"1";
"202000036383";"154 678 421";"A01";"3";"7";"0";"1";"2";"26";"1";
"202000036384";"154 678 419";"B01";"1";"32";"0";"2";"4";"2";"1";
"202000036384";"154 678 420";"A01";"1";"10";"0";"2";"1";"2";"1";
"202000036385";"154 678 418";"A01";"3";"10";"0";"1";"2";"1";"1";
"202000036386";"154 678 416";"B01";"2";"30";"0";"2";"1";"17";"1";
"202000036386";"154 678 417";"A01";"1";"7";"0";"2";"6";"19";"1";
"202000036387";"154 678 414";"B01";"3";"7";"0";"2";"6";"1";"1";
"202000036387";"154 678 415";"A01";"3";"30";"0";"2";"2";"17";"1";
"202000036388";"154 678 412";"B01";"2";"7";"0";"2";"1";"2";"1";
"202000036388";"154 678 413";"A01";"1";"7";"0";"2";"3";"9";"1";
"202000036389";"154 678 411";"A01";"2";"30";"9";"0";"1";"13";"1";
"202000036390";"154 678 409";"A01";"2";"33";"0";"2";"1";"13";"1";
"202000036390";"154 678 410";"B01";"2";"7";"0";"2";"5";"1";"1";
"202000036391";"154 678 408";"A01";"3";"7";"6";"0";"1";"14";"1";
"202000036392";"154 678 407";"A01";"1";"30";"8";"0";"1";"1";"1";
"202000036393";"154 678 405";"A01";"1";"7";"0";"2";"1";"2";"1";
"202000036393";"154 678 406";"B01";"1";"7";"0";"2";"0";"2";"1";
"202000036394";"154 678 403";"B01";"2";"50";"0";"2";"7";"1";"3";
"202000036394";"154 678 404";"A01";"1";"7";"0";"2";"1";"9";"1";
"202000036395";"154 678 401";"B01";"2";"7";"0";"2";"1";"1";"1";
"202000036395";"154 678 402";"A01";"1";"7";"0";"2";"1";"6";"1";
"202000036396";"154 678 399";"B01";"3";"10";"0";"2";"2";"1";"1";
"202000036396";"154 678 400";"A01";"3";"30";"0";"2";"3";"15";"1";
"202000036397";"154 678 398";"A01";"2";"30";"0";"2";"1";"13";"1";
"202000036398";"154 678 397";"A01";"2";"7";"0";"1";"1";"1";"1";
"202000036399";"154 678 396";"A01";"1";"7";"8";"0";"3";"0";"1";
"202000036400";"154 678 395";"A01";"2";"33";"3";"0";"8";"1";"1";
"202000036401";"154 678 393";"A01";"3";"14";"0";"2";"1";"9";"1";
"202000036401";"154 678 394";"B01";"3";"7";"0";"2";"4";"23";"1";
"202000036402";"154 678 390";"B01";"2";"7";"0";"2";"4";"1";"1";
"202000036402";"154 678 391";"A01";"2";"7";"0";"2";"1";"1";"1";
"202000036402";"154 678 392";"C01";"2";"7";"0";"2";"4";"1";"1";
"202000036403";"154 678 388";"A01";"0";"7";"0";"2";"2";"16";"1";
"202000036403";"154 678 389";"B01";"1";"1";"0";"2";"3";"1";"0";
"202000036404";"154 678 386";"B01";"2";"1";"0";"2";"1";"5";"5";
"202000036404";"154 678 387";"A01";"1";"7";"0";"2";"3";"9";"1";
"202000036405";"154 678 384";"Z01";"1";"7";"0";"0";"0";"0";"0";
"202000036405";"154 678 385";"A01";"1";"7";"0";"2";"2";"1";"1";
"202000036406";"154 678 382";"B01";"1";"2";"0";"2";"8";"1";"1";
"202000036406";"154 678 383";"Z01";"0";"7";"0";"0";"0";"0";"0";
"202000036407";"154 678 381";"A01";"2";"2";"0";"0";"8";"21";"1";
"202000036408";"154 678 379";"A01";"1";"7";"0";"2";"1";"1";"1";
"202000036408";"154 678 380";"B01";"2";"10";"0";"2";"1";"1";"1";
"202000036409";"154 678 378";"A01";"0";"7";"8";"0";"2";"14";"1";
"202000036410";"154 678 376";"B01";"3";"10";"0";"2";"2";"2";"1";
"202000036410";"154 678 377";"A01";"3";"33";"16";"2";"4";"9";"1";
"202000036411";"154 678 374";"A01";"1";"7";"0";"2";"2";"15";"1";
"202000036411";"154 678 375";"B01";"2";"2";"1";"2";"1";"1";"0";
"202000036412";"154 678 372";"B01";"2";"7";"0";"2";"4";"2";"1";
"202000036412";"154 678 373";"A01";"2";"7";"0";"2";"1";"2";"1";
"202000036413";"154 678 370";"A01";"1";"7";"0";"2";"1";"1";"1";
"202000036413";"154 678 371";"B01";"1";"7";"0";"2";"4";"1";"1";
"202000036414";"154 678 368";"A01";"1";"7";"0";"2";"1";"2";"1";
"202000036414";"154 678 369";"B01";"1";"1";"0";"2";"4";"2";"5";
"202000036415";"154 678 366";"B01";"1";"33";"0";"2";"1";"1";"0";
"202000036415";"154 678 367";"A01";"1";"13";"0";"2";"2";"9";"1";
"202000036416";"154 678 364";"A01";"2";"13";"0";"2";"2";"16";"1";
"202000036416";"154 678 365";"B01";"3";"7";"0";"2";"3";"0";"1";
"202000036417";"154 678 362";"B01";"2";"7";"0";"2";"1";"1";"1";
"202000036417";"154 678 363";"A01";"1";"7";"0";"2";"1";"13";"1";
"202000036418";"154 678 360";"C01";"1";"7";"0";"2";"1";"13";"1";
"202000036418";"154 678 361";"B01";"2";"7";"0";"2";"5";"1";"1";
"202000036419";"154 678 359";"A01";"3";"7";"6";"1";"5";"4";"1";
"202000036420";"154 678 358";"A01";"1";"31";"3";"0";"1";"16";"1";
"202000036421";"154 678 356";"B01";"1";"31";"0";"2";"8";"1";"1";
"202000036421";"154 678 357";"A01";"1";"10";"0";"2";"2";"16";"1";
"202000036422";"154 678 354";"A01";"1";"20";"0";"2";"2";"9";"1";
"202000036422";"154 678 355";"B01";"2";"30";"0";"2";"5";"26";"1";
"202000036423";"154 678 351";"C01";"1";"7";"0";"2";"1";"1";"1";
"202000036423";"154 678 352";"A01";"2";"7";"0";"2";"2";"9";"1";
"202000036423";"154 678 353";"B01";"1";"2";"0";"2";"7";"1";"1";
"202000036424";"154 678 346";"Z01";"1";"7";"0";"2";"0";"0";"0";
"202000036424";"154 678 347";"A01";"1";"31";"0";"2";"4";"1";"1";
"202000036425";"154 678 344";"A01";"2";"30";"0";"2";"2";"15";"1";
"202000036425";"154 678 345";"B01";"1";"32";"0";"2";"1";"1";"1";
"202000036426";"154 678 343";"A01";"1";"32";"0";"1";"2";"17";"1";
"202000036427";"154 678 341";"A01";"1";"1";"0";"2";"8";"19";"5";
"202000036427";"154 678 342";"Z01";"2";"7";"0";"9";"0";"0";"0";
"202000036428";"154 678 339";"B01";"1";"13";"0";"2";"4";"23";"6";
"202000036428";"154 678 340";"A01";"1";"1";"0";"2";"1";"2";"5";
"202000036429";"154 678 338";"A01";"2";"43";"0";"1";"1";"1";"1";
"202000036430";"154 678 334";"B01";"1";"1";"0";"2";"1";"2";"5";
"202000036430";"154 678 335";"C01";"1";"1";"0";"2";"1";"2";"5";
"202000036430";"154 678 336";"D01";"1";"1";"0";"2";"1";"2";"5";
"202000036430";"154 678 337";"A01";"1";"1";"14";"2";"1";"14";"5";
"202000036431";"154 678 332";"A01";"2";"30";"0";"2";"3";"18";"1";
"202000036431";"154 678 333";"B01";"2";"7";"0";"2";"5";"16";"1";
"202000036432";"154 678 330";"A01";"1";"30";"0";"2";"1";"1";"1";
"202000036432";"154 678 331";"B01";"2";"7";"0";"2";"7";"15";"1";
"202000036433";"154 678 329";"A01";"1";"7";"0";"1";"1";"15";"1";
"202000036434";"154 678 327";"B01";"2";"1";"0";"2";"1";"17";"5";
"202000036434";"154 678 328";"A01";"2";"7";"0";"2";"3";"15";"2";
"202000036435";"154 678 326";"A01";"2";"7";"0";"1";"3";"1";"2";
"202000036436";"154 678 324";"A01";"3";"7";"0";"2";"2";"1";"1";
"202000036436";"154 678 325";"B01";"3";"32";"0";"2";"1";"1";"1";
"202000036437";"154 678 323";"A01";"1";"7";"1";"1";"2";"11";"1";
"202000036438";"154 678 321";"A01";"2";"30";"0";"2";"1";"2";"1";
"202000036438";"154 678 322";"B01";"2";"7";"0";"2";"6";"15";"1";
"202000036439";"154 678 320";"A01";"2";"7";"0";"1";"1";"17";"1";
"202000036440";"154 678 319";"A01";"2";"1";"0";"0";"0";"1";"5";
"202000036441";"154 678 318";"A01";"3";"7";"0";"1";"2";"26";"1";
"202000036442";"154 678 317";"A01";" -1";"7";"0";"1";"2";"1";"1";
"202000036443";"154 678 316";"A01";"3";"7";"7";"0";"1";"16";"1";
"202000036444";"154 678 314";"B01";"1";"7";"0";"2";"1";"1";"0";
"202000036444";"154 678 315";"A01";"1";"7";"0";"2";"2";"1";"0";
"202000036445";"154 678 313";"A01";"3";"32";"0";"0";"0";"26";"1";
"202000036446";"154 678 312";"A01";"1";"34";"0";"0";"0";"2";"1";
"202000036447";"154 678 310";"A01";"0";"7";"0";"2";"3";"9";"1";
"202000036447";"154 678 311";"B01";"0";"31";"0";"2";"4";"1";"1";
"202000036448";"154 678 308";"B01";"2";"7";"0";"2";"6";"1";"2";
"202000036448";"154 678 309";"A01";"2";"34";"0";"2";"2";"14";"1";
"202000036449";"154 678 307";"A01";"2";"7";"1";"0";"1";"13";"1";
"202000036450";"154 678 306";"A01";"1";"7";"0";"1";"7";"1";"0";
"202000036451";"154 678 304";"A01";"2";"7";"0";"2";"3";"1";"1";
"202000036451";"154 678 305";"B01";"2";"10";"0";"2";"7";"16";"1";
"202000036452";"154 678 302";"A01";"1";"7";"0";"9";"3";"15";"1";
"202000036452";"154 678 303";"B01";"2";"1";"0";"2";"1";"2";"5";
"202000036453";"154 678 300";"A01";"1";"50";"0";"9";"8";"11";"3";
"202000036453";"154 678 301";"B01";"1";"60";"0";"9";"7";"26";"5";
"202000036454";"154 678 298";"Y01";"2";"60";"0";"2";"8";"26";"5";
"202000036454";"154 678 299";"A01";"2";"7";"0";"2";"2";"21";"1";
"202000036455";"154 678 296";"B01";"2";"7";"0";"2";"2";"1";"1";
"202000036455";"154 678 297";"A01";"1";"7";"0";"2";"3";"19";"1";
"202000036456";"154 678 295";"A01";"2";"7";"15";"0";"3";"1";"1";
"202000036457";"154 678 292";"A01";"1";"31";"0";"1";"1";"1";"1";
"202000036458";"154 678 290";"B01";"2";"33";"0";"2";"2";"21";"1";
"202000036458";"154 678 291";"A01";"2";"33";"0";"2";"6";"1";"1";
"202000036459";"154 678 289";"A01";"3";"10";"2";"0";"3";"1";"1";
"202000036460";"154 678 288";"A01";"1";"33";"0";"2";"1";"17";"1";
"202000036461";"154 678 287";"A01";"1";"7";"15";"0";"1";"1";"1";
"202000036462";"154 678 285";"A01";"2";"7";"0";"2";"2";"11";"1";
"202000036462";"154 678 286";"B01";"1";"33";"0";"2";"1";"1";"1";
"202000036463";"154 678 283";"A01";"2";"7";"0";"2";"3";"11";"1";
"202000036463";"154 678 284";"B01";"1";"14";"0";"2";"3";"1";"1";
"202000036464";"154 678 281";"A01";"2";"7";"0";"2";"3";"5";"1";
"202000036464";"154 678 282";"B01";"1";"7";"0";"2";"8";"21";"1";
"202000036465";"154 678 279";"B01";"2";"7";"0";"2";"3";"15";"0";
"202000036465";"154 678 280";"A01";"1";"33";"0";"2";"2";"1";"0";
"202000036466";"154 678 278";"A01";"1";"7";"13";"0";"3";"14";"1";
"202000036467";"154 678 276";"B01";"2";"10";"13";"0";"6";"1";"1";
"202000036467";"154 678 277";"A01";"1";"7";"13";"2";"3";"13";"1";
"202000036468";"154 678 274";"A01";"0";"7";"0";"2";"2";"1";"1";
"202000036468";"154 678 275";"B01";"0";"7";"0";"2";"7";"11";"1";
"202000036469";"154 678 272";"A01";"0";"1";"0";"2";"1";"13";"5";
"202000036469";"154 678 273";"B01";"0";"10";"0";"2";"3";"1";"1";
"202000036470";"154 678 271";"A01";"1";"33";"0";"0";"1";"13";"1";
"202000036471";"154 678 270";"A01";"2";"7";"0";"1";"2";"1";"1";
"202000036472";"154 678 269";"A01";"2";"10";"0";"1";"7";"1";"1";
"202000036473";"154 678 267";"A01";"1";"10";"0";"2";"3";"13";"6";
"202000036473";"154 678 268";"B01";"2";"43";"0";"2";"3";"1";"1";
"202000036474";"154 678 266";"A01";"1";"7";"17";"0";"4";"14";"1";
"202000036475";"154 678 265";"A01";"3";"33";"8";"0";"9";"1";"1";
"202000036476";"154 678 263";"B01";"1";"10";"15";"2";"7";"1";"1";
"202000036476";"154 678 264";"A01";"2";"10";"8";"2";"3";"1";"1";
"202000036477";"154 678 262";"A01";"1";"7";"0";"1";"2";"13";"1";
"202000036478";"154 678 261";"A01";"2";"7";"0";"1";"4";"4";"1";
"202000036479";"154 678 260";"A01";"2";"7";"0";"1";"1";"1";"1";
"202000036480";"154 678 258";"B01";"2";"7";"0";"0";"4";"1";"1";
"202000036480";"154 678 259";"A01";"2";"7";"0";"2";"1";"2";"1";
"202000036481";"154 678 255";"A01";"2";"2";"0";"2";"1";"18";"1";
"202000036481";"154 678 256";"B01";"2";"7";"0";"0";"5";"16";"1";
"202000036482";"154 678 252";"C01";"2";"7";"0";"2";"1";"1";"1";
"202000036482";"154 678 253";"B01";"1";"10";"0";"2";"8";"1";"1";
"202000036482";"154 678 254";"A01";"1";"7";"0";"2";"2";"21";"1";
"202000036483";"154 678 250";"A01";"1";"7";"0";"2";"2";"2";"1";
"202000036483";"154 678 251";"B01";"1";"1";"0";"0";"4";"2";"5";
"202000036484";"154 678 248";"A01";"2";"7";"0";"2";"1";"13";"1";
"202000036484";"154 678 249";"B01";"1";"7";"0";"2";"1";"1";"1";
"202000036485";"154 678 246";"B01";"1";"7";"0";"2";"1";"2";"1";
"202000036485";"154 678 247";"A01";"2";"7";"0";"2";"8";"9";"1";
"202000036486";"154 678 245";"A01";"1";"7";"2";"0";"1";"14";"0";
"202000036487";"154 678 243";"B01";"2";"7";"0";"2";"6";"15";"1";
"202000036487";"154 678 244";"A01";"2";"7";"0";"2";"2";"1";"1";
"202000036488";"154 678 241";"A01";"2";"10";"0";"2";"2";"13";"1";
"202000036488";"154 678 242";"B01";"2";"7";"6";"2";"6";"16";"1";
"202000036489";"154 678 238";"B01";"2";"7";"0";"2";"3";"1";"1";
"202000036489";"154 678 239";"C01";"2";"7";"0";"9";"1";"1";"1";
"202000036489";"154 678 240";"A01";"1";"7";"0";"2";"3";"13";"1";
"202000036490";"154 678 237";"A01";"2";"2";"4";"0";"1";"14";"1";
"202000036491";"154 678 235";"A01";"1";"7";"0";"2";"1";"15";"1";
"202000036491";"154 678 236";"B01";"2";"7";"0";"2";"1";"1";"1";
"202000036492";"154 678 233";"B01";"3";"7";"0";"2";"3";"1";"1";
"202000036492";"154 678 234";"A01";"3";"7";"0";"2";"1";"19";"1";
"202000036493";"154 678 232";"A01";"2";"7";"3";"9";"1";"12";"1";
"202000036494";"154 678 230";"B01";"2";"15";"0";"0";"6";"2";"1";
"202000036494";"154 678 231";"A01";"2";"7";"0";"2";"1";"2";"1";
"202000036495";"154 678 228";"A01";"0";"33";"0";"2";"7";"15";"1";
"202000036495";"154 678 229";"B01";"0";"7";"0";"2";"7";"15";"1";
"202000036496";"154 678 226";"B01";"2";"34";"0";"0";"8";"1";"0";
"202000036496";"154 678 227";"A01";"1";"7";"0";"2";"1";"15";"0";
"202000036497";"154 678 224";"B01";"1";"7";"0";"2";"3";"1";"1";
"202000036497";"154 678 225";"A01";"2";"7";"0";"2";"3";"13";"1";
"202000036498";"154 678 223";"A01";"2";"17";"4";"0";"7";"1";"1";
"202000036499";"154 678 221";"A01";"1";"7";"0";"2";"1";"13";"1";
"202000036499";"154 678 222";"B01";"2";"15";"0";"2";"1";"1";"1";
"202000036500";"154 678 219";"B01";"0";"7";"0";"2";"3";"15";"1";
"202000036500";"154 678 220";"A01";"0";"7";"0";"2";"1";"1";"1";
"202000036501";"154 678 217";"B01";"2";"7";"0";"2";"1";"9";"1";
"202000036501";"154 678 218";"A01";"2";"7";"0";"2";"7";"9";"1";
"202000036502";"154 678 215";"A01";"2";"7";"0";"2";"1";"2";"1";
"202000036502";"154 678 216";"B01";"2";"21";"0";"0";"4";"1";"1";