"Num_Acc";"id_vehicule";"num_veh";"senc";"catv";"obs";"obsm";"choc";"manv";"motor";"occutc"
"202000036914";"154 677 469";"B01";"2";"1";"0";"2";"8";"1";"5";
"202000036915";"154 677 466";"A01";"1";"7";"0";"2";"3";"26";"1";
"202000036915";"154 677 467";"B01";"2";"10";"0";"2";"6";"1";"1";
"202000036916";"154 677 465";"A01";"2";"7";"0";"1";"2";"1";"1";
"202000036917";"154 677 463";"B01";"1";"7";"0";"2";"6";"2";"6";
"202000036917";"154 677 464";"A01";"1";"7";"0";"2";"2";"21";"6";
"202000036918";"154 677 461";"B01";"0";"10";"0";"0";"4";"15";"1";
"202000036918";"154 677 462";"A01";"0";"33";"0";"2";"1";"1";"1";
"202000036919";"154 677 459";"Z01";"2";"7";"0";"2";"8";"20";"1";
"202000036919";"154 677 460";"B01";"2";"7";"1";"0";"2";"1";"1";
"202000036920";"154 677 457";"B01";"1";"7";"0";"2";"1";"1";"1";
"202000036920";"154 677 458";"A01";"2";"30";"0";"2";"8";"19";"1";
"202000036921";"154 677 480";"A01";"1";"7";"1";"0";"1";"1";"1";
"202000036921";"154 677 481";"B01";"1";"13";"0";"2";"5";"24";"1";
"202000036922";"154 677 455";"A01";"2";"7";"0";"9";"1";"2";"1";
"202000036922";"154 677 456";"B01";"3";"60";"0";"2";"8";"19";"5";
"202000036923";"154 677 454";"A01";"2";"7";"9";"0";"1";"14";"1";
"202000036924";"154 677 453";"A01";"2";"7";"0";"1";"3";"15";"1";
"202000036925";"154 677 452";"A01";"2";"7";"0";"1";"3";"9";"1";
"202000036926";"154 677 450";"A01";"1";"7";"0";"1";"3";"1";"1";
"202000036927";"154 677 448";"A01";"1";"7";"0";"2";"3";"19";"1";
"202000036927";"154 677 449";"B01";"1";"1";"0";"2";"7";"19";"5";
"202000036928";"154 677 447";"A01";"1";"7";"0";"1";"2";"1";"1";
"202000036929";"154 677 451";"A01";"1";"33";"0";"0";"9";"3";"1";
"202000036930";"154 677 445";"A01";"2";"33";"0";"0";"9";"1";"1";
"202000036931";"154 677 443";"B01";"1";"7";"0";"2";"1";"1";"1";
"202000036931";"154 677 444";"A01";"1";"7";"0";"2";"4";"2";"6";
"202000036932";"154 677 440";"B01";"1";"14";"0";"2";"5";"2";"1";
"202000036932";"154 677 442";"A01";"1";"33";"0";"2";"1";"2";"1";
"202000036933";"154 677 439";"A01";"2";"7";"3";"0";"1";"14";"1";
"202000036934";"154 677 438";"A01";"1";"99";"0";"1";"0";"26";"0";
"202000036935";"154 677 441";"B01";"2";"10";"0";"2";"1";"1";"1";
"202000036935";"154 677 446";"A01";"1";"31";"0";"2";"1";"1";"1";
"202000036936";"154 677 436";"B01";"1";"7";"0";"2";"4";"23";"1";
"202000036936";"154 677 437";"A01";"3";"30";"0";"2";"1";"1";"1";
"202000036937";"154 677 434";"A01";"2";"30";"0";"1";"1";"1";"1";
"202000036938";"154 677 432";"B01";"3";"1";"0";"2";"0";"0";"0";
"202000036938";"154 677 433";"A01";"2";"7";"0";"2";"7";"15";"1";
"202000036939";"154 677 429";"B01";"1";"7";"0";"2";"4";"1";"1";
"202000036939";"154 677 430";"C01";"1";"7";"0";"2";"0";"1";"1";
"202000036939";"154 677 431";"A01";"1";"7";"0";"2";"1";"1";"1";
"202000036940";"154 677 427";"B01";"1";"43";"0";"2";"0";"1";"1";
"202000036940";"154 677 428";"A01";"2";"32";"0";"0";"0";"15";"1";
"202000036941";"154 677 426";"A01";"1";"7";"8";"0";"1";"0";"0";
"202000036942";"154 677 424";"B01";"2";"1";"0";"2";"8";"1";"5";
"202000036942";"154 677 425";"A01";"2";"7";"0";"2";"1";"15";"1";
"202000036943";"154 677 423";"A01";"2";"1";"0";"2";"1";"1";"5";
"202000036944";"154 677 422";"A01";"2";"7";"0";"1";"1";"1";"1";
"202000036945";"154 677 435";"A01";"3";"7";"0";"1";"3";"15";"1";
"202000036946";"154 677 421";"A01";"1";"7";"4";"0";"1";"14";"1";
"202000036947";"154 677 419";"B01";"2";"1";"0";"2";"6";"1";"0";
"202000036947";"154 677 420";"A01";"2";"7";"0";"9";"2";"17";"1";
"202000036948";"154 677 417";"A01";"3";"7";"12";"2";"1";"1";"0";
"202000036948";"154 677 418";"B01";"3";"7";"0";"2";"3";"15";"1";
"202000036949";"154 677 415";"B01";"2";"7";"0";"2";"2";"1";"1";
"202000036949";"154 677 416";"A01";"3";"2";"0";"2";"1";"1";"1";
"202000036950";"154 677 413";"A01";"1";"10";"0";"2";"1";"1";"0";
"202000036950";"154 677 414";"B01";"3";"10";"0";"2";"8";"10";"0";
"202000036951";"154 677 411";"A01";"1";"7";"0";"1";"3";"15";"1";
"202000036952";"154 677 412";"A01";"1";"1";"0";"1";"4";"1";"5";
"202000036953";"154 677 409";"Z01";"1";"17";"0";"2";"7";"14";"1";
"202000036953";"154 677 410";"B01";"1";"7";"3";"2";"8";"1";"1";
"202000036954";"154 677 407";"A01";"1";"7";"0";"1";"3";"16";"1";
"202000036955";"154 677 406";"B01";"2";"7";"0";"2";"1";"1";"1";
"202000036955";"154 677 408";"A01";"1";"7";"0";"2";"8";"10";"1";
"202000036956";"154 677 404";"A01";"1";"30";"0";"2";"7";"1";"1";
"202000036956";"154 677 405";"Z01";"1";"7";"0";"2";"1";"9";"1";
"202000036957";"154 677 402";"B01";"2";"7";"0";"2";"2";"1";"1";
"202000036957";"154 677 403";"A01";"1";"7";"0";"2";"3";"19";"1";
"202000036958";"154 677 398";"B01";"0";"7";"0";"2";"2";"1";"1";
"202000036958";"154 677 400";"A01";"0";"7";"0";"2";"3";"1";"1";
"202000036959";"154 677 399";"A01";"1";"10";"0";"2";"5";"16";"1";
"202000036959";"154 677 401";"B01";"1";"50";"0";"2";"0";"1";"3";
"202000036960";"154 677 396";"A01";"0";"7";"0";"2";"3";"10";"1";
"202000036960";"154 677 397";"B01";"0";"33";"0";"2";"1";"1";"1";
"202000036961";"154 677 394";"A01";"2";"7";"0";"2";"2";"1";"1";
"202000036961";"154 677 395";"Z01";"1";"7";"0";"2";"0";"15";"1";
"202000036962";"154 677 392";"A01";"2";"7";"0";"2";"7";"15";"1";
"202000036962";"154 677 393";"B01";"1";"33";"0";"2";"1";"1";"1";
"202000036963";"154 677 391";"A01";"1";"43";"0";"1";"1";"1";"1";
"202000036964";"154 677 390";"A01";"1";"1";"0";"0";"0";"0";"5";
"202000036965";"154 677 386";"C01";"2";"7";"0";"2";"3";"23";"1";
"202000036965";"154 677 388";"A01";"1";"7";"0";"2";"3";"9";"1";
"202000036965";"154 677 389";"B01";"1";"1";"0";"2";"7";"1";"5";
"202000036966";"154 677 385";"B01";"3";"31";"0";"2";"7";"1";"1";
"202000036966";"154 677 387";"A01";"1";"7";"0";"2";"1";"9";"1";
"202000036967";"154 677 383";"A01";"2";"1";"0";"2";"7";"1";"5";
"202000036967";"154 677 384";"B01";"1";"7";"0";"2";"1";"15";"3";
"202000036968";"154 677 382";"A01";"1";"7";"1";"0";"1";"6";"1";
"202000036969";"154 677 380";"Z01";"1";"50";"0";"2";"4";"9";"3";
"202000036969";"154 677 381";"A01";"1";"50";"0";"2";"1";"1";"3";
"202000036970";"154 677 379";"A01";"2";"7";"0";"1";"1";"15";"1";
"202000036971";"154 677 377";"B01";"1";"7";"0";"2";"6";"2";"2";
"202000036971";"154 677 378";"A01";"1";"7";"4";"2";"2";"2";"1";
"202000036972";"154 677 374";"A01";"1";"1";"0";"1";"1";"7";"5";
"202000036973";"154 677 372";"A01";"3";"7";"0";"2";"1";"15";"1";
"202000036973";"154 677 373";"B01";"3";"7";"0";"2";"3";"1";"1";
"202000036974";"154 677 371";"Z01";"2";"7";"0";"1";"8";"1";"1";
"202000036975";"154 677 370";"Z01";"2";"50";"0";"1";"1";"5";"3";
"202000036976";"154 677 368";"A01";"1";"7";"0";"2";"2";"2";"1";
"202000036976";"154 677 369";"B01";"1";"14";"0";"2";"6";"23";"1";
"202000036977";"154 677 375";"A01";"1";"33";"0";"2";"1";"1";"1";
"202000036977";"154 677 376";"B01";"1";"7";"0";"2";"4";"0";"1";
"202000036978";"154 677 367";"A01";"2";"32";"0";"0";"0";"1";"1";
"202000036979";"154 677 365";"A01";"1";"30";"0";"0";"6";"21";"1";
"202000036980";"154 677 364";"A01";"2";"32";"0";"1";"1";"17";"1";
"202000036981";"154 677 363";"A01";"1";"1";"0";"1";"1";"1";"5";
"202000036982";"154 677 360";"A01";"1";"7";"0";"2";"3";"24";"1";
"202000036982";"154 677 361";"B01";"1";"37";"1";"2";"5";"1";"1";"3"
"202000036983";"154 677 362";"B01";"2";"7";"0";"2";"4";"1";"1";
"202000036983";"154 677 366";"A01";"2";"7";"0";"2";"1";"1";"1";
"202000036984";"154 677 359";"A01";"1";"10";"0";"1";"8";"22";"0";
"202000036985";"154 677 356";"Z01";"1";"7";"0";"2";"1";"2";"1";
"202000036985";"154 677 357";"A01";"1";"7";"0";"2";"4";"2";"1";
"202000036986";"154 677 355";"Z01";"2";"7";"0";"1";"1";"4";"0";
"202000036987";"154 677 354";"A01";"2";"2";"0";"1";"1";"1";"1";
"202000036988";"154 677 352";"B01";"3";"7";"0";"2";"8";"15";"1";
"202000036988";"154 677 353";"A01";"3";"30";"0";"2";"1";"17";"1";
"202000036989";"154 677 350";"A01";"1";"7";"0";"1";"1";"1";"1";
"202000036990";"154 677 347";"B01";"1";"7";"0";"2";"1";"2";"1";
"202000036990";"154 677 348";"C01";"1";"7";"0";"2";"4";"2";"1";
"202000036990";"154 677 349";"A01";"3";"7";"0";"2";"0";"9";"1";
"202000036991";"154 677 346";"A01";"1";"7";"0";"1";"2";"1";"1";
"202000036992";"154 677 345";"A01";"2";"32";"0";"1";"1";"18";"1";
"202000036993";"154 677 343";"A01";"2";"7";"0";"2";"1";"1";"1";
"202000036993";"154 677 344";"B01";"1";"7";"0";"2";"2";"1";"1";
"202000036994";"154 677 342";"A01";"1";"7";"11";"9";"1";"1";"0";
"202000036995";"154 677 351";"B01";"1";"10";"0";"2";"4";"23";"1";
"202000036995";"154 677 358";"A01";"1";"2";"0";"2";"1";"2";"1";
"202000036996";"154 677 340";"A01";"2";"7";"0";"2";"2";"15";"0";
"202000036996";"154 677 341";"B01";"1";"2";"0";"2";"2";"17";"0";
"202000036997";"154 677 338";"A01";"1";"10";"0";"1";"1";"16";"0";
"202000036998";"154 677 336";"A01";"3";"32";"0";"2";"1";"15";"0";
"202000036998";"154 677 337";"B01";"3";"34";"0";"2";"1";"1";"0";
"202000036999";"154 677 334";"B01";"1";"7";"0";"2";"3";"15";"0";
"202000036999";"154 677 335";"A01";"1";"7";"0";"2";"2";"1";"0";
"202000037000";"154 677 339";"A01";"2";"7";"0";"1";"1";"13";"1";
"202000037001";"154 677 333";"A01";"1";"7";"12";"0";"7";"1";"1";
"202000037002";"154 677 332";"A01";"2";"10";"0";"1";"1";"1";"1";
"202000037003";"154 677 331";"A01";"2";"30";"6";"1";"3";"13";"1";
"202000037004";"154 677 330";"A01";"2";"7";"0";"1";"2";"26";"1";
"202000037005";"154 677 327";"C01";"3";"7";"0";"0";"0";"0";"0";
"202000037005";"154 677 328";"A01";"1";"7";"0";"2";"1";"2";"0";
"202000037005";"154 677 329";"B01";"3";"7";"0";"0";"0";"0";"0";
"202000037006";"154 677 325";"A01";"2";"7";"0";"2";"5";"15";"1";
"202000037006";"154 677 326";"B01";"1";"33";"0";"2";"1";"1";"1";
"202000037007";"154 677 324";"A01";"2";"33";"0";"0";"7";"16";"1";
"202000037008";"154 677 322";"A01";"3";"33";"0";"2";"5";"2";"1";
"202000037008";"154 677 323";"B01";"1";"30";"0";"0";"3";"1";"1";
"202000037009";"154 677 320";"B01";"1";"7";"0";"2";"4";"1";"0";
"202000037009";"154 677 321";"A01";"1";"7";"0";"2";"1";"2";"1";
"202000037010";"154 677 319";"A01";"1";"3";"8";"0";"1";"26";"1";
"202000037011";"154 677 317";"B01";"3";"1";"0";"2";"8";"19";"5";
"202000037011";"154 677 318";"A01";"3";"10";"0";"2";"2";"26";"1";
"202000037012";"154 677 316";"A01";"1";"1";"14";"0";"0";"0";"5";
"202000037013";"154 677 314";"B01";"1";"1";"0";"2";"9";"0";"5";
"202000037013";"154 677 315";"A01";"1";"7";"0";"2";"0";"0";"1";
"202000037014";"154 677 312";"A01";"1";"32";"0";"2";"1";"17";"1";
"202000037014";"154 677 313";"B01";"0";"7";"0";"0";"6";"23";"1";
"202000037015";"154 677 310";"B01";"1";"1";"0";"2";"6";"19";"5";
"202000037015";"154 677 311";"A01";"2";"7";"0";"2";"1";"26";"1";
"202000037016";"154 677 308";"B01";"2";"7";"0";"2";"8";"15";"1";
"202000037016";"154 677 309";"A01";"2";"32";"0";"2";"7";"17";"1";
"202000037017";"154 677 306";"A01";"1";"80";"0";"2";"3";"5";"3";
"202000037017";"154 677 307";"B01";"3";"7";"0";"2";"2";"9";"1";
"202000037018";"154 677 304";"B01";"3";"7";"0";"2";"5";"2";"1";
"202000037018";"154 677 305";"A01";"3";"2";"0";"2";"3";"2";"1";
"202000037019";"154 677 302";"A01";"1";"7";"0";"2";"1";"2";"1";
"202000037019";"154 677 303";"B01";"1";"33";"0";"2";"4";"2";"1";
"202000037020";"154 677 300";"B01";"0";"1";"0";"0";"0";"0";"0";
"202000037020";"154 677 301";"A01";"0";"7";"0";"2";"3";"26";"1";
"202000037021";"154 677 299";"A01";"2";"7";"13";"0";"1";"1";"1";
"202000037022";"154 677 298";"A01";"1";"50";"0";"1";"1";"1";"3";
"202000037023";"154 677 296";"B01";"2";"1";"0";"2";"0";"25";"5";
"202000037023";"154 677 297";"A01";"2";"7";"0";"9";"7";"1";"1";
"202000037024";"154 677 295";"Z01";"0";"7";"0";"1";"1";"1";"1";
"202000037025";"154 677 293";"A01";"1";"10";"0";"2";"2";"15";"1";
"202000037025";"154 677 294";"B01";"2";"7";"0";"2";"1";"1";"1";
"202000037026";"154 677 291";"A01";"1";"7";"0";"2";"1";"15";"1";
"202000037026";"154 677 292";"B01";"2";"33";"0";"2";"0";"0";"1";
"202000037027";"154 677 290";"A01";"0";"7";"9";"1";"1";"14";"1";
"202000037028";"154 677 288";"A01";"1";"30";"0";"2";"1";"2";"1";
"202000037028";"154 677 289";"B01";"1";"7";"0";"0";"6";"2";"1";
"202000037029";"154 677 286";"B01";"1";"7";"0";"2";"4";"1";"1";
"202000037029";"154 677 287";"A01";"1";"7";"0";"2";"1";"2";"1";
"202000037030";"154 677 285";"A01";"3";"7";"0";"1";"4";"4";"1";
"202000037031";"154 677 284";"A01";"0";"7";"0";"1";"4";"4";"1";
"202000037032";"154 677 283";"A01";"3";"1";"0";"1";"1";"21";"5";
"202000037033";"154 677 281";"B01";"2";"7";"0";"2";"8";"15";"1";
"202000037033";"154 677 282";"A01";"1";"7";"0";"2";"3";"1";"1";
"202000037034";"154 677 279";"B01";"2";"31";"0";"2";"1";"1";"1";
"202000037034";"154 677 280";"A01";"1";"7";"0";"2";"1";"20";"1";
"202000037035";"154 677 278";"Z01";"2";"2";"0";"1";"1";"1";"0";
"202000037036";"154 677 277";"A01";"0";"30";"0";"1";"1";"1";"3";
"202000037037";"154 677 276";"A01";"1";"7";"1";"0";"1";"1";"1";
"202000037038";"154 677 274";"A01";"0";"7";"0";"2";"3";"15";"0";
"202000037038";"154 677 275";"B01";"0";"31";"0";"2";"1";"17";"0";
"202000037039";"154 677 273";"A01";"3";"7";"0";"1";"2";"9";"1";
"202000037040";"154 677 271";"B01";"2";"1";"0";"2";"0";"15";"5";
"202000037040";"154 677 272";"A01";"2";"7";"0";"2";"0";"15";"1";
"202000037041";"154 677 270";"A01";"2";"10";"0";"0";"8";"1";"1";
"202000037042";"154 677 269";"A01";"1";"7";"6";"0";"1";"14";"1";
"202000037043";"154 677 267";"A01";"0";"7";"0";"2";"2";"1";"0";
"202000037043";"154 677 268";"B01";"0";"31";"0";"2";"4";"23";"0";
"202000037044";"154 677 265";"A01";"2";"43";"0";"2";"8";"2";"1";
"202000037044";"154 677 266";"B01";"2";"7";"0";"2";"4";"2";"2";
"202000037045";"154 677 264";"A01";"2";"7";"0";"1";"1";"1";"1";
"202000037046";"154 677 262";"A01";"1";"40";"0";"2";"3";"1";"3";
"202000037046";"154 677 263";"B01";"1";"1";"0";"4";"6";"1";"5";
"202000037047";"154 677 260";"B01";"2";"10";"0";"2";"3";"5";"1";
"202000037047";"154 677 261";"A01";"2";"30";"0";"2";"2";"9";"1";
"202000037048";"154 677 259";"A01";"1";"30";"0";"1";"8";"1";"3";
"202000037049";"154 677 257";"A01";"1";"7";"0";"2";"3";"10";"1";
"202000037049";"154 677 258";"B01";"1";"30";"0";"2";"2";"17";"1";
"202000037050";"154 677 255";"A01";"2";"32";"0";"2";"1";"2";"1";
"202000037050";"154 677 256";"B01";"2";"7";"0";"2";"5";"23";"1";
"202000037051";"154 677 253";"B01";"2";"33";"0";"2";"1";"1";"1";
"202000037051";"154 677 254";"A01";"1";"3";"0";"2";"7";"15";"1";
"202000037052";"154 677 251";"B01";"1";"7";"0";"2";"2";"1";"1";
"202000037052";"154 677 252";"A01";"1";"30";"15";"2";"1";"18";"1";
"202000037053";"154 677 249";"A01";"1";"30";"0";"2";"1";"18";"1";
"202000037053";"154 677 250";"B01";"1";"7";"0";"2";"2";"16";"1";
"202000037054";"154 677 247";"A01";"2";"1";"0";"2";"1";"1";"5";
"202000037054";"154 677 248";"B01";"2";"7";"0";"2";"4";"23";"1";
"202000037055";"154 677 245";"A01";"2";"10";"0";"2";"3";"15";"1";
"202000037055";"154 677 246";"B01";"2";"1";"0";"2";"1";"1";"5";
"202000037056";"154 677 243";"B01";"2";"1";"0";"2";"8";"1";"5";
"202000037056";"154 677 244";"A01";"2";"7";"0";"2";"0";"1";"1";
"202000037057";"154 677 242";"A01";"1";"50";"0";"1";"1";"1";"3";
"202000037058";"154 677 240";"A01";"1";"1";"0";"2";"1";"1";"5";
"202000037058";"154 677 241";"B01";"1";"1";"0";"2";"4";"1";"5";
"202000037059";"154 677 238";"B01";"1";"30";"0";"2";"6";"23";"1";
"202000037059";"154 677 239";"A01";"1";"10";"0";"2";"3";"2";"1";
"202000037060";"154 677 237";"A01";"2";"1";"0";"1";"1";"1";"5";
"202000037061";"154 677 236";"A01";"1";"1";"15";"0";"1";"13";"5";
"202000037062";"154 677 235";"A01";"3";"50";"8";"0";"1";"1";"3";
"202000037063";"154 677 233";"B01";"2";"7";"0";"2";"3";"15";"1";
"202000037063";"154 677 234";"A01";"1";"34";"0";"2";"1";"1";"1";
"202000037064";"154 677 231";"A01";"1";"7";"0";"2";"3";"15";"1";
"202000037064";"154 677 232";"B01";"1";"1";"0";"2";"1";"1";"5";
"202000037065";"154 677 229";"A01";"1";"10";"0";"2";"2";"1";"1";
"202000037065";"154 677 230";"B01";"2";"10";"0";"2";"7";"1";"1";
"202000037066";"154 677 228";"A01";"2";"10";"0";"1";"2";"1";"0";
"202000037067";"154 677 226";"A01";"2";"7";"0";"2";"3";"15";"1";
"202000037067";"154 677 227";"B01";"2";"32";"0";"0";"2";"17";"1";
"202000037068";"154 677 225";"A01";"2";"7";"0";"1";"3";"15";"1";
"202000037069";"154 677 223";"B01";"1";"2";"0";"2";"0";"0";"1";
"202000037069";"154 677 224";"A01";"1";"10";"0";"2";"2";"10";"1";
"202000037070";"154 677 221";"A01";" -1";"80";"0";"2";"1";"9";"3";
"202000037070";"154 677 222";"B01";"3";"7";"0";"9";"1";"1";"1";
"202000037071";"154 677 220";"A01";"2";"7";"0";"1";"2";"1";"1";
"202000037072";"154 677 216";"D01";"1";"7";"0";"2";"4";"23";"1";
"202000037072";"154 677 217";"C01";"1";"7";"14";"0";"4";"1";"1";
"202000037072";"154 677 218";"B01";"1";"7";"14";"0";"4";"23";"1";
"202000037072";"154 677 219";"A01";"1";"10";"14";"0";"1";"1";"1";
"202000037073";"154 677 214";"B01";"3";"1";"0";"0";"0";"0";"5";
"202000037073";"154 677 215";"A01";"3";"7";"0";"0";"0";"15";"1";
"202000037074";"154 677 213";"A01";"3";"30";"0";"2";"7";"1";"0";
"202000037075";"154 677 211";"A01";"1";"30";"0";"2";"7";"17";"1";
"202000037075";"154 677 212";"B01";"1";"7";"0";"2";"8";"11";"1";
"202000037076";"154 677 209";"B01";"3";"33";"0";"2";"1";"1";"1";
"202000037076";"154 677 210";"A01";"3";"7";"0";"2";"6";"15";"1";
"202000037077";"154 677 207";"A01";"1";"7";"0";"2";"1";"15";"1";
"202000037077";"154 677 208";"B01";"2";"1";"0";"2";"1";"2";"5";
"202000037078";"154 677 206";"A01";"1";"30";"0";"1";"1";"3";"1";
"202000037079";"154 677 204";"A01";"1";"30";"0";"2";"3";"18";"1";
"202000037079";"154 677 205";"B01";"1";"7";"0";"2";"2";"16";"1";
"202000037080";"154 677 202";"A01";"1";"7";"0";"2";"4";"1";"1";
"202000037080";"154 677 203";"B01";"1";"7";"0";"2";"1";"2";"1";
"202000037081";"154 677 200";"A01";"2";"33";"0";"2";"2";"1";"1";
"202000037081";"154 677 201";"B01";"3";"10";"0";"2";"8";"15";"1";
"202000037082";"154 677 198";"A01";"2";"15";"0";"2";"6";"13";"1";
"202000037082";"154 677 199";"B01";"1";"7";"7";"2";"1";"0";"1";
"202000037083";"154 677 196";"A01";"1";"7";"0";"2";"3";"0";"1";
"202000037083";"154 677 197";"B01";"2";"7";"0";"2";"3";"21";"1";
"202000037084";"154 677 194";"B01";"1";"33";"0";"2";"1";"1";"0";
"202000037084";"154 677 195";"A01";"1";"7";"0";"2";"3";"20";"0";
"202000037085";"154 677 193";"A01";"2";"32";"13";"0";"1";"0";"1";
"202000037086";"154 677 191";"A01";"3";"7";"0";"0";"6";"19";"1";
"202000037086";"154 677 192";"B01";"2";"33";"0";"2";"1";"1";"1";
"202000037087";"154 677 189";"A01";"1";"10";"0";"0";"0";"1";"1";
"202000037087";"154 677 190";"B01";"1";"30";"0";"0";"0";"17";"1";
"202000037088";"154 677 187";"B01";"1";"7";"0";"2";"1";"1";"0";
"202000037088";"154 677 188";"A01";"1";"7";"0";"0";"4";"1";"0";
"202000037089";"154 677 186";"A01";"1";"33";"0";"0";"8";"1";"1";
"202000037090";"154 677 185";"A01";"2";"33";"0";"0";"0";"26";"1";
"202000037091";"154 677 183";"A01";"1";"21";"0";"2";"8";"13";"1";
"202000037091";"154 677 184";"B01";"2";"7";"0";"2";"8";"1";"1";
"202000037092";"154 677 181";"B01";"1";"33";"0";"2";"1";"1";"1";
"202000037092";"154 677 182";"A01";"1";"7";"0";"2";"6";"15";"1";
"202000037093";"154 677 179";"A01";"2";"21";"0";"0";"5";"15";"1";
"202000037093";"154 677 180";"B01";"1";"33";"0";"2";"1";"1";"1";
"202000037094";"154 677 177";"A01";"1";"7";"0";"2";"2";"15";"1";
"202000037094";"154 677 178";"B01";"2";"33";"0";"2";"1";"1";"1";
"202000037095";"154 677 175";"A01";"1";"7";"0";"2";"3";"13";"0";
"202000037095";"154 677 176";"B01";"2";"7";"0";"2";"1";"1";"0";
"202000037096";"154 677 174";"A01";"3";"7";"13";"0";"1";"15";"1";
"202000037097";"154 677 171";"C01";"2";"7";"0";"2";"1";"1";"1";
"202000037097";"154 677 172";"A01";"2";"7";"0";"0";"4";"1";"1";
"202000037097";"154 677 173";"B01";"2";"7";"0";"2";"4";"1";"1";
"202000037098";"154 677 170";"A01";"1";"33";"13";"0";"0";"1";"1";
"202000037099";"154 677 169";"A01";"2";"7";"0";"0";"1";"13";"1";
"202000037100";"154 677 167";"A01";"2";"7";"3";"2";"8";"16";"1";
"202000037100";"154 677 168";"B01";"2";"15";"0";"2";"1";"1";"1";
"202000037101";"154 677 166";"A01";"0";"2";"0";"0";"0";"15";"1";
"202000037102";"154 677 164";"A01";"2";"33";"0";"2";"1";"1";"1";
"202000037102";"154 677 165";"B01";"1";"7";"0";"2";"3";"1";"1";
"202000037103";"154 677 162";"A01";"2";"7";"3";"2";"1";"13";"1";
"202000037103";"154 677 163";"B01";"1";"7";"0";"2";"1";"1";"1";
"202000037104";"154 677 160";"A01";"1";"7";"0";"2";"1";"15";"1";
"202000037104";"154 677 161";"B01";"1";"30";"0";"2";"1";"16";"1";
"202000037105";"154 677 158";"B01";"3";"7";"7";"2";"1";"1";"1";
"202000037105";"154 677 159";"A01";"3";"7";"7";"0";"7";"19";"1";
"202000037106";"154 677 156";"B01";"2";"2";"12";"0";"7";"21";"1";
"202000037106";"154 677 157";"A01";"1";"7";"0";"0";"0";"13";"0";
"202000037107";"154 677 154";"B01";"2";"7";"0";"2";"2";"15";"1";
"202000037107";"154 677 155";"A01";"1";"31";"0";"2";"1";"1";"1";
"202000037108";"154 677 152";"B01";"0";"1";"0";"2";"8";"1";"5";
"202000037108";"154 677 153";"A01";"0";"7";"0";"2";"2";"19";"0";
"202000037109";"154 677 150";"B01";"2";"7";"0";"2";"3";"1";"1";
"202000037109";"154 677 151";"A01";"1";"99";"3";"2";"9";"2";"1";
"202000037110";"154 677 147";"A01";"1";"33";"3";"0";"1";"13";"1";
"202000037111";"154 677 145";"A01";"2";"2";"0";"2";"1";"5";"1";
"202000037111";"154 677 146";"B01";"1";"7";"0";"2";"1";"1";"1";
"202000037112";"154 677 144";"A01";"3";"36";"2";"0";"7";"1";"1";
"202000037113";"154 677 143";"A01";"3";"13";"9";"1";"2";"26";"0";
"202000037114";"154 677 142";"A01";"2";"2";"13";"0";"2";"0";"1";
"202000037115";"154 677 140";"A01";"2";"7";"0";"0";"6";"1";"1";
"202000037115";"154 677 141";"B01";"2";"15";"0";"2";"2";"1";"1";
"202000037116";"154 677 139";"A01";"1";"15";"13";"0";"1";"1";"0";
"202000037117";"154 677 138";"A01";"1";"7";"13";"0";"7";"1";"1";
"202000037118";"154 677 137";"A01";"1";"7";"13";"0";"1";"1";"1";
"202000037119";"154 677 134";"C01";"1";"33";"0";"2";"1";"1";"1";
"202000037119";"154 677 135";"A01";"1";"33";"0";"2";"3";"1";"1";
"202000037119";"154 677 136";"B01";"2";"21";"0";"2";"8";"1";"1";
"202000037120";"154 677 133";"A01";"2";"7";"6";"0";"2";"13";"1";
"202000037121";"154 677 132";"A01";"1";"7";"2";"0";"1";"1";"1";
"202000037122";"154 677 130";"A01";"2";"7";"0";"1";"1";"1";"1";
"202000037123";"154 677 129";"A01";"1";"7";"0";"9";"2";"2";"0";
"202000037123";"154 677 131";"B01";"1";"1";"0";"0";"4";"2";"5";
"202000037124";"154 677 128";"A01";"3";"7";"0";"1";"1";"9";"1";
"202000037125";"154 677 127";"A01";"1";"7";"0";"1";"2";"1";"6";
"202000037126";"154 677 125";"B01";"1";"1";"0";"0";"1";"1";"5";
"202000037126";"154 677 126";"A01";"2";"7";"0";"0";"7";"15";"1";
"202000037127";"154 677 123";"A01";"2";"15";"13";"0";"2";"14";"1";
"202000037128";"154 677 122";"A01";"1";"7";"0";"2";"4";"23";"1";
"202000037128";"154 677 124";"B01";"1";"7";"0";"2";"1";"1";"1";
"202000037129";"154 677 120";"A01";"1";"7";"4";"0";"3";"0";"0";
"202000037130";"154 677 119";"B01";"2";"7";"0";"2";"7";"1";"1";
"202000037130";"154 677 121";"A01";"2";"33";"0";"2";"8";"13";"1";
"202000037131";"154 677 117";"A01";"1";"32";"0";"2";"1";"15";"1";
"202000037131";"154 677 118";"B01";"2";"31";"0";"2";"1";"1";"1";
"202000037132";"154 677 113";"B01";"2";"7";"0";"0";"5";"2";"1";
"202000037132";"154 677 115";"A01";"2";"30";"0";"2";"1";"2";"1";
"202000037133";"154 677 114";"A01";"3";"7";"0";"2";"5";"1";"1";