"Num_Acc";"id_vehicule";"num_veh";"senc";"catv";"obs";"obsm";"choc";"manv";"motor";"occutc"
"202000037356";"154 676 738";"A01";"1";"7";"3";"0";"3";"1";"1";
"202000037357";"154 676 737";"A01";"0";"7";"0";"1";"3";"1";"1";
"202000037358";"154 676 735";"B01";"2";"7";"0";"2";"3";"1";"1";
"202000037358";"154 676 736";"A01";"1";"7";"0";"2";"3";"1";"1";
"202000037359";"154 676 733";"B01";"0";"31";"0";"2";"7";"1";"1";
"202000037359";"154 676 734";"A01";"0";"7";"0";"2";"8";"9";"1";
"202000037360";"154 676 732";"A01";"0";"7";"13";"0";"3";"1";"1";
"202000037361";"154 676 726";"C01";"2";"7";"0";"2";"3";"1";"0";
"202000037361";"154 676 727";"B01";"2";"7";"0";"2";"3";"1";"0";
"202000037361";"154 676 728";"A01";"1";"7";"0";"2";"1";"11";"0";
"202000037362";"154 676 730";"A01";"0";"33";"0";"0";"1";"1";"1";
"202000037363";"154 676 724";"A01";"2";"7";"0";"2";"1";"13";"1";
"202000037363";"154 676 725";"B01";"1";"7";"0";"2";"1";"1";"1";
"202000037364";"154 676 721";"A01";"0";"7";"10";"0";"3";"1";"1";
"202000037365";"154 676 722";"A01";"1";"10";"8";"2";"3";"1";"1";
"202000037365";"154 676 723";"B01";"1";"7";"0";"2";"2";"9";"1";
"202000037366";"154 676 720";"A01";"1";"30";"0";"0";"0";"9";"1";
"202000037367";"154 676 716";"A01";"2";"7";"0";"2";"3";"1";"1";
"202000037367";"154 676 718";"B01";"2";"1";"0";"2";"5";"0";"5";
"202000037368";"154 676 713";"B01";"3";"1";"0";"2";"7";"6";"5";
"202000037368";"154 676 714";"A01";"1";"7";"0";"2";"3";"1";"1";
"202000037369";"154 676 712";"A01";"1";"7";"4";"0";"1";"14";"1";
"202000037370";"154 676 731";"A01";"0";"7";"0";"0";"9";"1";"2";
"202000037371";"154 676 711";"A01";"2";"7";"0";"1";"8";"1";"0";
"202000037372";"154 676 707";"A01";"1";"7";"0";"2";"4";"2";"1";
"202000037372";"154 676 709";"B01";"1";"7";"0";"2";"4";"2";"1";
"202000037372";"154 676 710";"C01";"1";"7";"0";"2";"1";"2";"1";
"202000037373";"154 676 705";"A01";"2";"7";"0";"2";"2";"1";"1";
"202000037373";"154 676 706";"B01";"1";"1";"0";"2";"1";"1";"5";
"202000037374";"154 676 701";"A01";"0";"7";"0";"2";"1";"2";"1";
"202000037374";"154 676 708";"B01";"0";"7";"0";"2";"4";"2";"0";
"202000037375";"154 676 700";"A01";"3";"31";"0";"0";"7";"1";"1";
"202000037376";"154 676 696";"B01";"2";"7";"0";"2";"3";"1";"1";
"202000037376";"154 676 698";"A01";"1";"7";"0";"2";"3";"13";"1";
"202000037377";"154 676 694";"A01";"1";"7";"0";"2";"2";"2";"1";
"202000037377";"154 676 695";"B01";"1";"1";"0";"2";"4";"16";"5";
"202000037378";"154 676 697";"B01";"2";"33";"0";"0";"6";"1";"1";
"202000037378";"154 676 699";"A01";"3";"10";"0";"2";"3";"1";"1";
"202000037379";"154 676 692";"A01";"2";"7";"0";"1";"0";"1";"1";
"202000037380";"154 676 702";"C01";"1";"7";"0";"2";"4";"9";"1";
"202000037380";"154 676 703";"B01";"1";"7";"0";"2";"6";"2";"1";
"202000037380";"154 676 704";"A01";"1";"7";"0";"2";"2";"21";"1";
"202000037381";"154 676 693";"A01";"0";"34";"0";"0";"0";"1";"6";
"202000037382";"154 676 688";"A01";"1";"7";"0";"2";"1";"2";"1";
"202000037382";"154 676 689";"B01";"1";"7";"0";"2";"4";"2";"1";
"202000037382";"154 676 690";"C01";"1";"7";"0";"2";"4";"2";"1";
"202000037382";"154 676 691";"D01";"1";"7";"0";"2";"4";"2";"1";
"202000037383";"154 676 687";"A01";"3";"10";"0";"1";"3";"1";"1";
"202000037384";"154 676 683";"A01";"3";"7";"0";"0";"1";"1";"1";
"202000037385";"154 676 681";"B01";"1";"7";"0";"2";"8";"1";"1";
"202000037385";"154 676 682";"A01";"1";"33";"0";"2";"2";"16";"1";
"202000037386";"154 676 686";"A01";"1";"7";"0";"1";"1";"1";"1";
"202000037387";"154 676 676";"A01";"0";"31";"0";"0";"2";"1";"1";
"202000037388";"154 676 675";"A01";"0";"7";"0";"1";"3";"1";"1";
"202000037389";"154 676 671";"A01";"0";"7";"0";"1";"2";"17";"1";
"202000037390";"154 676 669";"A01";"1";"7";"6";"0";"1";"1";"1";
"202000037391";"154 676 672";"A01";"3";"7";"0";"1";"2";"21";"1";
"202000037392";"154 676 673";"D01";"2";"7";"0";"2";"4";"1";"1";
"202000037392";"154 676 678";"C01";"2";"7";"0";"2";"1";"1";"1";
"202000037392";"154 676 679";"B01";"2";"14";"0";"2";"4";"1";"1";
"202000037392";"154 676 680";"A01";"2";"7";"0";"2";"1";"9";"1";
"202000037393";"154 676 674";"B01";"2";"7";"0";"2";"3";"1";"1";
"202000037393";"154 676 677";"A01";"1";"33";"0";"2";"3";"13";"1";
"202000037394";"154 676 670";"A01";"1";"7";"0";"1";"1";"1";"1";
"202000037395";"154 676 667";"B01";"2";"33";"0";"2";"1";"1";"1";
"202000037395";"154 676 668";"A01";"1";"7";"0";"2";"2";"19";"1";
"202000037396";"154 676 662";"B01";"3";"99";"0";"2";"2";"1";"3";
"202000037396";"154 676 663";"A01";"1";"7";"0";"9";"1";"1";"0";
"202000037397";"154 676 660";"Z01";"1";"7";"0";"2";"0";"13";"0";
"202000037397";"154 676 661";"A01";"1";"7";"0";"2";"4";"1";"0";
"202000037398";"154 676 659";"A01";"1";"7";"0";"1";"2";"1";"0";
"202000037399";"154 676 658";"A01";"1";"7";"7";"0";"8";"1";"0";
"202000037400";"154 676 656";"B01";"1";"2";"0";"2";"8";"2";"1";
"202000037400";"154 676 657";"A01";"1";"2";"0";"2";"7";"17";"1";
"202000037401";"154 676 655";"A01";"3";"7";"1";"1";"1";"25";"1";
"202000037402";"154 676 653";"A01";"1";"7";"0";"2";"1";"1";"1";
"202000037402";"154 676 665";"B01";"1";"7";"0";"2";"4";"1";"1";
"202000037402";"154 676 666";"C01";"2";"16";"0";"2";"1";"1";"1";
"202000037403";"154 676 651";"A01";"1";"33";"0";"0";"7";"16";"1";
"202000037404";"154 676 652";"B01";"1";"33";"0";"2";"3";"17";"1";
"202000037404";"154 676 664";"A01";"1";"7";"0";"2";"8";"10";"1";
"202000037405";"154 676 649";"B01";"1";"7";"0";"2";"1";"1";"1";
"202000037405";"154 676 650";"A01";"2";"7";"0";"2";"4";"1";"1";
"202000037406";"154 676 645";"A01";"2";"10";"0";"2";"1";"2";"1";
"202000037406";"154 676 648";"B01";"2";"7";"0";"2";"4";"2";"1";
"202000037407";"154 676 642";"A01";"2";"20";"0";"2";"5";"1";"1";
"202000037407";"154 676 643";"B01";"2";"33";"0";"2";"1";"1";"1";
"202000037408";"154 676 644";"C01";"1";"7";"0";"9";"1";"2";"1";
"202000037408";"154 676 646";"B01";"1";"15";"3";"0";"8";"2";"1";
"202000037408";"154 676 647";"A01";"1";"7";"4";"2";"8";"2";"1";
"202000037409";"154 676 640";"A01";"2";"17";"0";"2";"2";"12";"1";
"202000037409";"154 676 641";"B01";"2";"7";"0";"2";"1";"1";"1";
"202000037410";"154 676 634";"A01";"2";"17";"0";"2";"6";"13";"1";
"202000037410";"154 676 639";"B01";"2";"7";"4";"2";"2";"17";"1";
"202000037411";"154 676 635";"B01";"0";"1";"0";"2";"7";"19";"5";
"202000037411";"154 676 654";"A01";"0";"7";"0";"2";"1";"1";"1";
"202000037412";"154 676 636";"A01";"1";"7";"4";"0";"1";"0";"1";
"202000037413";"154 676 637";"B01";"0";"50";"0";"2";"1";"1";"3";
"202000037413";"154 676 638";"A01";"0";"37";"0";"2";"2";"16";"1";"1"
"202000037414";"154 676 632";"B01";"1";"32";"0";"2";"8";"3";"1";
"202000037414";"154 676 633";"A01";"1";"7";"0";"2";"2";"12";"1";
"202000037415";"154 676 628";"B01";"0";"7";"0";"2";"1";"1";"1";
"202000037415";"154 676 630";"A01";"0";"7";"0";"2";"1";"14";"1";
"202000037416";"154 676 627";"A01";"0";"7";"0";"1";"7";"1";"1";
"202000037417";"154 676 622";"A01";"0";"7";"0";"2";"8";"9";"1";
"202000037417";"154 676 624";"B01";"0";"7";"0";"2";"9";"1";"1";
"202000037418";"154 676 621";"B01";"1";"7";"0";"2";"1";"1";"1";
"202000037418";"154 676 623";"A01";"2";"7";"0";"2";"1";"1";"1";
"202000037419";"154 676 625";"B01";"1";"7";"0";"2";"5";"0";"1";
"202000037419";"154 676 626";"A01";"2";"7";"0";"2";"1";"21";"1";
"202000037420";"154 676 620";"A01";"3";"1";"0";"0";"9";"1";"5";
"202000037421";"154 676 618";"B01";"1";"7";"0";"2";"4";"23";"1";
"202000037421";"154 676 619";"A01";"1";"7";"0";"2";"4";"2";"1";
"202000037422";"154 676 631";"A01";"1";"33";"0";"2";"2";"2";"1";
"202000037423";"154 676 615";"B01";"3";"7";"0";"2";"3";"1";"1";
"202000037423";"154 676 617";"A01";"3";"3";"0";"2";"3";"13";"1";
"202000037424";"154 676 609";"A01";"1";"33";"0";"0";"1";"1";"1";
"202000037425";"154 676 613";"C01";"1";"10";"0";"2";"2";"1";"1";
"202000037425";"154 676 614";"B01";"1";"7";"0";"2";"2";"1";"1";
"202000037425";"154 676 616";"A01";"1";"10";"14";"2";"7";"9";"1";
"202000037426";"154 676 607";"A01";"2";"7";"4";"0";"1";"1";"1";
"202000037427";"154 676 610";"A01";"1";"7";"0";"2";"2";"2";"1";
"202000037427";"154 676 612";"B01";"1";"7";"0";"2";"6";"16";"1";
"202000037428";"154 676 606";"A01";"1";"7";"0";"0";"3";"15";"1";
"202000037428";"154 676 608";"B01";"2";"7";"8";"2";"1";"1";"1";
"202000037429";"154 676 596";"A01";"1";"7";"0";"2";"6";"15";"1";
"202000037429";"154 676 599";"B01";"1";"33";"0";"2";"1";"1";"1";
"202000037430";"154 676 593";"A01";"2";"7";"0";"2";"7";"19";"1";
"202000037430";"154 676 594";"B01";"1";"33";"0";"2";"1";"1";"1";
"202000037431";"154 676 591";"A01";"1";"7";"0";"2";"3";"1";"6";
"202000037431";"154 676 592";"B01";"2";"7";"0";"2";"3";"1";"6";
"202000037432";"154 676 590";"A01";"2";"7";"4";"0";"1";"1";"1";
"202000037433";"154 676 588";"A01";"1";"10";"0";"2";"4";"2";"1";
"202000037433";"154 676 589";"B01";"1";"10";"0";"2";"1";"2";"1";
"202000037434";"154 676 586";"Z01";"2";"15";"3";"2";"7";"2";"1";
"202000037434";"154 676 587";"A01";"2";"15";"3";"2";"8";"2";"1";
"202000037435";"154 676 584";"B01";"1";"7";"0";"2";"6";"1";"1";
"202000037435";"154 676 585";"A01";"1";"33";"0";"2";"1";"2";"1";
"202000037436";"154 676 583";"A01";"3";"7";"4";"2";"2";"1";"1";
"202000037437";"154 676 582";"A01";"3";"7";"4";"0";"8";"1";"1";
"202000037438";"154 676 581";"A01";"2";"7";"4";"0";"1";"1";"1";
"202000037439";"154 676 579";"A01";"1";"10";"2";"0";"0";"1";"1";
"202000037440";"154 676 577";"A01";"2";"7";"0";"2";"4";"26";"1";
"202000037440";"154 676 578";"B01";"2";"7";"0";"2";"1";"2";"1";
"202000037441";"154 676 575";"B01";"1";"7";"0";"2";"4";"9";"1";
"202000037441";"154 676 576";"A01";"1";"7";"0";"2";"1";"9";"1";
"202000037442";"154 676 573";"B01";"1";"10";"0";"2";"4";"1";"1";
"202000037442";"154 676 574";"A01";"1";"7";"0";"2";"1";"14";"1";
"202000037443";"154 676 567";"F01";"1";"7";"0";"2";"4";"1";"1";
"202000037443";"154 676 568";"E01";"1";"7";"0";"2";"4";"1";"1";
"202000037443";"154 676 569";"D01";"1";"7";"0";"2";"4";"1";"1";
"202000037443";"154 676 570";"C01";"1";"7";"0";"2";"4";"1";"1";
"202000037443";"154 676 571";"B01";"1";"7";"0";"2";"4";"1";"1";
"202000037443";"154 676 572";"A01";"1";"7";"0";"2";"1";"2";"1";
"202000037444";"154 676 566";"A01";"1";"7";"3";"0";"1";"13";"1";
"202000037445";"154 676 565";"A01";"2";"7";"4";"0";"1";"13";"1";
"202000037446";"154 676 564";"A01";"2";"7";"3";"0";"2";"14";"1";
"202000037447";"154 676 563";"A01";"1";"7";"0";"0";"1";"1";"1";
"202000037448";"154 676 562";"A01";"2";"7";"0";"0";"1";"1";"0";
"202000037449";"154 676 595";"B01";"2";"42";"0";"2";"7";"2";"1";
"202000037449";"154 676 598";"A01";"2";"33";"0";"2";"3";"18";"1";
"202000037450";"154 676 600";"B01";"2";"1";"0";"2";"1";"1";"5";
"202000037450";"154 676 603";"A01";"2";"7";"0";"2";"1";"15";"1";
"202000037451";"154 676 601";"C01";"2";"7";"0";"2";"4";"1";"1";
"202000037451";"154 676 602";"B01";"2";"7";"0";"2";"4";"1";"1";
"202000037451";"154 676 605";"A01";"2";"7";"0";"2";"1";"1";"1";
"202000037452";"154 676 561";"A01";"2";"7";"4";"0";"1";"0";"1";
"202000037453";"154 676 557";"A01";"1";"7";"4";"0";"2";"9";"1";
"202000037454";"154 676 556";"A01";"1";"7";"0";"2";"5";"12";"1";
"202000037454";"154 676 558";"B01";"1";"33";"0";"2";"1";"3";"1";
"202000037455";"154 676 555";"A01";"1";"7";"4";"0";"1";"1";"1";
"202000037456";"154 676 551";"B01";"1";"10";"0";"2";"4";"1";"1";
"202000037456";"154 676 559";"A01";"1";"33";"0";"2";"1";"3";"1";
"202000037457";"154 676 549";"B01";"2";"50";"0";"2";"8";"19";"3";
"202000037457";"154 676 552";"A01";"1";"7";"0";"2";"2";"16";"1";
"202000037458";"154 676 548";"A01";"1";"7";"3";"0";"8";"1";"1";
"202000037459";"154 676 553";"B01";"3";"1";"0";"2";"1";"19";"0";
"202000037459";"154 676 560";"A01";"1";"16";"0";"2";"2";"2";"1";
"202000037460";"154 676 539";"A01";"0";"7";"0";"2";"1";"2";"1";
"202000037460";"154 676 540";"B01";"0";"2";"0";"2";"4";"15";"1";
"202000037461";"154 676 537";"A01";"1";"7";"0";"1";"1";"1";"1";
"202000037462";"154 676 535";"B01";"2";"7";"0";"2";"1";"2";"1";
"202000037462";"154 676 536";"A01";"1";"7";"0";"2";"2";"15";"1";
"202000037463";"154 676 538";"A01";"2";"7";"0";"2";"1";"2";"1";
"202000037463";"154 676 541";"C01";"2";"10";"0";"2";"4";"2";"1";
"202000037463";"154 676 542";"B01";"2";"10";"0";"2";"4";"2";"1";
"202000037464";"154 676 547";"B01";"1";"33";"0";"2";"1";"3";"1";
"202000037464";"154 676 550";"A01";"1";"33";"0";"2";"1";"5";"1";
"202000037465";"154 676 529";"A01";"2";"10";"0";"2";"2";"14";"1";
"202000037465";"154 676 532";"B01";"2";"10";"0";"2";"6";"1";"1";
"202000037466";"154 676 528";"Z01";"1";"7";"0";"2";"0";"1";"1";
"202000037466";"154 676 530";"B01";"1";"32";"0";"2";"0";"1";"1";
"202000037466";"154 676 531";"A01";"1";"7";"0";"2";"1";"1";"1";
"202000037467";"154 676 525";"A01";"1";"10";"0";"2";"1";"2";"1";
"202000037467";"154 676 526";"B01";"1";"10";"0";"2";"1";"2";"1";
"202000037467";"154 676 527";"C01";"1";"7";"0";"2";"4";"2";"1";
"202000037468";"154 676 522";"A01";"1";"7";"0";"0";"1";"14";"1";
"202000037469";"154 676 523";"B01";"1";"7";"0";"2";"3";"1";"1";
"202000037469";"154 676 524";"A01";"1";"7";"0";"2";"2";"14";"1";
"202000037470";"154 676 519";"B01";"1";"7";"0";"2";"1";"2";"1";
"202000037470";"154 676 521";"A01";"1";"7";"0";"2";"4";"2";"1";
"202000037471";"154 676 516";"B01";"3";"7";"0";"2";"3";"1";"1";
"202000037471";"154 676 517";"A01";"3";"2";"0";"2";"3";"5";"1";
"202000037472";"154 676 543";"A01";"1";"7";"0";"1";"2";"1";"1";
"202000037473";"154 676 544";"C01";"2";"7";"0";"2";"4";"2";"1";
"202000037473";"154 676 545";"D01";"2";"7";"0";"2";"4";"2";"1";
"202000037473";"154 676 546";"B01";"2";"7";"0";"2";"4";"2";"1";
"202000037473";"154 676 554";"A01";"2";"7";"0";"2";"1";"2";"1";
"202000037474";"154 676 533";"B01";"1";"50";"0";"2";"7";"1";"3";
"202000037474";"154 676 534";"A01";"1";"7";"0";"2";"1";"9";"1";
"202000037475";"154 676 518";"A01";"1";"7";"0";"2";"1";"1";"1";
"202000037475";"154 676 520";"B01";"1";"7";"0";"2";"4";"2";"1";
"202000037476";"154 676 514";"A01";"2";"7";"0";"2";"3";"17";"1";
"202000037476";"154 676 515";"B01";"1";"33";"0";"2";"1";"17";"1";
"202000037477";"154 676 506";"D01";"1";"7";"0";"2";"4";"1";"1";
"202000037477";"154 676 507";"C01";"1";"7";"0";"2";"3";"1";"1";
"202000037477";"154 676 509";"B01";"1";"7";"0";"2";"5";"1";"1";
"202000037477";"154 676 510";"A01";"1";"33";"0";"2";"8";"3";"1";
"202000037478";"154 676 499";"A01";"1";"31";"0";"2";"0";"1";"1";
"202000037478";"154 676 500";"Z01";"1";"7";"0";"2";"0";"0";"1";
"202000037479";"154 676 496";"A01";"2";"7";"0";"2";"1";"2";"1";
"202000037479";"154 676 497";"C01";"2";"7";"0";"2";"1";"2";"1";
"202000037479";"154 676 498";"B01";"2";"7";"0";"2";"4";"2";"1";
"202000037480";"154 676 494";"B01";"2";"31";"0";"2";"7";"3";"1";
"202000037480";"154 676 495";"A01";"2";"7";"0";"2";"3";"11";"1";
"202000037481";"154 676 492";"B01";"2";"10";"0";"2";"5";"0";"1";
"202000037481";"154 676 493";"A01";"2";"33";"0";"2";"8";"0";"1";
"202000037482";"154 676 490";"B01";"1";"7";"0";"2";"4";"1";"1";
"202000037482";"154 676 491";"A01";"1";"33";"0";"2";"1";"12";"1";
"202000037483";"154 676 489";"A01";"2";"7";"3";"0";"1";"0";"1";
"202000037484";"154 676 501";"A01";"1";"3";"6";"0";"1";"14";"1";
"202000037485";"154 676 504";"B01";"1";"1";"0";"2";"8";"15";"5";
"202000037485";"154 676 508";"A01";"1";"10";"0";"2";"2";"1";"1";
"202000037486";"154 676 486";"C01";"2";"7";"0";"2";"4";"2";"1";
"202000037486";"154 676 487";"B01";"2";"10";"0";"2";"4";"2";"1";
"202000037486";"154 676 488";"A01";"2";"7";"0";"2";"1";"2";"1";
"202000037487";"154 676 483";"B01";"1";"1";"0";"2";"1";"19";"5";
"202000037487";"154 676 484";"A01";"1";"7";"0";"9";"0";"0";"1";
"202000037488";"154 676 481";"B01";"2";"7";"0";"2";"4";"2";"1";
"202000037488";"154 676 482";"A01";"2";"10";"0";"2";"1";"2";"1";
"202000037489";"154 676 478";"A01";"1";"1";"0";"2";"0";"26";"5";
"202000037489";"154 676 479";"B01";"1";"7";"0";"0";"3";"1";"1";
"202000037490";"154 676 476";"B01";"2";"17";"0";"2";"4";"1";"1";
"202000037490";"154 676 477";"A01";"2";"10";"0";"2";"1";"2";"1";
"202000037491";"154 676 473";"A01";"1";"7";"0";"9";"0";"16";"1";
"202000037491";"154 676 475";"B01";"1";"80";"0";"0";"0";"26";"3";
"202000037492";"154 676 503";"B01";"1";"10";"0";"2";"3";"2";"1";
"202000037492";"154 676 511";"C01";"1";"7";"0";"2";"4";"2";"1";
"202000037492";"154 676 512";"D01";"1";"7";"0";"2";"6";"2";"1";
"202000037492";"154 676 513";"A01";"1";"7";"0";"2";"2";"2";"1";
"202000037493";"154 676 502";"A01";"2";"13";"1";"0";"3";"26";"0";
"202000037493";"154 676 505";"B01";"1";"50";"0";"2";"3";"26";"3";
"202000037494";"154 676 480";"A01";"1";"7";"0";"1";"3";"19";"1";
"202000037495";"154 676 472";"A01";"2";"13";"0";"2";"2";"1";"1";
"202000037495";"154 676 474";"B01";"2";"33";"0";"2";"3";"11";"1";
"202000037496";"154 676 470";"B01";"1";"1";"0";"2";"8";"1";"0";
"202000037496";"154 676 471";"A01";"1";"14";"0";"2";"5";"14";"0";
"202000037497";"154 676 462";"B01";"1";"2";"0";"2";"7";"0";"1";
"202000037497";"154 676 465";"A01";"1";"7";"0";"2";"3";"9";"1";
"202000037498";"154 676 463";"B01";"3";"37";"0";"2";"1";"1";"1";"1"
"202000037498";"154 676 467";"A01";"1";"7";"0";"2";"8";"1";"1";
"202000037499";"154 676 464";"A01";"2";"31";"0";"2";"2";"3";"1";
"202000037499";"154 676 466";"B01";"2";"7";"0";"2";"3";"11";"1";
"202000037500";"154 676 459";"B01";"2";"10";"0";"2";"1";"1";"0";
"202000037500";"154 676 468";"A01";"1";"10";"0";"2";"6";"1";"0";
"202000037501";"154 676 457";"A01";"3";"1";"0";"2";"1";"9";"6";
"202000037501";"154 676 458";"B01";"3";"7";"0";"2";"3";"9";"1";
"202000037502";"154 676 453";"A01";"1";"7";"4";"0";"1";"17";"1";
"202000037503";"154 676 451";"C01";"1";"7";"0";"2";"3";"1";"1";
"202000037503";"154 676 455";"B01";"1";"7";"0";"2";"1";"1";"1";
"202000037503";"154 676 456";"A01";"1";"7";"0";"2";"7";"1";"1";
"202000037504";"154 676 452";"C01";"0";"7";"0";"2";"8";"1";"1";
"202000037504";"154 676 460";"B01";"0";"7";"0";"2";"8";"1";"1";
"202000037504";"154 676 461";"A01";"0";"7";"0";"2";"7";"13";"1";
"202000037505";"154 676 454";"A01";"3";"10";"0";"1";"2";"1";"1";
"202000037506";"154 676 448";"A01";"2";"33";"13";"0";"0";"17";"1";
"202000037507";"154 676 447";"A01";"3";"7";"0";"1";"2";"1";"1";
"202000037508";"154 676 445";"B01";"3";"7";"0";"2";"1";"1";"1";
"202000037508";"154 676 446";"A01";"3";"2";"0";"2";"1";"13";"1";
"202000037509";"154 676 443";"A01";"3";"30";"0";"2";"0";"0";"1";
"202000037509";"154 676 444";"B01";"3";"7";"0";"2";"0";"0";"1";
"202000037510";"154 676 440";"A01";"3";"2";"0";"2";"0";"0";"1";
"202000037511";"154 676 441";"A01";"2";"1";"0";"2";"2";"1";"5";
"202000037511";"154 676 442";"B01";"1";"1";"0";"2";"1";"1";"5";
"202000037512";"154 676 438";"A01";"3";"7";"0";"2";"2";"1";"1";
"202000037512";"154 676 439";"B01";"3";"7";"0";"2";"6";"23";"1";
"202000037513";"154 676 449";"A01";"1";"32";"0";"2";"2";"3";"1";
"202000037513";"154 676 450";"B01";"2";"7";"0";"2";"6";"11";"1";
"202000037514";"154 676 437";"A01";"2";"7";"0";"1";"1";"15";"2";
"202000037515";"154 676 434";"A01";"2";"7";"0";"2";"2";"2";"1";
"202000037515";"154 676 436";"B01";"2";"2";"0";"2";"6";"1";"1";
"202000037516";"154 676 433";"A01";"3";"7";"0";"2";"8";"13";"1";
"202000037516";"154 676 435";"B01";"3";"30";"0";"2";"8";"0";"1";
"202000037517";"154 676 427";"B01";"3";"32";"0";"2";"0";"1";"0";
"202000037517";"154 676 432";"A01";"2";"7";"0";"2";"0";"26";"0";
"202000037518";"154 676 425";"A01";"3";"30";"0";"2";"1";"2";"1";
"202000037518";"154 676 430";"B01";"3";"7";"0";"2";"4";"1";"1";
"202000037519";"154 676 423";"A01";"3";"7";"0";"2";"5";"12";"0";
"202000037519";"154 676 424";"B01";"3";"33";"0";"2";"1";"1";"0";
"202000037520";"154 676 426";"A01";"1";"7";"13";"0";"1";"14";"1";
"202000037521";"154 676 428";"A01";"0";"7";"8";"0";"1";"0";"1";
"202000037522";"154 676 429";"B01";"1";"50";"0";"2";"7";"19";"3";
"202000037522";"154 676 431";"A01";"1";"7";"0";"9";"1";"26";"1";
"202000037523";"154 676 420";"B01";"2";"33";"0";"2";"1";"1";"0";
"202000037523";"154 676 421";"A01";"2";"7";"0";"2";"3";"13";"0";
"202000037524";"154 676 419";"A01";"3";"7";"0";"2";"3";"9";"1";
"202000037524";"154 676 422";"B01";"3";"30";"0";"2";"3";"26";"1";
"202000037525";"154 676 410";"B01";"3";"7";"0";"2";"8";"0";"1";
"202000037525";"154 676 411";"A01";"0";"2";"0";"2";"1";"0";"1";
"202000037526";"154 676 408";"A01";"1";"10";"0";"2";"6";"10";"1";
"202000037526";"154 676 409";"B01";"1";"32";"4";"2";"1";"3";"1";
"202000037527";"154 676 413";"B01";"2";"1";"0";"2";"1";"5";"5";
"202000037527";"154 676 415";"A01";"1";"7";"0";"2";"2";"19";"1";
"202000037528";"154 676 416";"A01";"1";"32";"0";"2";"1";"19";"1";
"202000037528";"154 676 418";"B01";"1";"10";"0";"2";"7";"1";"1";
"202000037529";"154 676 402";"A01";"1";"7";"0";"1";"0";"1";"1";
"202000037530";"154 676 404";"A01";"2";"1";"1";"0";"1";"1";"5";
"202000037530";"154 676 406";"B01";"2";"7";"0";"2";"4";"23";"1";
"202000037531";"154 676 400";"B01";"0";"1";"0";"2";"9";"1";"5";
"202000037531";"154 676 405";"A01";"0";"7";"0";"2";"1";"1";"1";
"202000037532";"154 676 396";"A01";"1";"7";"4";"0";"1";"1";"1";
"202000037533";"154 676 397";"A01";"3";"1";"0";"2";"8";"19";"5";
"202000037533";"154 676 399";"B01";"3";"33";"0";"2";"1";"1";"1";
"202000037534";"154 676 403";"B01";"3";"7";"0";"2";"2";"1";"0";
"202000037534";"154 676 412";"A01";"3";"1";"0";"2";"1";"1";"6";
"202000037535";"154 676 401";"B01";"1";"7";"0";"2";"1";"26";"1";
"202000037535";"154 676 407";"A01";"1";"7";"0";"2";"1";"26";"1";
"202000037536";"154 676 395";"A01";"1";"7";"0";"2";"4";"9";"1";
"202000037536";"154 676 398";"B01";"1";"33";"0";"2";"1";"26";"1";
"202000037537";"154 676 390";"C01";"1";"7";"0";"2";"3";"1";"1";
"202000037537";"154 676 392";"A01";"1";"10";"0";"2";"5";"11";"1";
"202000037537";"154 676 393";"B01";"1";"33";"0";"2";"3";"21";"1";
"202000037538";"154 676 389";"A01";"1";"10";"0";"2";"8";"11";"1";
"202000037538";"154 676 391";"B01";"1";"33";"0";"2";"7";"1";"1";
"202000037539";"154 676 387";"A01";"2";"7";"0";"2";"6";"19";"1";
"202000037539";"154 676 388";"B01";"1";"2";"0";"2";"1";"1";"1";
"202000037540";"154 676 385";"A01";"3";"34";"1";"2";"1";"2";"1";
"202000037540";"154 676 394";"B01";"0";"7";"0";"0";"2";"0";"1";
"202000037541";"154 676 384";"A01";"1";"7";"0";"1";"1";"1";"1";
"202000037542";"154 676 378";"A01";"0";"1";"12";"0";"0";"1";"5";
"202000037543";"154 676 377";"A01";"1";"7";"0";"1";"3";"1";"1";
"202000037544";"154 676 376";"A01";"1";"7";"0";"1";"1";"1";"1";
"202000037545";"154 676 375";"A01";"1";"7";"5";"0";"1";"1";"1";
"202000037546";"154 676 374";"A01";"1";"7";"0";"1";"1";"1";"1";
"202000037547";"154 676 372";"A01";"0";"7";"0";"2";"7";"17";"1";
"202000037547";"154 676 373";"B01";"0";"7";"0";"2";"8";"1";"1";
"202000037548";"154 676 382";"Z01";"1";"30";"0";"1";"1";"1";"0";
"202000037549";"154 676 383";"A01";"3";"7";"0";"9";"2";"14";"6";
"202000037550";"154 676 370";"A01";"1";"2";"0";"1";"1";"1";"1";
"202000037551";"154 676 369";"A01";"3";"10";"0";"9";"0";"9";"1";
"202000037551";"154 676 371";"B01";"3";"1";"0";"2";"0";"1";"5";
"202000037552";"154 676 367";"B01";"2";"37";"0";"2";"3";"1";"1";"3"
"202000037552";"154 676 368";"A01";"3";"7";"0";"2";"2";"1";"1";
"202000037553";"154 676 366";"A01";"3";"7";"0";"1";"2";"1";"1";
"202000037554";"154 676 364";"A01";"0";"7";"0";"1";"1";"15";"1";
"202000037555";"154 676 365";"A01";"1";"7";"9";"1";"1";"16";"0";
"202000037556";"154 676 379";"A01";"1";"7";"0";"2";"3";"15";"1";