"Num_Acc";"id_vehicule";"num_veh";"senc";"catv";"obs";"obsm";"choc";"manv";"motor";"occutc"
"202000038382";"154 674 902";"C01";"2";"7";"0";"2";"1";"1";"1";
"202000038383";"154 674 898";"B01";"1";"17";"0";"0";"4";"2";"1";
"202000038383";"154 674 899";"A01";"1";"33";"0";"2";"1";"2";"1";
"202000038384";"154 674 896";"A01";"2";"33";"0";"0";"4";"1";"1";
"202000038384";"154 674 897";"B01";"2";"33";"0";"2";"1";"1";"1";
"202000038385";"154 674 894";"B01";"0";"2";"0";"2";"3";"1";"1";
"202000038385";"154 674 895";"A01";"0";"7";"0";"2";"3";"0";"1";
"202000038386";"154 674 893";"A01";"2";"31";"0";"0";"9";"1";"1";
"202000038387";"154 674 888";"A01";"1";"33";"0";"2";"1";"17";"1";
"202000038387";"154 674 889";"B01";"1";"7";"0";"0";"5";"15";"1";
"202000038387";"154 674 890";"C01";"1";"7";"0";"0";"3";"1";"1";
"202000038388";"154 674 887";"A01";"1";"36";"12";"0";"2";"1";"1";
"202000038389";"154 674 885";"B01";"1";"7";"0";"2";"2";"1";"1";
"202000038389";"154 674 886";"A01";"2";"33";"0";"2";"1";"0";"1";
"202000038390";"154 674 884";"A01";"2";"7";"2";"0";"1";"1";"1";
"202000038391";"154 674 882";"A01";"3";"2";"0";"2";"1";"1";"1";
"202000038391";"154 674 883";"B01";"3";"7";"0";"2";"5";"1";"1";
"202000038392";"154 674 881";"A01";"2";"7";"2";"0";"2";"14";"1";
"202000038393";"154 674 879";"B01";"1";"7";"0";"2";"3";"1";"0";
"202000038393";"154 674 880";"A01";"2";"7";"0";"2";"7";"1";"0";
"202000038394";"154 674 877";"B01";"1";"33";"0";"2";"7";"1";"1";
"202000038394";"154 674 878";"A01";"2";"7";"0";"2";"2";"15";"1";
"202000038395";"154 674 875";"B01";"2";"21";"0";"2";"3";"1";"0";
"202000038395";"154 674 876";"A01";"1";"33";"0";"2";"1";"21";"1";
"202000038396";"154 674 873";"A01";"1";"2";"0";"2";"1";"17";"1";
"202000038396";"154 674 874";"B01";"2";"7";"0";"2";"3";"1";"1";
"202000038397";"154 674 871";"B01";"2";"21";"0";"0";"4";"2";"1";
"202000038397";"154 674 872";"A01";"1";"7";"0";"2";"1";"2";"1";
"202000038398";"154 674 869";"B01";"2";"7";"0";"2";"1";"1";"1";
"202000038398";"154 674 870";"A01";"1";"7";"0";"2";"7";"17";"1";
"202000038399";"154 674 867";"A01";"1";"7";"0";"2";"3";"9";"1";
"202000038399";"154 674 868";"B01";"1";"1";"0";"2";"2";"1";"5";
"202000038400";"154 674 865";"B01";"3";"60";"0";"1";"7";"19";"5";
"202000038400";"154 674 866";"A01";"3";"7";"0";"2";"2";"1";"1";
"202000038401";"154 674 863";"A01";"1";"7";"0";"2";"4";"0";"1";
"202000038401";"154 674 864";"B01";"1";"7";"0";"2";"1";"0";"1";
"202000038402";"154 674 860";"A01";"2";"7";"0";"2";"4";"1";"1";
"202000038402";"154 674 861";"B01";"2";"7";"0";"2";"4";"2";"1";
"202000038402";"154 674 862";"C01";"2";"7";"0";"2";"1";"2";"1";
"202000038403";"154 674 858";"B01";"1";"7";"0";"2";"0";"1";"1";
"202000038403";"154 674 859";"A01";"1";"15";"0";"2";"2";"12";"1";
"202000038404";"154 674 856";"A01";"1";"31";"0";"2";"1";"2";"1";
"202000038404";"154 674 857";"B01";"1";"7";"0";"2";"4";"2";"1";
"202000038405";"154 674 855";"A01";"2";"7";"0";"9";"2";"14";"1";
"202000038406";"154 674 854";"A01";"2";"7";"4";"0";"5";"26";"1";
"202000038407";"154 674 852";"Z01";"1";"7";"0";"2";"4";"9";"1";
"202000038407";"154 674 853";"B01";"1";"33";"0";"2";"1";"1";"1";
"202000038408";"154 674 850";"B01";"1";"30";"0";"2";"0";"0";"0";
"202000038408";"154 674 851";"A01";"1";"7";"0";"2";"0";"11";"0";
"202000038409";"154 674 848";"B01";"1";"7";"0";"2";"3";"16";"1";
"202000038409";"154 674 849";"A01";"1";"13";"0";"2";"6";"15";"1";
"202000038410";"154 674 846";"B01";"2";"7";"0";"2";"4";"26";"1";
"202000038410";"154 674 847";"A01";"2";"7";"0";"2";"1";"2";"1";
"202000038411";"154 674 845";"A01";"3";"7";"4";"2";"2";"16";"1";
"202000038412";"154 674 844";"A01";"1";"7";"6";"0";"1";"13";"1";
"202000038413";"154 674 843";"A01";"3";"7";"0";"1";"4";"4";"1";
"202000038414";"154 674 841";"A01";"2";"7";"0";"2";"1";"1";"1";
"202000038414";"154 674 842";"B01";"2";"7";"0";"2";"4";"1";"2";
"202000038415";"154 674 840";"A01";"1";"7";"10";"0";"2";"1";"1";
"202000038416";"154 674 838";"B01";"3";"33";"0";"2";"0";"2";"1";
"202000038416";"154 674 839";"A01";"3";"7";"0";"0";"0";"14";"1";
"202000038417";"154 674 836";"A01";"2";"7";"0";"9";"1";"1";"1";
"202000038417";"154 674 837";"B01";"3";"60";"0";"2";"7";"0";"5";
"202000038418";"154 674 834";"A01";"3";"2";"0";"2";"1";"1";"1";
"202000038418";"154 674 835";"B01";"3";"7";"0";"2";"0";"0";"1";
"202000038419";"154 674 832";"B01";"2";"7";"0";"2";"6";"24";"1";
"202000038419";"154 674 833";"A01";"2";"7";"1";"0";"2";"1";"1";
"202000038420";"154 674 830";"A01";"1";"7";"0";"2";"7";"17";"1";
"202000038420";"154 674 831";"B01";"1";"1";"0";"2";"8";"1";"5";
"202000038421";"154 674 828";"B01";"2";"2";"0";"2";"1";"2";"1";
"202000038421";"154 674 829";"Z01";"1";"7";"0";"2";"3";"15";"1";
"202000038422";"154 674 827";"A01";"1";"30";"0";"0";"7";"16";"1";
"202000038423";"154 674 826";"A01";"0";"7";"6";"0";"1";"0";"1";
"202000038424";"154 674 824";"B01";"2";"7";"0";"2";"5";"15";"0";
"202000038424";"154 674 825";"A01";"1";"7";"0";"2";"2";"26";"0";
"202000038425";"154 674 823";"A01";"2";"7";"3";"0";"2";"11";"1";
"202000038426";"154 674 820";"C01";"3";"7";"0";"2";"4";"23";"1";
"202000038426";"154 674 821";"A01";"3";"7";"0";"2";"4";"2";"1";
"202000038426";"154 674 822";"B01";"3";"7";"0";"2";"4";"23";"1";
"202000038427";"154 674 819";"A01";"1";"7";"6";"0";"1";"1";"1";
"202000038428";"154 674 817";"A01";"0";"7";"0";"2";"1";"5";"1";
"202000038428";"154 674 818";"B01";"3";"7";"0";"2";"0";"0";"1";
"202000038429";"154 674 816";"A01";"1";"7";"8";"0";"2";"1";"1";
"202000038430";"154 674 814";"B01";"2";"7";"0";"2";"4";"0";"1";
"202000038430";"154 674 815";"A01";"2";"7";"0";"2";"1";"2";"1";
"202000038431";"154 674 812";"Z01";"3";"7";"0";"2";"3";"13";"1";
"202000038431";"154 674 813";"A01";"3";"7";"0";"2";"3";"13";"1";
"202000038432";"154 674 811";"A01";"3";"30";"0";"0";"7";"1";"1";
"202000038433";"154 674 809";"A01";"2";"50";"0";"2";"1";"19";"3";
"202000038433";"154 674 810";"B01";"1";"7";"0";"2";"1";"1";"1";
"202000038434";"154 674 806";"C01";"1";"7";"0";"2";"4";"1";"1";
"202000038434";"154 674 807";"A01";"1";"7";"0";"2";"1";"1";"1";
"202000038434";"154 674 808";"B01";"1";"7";"0";"2";"4";"1";"1";
"202000038435";"154 674 805";"A01";"2";"43";"14";"0";"8";"21";"1";
"202000038436";"154 674 804";"A01";"1";"7";"4";"0";"8";"13";"1";
"202000038437";"154 674 803";"A01";"2";"7";"4";"0";"2";"14";"1";
"202000038438";"154 674 801";"A01";"1";"7";"0";"2";"5";"1";"1";
"202000038438";"154 674 802";"B01";"1";"7";"0";"2";"5";"23";"1";
"202000038439";"154 674 799";"A01";"2";"30";"0";"2";"4";"23";"1";
"202000038439";"154 674 800";"Z01";"2";"7";"0";"2";"1";"2";"0";
"202000038440";"154 674 798";"A01";"1";"30";"0";"0";"0";"21";"1";
"202000038441";"154 674 796";"B01";"2";"7";"0";"2";"5";"15";"1";
"202000038441";"154 674 797";"A01";"1";"30";"0";"2";"1";"8";"1";
"202000038442";"154 674 794";"B01";"3";"30";"0";"2";"4";"15";"1";
"202000038442";"154 674 795";"A01";"3";"30";"0";"2";"1";"1";"1";
"202000038443";"154 674 793";"A01";"2";"30";"12";"0";"1";"14";"3";
"202000038444";"154 674 789";"A01";"2";"7";"0";"2";"2";"1";"1";
"202000038444";"154 674 790";"B01";"2";"7";"0";"2";"4";"23";"1";
"202000038444";"154 674 791";"C01";"2";"7";"0";"2";"4";"23";"1";
"202000038444";"154 674 792";"D01";"1";"7";"0";"2";"2";"1";"1";
"202000038445";"154 674 787";"B01";"1";"7";"0";"2";"3";"15";"1";
"202000038445";"154 674 788";"A01";"1";"31";"0";"2";"8";"17";"1";
"202000038446";"154 674 786";"A01";"3";"7";"0";"1";"0";"1";"1";
"202000038447";"154 674 784";"B01";"1";"7";"0";"2";"4";"2";"1";
"202000038447";"154 674 785";"A01";"1";"7";"0";"2";"1";"2";"1";
"202000038448";"154 674 782";"B01";"0";"7";"0";"2";"3";"16";"1";
"202000038448";"154 674 783";"A01";"2";"32";"0";"2";"1";"1";"1";
"202000038449";"154 674 781";"A01";"2";"7";"0";"0";"2";"14";"1";
"202000038450";"154 674 780";"A01";"3";"7";"0";"0";"2";"14";"1";
"202000038451";"154 674 779";"A01";"3";"30";"0";"0";"7";"15";"1";
"202000038452";"154 674 778";"A01";"1";"7";"1";"1";"3";"9";"1";
"202000038453";"154 674 776";"A01";"0";"7";"0";"0";"0";"19";"1";
"202000038453";"154 674 777";"B01";"0";"32";"0";"2";"0";"1";"1";
"202000038454";"154 674 774";"Y01";"3";"1";"0";"2";"2";"19";"5";
"202000038454";"154 674 775";"A01";"3";"7";"0";"2";"1";"1";"1";
"202000038455";"154 674 772";"B01";"1";"7";"0";"2";"2";"2";"1";
"202000038455";"154 674 773";"A01";"1";"7";"0";"0";"3";"9";"1";
"202000038456";"154 674 771";"A01";"2";"30";"0";"1";"1";"2";"1";
"202000038457";"154 674 767";"A01";"2";"10";"0";"0";"5";"15";"1";
"202000038457";"154 674 768";"B01";"2";"33";"0";"2";"1";"17";"1";
"202000038458";"154 674 765";"B01";"1";"7";"0";"9";"3";"11";"1";
"202000038458";"154 674 766";"A01";"3";"1";"0";"2";"3";"23";"5";
"202000038459";"154 674 764";"A01";"1";"33";"12";"0";"1";"1";"1";
"202000038460";"154 674 763";"A01";"0";"33";"14";"0";"1";"17";"1";
"202000038461";"154 674 762";"A01";"2";"7";"2";"0";"9";"1";"1";
"202000038462";"154 674 761";"A01";"0";"33";"1";"0";"1";"6";"0";
"202000038463";"154 674 760";"A01";"1";"33";"0";"0";"1";"1";"0";
"202000038464";"154 674 759";"A01";"1";"7";"0";"1";"5";"1";"1";
"202000038465";"154 674 757";"A01";"1";"7";"0";"2";"3";"13";"1";
"202000038465";"154 674 758";"B01";"2";"7";"0";"2";"3";"1";"1";
"202000038466";"154 674 756";"A01";"1";"33";"13";"0";"8";"1";"1";
"202000038467";"154 674 754";"A01";"1";"7";"0";"2";"7";"19";"1";
"202000038467";"154 674 755";"B01";"1";"7";"0";"2";"1";"1";"1";
"202000038468";"154 674 752";"A01";"1";"7";"0";"9";"7";"2";"0";
"202000038468";"154 674 753";"B01";"1";"1";"0";"2";"8";"2";"5";
"202000038469";"154 674 750";"A01";"1";"2";"0";"2";"1";"1";"1";
"202000038469";"154 674 751";"B01";"0";"7";"0";"2";"3";"10";"0";
"202000038470";"154 674 748";"B01";"1";"7";"0";"2";"1";"1";"1";
"202000038470";"154 674 749";"A01";"2";"7";"0";"2";"1";"13";"1";
"202000038471";"154 674 747";"A01";"2";"7";"0";"1";"1";"2";"1";
"202000038472";"154 674 745";"A01";"3";"7";"0";"2";"6";"15";"1";
"202000038472";"154 674 746";"B01";"2";"33";"0";"2";"2";"1";"1";
"202000038473";"154 674 744";"A01";"2";"7";"0";"1";"3";"1";"1";
"202000038474";"154 674 742";"B01";"1";"7";"0";"2";"3";"1";"1";
"202000038474";"154 674 743";"A01";"2";"7";"0";"2";"3";"13";"1";
"202000038475";"154 674 740";"A01";"2";"1";"0";"2";"1";"5";"5";
"202000038475";"154 674 741";"B01";"1";"7";"0";"2";"3";"1";"1";
"202000038476";"154 674 739";"A01";"1";"2";"13";"0";"1";"1";"1";
"202000038477";"154 674 737";"B01";"2";"7";"0";"2";"1";"1";"1";
"202000038477";"154 674 738";"A01";"1";"7";"0";"2";"1";"13";"1";
"202000038478";"154 674 736";"A01";"1";"7";"8";"0";"1";"1";"1";
"202000038479";"154 674 733";"A01";"2";"14";"0";"2";"0";"1";"1";
"202000038479";"154 674 734";"B01";"1";"33";"0";"9";"1";"1";"1";
"202000038480";"154 674 731";"B01";"1";"2";"0";"0";"1";"1";"1";
"202000038480";"154 674 732";"A01";"1";"2";"0";"0";"0";"13";"1";
"202000038481";"154 674 729";"A01";"1";"7";"0";"2";"1";"1";"1";
"202000038481";"154 674 730";"B01";"2";"7";"0";"2";"1";"1";"1";
"202000038482";"154 674 727";"A01";"2";"2";"0";"2";"1";"13";"1";
"202000038482";"154 674 728";"B01";"1";"7";"0";"2";"3";"1";"1";
"202000038483";"154 674 725";"B01";"2";"7";"0";"2";"3";"1";"1";
"202000038483";"154 674 726";"A01";"1";"3";"3";"2";"7";"1";"1";
"202000038484";"154 674 724";"A01";"1";"7";"2";"0";"8";"1";"1";
"202000038485";"154 674 723";"A01";"1";"7";"2";"0";"1";"1";"1";
"202000038486";"154 674 722";"A01";"3";"2";"16";"0";"7";"1";"1";
"202000038487";"154 674 721";"A01";"3";"7";"13";"0";"2";"0";"1";
"202000038488";"154 674 720";"A01";"0";"80";"0";"0";"0";"1";"3";
"202000038489";"154 674 718";"A01";"1";"32";"0";"2";"8";"17";"1";
"202000038489";"154 674 719";"B01";"2";"7";"0";"2";"8";"1";"1";
"202000038490";"154 674 717";"A01";"1";"7";"6";"0";"1";"1";"6";
"202000038491";"154 674 716";"A01";"1";"33";"0";"0";"8";"26";"1";
"202000038492";"154 674 714";"B01";"2";"7";"3";"0";"2";"2";"1";
"202000038492";"154 674 715";"A01";"2";"7";"0";"0";"1";"2";"1";
"202000038493";"154 674 712";"Z01";"1";"7";"0";"0";"0";"19";"0";
"202000038493";"154 674 713";"A01";"2";"1";"0";"2";"1";"1";"5";
"202000038494";"154 674 711";"A01";"1";"7";"0";"1";"2";"16";"0";
"202000038495";"154 674 709";"B01";"2";"10";"0";"2";"2";"1";"1";
"202000038495";"154 674 710";"A01";"1";"7";"0";"2";"1";"9";"1";
"202000038496";"154 674 707";"A01";"3";"7";"0";"2";"2";"1";"1";
"202000038496";"154 674 708";"B01";"3";"7";"0";"2";"8";"1";"1";
"202000038497";"154 674 706";"A01";"1";"7";"9";"0";"1";"1";"1";
"202000038498";"154 674 704";"A01";"0";"7";"0";"2";"1";"5";"1";
"202000038498";"154 674 705";"B01";"0";"7";"0";"2";"8";"1";"1";
"202000038499";"154 674 702";"A01";"1";"32";"0";"2";"7";"17";"1";
"202000038499";"154 674 703";"B01";"1";"7";"0";"2";"8";"15";"1";
"202000038500";"154 674 700";"B01";"2";"10";"0";"2";"5";"2";"1";
"202000038500";"154 674 701";"A01";"2";"30";"0";"2";"1";"1";"1";
"202000038501";"154 674 698";"A01";"1";"7";"0";"2";"5";"10";"0";
"202000038501";"154 674 699";"B01";"1";"7";"0";"2";"3";"1";"0";
"202000038502";"154 674 696";"B01";"0";"10";"0";"2";"1";"1";"1";
"202000038502";"154 674 697";"A01";"0";"7";"0";"2";"3";"16";"1";
"202000038503";"154 674 695";"A01";"0";"7";"0";"1";"3";"1";"0";
"202000038504";"154 674 694";"A01";"1";"7";"0";"1";"1";"1";"0";
"202000038505";"154 674 692";"B01";"2";"14";"0";"2";"3";"1";"1";
"202000038505";"154 674 693";"A01";"1";"33";"0";"2";"1";"17";"1";
"202000038506";"154 674 690";"A01";"2";"7";"0";"2";"1";"9";"1";
"202000038506";"154 674 691";"B01";"2";"7";"0";"2";"8";"1";"1";
"202000038507";"154 674 688";"A01";"2";"7";"0";"2";"2";"1";" -1";
"202000038507";"154 674 689";"B01";"2";"33";"0";"0";"6";"1";" -1";
"202000038508";"154 674 687";"A01";"3";"7";"1";"0";"1";"13";"1";
"202000038509";"154 674 686";"A01";"1";"7";"0";"1";"1";"13";"1";
"202000038510";"154 674 684";"B01";"3";"1";"0";"2";"7";"1";"5";
"202000038510";"154 674 685";"A01";"2";"7";"0";"2";"2";"16";"1";
"202000038511";"154 674 681";"Z01";"2";"10";"0";"2";"4";"12";"1";
"202000038511";"154 674 682";"B01";"2";"7";"0";"2";"1";"2";"1";
"202000038511";"154 674 683";"A01";"2";"7";"0";"2";"1";"2";"1";
"202000038512";"154 674 679";"A01";"1";"7";"0";"2";"1";"11";"3";
"202000038512";"154 674 680";"B01";"1";"7";"0";"2";"4";"23";"1";
"202000038513";"154 674 678";"A01";"2";"7";"0";"1";"1";"1";"1";
"202000038514";"154 674 676";"B01";"3";"42";"0";"2";"3";"13";"1";
"202000038514";"154 674 677";"A01";"3";"7";"0";"2";"2";"1";"2";
"202000038515";"154 674 675";"A01";"1";"7";"0";"1";"3";"1";"1";
"202000038516";"154 674 674";"A01";"2";"30";"0";"0";"0";"21";"1";
"202000038517";"154 674 673";"A01";"2";"1";"0";"0";"0";"1";"5";
"202000038518";"154 674 671";"A01";"1";"7";"0";"2";"6";"10";"1";
"202000038518";"154 674 672";"B01";"1";"7";"0";"2";"1";"1";"1";
"202000038519";"154 674 669";"B01";"1";"43";"1";"2";"1";"17";"1";
"202000038519";"154 674 670";"A01";"2";"7";"0";"2";"2";"10";"2";
"202000038520";"154 674 668";"A01";"1";"7";"0";"1";"1";"1";"1";
"202000038521";"154 674 667";"A01";"3";"10";"0";"1";"3";"1";"1";
"202000038522";"154 674 666";"A01";"1";"30";"0";"1";"1";"1";"1";
"202000038523";"154 674 665";"A01";"1";"7";"0";"1";"2";"1";"1";
"202000038524";"154 674 663";"B01";"3";"10";"0";"2";"3";"1";"1";
"202000038524";"154 674 664";"A01";"3";"7";"0";"2";"2";"1";"1";
"202000038525";"154 674 661";"A01";"2";"7";"0";"2";"1";"15";"1";
"202000038525";"154 674 662";"B01";"2";"2";"0";"2";"2";"1";"0";
"202000038526";"154 674 659";"B01";"2";"7";"0";"2";"5";"23";"1";
"202000038526";"154 674 660";"A01";"2";"50";"0";"2";"1";"17";"3";
"202000038527";"154 674 658";"A01";"1";"32";"0";"1";"1";"26";"0";
"202000038528";"154 674 657";"A01";"1";"10";"0";"1";"1";"15";"1";
"202000038529";"154 674 655";"A01";"1";"7";"0";"2";"8";"22";"1";
"202000038529";"154 674 656";"B01";"1";"1";"1";"0";"1";"1";"5";
"202000038530";"154 674 652";"B01";"1";"7";"0";"2";"2";"1";"1";
"202000038530";"154 674 653";"C01";"2";"7";"0";"2";"3";"1";"1";
"202000038530";"154 674 654";"A01";"2";"7";"0";"2";"0";"5";"0";
"202000038531";"154 674 650";"B01";"3";"7";"0";"2";"1";"1";"1";
"202000038531";"154 674 651";"A01";"3";"7";"15";"0";"1";"5";"1";
"202000038532";"154 674 648";"A01";"1";"10";"0";"2";"5";"4";"1";
"202000038532";"154 674 649";"B01";"1";"2";"0";"2";"2";"1";"1";
"202000038533";"154 674 646";"A01";"1";"7";"0";"2";"1";"1";"1";
"202000038533";"154 674 647";"B01";"1";"7";"0";"2";"3";"1";"1";
"202000038534";"154 674 645";"A01";"1";"7";"0";"1";"1";"15";"1";
"202000038535";"154 674 644";"A01";"1";"7";"0";"1";"2";"1";"1";
"202000038536";"154 674 642";"A01";"1";"7";"0";"2";"5";"12";"1";
"202000038536";"154 674 643";"B01";"1";"17";"0";"2";"1";"1";"1";
"202000038537";"154 674 640";"B01";"2";"32";"0";"2";"0";"3";"1";
"202000038537";"154 674 641";"A01";"2";"7";"0";"2";"6";"11";"1";
"202000038538";"154 674 639";"A01";"1";"7";"4";"0";"7";"2";"1";
"202000038539";"154 674 636";"B01";"1";"14";"0";"2";"1";"2";"1";
"202000038539";"154 674 637";"A01";"1";"13";"0";"2";"2";"2";"1";
"202000038539";"154 674 638";"C01";"1";"14";"0";"2";"4";"2";"1";
"202000038540";"154 674 634";"A01";"1";"10";"0";"2";"3";"2";"1";
"202000038540";"154 674 635";"B01";"1";"7";"0";"2";"5";"2";"1";
"202000038541";"154 674 632";"Z01";"2";"7";"0";"2";"1";"2";"0";
"202000038541";"154 674 633";"A01";"2";"7";"0";"2";"4";"2";"1";
"202000038542";"154 674 630";"A01";"1";"10";"1";"0";"1";"14";"1";
"202000038542";"154 674 631";"B01";"1";"7";"0";"2";"4";"24";"1";
"202000038543";"154 674 629";"A01";"2";"7";"4";"0";"1";"0";"1";
"202000038544";"154 674 628";"A01";"2";"7";"4";"0";"1";"14";"1";
"202000038545";"154 674 627";"A01";"2";"7";"0";"0";"9";"21";"1";
"202000038546";"154 674 624";"B01";"2";"7";"0";"2";"1";"1";"1";
"202000038546";"154 674 625";"C01";"2";"16";"0";"2";"9";"1";"1";
"202000038546";"154 674 626";"A01";"2";"7";"4";"2";"9";"1";"1";
"202000038547";"154 674 622";"B01";"3";"80";"0";"2";"7";"1";"3";
"202000038547";"154 674 623";"A01";"3";"7";"0";"2";"1";"15";"1";
"202000038548";"154 674 620";"A01";"1";"10";"0";"2";"1";"15";"1";
"202000038548";"154 674 621";"B01";"1";"2";"0";"2";"1";"1";"1";
"202000038549";"154 674 618";"B01";"1";"2";"0";"9";"0";"14";"1";
"202000038549";"154 674 619";"A01";"3";"7";"0";"2";"0";"1";"1";
"202000038550";"154 674 616";"A01";"1";"99";"0";"2";"8";"9";"1";
"202000038550";"154 674 617";"B01";"2";"33";"0";"2";"1";"0";"1";
"202000038551";"154 674 614";"B01";"1";"10";"0";"2";"6";"26";"1";
"202000038551";"154 674 615";"A01";"1";"7";"1";"0";"2";"1";"1";
"202000038552";"154 674 611";"A01";"1";"7";"0";"2";"1";"2";"1";
"202000038552";"154 674 612";"C01";"1";"7";"0";"2";"4";"2";"1";
"202000038552";"154 674 613";"B01";"1";"7";"0";"2";"4";"2";"1";
"202000038553";"154 674 610";"A01";"2";"7";"0";"1";"2";"1";"1";
"202000038554";"154 674 608";"B01";"2";"7";"0";"2";"6";"1";"1";
"202000038554";"154 674 609";"A01";"2";"7";"0";"2";"2";"1";"1";
"202000038555";"154 674 607";"A01";"3";"7";"12";"0";"1";"14";"1";
"202000038556";"154 674 605";"B01";"2";"1";"0";"2";"0";"26";"5";
"202000038556";"154 674 606";"A01";"1";"31";"0";"2";"2";"1";"1";
"202000038557";"154 674 604";"A01";"1";"30";"0";"1";"1";"17";"1";
"202000038558";"154 674 602";"A01";"1";"7";"0";"2";"5";"15";"1";
"202000038558";"154 674 603";"B01";"2";"33";"0";"2";"0";"0";"1";
"202000038559";"154 674 599";"B01";"1";"7";"0";"2";"1";"1";"1";
"202000038559";"154 674 600";"A01";"2";"3";"0";"2";"4";"9";"1";
"202000038560";"154 674 598";"A01";"2";"7";"1";"0";"8";"13";"1";
"202000038561";"154 674 597";"A01";"2";"10";"0";"1";"2";"1";"1";
"202000038562";"154 674 595";"B01";"1";"30";"0";"2";"1";"1";"1";
"202000038562";"154 674 596";"A01";"0";"7";"0";"2";"8";"15";"1";
"202000038563";"154 674 593";"A01";"1";"7";"0";"2";"1";"13";"1";
"202000038563";"154 674 594";"B01";"2";"7";"0";"2";"1";"1";"1";
"202000038564";"154 674 591";"A01";"3";"7";"0";"2";"1";"13";"1";
"202000038564";"154 674 592";"B01";"3";"3";"0";"2";"3";"1";"1";
"202000038565";"154 674 587";"A01";"2";"10";"1";"0";"1";"14";"1";
"202000038565";"154 674 588";"B01";"2";"7";"0";"2";"4";"24";"1";
"202000038566";"154 674 586";"A01";"1";"7";"2";"0";"2";"1";"1";
"202000038567";"154 674 584";"B01";"1";"7";"0";"2";"7";"19";"1";
"202000038567";"154 674 585";"A01";"1";"7";"0";"2";"1";"19";"1";
"202000038568";"154 674 582";"B01";"2";"31";"0";"0";"0";"9";"0";
"202000038568";"154 674 583";"A01";"0";"7";"0";"2";"0";"9";"1";
"202000038569";"154 674 579";"A01";"1";"10";"0";"2";"1";"1";"1";
"202000038569";"154 674 580";"C01";"1";"7";"0";"2";"4";"1";"1";
"202000038569";"154 674 581";"B01";"1";"7";"0";"2";"4";"1";"1";
"202000038570";"154 674 577";"B01";"2";"1";"0";"4";"8";"19";"5";
"202000038570";"154 674 578";"A01";"2";"40";"0";"2";"2";"1";"3";
"202000038571";"154 674 576";"A01";"2";"33";"9";"0";"1";"14";"1";
"202000038572";"154 674 574";"A01";"2";"7";"0";"2";"2";"17";"1";
"202000038572";"154 674 575";"B01";"2";"7";"0";"2";"6";"2";"0";
"202000038573";"154 674 572";"B01";"1";"7";"0";"2";"4";"1";"1";
"202000038573";"154 674 573";"A01";"1";"7";"0";"2";"1";"1";"1";
"202000038574";"154 674 571";"A01";"0";"10";"0";"2";"7";"26";"1";
"202000038575";"154 674 570";"A01";"1";"7";"0";"1";"1";"1";"1";
"202000038576";"154 674 568";"A01";"2";"7";"0";"2";"3";"26";"1";
"202000038576";"154 674 569";"B01";"2";"7";"0";"2";"2";"1";"1";
"202000038577";"154 674 566";"B01";"2";"7";"0";"2";"1";"1";"2";
"202000038577";"154 674 567";"A01";"3";"1";"0";"2";"1";"19";"5";
"202000038578";"154 674 564";"A01";"2";"7";"0";"2";"6";"12";"1";
"202000038578";"154 674 565";"B01";"2";"7";"0";"2";"3";"14";"1";
"202000038579";"154 674 562";"B01";"3";"7";"0";"2";"2";"1";"1";
"202000038579";"154 674 563";"A01";"3";"7";"7";"2";"8";"1";"1";
"202000038580";"154 674 561";"Z01";"1";"0";" -1";"1";"1";"1";" -1";
"202000038581";"154 674 559";"A01";"2";"7";"0";"2";"5";"4";"1";
"202000038581";"154 674 560";"B01";"1";"7";"0";"2";"2";"1";"1";
"202000038582";"154 674 557";"A01";"1";"33";"0";"2";"1";"1";"1";
"202000038582";"154 674 558";"B01";"1";"7";"0";"2";"4";"23";"1";
"202000038583";"154 674 555";"A01";"1";"7";"0";"2";"3";"13";"1";
"202000038583";"154 674 556";"B01";"1";"33";"0";"2";"2";"17";"1";
"202000038584";"154 674 553";"A01";"1";"2";"0";"2";"1";"26";"1";
"202000038584";"154 674 554";"B01";"1";"7";"0";"2";"8";"19";"1";
"202000038585";"154 674 552";"A01";"2";"10";"0";"1";"1";"1";"1";
"202000038586";"154 674 551";"A01";"2";"43";"0";"0";"0";"14";"1";
"202000038587";"154 674 549";"A01";"2";"33";"0";"2";"0";"14";"1";
"202000038587";"154 674 550";"B01";"2";"7";"0";"2";"4";"1";"0";
"202000038588";"154 674 548";"A01";"2";"2";"0";"1";"1";"1";"1";
"202000038589";"154 674 546";"B01";"1";"2";"0";"2";"1";"1";"1";
"202000038589";"154 674 547";"A01";"1";"7";"0";"2";"2";"9";"1";
"202000038590";"154 674 544";"A01";"1";"7";"0";"2";"3";"16";"1";
"202000038590";"154 674 545";"B01";"1";"50";"0";"2";"1";"1";"3";
"202000038591";"154 674 542";"Z01";"1";"7";"0";"2";"8";"11";"0";
"202000038591";"154 674 543";"A01";"1";"32";"0";"2";"7";"1";"1";
"202000038592";"154 674 541";"A01";"1";"7";"0";"1";"3";"1";"2";
"202000038593";"154 674 540";"A01";"2";"7";"11";"0";"3";"13";"1";
"202000038594";"154 674 538";"A01";"2";"7";"0";"2";"3";"1";"0";
"202000038594";"154 674 539";"B01";"1";"7";"0";"2";"1";"2";"0";
"202000038595";"154 674 536";"A01";" -1";"7";"0";"2";"1";"1";"1";