"Num_Acc";"id_vehicule";"num_veh";"senc";"catv";"obs";"obsm";"choc";"manv";"motor";"occutc"
"202000039007";"154 673 801";"B01";"3";"7";"0";"2";"3";"20";"1";
"202000039007";"154 673 802";"A01";"3";"7";"0";"2";"1";"21";"1";
"202000039008";"154 673 800";"A01";"3";"7";"13";"0";"2";"1";"1";
"202000039009";"154 673 799";"A01";"2";"7";"0";"0";"9";"1";"0";
"202000039010";"154 673 798";"A01";"2";"7";"0";"1";"2";"19";"1";
"202000039011";"154 673 797";"A01";"3";"7";"2";"0";"2";"1";"0";
"202000039012";"154 673 795";"B01";"1";"7";"0";"2";"1";"1";"1";
"202000039012";"154 673 796";"A01";"2";"7";"0";"2";"1";"13";"1";
"202000039013";"154 673 793";"B01";"1";"7";"0";"2";"1";"1";"1";
"202000039013";"154 673 794";"A01";"2";"7";"0";"2";"1";"13";"1";
"202000039014";"154 673 792";"A01";"2";"31";"0";"0";"0";"17";"1";
"202000039015";"154 673 791";"A01";"2";"7";"2";"0";"1";"1";"1";
"202000039016";"154 673 789";"B01";"2";"32";"0";"2";"1";"1";"1";
"202000039016";"154 673 790";"A01";"1";"10";"0";"2";"7";"15";"1";
"202000039017";"154 673 788";"A01";"1";"7";"0";"1";"1";"1";"1";
"202000039018";"154 673 786";"B01";"0";"32";"0";"2";"1";"1";"1";
"202000039018";"154 673 787";"A01";"0";"7";"0";"2";"3";"15";"1";
"202000039019";"154 673 784";"B01";"1";"31";"0";"2";"1";"1";"1";
"202000039019";"154 673 785";"A01";"2";"7";"4";"2";"2";"13";"1";
"202000039020";"154 673 783";"A01";"2";"13";"0";"1";"1";"1";"1";
"202000039021";"154 673 781";"A01";"1";"33";"0";"2";"1";"2";"1";
"202000039021";"154 673 782";"B01";"1";"7";"0";"0";"4";"1";"1";
"202000039022";"154 673 779";"B01";"3";"80";"0";"2";"8";"15";"3";
"202000039022";"154 673 780";"A01";"0";"7";"0";"9";"1";"1";"1";
"202000039023";"154 673 778";"A01";"2";"7";"0";"1";"2";"1";"1";
"202000039024";"154 673 777";"A01";"1";"7";"0";"1";"2";"1";"1";
"202000039025";"154 673 775";"A01";"3";"7";"0";"2";"3";"1";"1";
"202000039025";"154 673 776";"B01";"3";"33";"0";"2";"1";"17";"1";
"202000039026";"154 673 774";"A01";"1";"50";"4";"0";"1";"1";"3";
"202000039027";"154 673 772";"B01";"1";"10";"0";"0";"3";"1";"1";
"202000039027";"154 673 773";"A01";"1";"7";"4";"0";"5";"17";"1";
"202000039028";"154 673 770";"B01";"2";"7";"0";"2";"4";"2";"1";
"202000039028";"154 673 771";"A01";"2";"2";"0";"2";"1";"2";"1";
"202000039029";"154 673 769";"A01";"1";"7";"0";"1";"1";"1";"0";
"202000039030";"154 673 767";"B01";"2";"34";"0";"2";"1";"2";"1";
"202000039030";"154 673 768";"A01";"2";"7";"0";"2";"4";"1";"1";
"202000039031";"154 673 765";"A01";"2";"7";"4";"2";"2";"21";"1";
"202000039031";"154 673 766";"B01";"2";"33";"0";"2";"3";"1";"1";
"202000039032";"154 673 764";"A01";"1";"10";"2";"0";"3";"14";"1";
"202000039033";"154 673 762";"A01";"2";"7";"4";"0";"1";"14";"1";
"202000039033";"154 673 763";"B01";"1";"7";"0";"2";"4";"1";"1";
"202000039034";"154 673 760";"A01";"2";"10";"0";"2";"6";"12";"1";
"202000039034";"154 673 761";"B01";"2";"33";"0";"2";"7";"3";"1";
"202000039035";"154 673 759";"A01";"1";"7";"3";"0";"1";"14";"1";
"202000039036";"154 673 756";"C01";"2";"33";"0";"2";"8";"3";"1";
"202000039036";"154 673 757";"A01";"2";"10";"0";"2";"7";"14";"1";
"202000039036";"154 673 758";"B01";"2";"7";"0";"2";"5";"1";"1";
"202000039037";"154 673 755";"A01";"1";"7";"0";"1";"0";"15";"1";
"202000039038";"154 673 753";"B01";"3";"7";"0";"2";"1";"15";"1";
"202000039038";"154 673 754";"A01";"2";"7";"0";"2";"1";"16";"1";
"202000039039";"154 673 751";"B01";"2";"7";"0";"2";"3";"1";"1";
"202000039039";"154 673 752";"A01";"1";"7";"0";"2";"3";"13";"1";
"202000039040";"154 673 749";"B01";"2";"7";"0";"2";"4";"26";"1";
"202000039040";"154 673 750";"A01";"2";"7";"0";"2";"1";"26";"1";
"202000039041";"154 673 747";"A01";"1";"7";"0";"2";"7";"15";"1";
"202000039041";"154 673 748";"B01";"2";"1";"0";"2";"0";"0";"5";
"202000039042";"154 673 746";"A01";"0";"32";"0";"1";"3";"1";"1";
"202000039043";"154 673 745";"A01";"3";"7";"8";"0";"1";"26";"1";
"202000039044";"154 673 744";"A01";"1";"7";"4";"0";"3";"1";"1";
"202000039045";"154 673 743";"A01";"3";"40";"0";"1";"2";"26";"3";
"202000039046";"154 673 741";"B01";"3";"1";"0";"2";"1";"19";"0";
"202000039046";"154 673 742";"A01";"3";"7";"0";"2";"3";"16";"1";
"202000039047";"154 673 739";"A01";"3";"7";"0";"2";"3";"15";"1";
"202000039047";"154 673 740";"B01";"3";"32";"0";"2";"5";"17";"1";
"202000039048";"154 673 737";"B01";"1";"33";"0";"2";"3";"1";"0";
"202000039048";"154 673 738";"A01";"1";"7";"0";"2";"3";"13";"0";
"202000039049";"154 673 735";"A01";"3";"30";"0";"2";"7";"9";"1";
"202000039049";"154 673 736";"B01";"3";"33";"0";"2";"3";"1";"1";
"202000039050";"154 673 733";"A01";"2";"7";"0";"2";"8";"9";"1";
"202000039050";"154 673 734";"B01";"2";"15";"0";"2";"7";"1";"1";
"202000039051";"154 673 731";"B01";"3";"2";"0";"2";"1";"1";"1";
"202000039051";"154 673 732";"A01";"3";"7";"0";"2";"3";"13";"1";
"202000039052";"154 673 726";"A01";"1";"7";"0";"2";"1";"14";"0";
"202000039052";"154 673 727";"B01";"1";"7";"0";"2";"4";"23";"0";
"202000039052";"154 673 729";"C01";"1";"7";"0";"2";"4";"23";"0";
"202000039052";"154 673 730";"D01";"1";"7";"0";"2";"4";"23";"0";
"202000039053";"154 673 725";"B01";"3";"1";"0";"2";"4";"1";"5";
"202000039053";"154 673 728";"A01";"3";"7";"0";"2";"2";"1";"1";
"202000039054";"154 673 723";"A01";"2";"7";"0";"2";"3";"15";"1";
"202000039054";"154 673 724";"B01";"1";"31";"0";"2";"8";"1";"1";
"202000039055";"154 673 722";"A01";"2";"7";"0";"1";"1";"1";"1";
"202000039056";"154 673 719";"A01";"2";"7";"0";"2";"8";"15";"0";
"202000039056";"154 673 721";"B01";"1";"2";"0";"2";"1";"17";"0";
"202000039057";"154 673 715";"B01";"1";"17";"0";"2";"1";"1";"1";
"202000039057";"154 673 717";"A01";"2";"7";"3";"2";"1";"1";"1";
"202000039058";"154 673 713";"A01";"0";"7";"0";"1";"1";"9";"0";
"202000039059";"154 673 714";"A01";"1";"14";"0";"2";"0";"15";"6";
"202000039059";"154 673 716";"B01";"1";"1";"0";"2";"0";"17";"0";
"202000039060";"154 673 710";"A01";"2";"17";"0";"9";"6";"1";"1";
"202000039060";"154 673 712";"B01";"2";"50";"0";"2";"3";"1";"3";
"202000039061";"154 673 709";"A01";"1";"7";"0";"1";"2";"1";"1";
"202000039062";"154 673 706";"B01";"1";"1";"1";"0";"1";"1";"5";
"202000039062";"154 673 708";"A01";"1";"7";"0";"9";"8";"24";"1";
"202000039063";"154 673 704";"A01";"1";"7";"0";"1";"2";"1";"1";
"202000039064";"154 673 702";"A01";"1";"99";"0";"2";"1";"2";"1";
"202000039064";"154 673 703";"B01";"1";"7";"0";"2";"4";"2";"1";
"202000039064";"154 673 705";"C01";"1";"7";"0";"2";"4";"2";"1";
"202000039065";"154 673 701";"A01";"1";"10";"0";"1";"8";"1";"0";
"202000039066";"154 673 699";"A01";"1";"7";"6";"2";"3";"1";"1";
"202000039066";"154 673 700";"B01";"2";"7";"0";"2";"3";"1";"0";
"202000039067";"154 673 697";"A01";"2";"7";"0";"2";"1";"1";"1";
"202000039067";"154 673 698";"B01";"1";"1";"0";"2";"7";"1";"5";
"202000039068";"154 673 695";"B01";"3";"7";"1";"1";"8";"24";"1";
"202000039068";"154 673 696";"A01";"3";"10";"1";"0";"1";"0";"1";
"202000039069";"154 673 693";"A01";"2";"7";"0";"2";"1";"1";"1";
"202000039069";"154 673 694";"B01";"3";"7";"0";"2";"8";"1";"1";
"202000039070";"154 673 690";"A01";"2";"7";"0";"2";"1";"13";"1";
"202000039070";"154 673 691";"B01";"1";"10";"0";"2";"8";"1";"1";
"202000039070";"154 673 692";"C01";"1";"10";"0";"2";"1";"1";"1";
"202000039071";"154 673 689";"A01";"1";"7";"13";"0";"2";"13";"1";
"202000039072";"154 673 688";"A01";"1";"7";"0";"0";"9";"1";"1";
"202000039073";"154 673 684";"B01";"1";"7";"0";"2";"1";"1";"1";
"202000039073";"154 673 687";"A01";"2";"1";"0";"2";"8";"1";"5";
"202000039074";"154 673 685";"B01";"3";"10";"0";"2";"3";"15";"1";
"202000039074";"154 673 686";"A01";"3";"1";"0";"2";"2";"16";"5";
"202000039075";"154 673 681";"A01";"2";"15";"3";"0";"2";"1";"1";
"202000039076";"154 673 682";"A01";"2";"32";"0";"2";"3";"13";"1";
"202000039076";"154 673 683";"B01";"1";"7";"0";"2";"3";"1";"1";
"202000039077";"154 673 680";"A01";"1";"15";"6";"0";"7";"1";"1";
"202000039078";"154 673 678";"A01";"1";"7";"0";"2";"1";"2";"1";
"202000039078";"154 673 679";"B01";"1";"7";"0";"2";"4";"1";"1";
"202000039079";"154 673 675";"A01";"2";"7";"3";"0";"1";"1";"1";
"202000039080";"154 673 676";"A01";"2";"7";"0";"2";"1";"2";"1";
"202000039080";"154 673 677";"B01";"2";"7";"0";"0";"4";"1";"1";
"202000039081";"154 673 673";"A01";"2";"7";"0";"2";"1";"13";"1";
"202000039081";"154 673 674";"B01";"1";"36";"0";"2";"3";"1";"1";
"202000039082";"154 673 672";"A01";"1";"7";"3";"0";"1";"1";"1";
"202000039083";"154 673 671";"A01";"0";"7";"0";"1";"1";"1";"1";
"202000039084";"154 673 669";"A01";"1";"10";"0";"2";"1";"1";"1";
"202000039084";"154 673 670";"B01";"1";"30";"0";"2";"1";"26";"0";
"202000039085";"154 673 668";"A01";"0";"7";"6";"0";"2";"16";"1";
"202000039086";"154 673 664";"B01";"0";"10";"14";"2";"7";"15";"1";
"202000039086";"154 673 666";"A01";"1";"7";"0";"2";"1";"1";"1";
"202000039087";"154 673 663";"A01";"1";"17";"7";"2";"7";"6";"1";
"202000039087";"154 673 665";"B01";"2";"7";"0";"2";"8";"1";"1";
"202000039087";"154 673 667";"C01";"2";"17";"0";"2";"1";"1";"1";
"202000039088";"154 673 660";"A01";"1";"10";"0";"2";"1";"1";"1";
"202000039088";"154 673 662";"B01";"2";"37";"0";"2";"1";"1";"1";"7"
"202000039089";"154 673 659";"A01";"2";"7";"0";"2";"3";"9";"1";
"202000039089";"154 673 661";"B01";"1";"3";"0";"2";"2";"1";"0";
"202000039090";"154 673 657";"A01";"3";"33";"6";"0";"2";"1";"1";
"202000039091";"154 673 656";"A01";"1";"7";"8";"2";"1";"13";"1";
"202000039091";"154 673 658";"B01";"2";"7";"0";"2";"1";"1";"1";
"202000039092";"154 673 653";"A01";"2";"7";"0";"2";"7";"15";"1";
"202000039092";"154 673 654";"B01";"2";"7";"0";"2";"1";"1";"1";
"202000039093";"154 673 652";"B01";"1";"7";"0";"2";"1";"19";"0";
"202000039093";"154 673 655";"A01";"1";"7";"0";"6";"1";"19";"0";
"202000039094";"154 673 650";"B01";"2";"30";"0";"2";"1";"1";"1";
"202000039094";"154 673 651";"A01";"1";"7";"0";"2";"2";"15";"1";
"202000039095";"154 673 648";"B01";"3";"7";"0";"2";"3";"1";"1";
"202000039095";"154 673 649";"A01";"3";"7";"0";"2";"6";"26";"1";
"202000039096";"154 673 645";"C01";"2";"7";"0";"2";"3";"1";"1";
"202000039096";"154 673 646";"B01";"2";"7";"0";"2";"8";"1";"1";
"202000039096";"154 673 647";"A01";"1";"7";"0";"2";"3";"1";"1";
"202000039097";"154 673 642";"C01";"1";"15";"0";"2";"7";"1";"1";
"202000039097";"154 673 643";"A01";"2";"7";"0";"2";"1";"0";"1";
"202000039097";"154 673 644";"B01";"2";"7";"0";"2";"4";"0";"1";
"202000039098";"154 673 640";"A01";"3";"7";"0";"2";"3";"0";"1";
"202000039098";"154 673 641";"B01";"3";"7";"0";"2";"3";"0";"1";
"202000039099";"154 673 638";"B01";"2";"7";"0";"2";"3";"1";"1";
"202000039099";"154 673 639";"A01";"1";"7";"0";"2";"3";"1";"1";
"202000039100";"154 673 636";"A01";"1";"7";"0";"2";"3";"13";"1";
"202000039100";"154 673 637";"B01";"2";"7";"0";"2";"3";"1";"1";
"202000039101";"154 673 635";"A01";"1";"7";"13";"0";"3";"13";"1";
"202000039102";"154 673 632";"A01";"3";"7";"0";"2";"1";"1";"1";
"202000039102";"154 673 634";"B01";"3";"7";"0";"2";"1";"15";"1";
"202000039103";"154 673 627";"A01";"2";"2";"0";"2";"1";"1";"1";
"202000039103";"154 673 628";"B01";"1";"7";"0";"2";"8";"9";"1";
"202000039104";"154 673 625";"D01";"2";"7";"0";"2";"4";"1";"1";
"202000039104";"154 673 626";"A01";"2";"7";"0";"2";"1";"1";"1";
"202000039104";"154 673 629";"B01";"2";"10";"0";"2";"4";"1";"1";
"202000039104";"154 673 630";"C01";"2";"7";"0";"2";"1";"1";"1";
"202000039105";"154 673 622";"C01";"2";"15";"0";"2";"1";"2";"1";
"202000039105";"154 673 623";"B01";"2";"10";"0";"2";"4";"2";"1";
"202000039105";"154 673 624";"A01";"2";"7";"0";"2";"4";"2";"1";
"202000039106";"154 673 621";"A01";"2";"7";"1";"0";"2";"9";"1";
"202000039107";"154 673 619";"B01";"1";"7";"0";"2";"1";"2";"1";
"202000039107";"154 673 620";"A01";"1";"7";"0";"2";"4";"2";"1";
"202000039108";"154 673 617";"B01";"3";"7";"0";"2";"3";"1";"1";
"202000039108";"154 673 618";"A01";"3";"7";"0";"2";"1";"19";"1";
"202000039109";"154 673 614";"A01";"1";"7";"0";"2";"4";"23";"1";
"202000039109";"154 673 615";"B01";"1";"7";"0";"2";"1";"0";"1";
"202000039109";"154 673 616";"C01";"1";"7";"0";"2";"1";"0";"1";
"202000039110";"154 673 611";"B01";"1";"1";"0";"2";"1";"26";"5";
"202000039110";"154 673 613";"A01";"1";"7";"0";"2";"8";"9";"1";
"202000039111";"154 673 604";"B01";"1";"7";"0";"2";"1";"1";"1";
"202000039111";"154 673 605";"D01";"1";"7";"0";"2";"1";"1";"1";
"202000039111";"154 673 606";"C01";"1";"7";"0";"2";"1";"1";"2";
"202000039111";"154 673 607";"A01";"1";"7";"0";"2";"4";"1";"1";
"202000039112";"154 673 601";"A01";"1";"10";"0";"2";"1";"1";"1";
"202000039112";"154 673 603";"B01";"1";"7";"0";"2";"4";"2";"1";
"202000039113";"154 673 600";"A01";"2";"7";"0";"2";"1";"9";"1";
"202000039113";"154 673 602";"B01";"1";"7";"0";"2";"2";"1";"1";
"202000039114";"154 673 596";"A01";"3";"1";"2";"0";"1";"14";"5";
"202000039115";"154 673 594";"A01";"1";"32";"15";"0";"0";"0";"1";
"202000039116";"154 673 593";"A01";"1";"2";"12";"0";"0";"15";"1";
"202000039117";"154 673 592";"A01";"3";"10";"0";"1";"4";"26";"1";
"202000039118";"154 673 595";"A01";"1";"10";"0";"2";"1";"2";"1";
"202000039118";"154 673 597";"B01";"1";"7";"0";"2";"4";"14";"1";
"202000039118";"154 673 598";"C01";"1";"7";"0";"2";"1";"2";"1";
"202000039118";"154 673 599";"D01";"1";"10";"0";"2";"0";"0";"1";
"202000039119";"154 673 590";"A01";"1";"31";"11";"2";"1";"21";"1";
"202000039119";"154 673 591";"B01";"1";"15";"0";"2";"4";"1";"1";
"202000039120";"154 673 585";"A01";"1";"7";"0";"2";"4";"1";"1";
"202000039120";"154 673 586";"B01";"1";"7";"0";"2";"1";"1";"1";
"202000039121";"154 673 584";"A01";"1";"36";"0";"2";"9";"1";"1";
"202000039122";"154 673 583";"A01";"1";"41";"8";"0";"7";"25";"3";
"202000039123";"154 673 581";"B01";"1";"7";"0";"2";"1";"1";"1";
"202000039123";"154 673 582";"A01";"3";"7";"0";"2";"8";"19";"1";
"202000039124";"154 673 579";"B01";"2";"7";"0";"2";"2";"11";"1";
"202000039124";"154 673 580";"A01";"2";"7";"0";"2";"3";"1";"1";
"202000039125";"154 673 587";"C01";"2";"7";"0";"2";"4";"1";"1";
"202000039125";"154 673 588";"B01";"2";"7";"0";"2";"7";"12";"1";
"202000039125";"154 673 589";"A01";"2";"33";"0";"2";"3";"3";"1";
"202000039126";"154 673 577";"B01";"0";"33";"0";"2";"1";"1";"1";
"202000039126";"154 673 578";"A01";"1";"7";"0";"2";"1";"15";"1";
"202000039127";"154 673 575";"A01";"1";"7";"0";"9";"5";"17";"1";
"202000039127";"154 673 576";"B01";"1";"1";"0";"2";"3";"13";"5";
"202000039128";"154 673 572";"A01";"0";"7";"0";"2";"2";"26";"1";
"202000039128";"154 673 573";"B01";"0";"7";"0";"2";"6";"0";"0";
"202000039129";"154 673 570";"A01";"2";"10";"0";"2";"1";"0";"1";
"202000039129";"154 673 571";"B01";"2";"15";"0";"2";"4";"0";"1";
"202000039130";"154 673 568";"B01";"3";"7";"0";"2";"0";"1";"1";
"202000039130";"154 673 574";"A01";"3";"7";"0";"2";"7";"1";"1";
"202000039131";"154 673 567";"B01";"1";"7";"0";"2";"7";"1";"1";
"202000039131";"154 673 569";"A01";"1";"32";"0";"2";"8";"11";"1";
"202000039132";"154 673 565";"B01";"2";"50";"0";"2";"1";"23";"3";
"202000039132";"154 673 566";"A01";"2";"7";"0";"2";"3";"15";"1";
"202000039133";"154 673 563";"B01";"2";"7";"0";"2";"5";"2";"1";
"202000039133";"154 673 564";"A01";"2";"37";"0";"2";"3";"2";"1";"1"
"202000039134";"154 673 559";"C01";"1";"7";"0";"2";"4";"2";"1";
"202000039134";"154 673 560";"A01";"1";"17";"0";"2";"1";"9";"1";
"202000039134";"154 673 561";"B01";"1";"7";"0";"2";"4";"2";"1";
"202000039135";"154 673 562";"A01";"3";"7";"0";"1";"1";"1";"1";
"202000039136";"154 673 557";"A01";"2";"7";"0";"2";"3";"11";"1";
"202000039136";"154 673 558";"B01";"2";"33";"0";"2";"2";"1";"1";
"202000039137";"154 673 555";"B01";"2";"7";"0";"2";"1";"1";"1";
"202000039137";"154 673 556";"A01";"1";"7";"0";"2";"3";"19";"1";
"202000039138";"154 673 551";"A01";"1";"7";"0";"2";"6";"9";"1";
"202000039138";"154 673 552";"B01";"1";"33";"0";"2";"1";"1";"1";
"202000039139";"154 673 550";"A01";"2";"7";"0";"0";"0";"26";"1";
"202000039139";"154 673 553";"B01";"2";"7";"0";"0";"0";"0";"1";
"202000039139";"154 673 554";"C01";"2";"10";"0";"0";"0";"0";"1";
"202000039140";"154 673 546";"A01";"1";"30";"0";"2";"1";"19";"1";
"202000039140";"154 673 549";"B01";"1";"7";"0";"2";"3";"19";"1";
"202000039141";"154 673 545";"C01";"1";"33";"0";"2";"3";"3";"1";
"202000039141";"154 673 547";"B01";"1";"7";"0";"2";"3";"1";"1";
"202000039141";"154 673 548";"A01";"1";"7";"0";"2";"5";"1";"1";
"202000039142";"154 673 543";"A01";"2";"10";"0";"2";"3";"12";"1";
"202000039142";"154 673 544";"B01";"2";"32";"0";"2";"4";"1";"1";
"202000039143";"154 673 542";"A01";"3";"30";"0";"1";"1";"1";"0";
"202000039144";"154 673 540";"B01";"1";"33";"0";"2";"1";"3";"1";
"202000039144";"154 673 541";"A01";"1";"7";"0";"2";"5";"12";"1";
"202000039145";"154 673 537";"A01";"2";"7";"0";"2";"2";"16";"1";
"202000039145";"154 673 539";"B01";"2";"32";"0";"2";"8";"1";"1";
"202000039146";"154 673 536";"B01";"1";"7";"0";"2";"4";"23";"1";
"202000039146";"154 673 538";"A01";"1";"7";"0";"2";"1";"2";"1";
"202000039147";"154 673 533";"B01";"3";"7";"0";"2";"4";"1";"1";
"202000039147";"154 673 535";"A01";"3";"15";"0";"2";"1";"1";"1";
"202000039148";"154 673 532";"A01";"1";"32";"0";"2";"1";"1";"1";
"202000039148";"154 673 534";"B01";"1";"7";"0";"2";"4";"23";"1";
"202000039149";"154 673 529";"A01";"0";"7";"0";"2";"3";"19";"1";
"202000039149";"154 673 531";"B01";"0";"32";"0";"0";"2";"1";"1";
"202000039150";"154 673 528";"B01";"1";"50";"0";"2";"1";"1";"3";
"202000039150";"154 673 530";"A01";"1";"10";"0";"2";"2";"16";"1";
"202000039151";"154 673 525";"B01";"1";"1";"0";"2";"7";"1";"5";
"202000039151";"154 673 526";"A01";"1";"37";"0";"2";"3";"9";"2";"1"
"202000039152";"154 673 524";"B01";"2";"7";"0";"2";"1";"1";"1";
"202000039152";"154 673 527";"A01";"1";"7";"0";"2";"2";"1";"1";
"202000039153";"154 673 523";"A01";"2";"7";"8";"0";"1";"14";"1";
"202000039154";"154 673 521";"A01";"1";"7";"0";"2";"1";"2";"1";
"202000039154";"154 673 522";"B01";"0";"7";"0";"2";"4";"2";"1";
"202000039155";"154 673 520";"A01";"0";"10";"0";"1";"1";"15";"1";
"202000039156";"154 673 519";"A01";"2";"50";"0";"1";"1";"1";"3";
"202000039157";"154 673 517";"A01";"2";"1";"0";"2";"3";"10";"5";
"202000039157";"154 673 518";"B01";"2";"37";"0";"2";"7";"17";"2";"1"
"202000039158";"154 673 516";"A01";"0";"33";"0";"0";"0";"14";"1";
"202000039159";"154 673 515";"A01";"3";"50";"14";"0";"1";"1";"3";
"202000039160";"154 673 513";"A01";"3";"31";"0";"2";"8";"9";"1";
"202000039160";"154 673 514";"B01";"3";"10";"0";"2";"2";"1";"1";
"202000039161";"154 673 511";"A01";"1";"13";"0";"2";"2";"22";"6";
"202000039161";"154 673 512";"B01";"1";"32";"0";"2";"3";"18";"1";
"202000039162";"154 673 508";"B01";"2";"7";"0";"2";"3";"1";"1";
"202000039162";"154 673 509";"A01";"1";"33";"0";"2";"2";"1";"1";
"202000039163";"154 673 504";"A01";"1";"7";"0";"2";"4";"2";"1";
"202000039163";"154 673 505";"B01";"1";"30";"0";"2";"1";"2";"1";
"202000039164";"154 673 501";"A01";"1";"34";"0";"2";"1";"1";"1";
"202000039164";"154 673 503";"B01";"1";"7";"0";"2";"2";"1";"1";
"202000039165";"154 673 500";"B01";"2";"33";"0";"2";"1";"1";"1";
"202000039165";"154 673 502";"A01";"1";"7";"0";"2";"7";"15";"1";
"202000039166";"154 673 497";"B01";"2";"7";"0";"2";"1";"1";"1";
"202000039166";"154 673 499";"A01";"2";"30";"0";"2";"8";"19";"1";
"202000039167";"154 673 496";"A01";"1";"10";"1";"0";"2";"15";"1";
"202000039167";"154 673 498";"B01";"1";"7";"0";"2";"6";"23";"1";
"202000039168";"154 673 493";"B01";"2";"7";"0";"2";"2";"15";"0";
"202000039168";"154 673 495";"A01";"1";"2";"0";"2";"1";"1";"0";
"202000039169";"154 673 492";"B01";"3";"1";"0";"2";"6";"1";"5";
"202000039169";"154 673 494";"A01";"3";"7";"0";"2";"2";"16";"1";
"202000039170";"154 673 489";"A01";"2";"7";"0";"2";"1";"2";"1";
"202000039170";"154 673 491";"B01";"2";"10";"0";"2";"4";"23";"1";
"202000039171";"154 673 488";"B01";"1";"7";"0";"2";"7";"1";"1";
"202000039171";"154 673 490";"A01";"1";"7";"0";"2";"3";"1";"1";
"202000039172";"154 673 486";"A01";"2";"10";"0";"2";"1";"2";"1";
"202000039172";"154 673 487";"B01";"2";"10";"0";"2";"4";"2";"1";
"202000039173";"154 673 484";"Z01";"2";"7";"0";"1";"1";"14";"1";
"202000039174";"154 673 483";"B01";"1";"7";"0";"2";"7";"0";"0";
"202000039174";"154 673 485";"A01";"2";"2";"0";"2";"1";"26";"0";
"202000039175";"154 673 480";"B01";"2";"2";"0";"2";"3";"1";"3";
"202000039175";"154 673 481";"A01";"1";"7";"1";"2";"2";"9";"1";
"202000039176";"154 673 478";"B01";" -1";"33";"8";"0";"8";"1";"1";
"202000039176";"154 673 479";"A01";" -1";"7";"0";"2";"1";"15";"1";
"202000039177";"154 673 477";"A01";"3";"30";"0";"0";"0";"0";"1";
"202000039178";"154 673 475";"B01";"1";"1";"14";"2";"1";"19";"5";
"202000039178";"154 673 476";"A01";"1";"7";"0";"2";"1";"19";"1";
"202000039179";"154 673 473";"A01";"3";"7";"0";"2";"1";"14";"1";
"202000039179";"154 673 474";"B01";"3";"7";"0";"2";"8";"2";"1";
"202000039180";"154 673 471";"Z01";"3";"7";"0";"2";"3";"15";"1";
"202000039180";"154 673 472";"B01";"2";"30";"0";"2";"1";"16";"1";
"202000039181";"154 673 482";"A01";"2";"7";"0";"1";"2";"1";"1";
"202000039182";"154 673 469";"B01";" -1";"7";"0";"2";"7";"1";"1";
"202000039182";"154 673 470";"A01";" -1";"30";"0";"2";"8";"18";"1";
"202000039183";"154 673 468";"A01";"2";"7";"0";"1";"1";"16";"1";
"202000039184";"154 673 466";"A01";"0";"7";"0";"1";"1";"9";"1";
"202000039185";"154 673 465";"B01";"1";"10";"0";"2";"1";"1";"1";
"202000039185";"154 673 467";"A01";"1";"7";"0";"2";"2";"15";"1";
"202000039186";"154 673 463";"A01";" -1";"7";"0";"2";"1";"1";"1";
"202000039186";"154 673 464";"B01";" -1";"7";"0";"2";"4";"1";"1";
"202000039187";"154 673 461";"A01";"2";"30";"0";"2";"1";"2";"1";
"202000039187";"154 673 462";"B01";"2";"7";"0";"0";"4";"2";"1";
"202000039188";"154 673 460";"A01";"3";"7";"0";"1";"2";"15";"0";
"202000039189";"154 673 457";"A01";"2";"7";"0";"2";"3";"16";"1";
"202000039189";"154 673 459";"B01";"1";"1";"0";"2";"1";"1";"5";
"202000039190";"154 673 454";"A01";"2";"33";"0";"2";"5";"9";"1";
"202000039190";"154 673 455";"B01";"2";"7";"0";"2";"5";"1";"1";
"202000039191";"154 673 456";"A01";"1";"7";"15";"2";"6";"5";"1";
"202000039191";"154 673 458";"B01";"1";"7";"0";"2";"3";"2";"2";
"202000039192";"154 673 452";"A01";"3";"7";"0";"2";"2";"17";"1";
"202000039192";"154 673 453";"B01";"3";"7";"0";"2";"3";"15";"1";
"202000039193";"154 673 451";"A01";"3";"32";"0";"5";"7";"19";"1";
"202000039194";"154 673 449";"A01";"2";"7";"0";"2";"7";"15";"1";
"202000039194";"154 673 450";"B01";"1";"7";"0";"2";"1";"1";"1";
"202000039195";"154 673 445";"A01";"3";"30";"0";"2";"1";"2";"1";
"202000039195";"154 673 447";"B01";"0";"7";"0";"2";"4";"23";"1";
"202000039196";"154 673 443";"A01";"3";"30";"0";"2";"1";"2";"1";
"202000039196";"154 673 444";"B01";"3";"7";"0";"2";"4";"1";"1";
"202000039197";"154 673 441";"A01";"3";"7";"0";"2";"2";"2";"1";
"202000039197";"154 673 442";"C01";"3";"2";"0";"2";"1";"1";"1";
"202000039198";"154 673 439";"B01";"2";"2";"0";"2";"7";"1";"1";
"202000039198";"154 673 440";"A01";"3";"7";"0";"2";"1";"19";"1";
"202000039199";"154 673 438";"A01";"0";"7";"0";"1";"4";"20";"6";
"202000039200";"154 673 436";"A01";"3";"7";"0";"2";"8";"19";"1";
"202000039200";"154 673 437";"B01";"2";"10";"0";"2";"1";"19";"1";
"202000039201";"154 673 435";"A01";"3";"31";"0";"0";"7";"26";"1";
"202000039202";"154 673 433";"B01";"2";"31";"0";"2";"1";"1";"0";
"202000039202";"154 673 434";"A01";"2";"7";"0";"2";"7";"9";"1";
"202000039203";"154 673 428";"D01";"2";"7";"0";"2";"4";"23";"1";