"Num_Acc";"id_vehicule";"num_veh";"senc";"catv";"obs";"obsm";"choc";"manv";"motor";"occutc"
"202000039621";"154 672 706";"A01";"2";"30";"0";"2";"1";"1";"1";
"202000039621";"154 672 708";"B01";"2";"7";"0";"2";"7";"9";"2";
"202000039622";"154 672 705";"A01";"3";"1";"15";"0";"1";"21";"5";
"202000039623";"154 672 703";"A01";"1";"7";"0";"2";"1";"13";"1";
"202000039623";"154 672 704";"B01";"1";"7";"0";"2";"4";"23";"1";
"202000039624";"154 672 701";"Z01";"1";"7";"0";"2";"8";"11";"0";
"202000039624";"154 672 702";"B01";"1";"7";"0";"0";"7";"26";"1";
"202000039625";"154 672 699";"A01";"1";"10";"1";"0";"7";"17";"1";
"202000039625";"154 672 700";"B01";"1";"14";"1";"0";"4";"24";"1";
"202000039626";"154 672 698";"A01";"0";"37";"0";"1";"3";"7";"0";"1"
"202000039627";"154 672 697";"A01";"3";"7";"9";"0";"2";"0";"1";
"202000039628";"154 672 693";"B01";"1";"34";"0";"2";"1";"1";"1";
"202000039628";"154 672 696";"A01";"1";"10";"0";"2";"2";"19";"1";
"202000039629";"154 672 692";"A01";"3";"7";"0";"2";"3";"17";"1";
"202000039629";"154 672 694";"B01";"3";"15";"0";"0";"0";"26";"1";
"202000039629";"154 672 695";"C01";"3";"15";"0";"2";"3";"0";"1";
"202000039630";"154 672 689";"A01";"1";"7";"0";"2";"1";"2";"0";
"202000039630";"154 672 691";"B01";"2";"7";"15";"2";"4";"2";"0";
"202000039631";"154 672 688";"A01";"1";"7";"0";"9";"2";"9";"0";
"202000039631";"154 672 690";"B01";"1";"99";"0";"2";"1";"0";"0";
"202000039632";"154 672 687";"A01";"1";"7";"0";"1";"2";"1";"1";
"202000039633";"154 672 685";"A01";"1";"20";"0";"2";"1";"1";" -1";
"202000039633";"154 672 686";"B01";"1";"60";"0";"2";"1";"1";"5";
"202000039634";"154 672 683";"A01";"2";"33";"0";"0";"2";"17";"1";
"202000039634";"154 672 684";"B01";"1";"7";"0";"2";"7";"1";"0";
"202000039635";"154 672 682";"A01";"2";"7";"1";"0";"1";"21";"1";
"202000039636";"154 672 680";"A01";"2";"15";"0";"2";"1";"1";"0";
"202000039636";"154 672 681";"B01";"2";"7";"0";"2";"4";"1";"0";
"202000039637";"154 672 677";"A01";"1";"7";"13";"0";"0";"13";"1";
"202000039638";"154 672 678";"B01";"1";"7";"0";"2";"8";"1";"0";
"202000039638";"154 672 679";"A01";"1";"7";"0";"2";"7";"1";"0";
"202000039639";"154 672 675";"A01";"2";"7";"1";"0";"1";"14";"1";
"202000039640";"154 672 674";"B01";"1";"7";"0";"2";"3";"9";"1";
"202000039640";"154 672 676";"A01";"1";"2";"0";"2";"1";"1";"1";
"202000039641";"154 672 672";"A01";"2";"10";"7";"0";"1";"1";"1";
"202000039642";"154 672 673";"A01";"2";"7";"15";"0";"8";"1";"1";
"202000039643";"154 672 669";"A01";"1";"7";"0";"2";"3";"9";"1";
"202000039643";"154 672 671";"B01";"1";"32";"0";"2";"1";"1";"1";
"202000039644";"154 672 668";"A01";"2";"7";"0";"2";"1";"26";"1";
"202000039644";"154 672 670";"B01";"2";"7";"0";"2";"4";"26";"1";
"202000039645";"154 672 667";"A01";"1";"7";"2";"0";"1";"13";"1";
"202000039646";"154 672 665";"A01";"3";"7";"0";"2";"1";"13";"1";
"202000039646";"154 672 666";"B01";"0";"10";"0";"2";"1";"0";"1";
"202000039647";"154 672 663";"B01";"2";"7";"0";"2";"1";"1";"1";
"202000039647";"154 672 664";"A01";"0";"7";"0";"2";"1";"19";"1";
"202000039648";"154 672 662";"A01";"3";"2";"0";"9";"0";"2";"0";
"202000039649";"154 672 660";"B01";"1";"13";"0";"2";"4";"2";"1";
"202000039649";"154 672 661";"A01";"1";"80";"0";"2";"1";"2";"3";
"202000039650";"154 672 659";"A01";"3";"7";"0";"1";"5";"4";"1";
"202000039651";"154 672 658";"A01";"2";"7";"14";"0";"1";"16";"1";
"202000039652";"154 672 656";"B01";"2";"7";"0";"2";"4";"15";"1";
"202000039652";"154 672 657";"A01";"2";"17";"0";"2";"3";"1";"1";
"202000039653";"154 672 653";"A01";"1";"99";"13";"0";"2";"14";"1";
"202000039654";"154 672 654";"A01";"3";"1";"0";"2";"1";"19";"5";
"202000039654";"154 672 655";"Z01";"3";"17";"0";"2";"7";"16";"1";
"202000039655";"154 672 651";"A01";"1";"3";"0";"0";"7";"15";"1";
"202000039656";"154 672 650";"A01";"1";"30";"0";"2";"3";"1";"1";
"202000039656";"154 672 652";"B01";"1";"10";"0";"2";"7";"9";"1";
"202000039657";"154 672 649";"A01";"1";"7";"13";"0";"2";"0";"1";
"202000039658";"154 672 647";"A01";"1";"7";"0";"2";"1";"1";"2";
"202000039658";"154 672 648";"B01";"2";"80";"0";"0";"6";"1";"3";
"202000039659";"154 672 645";"B01";"2";"1";"13";"2";"8";"2";"5";
"202000039659";"154 672 646";"A01";"2";"10";"0";"2";"7";"17";"0";
"202000039660";"154 672 644";"A01";"1";"1";"0";"1";"1";"25";"5";
"202000039661";"154 672 643";"A01";"2";"7";"0";"1";"3";"1";"0";
"202000039662";"154 672 641";"A01";"1";"7";"2";"0";"7";"2";"0";
"202000039663";"154 672 640";"B01";"1";"10";"0";"2";"7";"16";"1";
"202000039663";"154 672 642";"A01";"1";"30";"0";"2";"3";"18";"1";
"202000039664";"154 672 638";"A01";"1";"30";"1";"0";"2";"1";"1";
"202000039665";"154 672 637";"B01";"1";"7";"0";"2";"3";"15";"1";
"202000039665";"154 672 639";"A01";"1";"33";"0";"2";"1";"3";"1";
"202000039666";"154 672 634";"A01";"2";"14";"0";"2";"2";"16";"1";
"202000039666";"154 672 636";"B01";"2";"1";"0";"2";"3";"1";"5";
"202000039667";"154 672 632";"C01";"2";"7";"0";"2";"1";"1";"1";
"202000039667";"154 672 633";"B01";"2";"7";"0";"2";"1";"1";"1";
"202000039667";"154 672 635";"A01";"1";"7";"0";"2";"2";"13";"1";
"202000039668";"154 672 631";"A01";"1";"1";"0";"1";"1";"1";"5";
"202000039669";"154 672 630";"A01";"1";"7";"9";"0";"1";"1";"1";
"202000039670";"154 672 629";"A01";"2";"1";"0";"1";"1";"1";"5";
"202000039671";"154 672 628";"A01";"2";"7";"13";"0";"0";"1";"1";
"202000039672";"154 672 627";"A01";"2";"7";"0";"1";"4";"4";"1";
"202000039673";"154 672 625";"A01";"0";"33";"0";"2";"2";"1";"1";
"202000039673";"154 672 626";"B01";"0";"36";"0";"2";"2";"1";"1";
"202000039674";"154 672 623";"B01";"2";"30";"0";"2";"1";"1";"1";
"202000039674";"154 672 624";"A01";"1";"30";"0";"2";"1";"13";"1";
"202000039675";"154 672 622";"A01";"2";"7";"0";"1";"2";"0";"1";
"202000039676";"154 672 620";"B01";"1";"7";"0";"2";"6";"1";"1";
"202000039676";"154 672 621";"A01";"1";"80";"1";"2";"1";"21";"3";
"202000039677";"154 672 619";"A01";"1";"7";"16";"0";"3";"21";"1";
"202000039678";"154 672 618";"A01";"3";"2";"2";"0";"0";"0";"1";
"202000039679";"154 672 617";"A01";"1";"30";"0";"1";"1";"5";"3";
"202000039680";"154 672 615";"Z01";"2";"30";"0";"1";"1";"1";"0";
"202000039681";"154 672 614";"A01";"1";"7";"0";"2";"2";"5";"1";
"202000039681";"154 672 616";"B01";"2";"20";"0";"2";"2";"1";"1";
"202000039682";"154 672 613";"A01";"1";"7";"8";"1";"1";"16";"1";
"202000039683";"154 672 611";"A01";"1";"7";"0";"2";"2";"2";"1";
"202000039683";"154 672 612";"B01";"1";"1";"0";"2";"6";"2";"5";
"202000039684";"154 672 609";"A01";"2";"17";"4";"0";"3";"14";"1";
"202000039685";"154 672 607";"B01";"1";"10";"0";"2";"6";"21";"1";
"202000039685";"154 672 610";"A01";"1";"32";"0";"2";"7";"17";"1";
"202000039686";"154 672 606";"A01";"1";"7";"0";"2";"2";"13";"1";
"202000039686";"154 672 608";"B01";"2";"14";"0";"2";"3";"23";"1";
"202000039687";"154 672 604";"A01";"3";"99";"12";"0";"7";"1";"3";
"202000039688";"154 672 603";"B01";"0";"7";"0";"2";"3";"15";"2";
"202000039688";"154 672 605";"A01";"0";"34";"0";"2";"2";"1";"1";
"202000039689";"154 672 601";"A01";"2";"80";"0";"0";"3";"1";"3";
"202000039690";"154 672 600";"B01";"3";"2";"0";"2";"7";"17";"1";
"202000039690";"154 672 602";"A01";"3";"7";"0";"2";"3";"15";"1";
"202000039691";"154 672 599";"A01";"2";"50";"0";"0";"8";"15";"3";
"202000039692";"154 672 598";"A01";"1";"7";"0";"1";"3";"1";"1";
"202000039693";"154 672 597";"A01";"1";"1";"0";"0";"0";"1";"5";
"202000039694";"154 672 596";"A01";"2";"7";"13";"0";"9";"1";"1";
"202000039695";"154 672 594";"A01";"2";"30";"0";"0";"0";"0";"1";
"202000039695";"154 672 595";"B01";"1";"7";"0";"2";"1";"1";"1";
"202000039696";"154 672 591";"C01";"2";"14";"0";"2";"3";"1";"1";
"202000039696";"154 672 592";"B01";"2";"17";"0";"2";"3";"1";"1";
"202000039696";"154 672 593";"A01";"1";"7";"0";"2";"3";"0";"1";
"202000039697";"154 672 590";"A01";"2";"32";"0";"0";"0";"26";"1";
"202000039698";"154 672 587";"C01";"1";"7";"0";"0";"4";"2";"1";
"202000039698";"154 672 588";"B01";"1";"7";"0";"2";"4";"2";"1";
"202000039698";"154 672 589";"A01";"1";"10";"0";"2";"1";"2";"1";
"202000039699";"154 672 586";"A01";"1";"2";"0";"1";"1";"17";"1";
"202000039700";"154 672 583";"A01";"1";"33";"0";"0";"3";"9";"1";
"202000039701";"154 672 582";"C01";"1";"7";"0";"2";"3";"1";"1";
"202000039701";"154 672 584";"B01";"1";"7";"0";"2";"1";"1";"1";
"202000039701";"154 672 585";"A01";"2";"7";"0";"2";"1";"17";"1";
"202000039702";"154 672 580";"B01";"2";"2";"0";"2";"1";"2";"1";
"202000039702";"154 672 581";"A01";"2";"7";"0";"2";"8";"9";"2";
"202000039703";"154 672 579";"A01";"3";"33";"0";"6";"1";"1";"1";
"202000039704";"154 672 577";"B01";"3";"7";"0";"2";"3";"15";"2";
"202000039704";"154 672 578";"A01";"3";"7";"0";"2";"2";"1";"1";
"202000039705";"154 672 576";"A01";"1";"7";"0";"1";"1";"15";"1";
"202000039706";"154 672 574";"A01";"2";"31";"0";"2";"1";"11";"1";
"202000039706";"154 672 575";"B01";"1";"7";"0";"2";"2";"1";"1";
"202000039707";"154 672 573";"A01";"3";"7";"5";"0";"2";"2";"1";
"202000039708";"154 672 570";"A01";"1";"7";"0";"0";"0";"14";"1";
"202000039708";"154 672 572";"B01";"1";"30";"0";"2";"0";"21";"1";
"202000039709";"154 672 568";"B01";"3";"7";"0";"2";"2";"1";"1";
"202000039709";"154 672 569";"A01";"3";"7";"6";"2";"8";"12";"1";
"202000039710";"154 672 571";"A01";"1";"7";"0";"0";"0";"1";"0";
"202000039711";"154 672 564";"A01";"1";"7";"4";"2";"2";"17";"1";
"202000039711";"154 672 566";"B01";"1";"7";"4";"2";"6";"1";"1";
"202000039712";"154 672 565";"A01";"2";"7";"0";"2";"7";"15";"1";
"202000039712";"154 672 567";"B01";"1";"1";"0";"2";"1";"1";"5";
"202000039713";"154 672 563";"B01";" -1";"34";"0";"1";" -1";" -1";" -1";
"202000039714";"154 672 560";"A01";"3";"30";"0";"1";"1";"17";"1";
"202000039715";"154 672 559";"B01";"1";"7";"13";"2";"6";"1";"1";
"202000039715";"154 672 561";"C01";"1";"7";"0";"2";"1";"1";"1";
"202000039715";"154 672 562";"A01";"2";"7";"0";"0";"3";"1";"1";
"202000039716";"154 672 557";"A01";"3";"10";"0";"1";"4";"4";"1";
"202000039717";"154 672 556";"B01";"2";"31";"0";"0";"0";"0";"0";
"202000039717";"154 672 558";"A01";"2";"37";"0";"2";"7";"20";"0";"1"
"202000039718";"154 672 555";"A01";"1";"2";"0";"0";"2";"0";"1";
"202000039719";"154 672 552";"A01";"2";"7";"14";"0";"1";"1";"1";
"202000039719";"154 672 554";"B01";"2";"7";"0";"0";"4";"23";"1";
"202000039720";"154 672 553";"A01";"2";"7";"8";"0";"1";"0";"1";
"202000039721";"154 672 551";"A01";"1";"30";"0";"1";"1";"26";"6";
"202000039722";"154 672 550";"B01";"3";"7";"0";"1";"2";"16";"1";
"202000039723";"154 672 549";"A01";"2";"7";"3";"0";"1";"0";"1";
"202000039724";"154 672 547";"A01";" -1";"99";"0";"0";"0";"1";"0";
"202000039725";"154 672 546";"A01";"1";"7";"14";"0";"2";"21";"0";
"202000039726";"154 672 545";"B01";"1";"34";"0";"2";"8";"1";"1";
"202000039726";"154 672 548";"A01";"2";"7";"0";"2";"1";"15";"1";
"202000039727";"154 672 544";"A01";"1";"7";"0";"1";"1";"1";"0";
"202000039728";"154 672 542";"B01";"1";"7";"0";"2";"1";"2";"1";
"202000039728";"154 672 543";"A01";"1";"7";"0";"0";"4";"1";"1";
"202000039729";"154 672 541";"A01";"1";"7";"0";"1";"6";"20";"0";
"202000039730";"154 672 535";"A01";"1";"7";"0";"2";"4";"23";"1";
"202000039730";"154 672 537";"B01";"1";"7";"0";"2";"9";"23";"1";
"202000039730";"154 672 538";"C01";"1";"7";"0";"2";"9";"23";"1";
"202000039730";"154 672 539";"D01";"1";"7";"0";"2";"1";"1";"1";
"202000039731";"154 672 534";"A01";"2";"7";"0";"1";"1";"2";"0";
"202000039732";"154 672 536";"A01";"1";"7";"0";"2";"3";"1";"1";
"202000039732";"154 672 540";"B01";"1";"7";"0";"2";"6";"1";"1";
"202000039733";"154 672 531";"B01";"2";"14";"0";"2";"2";"2";"1";
"202000039733";"154 672 532";"A01";"2";"10";"0";"2";"6";"23";"1";
"202000039734";"154 672 530";"B01";"1";"10";"0";"2";"1";"1";"0";
"202000039734";"154 672 533";"A01";"1";"10";"0";"2";"5";"10";"0";
"202000039735";"154 672 527";"A01";"1";"7";"0";"1";"3";"1";"1";
"202000039736";"154 672 526";"C01";"2";"7";"3";"2";"1";"2";"1";
"202000039736";"154 672 528";"B01";"2";"7";"3";"2";"4";"2";"1";
"202000039736";"154 672 529";"A01";"2";"10";"3";"2";"4";"2";"1";
"202000039737";"154 672 521";"A01";"2";"1";"0";"2";"0";"1";"2";
"202000039738";"154 672 522";"A01";"1";"7";"0";"2";"8";"9";"1";
"202000039738";"154 672 524";"B01";"1";"14";"0";"2";"1";"2";"1";
"202000039739";"154 672 519";"Y01";"2";"1";"0";"2";"3";"9";"5";
"202000039739";"154 672 520";"A01";"2";"7";"0";"2";"8";"1";"0";
"202000039740";"154 672 513";"A01";"1";"33";"0";"0";"0";"26";"1";
"202000039741";"154 672 512";"A01";"2";"20";"0";"2";"1";"2";"0";
"202000039741";"154 672 514";"E01";"2";"7";"0";"2";"4";"2";"1";
"202000039741";"154 672 515";"B01";"2";"7";"0";"2";"4";"23";"1";
"202000039741";"154 672 516";"C01";"2";"7";"0";"2";"4";"23";"1";
"202000039741";"154 672 517";"D01";"2";"7";"0";"2";"4";"23";"1";
"202000039741";"154 672 518";"F01";"0";"10";"0";"2";"4";"23";"1";
"202000039742";"154 672 508";"B01";"1";"7";"0";"1";"1";"23";"1";
"202000039742";"154 672 510";"A01";"1";"7";"0";"2";"1";"2";"1";
"202000039743";"154 672 509";"B01";"2";"31";"0";"2";"8";"1";"1";
"202000039743";"154 672 511";"A01";"2";"7";"0";"2";"7";"14";"3";
"202000039744";"154 672 507";"A01";"1";"14";"1";"0";"2";"1";"1";
"202000039745";"154 672 503";"A01";"1";"15";"0";"9";"7";"1";"1";
"202000039745";"154 672 504";"B01";"1";"1";"0";"2";"8";"1";"5";
"202000039746";"154 672 501";"A01";"2";"7";"1";"2";"0";"15";"1";
"202000039746";"154 672 502";"B01";"2";"50";"1";"2";"0";"17";"3";
"202000039747";"154 672 498";"C01";"1";"7";"0";"2";"4";"2";"1";
"202000039747";"154 672 500";"D01";"1";"10";"0";"2";"4";"2";"1";
"202000039747";"154 672 505";"B01";"1";"7";"0";"2";"6";"2";"1";
"202000039747";"154 672 506";"A01";"1";"7";"0";"2";"1";"2";"1";
"202000039748";"154 672 497";"A01";"1";"7";"0";"2";"1";"2";"1";
"202000039748";"154 672 499";"B01";"1";"7";"0";"2";"4";"26";"1";
"202000039749";"154 672 494";"A01";"2";"99";"0";"0";"7";"21";"1";
"202000039750";"154 672 493";"C01";"2";"10";"0";"2";"4";"2";"1";
"202000039750";"154 672 495";"B01";"2";"7";"0";"2";"4";"2";"1";
"202000039750";"154 672 496";"A01";"2";"7";"0";"2";"1";"2";"1";
"202000039751";"154 672 492";"A01";"0";"7";"13";"0";"0";"1";"0";
"202000039752";"154 672 491";"A01";"2";"33";"6";"0";"3";"13";"1";
"202000039753";"154 672 488";"C01";"2";"7";"0";"2";"4";"2";"1";
"202000039753";"154 672 489";"B01";"2";"7";"0";"2";"4";"2";"1";
"202000039753";"154 672 490";"A01";"2";"7";"0";"2";"1";"3";"1";
"202000039754";"154 672 487";"A01";"1";"7";"12";"0";"0";"1";"0";
"202000039755";"154 672 484";"A01";"2";"10";"0";"2";"6";"2";"1";
"202000039755";"154 672 486";"B01";"2";"33";"0";"2";"1";"3";"1";
"202000039756";"154 672 485";"A01";"2";"7";"2";"0";"1";"5";"1";
"202000039757";"154 672 481";"A01";"1";"7";"2";"0";"1";"1";"1";
"202000039758";"154 672 480";"A01";"2";"7";"6";"0";"1";"14";"0";
"202000039759";"154 672 479";"C01";"2";"7";"0";"2";"8";"2";"1";
"202000039759";"154 672 482";"B01";"2";"7";"0";"2";"8";"2";"1";
"202000039759";"154 672 483";"A01";"2";"33";"0";"2";"7";"14";"1";
"202000039760";"154 672 477";"A01";"1";"7";"0";"0";"1";"0";"0";
"202000039761";"154 672 475";"B01";"1";"7";"0";"2";"8";"2";"1";
"202000039761";"154 672 476";"A01";"1";"30";"0";"2";"7";"13";"1";
"202000039762";"154 672 474";"A01";"1";"7";"2";"0";"1";"1";"1";
"202000039763";"154 672 472";"B01";"2";"7";"0";"2";"2";"1";"0";
"202000039763";"154 672 473";"A01";"1";"7";"0";"2";"3";"10";"0";
"202000039764";"154 672 470";"A01";"1";"7";"13";"0";"1";"14";"1";
"202000039765";"154 672 469";"B01";"2";"7";"0";"2";"1";"1";"1";
"202000039765";"154 672 471";"A01";"1";"33";"0";"2";"1";"1";"1";
"202000039766";"154 672 467";"A01";"1";"10";"0";"2";"6";"16";"1";
"202000039766";"154 672 468";"B01";"1";"1";"0";"2";"1";"19";"5";
"202000039767";"154 672 465";"A01";"2";"7";"0";"2";"2";"16";"0";
"202000039767";"154 672 466";"B01";"2";"1";"0";"2";"1";"25";"0";
"202000039768";"154 672 464";"A01";"2";"7";"0";"1";"1";"26";"0";
"202000039769";"154 672 461";"B01";"3";"7";"0";"2";"2";"22";"1";
"202000039769";"154 672 462";"D01";"3";"7";"0";"2";"4";"26";"1";
"202000039769";"154 672 463";"A01";"3";"7";"0";"2";"6";"21";"1";
"202000039770";"154 672 458";"A01";"3";"7";"0";"2";"3";"15";"1";
"202000039770";"154 672 460";"B01";"3";"2";"0";"2";"1";"1";"1";
"202000039771";"154 672 457";"B01";"1";"7";"14";"2";"3";"15";"1";
"202000039771";"154 672 459";"A01";"1";"32";"0";"2";"1";"1";"1";
"202000039772";"154 672 455";"A01";"1";"7";"6";"0";"1";"1";"1";
"202000039773";"154 672 454";"B01";"3";"7";"0";"2";"3";"20";"0";
"202000039773";"154 672 456";"A01";"3";"34";"0";"2";"1";"1";"0";
"202000039774";"154 672 451";"A01";"1";"10";"0";"2";"1";"19";"1";
"202000039774";"154 672 453";"B01";"1";"7";"0";"2";"8";"1";"1";
"202000039775";"154 672 450";"B01";"1";"7";"0";"2";"4";"2";"1";
"202000039775";"154 672 452";"A01";"1";"33";"0";"2";"1";"1";"1";
"202000039776";"154 672 448";"A01";"0";"7";"0";"2";"1";"13";"1";
"202000039776";"154 672 449";"B01";"0";"7";"0";"2";"1";"1";"1";
"202000039777";"154 672 446";"A01";"1";"7";"0";"2";"6";"4";"1";
"202000039777";"154 672 447";"B01";"2";"7";"15";"2";"1";"1";"1";
"202000039778";"154 672 445";"A01";"3";"2";"6";"0";"8";"1";"1";
"202000039779";"154 672 442";"A01";"1";"7";"0";"2";"3";"13";"1";
"202000039779";"154 672 444";"B01";"2";"33";"0";"2";"1";"1";"1";
"202000039780";"154 672 443";"A01";"2";"7";"13";"0";"1";"26";"1";
"202000039781";"154 672 441";"A01";"3";"7";"0";"1";"2";"20";"1";
"202000039782";"154 672 440";"A01";"1";"7";"6";"0";"1";"1";"1";
"202000039783";"154 672 438";"B01";"2";"33";"0";"2";"1";"1";"1";
"202000039783";"154 672 439";"A01";"2";"7";"0";"2";"6";"15";"1";
"202000039784";"154 672 435";"C01";"3";"7";"0";"2";"4";"2";"1";
"202000039784";"154 672 436";"A01";"3";"7";"0";"2";"1";"2";"1";
"202000039784";"154 672 437";"B01";"3";"7";"0";"2";"4";"2";"1";
"202000039785";"154 672 434";"A01";"1";"7";"2";"0";"2";"1";"1";
"202000039786";"154 672 433";"A01";"1";"7";"13";"0";"8";"13";"1";
"202000039787";"154 672 431";"B01";"3";"7";"0";"2";"3";"15";"1";
"202000039787";"154 672 432";"A01";"3";"7";"0";"2";"1";"16";"1";
"202000039788";"154 672 430";"A01";"2";"7";"13";"0";"9";"13";"1";
"202000039789";"154 672 428";"A01";"1";"33";"13";"0";"1";"1";"1";
"202000039790";"154 672 427";"A01";"1";"7";"0";"2";"1";"1";"1";
"202000039790";"154 672 429";"B01";"2";"7";"0";"2";"5";"0";"1";
"202000039791";"154 672 426";"A01";"1";"2";"11";"0";"1";"1";"1";
"202000039792";"154 672 425";"A01";"1";"31";"0";"0";"0";"1";"1";
"202000039793";"154 672 423";"A01";"1";"30";"0";"0";"1";"1";"1";
"202000039794";"154 672 422";"A01";"2";"7";"6";"2";"2";"17";"1";
"202000039794";"154 672 424";"B01";"2";"15";"0";"2";"3";"1";"1";
"202000039795";"154 672 418";"A01";"1";"10";"0";"2";"1";"13";"1";
"202000039795";"154 672 420";"B01";"2";"14";"0";"2";"1";"1";"1";
"202000039796";"154 672 417";"A01";"3";"21";"8";"0";"5";"1";"1";
"202000039797";"154 672 415";"B01";"2";"7";"0";"2";"3";"1";"1";
"202000039797";"154 672 416";"A01";"1";"7";"0";"2";"2";"15";"1";
"202000039798";"154 672 413";"B01";"1";"7";"7";"2";"1";"1";"1";
"202000039798";"154 672 414";"A01";"1";"7";"0";"2";"2";"1";"1";
"202000039799";"154 672 411";"B01";"2";"13";"0";"2";"1";"14";"1";
"202000039799";"154 672 412";"A01";"1";"7";"0";"2";"7";"13";"1";
"202000039800";"154 672 419";"A01";"0";"7";"0";"2";"2";"1";"1";
"202000039800";"154 672 421";"B01";"1";"1";"0";"2";"1";"9";"5";
"202000039801";"154 672 407";"A01";"3";"36";"8";"0";"5";"15";"1";
"202000039802";"154 672 408";"B01";"0";"7";"0";"2";"4";"2";"0";
"202000039802";"154 672 409";"A01";"3";"7";"0";"2";"1";"2";"0";
"202000039803";"154 672 404";"A01";"2";"7";"13";"0";"3";"13";"1";
"202000039804";"154 672 402";"B01";"1";"7";"0";"2";"3";"0";"0";
"202000039804";"154 672 403";"A01";"2";"33";"0";"2";"1";"0";"6";
"202000039805";"154 672 399";"A01";"2";"7";"0";"2";"3";"1";"1";
"202000039805";"154 672 400";"B01";"3";"7";"0";"2";"1";"19";"1";
"202000039806";"154 672 398";"A01";"1";"7";"13";"0";"2";"17";"1";
"202000039807";"154 672 397";"A01";"1";"7";"1";"0";"1";"26";"1";
"202000039808";"154 672 395";"A01";"1";"7";"0";"2";"1";"13";"1";
"202000039808";"154 672 396";"B01";"2";"17";"0";"2";"3";"1";"1";
"202000039809";"154 672 394";"A01";"2";"33";"3";"0";"1";"1";"1";
"202000039810";"154 672 391";"A01";"2";"7";"0";"1";"1";"1";"1";
"202000039811";"154 672 390";"A01";"1";"33";"13";"0";"1";"1";"1";
"202000039812";"154 672 389";"A01";"1";"7";"8";"1";"5";"4";"1";
"202000039813";"154 672 388";"A01";"0";"7";"6";"0";"1";"1";"0";
"202000039814";"154 672 386";"B01";"2";"7";"0";"0";"1";"23";"1";
"202000039814";"154 672 387";"A01";"1";"30";"0";"2";"1";"15";"1";
"202000039815";"154 672 384";"B01";"1";"7";"0";"2";"6";"17";"1";
"202000039815";"154 672 385";"A01";"2";"7";"4";"2";"8";"1";"1";
"202000039816";"154 672 383";"A01";"1";"7";"8";"0";"1";"1";"1";
"202000039817";"154 672 392";"B01";"1";"7";"0";"2";"2";"1";"0";
"202000039817";"154 672 393";"C01";"1";"7";"0";"2";"1";"1";"0";
"202000039817";"154 672 401";"A01";"3";"7";"0";"2";"1";"15";"0";
"202000039818";"154 672 381";"B01";"1";"2";"1";"2";"2";"2";"1";
"202000039818";"154 672 382";"A01";"3";"7";"14";"2";"3";"2";"1";
"202000039819";"154 672 379";"A01";"1";"7";"16";"2";"1";"9";"1";
"202000039819";"154 672 380";"B01";"1";"1";"1";"2";"1";"2";"5";
"202000039820";"154 672 377";"B01";"3";"1";"0";"2";"8";"19";"0";
"202000039820";"154 672 378";"A01";"2";"7";"0";"2";"1";"1";"1";
"202000039821";"154 672 376";"A01";"0";"7";"1";"0";"6";"1";"1";
"202000039822";"154 672 374";"B01";"0";"7";"0";"2";"8";"1";"1";
"202000039822";"154 672 375";"A01";"0";"7";"0";"2";"1";"15";"1";
"202000039823";"154 672 372";"A01";"3";"7";"0";"2";"3";"5";"1";
"202000039823";"154 672 373";"B01";"3";"15";"0";"2";"2";"21";"1";
"202000039824";"154 672 371";"A01";"2";"80";"0";"0";"0";"1";"3";
"202000039825";"154 672 370";"A01";"2";"7";"0";"1";"2";"1";"1";
"202000039826";"154 672 367";"A01";"2";"7";"0";"2";"1";"1";"1";
"202000039826";"154 672 368";"B01";"1";"1";"0";"2";"1";"15";"5";
"202000039827";"154 672 366";"A01";"0";"30";"0";"0";"2";"1";"1";
"202000039828";"154 672 364";"A01";"3";"2";"0";"2";"7";"1";" -1";
"202000039828";"154 672 365";"B01";"3";"7";"0";"2";"1";"1";" -1";
"202000039829";"154 672 362";"B01";"0";"7";"0";"2";"2";"0";"0";
"202000039829";"154 672 363";"A01";"1";"60";"0";"2";"1";"1";"5";
"202000039830";"154 672 361";"A01";"1";"7";"0";"1";"2";"15";"1";
"202000039831";"154 672 359";"A01";"2";"10";"0";"2";"8";"9";"1";
"202000039831";"154 672 360";"B01";"2";"1";"0";"2";"1";"1";"5";
"202000039832";"154 672 358";"A01";"1";"31";"0";"1";"1";"1";"1";
"202000039833";"154 672 355";"C01";"2";"1";"0";"2";"1";"19";"0";
"202000039833";"154 672 356";"B01";"2";"7";"0";"2";"1";"1";"1";
"202000039833";"154 672 357";"A01";"2";"7";"0";"2";"2";"1";"1";
"202000039834";"154 672 353";"A01";"2";"7";"0";"2";"1";"2";"1";
"202000039834";"154 672 354";"B01";"2";"7";"0";"2";"4";"1";"1";
"202000039835";"154 672 352";"A01";"2";"7";"7";"0";"3";"6";"1";
"202000039836";"154 672 350";"A01";"0";"7";"0";"2";"3";"19";"1";
"202000039836";"154 672 351";"B01";"0";"7";"0";"2";"2";"1";"1";
"202000039837";"154 672 349";"A01";"2";"7";"8";"0";"3";"1";"1";
"202000039838";"154 672 348";"A01";"1";"7";"12";"1";"1";"0";"1";
"202000039839";"154 672 346";"B01";"1";"7";"0";"2";"3";"0";"1";
"202000039839";"154 672 347";"A01";"1";"33";"0";"2";"9";"0";"1";