"Num_Acc";"id_vehicule";"num_veh";"senc";"catv";"obs";"obsm";"choc";"manv";"motor";"occutc"
"202000040470";"154 671 240";"A01";"1";"30";"0";"0";"2";"1";"1";
"202000040471";"154 671 238";"B01";"1";"7";"4";"2";"5";"2";"1";
"202000040471";"154 671 239";"A01";"1";"7";"0";"2";"3";"2";"1";
"202000040472";"154 671 234";"E01";"1";"7";"14";"0";"8";"2";"1";
"202000040472";"154 671 235";"D01";"1";"7";"14";"0";"2";"2";"1";
"202000040472";"154 671 236";"C01";"1";"7";"0";"1";"2";"2";"1";
"202000040472";"154 671 237";"B01";"1";"15";"0";"2";"8";"13";"1";
"202000040473";"154 671 232";"B01";"3";"14";"0";"2";"3";"1";"1";
"202000040473";"154 671 233";"A01";"3";"7";"0";"2";"6";"15";"1";
"202000040474";"154 671 231";"A01";"1";"7";"4";"0";"2";"17";"1";
"202000040475";"154 671 229";"B01";"1";"1";"0";"2";"3";"1";"0";
"202000040475";"154 671 230";"A01";"1";"7";"0";"2";"2";"16";"1";
"202000040476";"154 671 227";"B01";"1";"32";"0";"2";"7";"17";"1";
"202000040476";"154 671 228";"A01";"1";"7";"0";"2";"2";"15";"1";
"202000040477";"154 671 225";"A01";"0";"7";"0";"2";"2";"15";"1";
"202000040477";"154 671 226";"B01";"0";"2";"0";"2";"1";"17";"1";
"202000040478";"154 671 224";"A01";"1";"30";"0";"1";"1";"21";"1";
"202000040479";"154 671 223";"A01";"1";"7";"0";"1";"7";"1";"1";
"202000040480";"154 671 221";"B01";"2";"2";"0";"2";"0";"0";"1";
"202000040480";"154 671 222";"A01";"3";"7";"0";"2";"0";"26";"0";
"202000040481";"154 671 219";"B01";"2";"2";"0";"2";"3";"1";"1";
"202000040481";"154 671 220";"A01";"2";"7";"0";"2";"3";"15";"1";
"202000040482";"154 671 218";"A01";"3";"30";"12";"0";"1";"15";"1";
"202000040483";"154 671 216";"B01";"1";"33";"0";"2";"0";"1";"1";
"202000040483";"154 671 217";"A01";"1";"7";"0";"0";"0";"9";"1";
"202000040484";"154 671 214";"B01";"2";"33";"0";"2";"1";"2";"1";
"202000040484";"154 671 215";"A01";"2";"7";"0";"2";"8";"9";"1";
"202000040485";"154 671 212";"B01";"0";"7";"0";"2";"1";"1";"1";
"202000040485";"154 671 213";"A01";"0";"7";"0";"2";"1";"15";"1";
"202000040486";"154 671 210";"B01";"0";"7";"0";"2";"1";"0";"1";
"202000040486";"154 671 211";"A01";"0";"10";"0";"2";"4";"20";"1";
"202000040487";"154 671 208";"B01";"2";"37";"0";"2";"2";"1";"1";"1"
"202000040487";"154 671 209";"A01";"1";"7";"0";"2";"8";"16";"1";
"202000040488";"154 671 205";"C01";"3";"7";"0";"2";"1";"26";"1";
"202000040488";"154 671 206";"B01";"3";"7";"0";"2";"1";"26";"1";
"202000040488";"154 671 207";"A01";"3";"7";"0";"0";"4";"26";"1";
"202000040489";"154 671 204";"A01";"3";"7";"0";"1";"0";"20";"1";
"202000040490";"154 671 202";"A01";"2";"7";"0";"2";"1";"2";"1";
"202000040490";"154 671 203";"B01";"2";"7";"0";"2";"4";"23";"1";
"202000040491";"154 671 201";"A01";"2";"7";"0";"1";"1";"1";"0";
"202000040492";"154 671 200";"A01";"2";"7";"0";"1";"2";"1";"1";
"202000040493";"154 671 198";"A01";"3";"14";"0";"2";"0";"0";"1";
"202000040493";"154 671 199";"B01";"3";"2";"0";"2";"0";"0";"1";
"202000040494";"154 671 196";"A01";"2";"30";"0";"2";"1";"18";"1";
"202000040494";"154 671 197";"B01";"2";"10";"0";"2";"2";"16";"1";
"202000040495";"154 671 194";"B01";"0";"10";"0";"2";"1";"15";"1";
"202000040495";"154 671 195";"A01";"0";"2";"0";"2";"1";"1";"1";
"202000040496";"154 671 193";"A01";"1";"7";"0";"1";"3";"1";"1";
"202000040497";"154 671 191";"A01";"3";"7";"0";"2";"1";"1";"1";
"202000040497";"154 671 192";"B01";"3";"2";"0";"2";"4";"1";"1";
"202000040498";"154 671 190";"A01";"2";"7";"1";"1";"1";"16";"1";
"202000040499";"154 671 188";"A01";"2";"7";"0";"2";"2";"15";"1";
"202000040499";"154 671 189";"B01";"2";"30";"0";"2";"1";"1";"1";
"202000040500";"154 671 183";"A01";"1";"7";"0";"2";"2";"2";"1";
"202000040500";"154 671 184";"B01";"2";"7";"0";"5";"4";"1";"1";
"202000040501";"154 671 180";"A01";"1";"33";"0";"2";"1";"17";"1";
"202000040501";"154 671 181";"B01";"2";"7";"0";"2";"2";"15";"1";
"202000040501";"154 671 182";"C01";"2";"7";"0";"2";"1";"23";"1";
"202000040502";"154 671 178";"B01";"2";"14";"0";"2";"2";"1";"1";
"202000040502";"154 671 179";"A01";"2";"7";"0";"2";"8";"9";"1";
"202000040503";"154 671 175";"A01";"2";"33";"0";"2";"1";"7";"1";
"202000040503";"154 671 176";"C01";"2";"7";"0";"2";"4";"1";"1";
"202000040503";"154 671 177";"B01";"3";"7";"0";"2";"3";"9";"1";
"202000040504";"154 671 172";"B01";"2";"7";"0";"2";"4";"2";"0";
"202000040504";"154 671 173";"C01";"2";"7";"0";"2";"4";"2";"0";
"202000040504";"154 671 174";"A01";"2";"7";"0";"2";"1";"2";"0";
"202000040505";"154 671 170";"B01";"1";"2";"0";"2";"2";"1";"1";
"202000040505";"154 671 171";"A01";"1";"7";"0";"2";"1";"9";"1";
"202000040506";"154 671 168";"B01";"2";"1";"0";"2";"8";"1";"5";
"202000040506";"154 671 169";"A01";"1";"7";"0";"9";"3";"15";"1";
"202000040507";"154 671 166";"B01";"0";"31";"0";"2";"1";"1";"1";
"202000040507";"154 671 167";"A01";"1";"7";"0";"2";"8";"10";"1";
"202000040508";"154 671 165";"A01";"1";"7";"0";"1";"1";"15";"1";
"202000040509";"154 671 163";"A01";"1";"34";"14";"2";"1";"17";"1";
"202000040509";"154 671 164";"B01";"1";"7";"0";"2";"6";"1";"1";
"202000040510";"154 671 162";"A01";"3";"7";"0";"1";"1";"1";" -1";
"202000040511";"154 671 159";"B01";"3";"2";"0";"2";"1";"0";"1";
"202000040511";"154 671 161";"A01";"3";"7";"0";"2";"3";"20";"2";
"202000040512";"154 671 158";"A01";"1";"7";"0";"2";"1";"2";"0";
"202000040512";"154 671 160";"B01";"1";"7";"13";"0";"4";"2";"0";
"202000040513";"154 671 153";"B01";"1";"7";"0";"2";"9";"1";"1";
"202000040513";"154 671 156";"C01";"1";"7";"0";"2";"4";"1";"1";
"202000040513";"154 671 157";"A01";"1";"7";"0";"2";"1";"1";"1";
"202000040514";"154 671 151";"B01";"1";"7";"0";"2";"1";"1";"1";
"202000040514";"154 671 152";"A01";"2";"7";"0";"2";"2";"15";"1";
"202000040515";"154 671 149";"B01";"1";"1";"0";"2";"1";"0";"5";
"202000040515";"154 671 150";"A01";"1";"7";"0";"2";"1";"0";"1";
"202000040516";"154 671 147";"A01";"1";"7";"0";"2";"1";"1";"1";
"202000040516";"154 671 148";"B01";"1";"7";"0";"2";"5";"1";"1";
"202000040517";"154 671 145";"B01";"2";"30";"0";"2";"7";"1";"1";
"202000040517";"154 671 146";"A01";"1";"7";"0";"2";"8";"1";"1";
"202000040518";"154 671 143";"A01";"3";"10";"0";"9";"2";"26";"1";
"202000040518";"154 671 144";"B01";"3";"1";"0";"2";"1";"1";"5";
"202000040519";"154 671 142";"A01";"1";"7";"13";"0";"1";"13";"1";
"202000040520";"154 671 140";"A01";"3";"7";"0";"1";"1";"15";"1";
"202000040521";"154 671 139";"A01";"2";"10";"0";"2";"1";"26";"1";
"202000040521";"154 671 141";"B01";"2";"10";"0";"2";"7";"1";"1";
"202000040522";"154 671 138";"A01";"1";"7";"0";"1";"0";"16";"0";
"202000040523";"154 671 136";"A01";"2";"7";"0";"1";"1";"1";"1";
"202000040524";"154 671 133";"Z01";"2";"7";"0";"1";"0";"1";"0";
"202000040525";"154 671 134";"B01";"0";"33";"0";"2";"1";"1";"1";
"202000040525";"154 671 135";"A01";"0";"7";"0";"2";"2";"1";"1";
"202000040526";"154 671 131";"A01";"2";"7";"0";"2";"3";"15";"1";
"202000040526";"154 671 132";"B01";"2";"1";"0";"2";"1";"17";"5";
"202000040527";"154 671 128";"A01";"1";"7";"0";"2";"1";"1";"2";
"202000040527";"154 671 130";"B01";"2";"7";"0";"2";"7";"16";"1";
"202000040528";"154 671 129";"A01";"0";"7";"0";"1";"1";"1";"1";
"202000040529";"154 671 124";"B01";"2";"7";"0";"2";"8";"1";"1";
"202000040529";"154 671 127";"A01";"2";"30";"0";"2";"8";"15";"3";
"202000040530";"154 671 125";"A01";"1";"7";"0";"2";"1";"13";"1";
"202000040530";"154 671 126";"B01";"2";"31";"0";"2";"1";"1";"1";
"202000040531";"154 671 123";"A01";"1";"30";"1";"0";"2";"14";"1";
"202000040532";"154 671 121";"B01";"2";"1";"0";"2";"6";"19";"5";
"202000040532";"154 671 122";"A01";"1";"33";"0";"2";"1";"1";"1";
"202000040533";"154 671 120";"A01";"2";"7";"0";"1";"1";"15";"1";
"202000040534";"154 671 118";"B01";"1";"33";"0";"2";"7";"1";"1";
"202000040534";"154 671 119";"A01";"1";"1";"0";"2";"0";"11";"5";
"202000040535";"154 671 117";"A01";"2";"7";"0";"1";"3";"1";"1";
"202000040536";"154 671 115";"B01";"1";"7";"0";"2";"4";"23";"1";
"202000040536";"154 671 116";"A01";"1";"7";"0";"2";"1";"1";"1";
"202000040537";"154 671 113";"Z01";"1";"7";"0";"2";"0";"2";"0";
"202000040537";"154 671 114";"A01";"1";"1";"0";"2";"4";"1";"5";
"202000040538";"154 671 111";"A01";"1";"10";"0";"2";"2";"19";"1";
"202000040538";"154 671 112";"B01";"2";"7";"0";"2";"3";"1";"1";
"202000040539";"154 671 109";"B01";"2";"7";"0";"2";"3";"15";"1";
"202000040539";"154 671 110";"A01";"2";"30";"0";"2";"2";"7";"1";
"202000040540";"154 671 107";"A01";"3";"7";"0";"2";"6";"4";"1";
"202000040540";"154 671 108";"B01";"3";"31";"0";"2";"3";"1";"1";
"202000040541";"154 671 106";"A01";"2";"30";"0";"0";"0";"21";"1";
"202000040542";"154 671 105";"A01";"2";"2";"0";"1";"2";"1";"1";
"202000040543";"154 671 103";"Z01";"0";"7";"0";"9";"0";"0";"1";
"202000040543";"154 671 104";"B01";"0";"1";"0";"2";"0";"0";"5";
"202000040544";"154 671 100";"A01";"3";"30";"0";"2";"1";"1";"1";
"202000040544";"154 671 102";"B01";"3";"7";"0";"2";"2";"1";"1";
"202000040545";"154 671 098";"A01";"2";"7";"1";"0";"8";"24";"1";
"202000040545";"154 671 099";"B01";"2";"30";"0";"2";"1";"1";"3";
"202000040545";"154 671 101";"C01";"2";"7";"0";"2";"7";"1";"1";
"202000040546";"154 671 097";"A01";"0";"7";"2";"0";"9";"1";"1";
"202000040547";"154 671 095";"A01";"2";"30";"0";"2";"8";"13";"1";
"202000040547";"154 671 096";"B01";"2";"10";"0";"2";"7";"1";"1";
"202000040548";"154 671 094";"A01";"0";"7";"0";"1";"1";"1";"1";
"202000040549";"154 671 093";"A01";" -1";"7";"4";"0";"0";"1";"1";
"202000040550";"154 671 091";"B01";"3";"1";"0";"2";"0";"26";"5";
"202000040550";"154 671 092";"A01";"3";"7";"0";"2";"2";"9";"1";
"202000040551";"154 671 086";"B01";"2";"7";"0";"2";"4";"2";"1";
"202000040551";"154 671 088";"A01";"2";"7";"0";"2";"1";"2";"1";
"202000040552";"154 671 085";"A01";"2";"10";"0";"2";"1";"2";"1";
"202000040552";"154 671 087";"B01";"2";"7";"0";"2";"4";"2";"1";
"202000040552";"154 671 089";"C01";"2";"7";"0";"0";"4";"2";"1";
"202000040553";"154 671 084";"A01";"2";"7";"9";"9";"1";"26";"1";
"202000040554";"154 671 082";"B01";"1";"60";"0";"2";"0";"19";"5";
"202000040554";"154 671 083";"A01";"1";"7";"0";"2";"1";"1";"1";
"202000040555";"154 671 081";"A01";"3";"7";"6";"0";"1";"13";"1";
"202000040556";"154 671 080";"A01";"1";"7";"2";"0";"1";"13";"1";
"202000040557";"154 671 076";"A01";"2";"0";"0";"1";"3";"15";"0";
"202000040558";"154 671 075";"D01";"2";"7";"0";"2";"1";"1";"0";
"202000040558";"154 671 077";"B01";"2";"14";"0";"2";"1";"1";"0";
"202000040558";"154 671 078";"C01";"2";"99";"13";"2";"1";"1";"0";
"202000040558";"154 671 079";"A01";"1";"7";"0";"2";"0";"1";"0";
"202000040559";"154 671 073";"A01";"2";"7";"2";"0";"1";"13";"1";
"202000040560";"154 671 072";"A01";"2";"10";"0";"2";"1";"1";"1";
"202000040560";"154 671 074";"B01";"2";"7";"0";"2";"4";"1";"1";
"202000040561";"154 671 070";"A01";"2";"7";"0";"1";"1";"15";"1";
"202000040562";"154 671 069";"B01";"2";"2";"0";"2";"1";"2";"1";
"202000040562";"154 671 071";"A01";"2";"2";"0";"2";"8";"2";"1";
"202000040563";"154 671 067";"B01";"1";"7";"0";"2";"2";"16";"1";
"202000040563";"154 671 068";"A01";"1";"32";"0";"2";"3";"18";"1";
"202000040564";"154 671 066";"A01";"2";"7";"0";"0";"9";"21";"0";
"202000040565";"154 671 062";"Z01";"1";"7";"0";"2";"3";"10";"1";
"202000040565";"154 671 065";"A01";"1";"32";"0";"2";"3";"1";"1";
"202000040566";"154 671 063";"A01";"2";"7";"0";"2";"1";"13";"1";
"202000040566";"154 671 064";"B01";"1";"14";"0";"2";"1";"1";"1";
"202000040567";"154 671 060";"A01";"1";"10";"0";"1";"3";"1";"1";
"202000040568";"154 671 059";"A01";"2";"7";"8";"0";"1";"1";"1";
"202000040568";"154 671 061";"C01";"1";"34";"14";"0";"1";"1";"1";
"202000040569";"154 671 055";"B01";"0";"7";"0";"2";"3";"2";"1";
"202000040569";"154 671 056";"A01";"0";"33";"0";"2";"4";"10";"1";
"202000040570";"154 671 057";"A01";"1";"33";"0";"2";"1";"17";"0";
"202000040570";"154 671 058";"B01";"1";"7";"0";"2";"6";"15";"0";
"202000040571";"154 671 052";"A01";"2";"10";"3";"2";"2";"17";"1";
"202000040571";"154 671 053";"B01";"2";"10";"13";"2";"3";"1";"1";
"202000040572";"154 671 054";"A01";"0";"7";"13";"0";"2";"1";"1";
"202000040573";"154 671 049";"A01";"1";"1";"0";"2";"8";"1";"5";
"202000040573";"154 671 050";"B01";"1";"7";"0";"2";"7";"2";"1";
"202000040574";"154 671 051";"A01";"2";"7";"0";"1";"3";"1";"0";
"202000040575";"154 671 048";"A01";"3";"7";"1";"0";"1";"1";"1";
"202000040576";"154 671 047";"A01";"2";"7";"0";"1";"2";"2";"1";
"202000040577";"154 671 045";"A01";"3";"7";"0";"2";"1";"15";"1";
"202000040577";"154 671 046";"B01";"3";"2";"0";"2";"7";"1";"1";
"202000040578";"154 671 042";"B01";"2";"2";"0";"2";"1";"1";"1";
"202000040578";"154 671 043";"A01";"1";"7";"0";"2";"8";"15";"1";
"202000040579";"154 671 044";"A01";"1";"7";"16";"0";"1";"2";"1";
"202000040580";"154 671 040";"A01";"2";"7";"0";"2";"3";"13";"1";
"202000040580";"154 671 041";"B01";"1";"7";"0";"2";"3";"1";"1";
"202000040581";"154 671 036";"A01";"1";"33";"0";"2";"1";"3";"1";
"202000040581";"154 671 037";"B01";"1";"10";"0";"2";"5";"1";"1";
"202000040582";"154 671 038";"B01";"2";"7";"0";"2";"3";"1";"1";
"202000040582";"154 671 039";"A01";"1";"7";"0";"2";"1";"1";"1";
"202000040583";"154 671 035";"A01";"1";"33";"10";"0";"1";"12";"1";
"202000040584";"154 671 034";"A01";"2";"7";"0";"1";"1";"1";"0";
"202000040585";"154 671 033";"A01";"1";"32";"0";"0";"8";"1";"1";
"202000040586";"154 671 030";"A01";"2";"7";"0";"2";"0";"17";"1";
"202000040586";"154 671 031";"B01";"2";"1";"0";"2";"0";"15";"5";
"202000040587";"154 671 026";"B01";"2";"30";"0";"2";"1";"15";"1";
"202000040587";"154 671 028";"A01";"2";"7";"0";"2";"2";"1";"1";
"202000040588";"154 671 024";"B01";"2";"32";"0";"2";"1";"1";"1";
"202000040588";"154 671 025";"A01";"1";"7";"0";"2";"5";"15";"1";
"202000040589";"154 671 022";"A01";"1";"7";"3";"2";"1";"1";"1";
"202000040589";"154 671 023";"B01";"2";"7";"0";"2";"1";"1";"1";
"202000040590";"154 671 021";"A01";"1";"7";"0";"1";"2";"1";"1";
"202000040591";"154 671 017";"D01";"2";"7";"0";"2";"4";"2";"1";
"202000040591";"154 671 018";"A01";"2";"7";"3";"0";"1";"12";"1";
"202000040591";"154 671 019";"C01";"2";"7";"0";"2";"1";"2";"1";
"202000040591";"154 671 020";"B01";"2";"7";"3";"0";"1";"2";"1";
"202000040592";"154 671 015";"B01";"1";"43";"0";"2";"1";"1";"1";
"202000040592";"154 671 016";"A01";"2";"1";"0";"2";"8";"5";"5";
"202000040593";"154 671 013";"B01";"1";"2";"0";"2";"1";"5";"1";
"202000040593";"154 671 014";"A01";"2";"2";"0";"2";"1";"1";"1";
"202000040594";"154 671 012";"A01";"1";"10";"0";"1";"7";"16";"1";
"202000040595";"154 671 011";"A01";"1";"10";"16";"0";"0";"0";"1";
"202000040596";"154 671 010";"A01";"2";"32";"12";"0";"3";"13";"1";
"202000040597";"154 671 008";"A01";"2";"10";"13";"0";"2";"1";"1";
"202000040598";"154 671 007";"Z01";"1";"7";"0";"2";"1";"2";"0";
"202000040598";"154 671 009";"A01";"1";"7";"0";"2";"4";"23";"1";
"202000040599";"154 671 005";"B01";"2";"7";"0";"0";"1";"1";"1";
"202000040599";"154 671 006";"A01";"1";"7";"0";"0";"1";"17";"1";
"202000040600";"154 671 003";"B01";"2";"10";"0";"2";"5";"24";"1";
"202000040600";"154 671 004";"A01";"2";"7";"1";"2";"3";"13";"1";
"202000040601";"154 670 999";"B01";"1";"10";"0";"2";"8";"1";"1";
"202000040601";"154 671 000";"A01";"2";"30";"0";"2";"1";"1";"1";
"202000040602";"154 671 001";"B01";"3";"1";"0";"2";"4";"1";"5";
"202000040602";"154 671 002";"A01";"3";"2";"0";"9";"1";"1";"1";
"202000040603";"154 670 996";"B01";"1";"13";"0";"1";"2";"23";"1";
"202000040603";"154 670 997";"A01";"2";"7";"1";"0";"2";"1";"1";
"202000040604";"154 670 995";"A01";"2";"1";"0";"2";"1";"19";"5";
"202000040604";"154 670 998";"B01";"3";"34";"0";"2";"3";"1";"1";
"202000040605";"154 670 994";"A01";"2";"33";"6";"0";"7";"1";"1";
"202000040606";"154 670 992";"B01";"1";"37";"0";"2";"6";"15";"1";"1"
"202000040606";"154 670 993";"A01";"1";"32";"0";"2";"2";"15";"1";
"202000040607";"154 670 990";"B01";"2";"7";"0";"2";"8";"15";"1";
"202000040607";"154 670 991";"A01";"2";"33";"0";"2";"1";"17";"1";
"202000040608";"154 670 987";"B01";"1";"7";"0";"2";"3";"0";"1";
"202000040608";"154 670 988";"A01";"2";"7";"0";"2";"3";"1";"1";
"202000040609";"154 670 986";"A01";"1";"1";"0";"2";"8";"15";"5";
"202000040609";"154 670 989";"B01";"1";"34";"0";"2";"2";"5";"1";
"202000040610";"154 670 985";"A01";"1";"7";"2";"0";"8";"1";"1";
"202000040611";"154 670 984";"A01";"2";"32";"0";"1";"1";"1";"1";
"202000040612";"154 670 982";"B01";"2";"3";"0";"0";"4";"1";"0";
"202000040612";"154 670 983";"A01";"2";"10";"0";"2";"1";"1";"1";
"202000040613";"154 670 980";"B01";"0";"7";"0";"2";"8";"22";"1";
"202000040613";"154 670 981";"A01";"1";"1";"1";"2";"8";"1";"5";
"202000040614";"154 670 977";"A01";"3";"30";"0";"0";"0";"1";"3";
"202000040615";"154 670 978";"A01";"1";"33";"0";"2";"1";"12";"0";
"202000040615";"154 670 979";"B01";"1";"99";"0";"2";"3";"1";"0";
"202000040616";"154 670 974";"A01";"2";"7";"15";"0";"3";"13";"1";
"202000040617";"154 670 975";"B01";"1";"33";"0";"2";"8";"1";"0";
"202000040617";"154 670 976";"A01";"1";"10";"0";"2";"8";"11";"0";
"202000040618";"154 670 969";"B01";"1";"7";"0";"2";"3";"1";"1";
"202000040618";"154 670 971";"A01";"1";"50";"0";"2";"7";"1";"3";
"202000040619";"154 670 968";"A01";"1";"7";"0";"1";"2";"1";"1";
"202000040620";"154 670 965";"C01";"1";"7";"0";"2";"5";"20";"1";
"202000040620";"154 670 966";"B01";"1";"7";"0";"2";"4";"23";"0";
"202000040620";"154 670 967";"A01";"1";"7";"0";"2";"1";"1";"1";
"202000040621";"154 670 964";"A01";"2";"33";"12";"0";"1";"16";"1";
"202000040622";"154 670 970";"C01";"1";"15";"0";"2";"1";"1";"1";
"202000040622";"154 670 972";"B01";"2";"7";"0";"2";"3";"1";"1";
"202000040622";"154 670 973";"A01";"2";"7";"3";"2";"1";"13";"1";
"202000040623";"154 670 962";"A01";"1";"33";"0";"2";"5";"2";"1";
"202000040623";"154 670 963";"B01";"1";"7";"0";"2";"5";"16";"0";
"202000040624";"154 670 960";"B01";"1";"7";"0";"2";"3";"1";"2";
"202000040624";"154 670 961";"A01";"1";"2";"0";"2";"1";"13";"1";
"202000040625";"154 670 956";"A01";"3";"1";"0";"5";"1";"1";"5";
"202000040626";"154 670 957";"A01";"2";"7";"0";"2";"1";"1";"0";
"202000040626";"154 670 958";"B01";"2";"7";"0";"2";"4";"23";"1";
"202000040626";"154 670 959";"C01";"2";"7";"0";"2";"4";"23";"1";
"202000040627";"154 670 953";"A01";"1";"7";"0";"0";"0";"0";"0";
"202000040627";"154 670 954";"B01";"1";"1";"0";"0";"8";"1";"5";
"202000040628";"154 670 952";"B01";"2";"7";"0";"2";"6";"23";"1";
"202000040628";"154 670 955";"A01";"2";"33";"0";"2";"2";"1";"1";
"202000040629";"154 670 950";"A01";"2";"7";"0";"1";"7";"2";"1";
"202000040630";"154 670 945";"A01";"1";"7";"0";"2";"3";"15";"1";
"202000040630";"154 670 947";"B01";"1";"33";"0";"2";"2";"21";"1";
"202000040631";"154 670 946";"C01";"2";"7";"14";"2";"7";"21";"1";
"202000040631";"154 670 948";"A01";"2";"31";"0";"2";"4";"1";"1";
"202000040631";"154 670 949";"B01";"2";"7";"0";"2";"2";"1";"1";
"202000040632";"154 670 942";"A01";"2";"7";"1";"0";"1";"19";"1";
"202000040632";"154 670 944";"B01";"1";"7";"1";"0";"8";"1";"1";
"202000040633";"154 670 941";"B01";"1";"7";"0";"2";"1";"2";"1";
"202000040633";"154 670 943";"A01";"1";"7";"0";"0";"4";"1";"1";
"202000040634";"154 670 940";"A01";"3";"7";"0";"1";"3";"17";"1";
"202000040635";"154 670 939";"A01";"1";"32";"3";"0";"1";"1";"1";
"202000040636";"154 670 937";"A01";" -1";"7";"0";"2";"2";"26";"1";
"202000040636";"154 670 938";"B01";" -1";"33";"0";"2";"1";"0";"1";
"202000040637";"154 670 936";"A01";" -1";"43";"0";"1";"3";"1";"1";
"202000040638";"154 670 935";"A01";" -1";"32";"0";"1";"0";" -1";" -1";
"202000040639";"154 670 934";"A01";"1";"30";"0";"1";"8";"1";"1";
"202000040640";"154 670 932";"B01";"1";"7";"0";"2";"3";"26";"1";
"202000040640";"154 670 933";"A01";"1";"7";"8";"0";"2";"14";"1";
"202000040641";"154 670 931";"A01";"2";"7";"4";"0";"5";"0";"1";
"202000040642";"154 670 929";"B01";"3";"1";"1";"0";"7";"18";"5";
"202000040642";"154 670 930";"A01";"3";"7";"0";"9";"7";"23";"4";
"202000040643";"154 670 926";"A01";"1";"7";"0";"0";"9";"26";"1";
"202000040644";"154 670 925";"A01";" -1";"32";"0";"2";"1";"17";"1";
"202000040644";"154 670 927";"B01";" -1";"7";"0";"2";"8";"15";"1";
"202000040645";"154 670 924";"A01";"1";"7";"0";"0";"9";"1";"1";
"202000040646";"154 670 923";"A01";"1";"7";"4";"0";"2";"1";"1";
"202000040647";"154 670 922";"A01";"0";"10";"0";"1";"1";"15";"1";
"202000040648";"154 670 919";"A01";"2";"7";"0";"2";"1";"2";"1";
"202000040648";"154 670 921";"B01";"2";"7";"0";"2";"4";"2";"1";
"202000040649";"154 670 918";"B01";"1";"33";"0";"2";"4";"1";"1";
"202000040649";"154 670 920";"A01";"1";"7";"0";"2";"2";"14";"1";
"202000040650";"154 670 917";"A01";"2";"7";"4";"0";"1";"2";"1";
"202000040651";"154 670 916";"A01";"3";"7";"9";"0";"2";"14";"1";
"202000040652";"154 670 914";"A01";"1";"10";"0";"2";"4";"26";"1";
"202000040652";"154 670 915";"B01";"1";"7";"0";"2";"3";"0";"1";
"202000040653";"154 670 913";"A01";"3";"37";"6";"0";"6";"26";"0";"9"
"202000040654";"154 670 909";"B01";"1";"7";"0";"2";"1";"23";"1";
"202000040654";"154 670 911";"A01";"2";"7";"14";"0";"1";"5";"1";
"202000040655";"154 670 910";"B01";"1";"7";"0";"2";"3";"1";"1";
"202000040655";"154 670 912";"A01";"2";"7";"3";"2";"3";"13";"1";
"202000040656";"154 670 908";"A01";"2";"7";"0";"1";"1";"1";"1";
"202000040657";"154 670 907";"A01";"3";"33";"0";"0";"0";"17";"1";
"202000040658";"154 670 905";"A01";"1";"7";"0";"2";"1";"1";"1";
"202000040658";"154 670 906";"B01";"1";"32";"0";"2";"4";"1";"1";
"202000040659";"154 670 904";"A01";"1";"7";"0";"1";"2";"9";"1";
"202000040660";"154 670 901";"B01";"1";"2";"1";"0";"1";"2";"1";
"202000040660";"154 670 903";"A01";"1";"7";"1";"0";"4";"24";"1";
"202000040661";"154 670 900";"B01";"1";"7";"0";"2";"4";"2";"1";
"202000040661";"154 670 902";"A01";"1";"7";"0";"2";"2";"2";"1";
"202000040662";"154 670 897";"A01";"1";"7";"0";"2";"1";"2";"1";
"202000040662";"154 670 898";"B01";"1";"7";"0";"2";"4";"1";"1";
"202000040662";"154 670 899";"C01";"1";"7";"0";"2";"4";"1";"1";
"202000040663";"154 670 896";"A01";"1";"7";"0";"1";"2";"2";"1";
"202000040664";"154 670 894";"B01";"1";"7";"0";"2";"5";"15";"1";
"202000040664";"154 670 895";"A01";"1";"7";"0";"2";"3";"2";"1";
"202000040665";"154 670 892";"A01";"2";"50";"0";"1";"1";"1";"3";
"202000040666";"154 670 891";"A01";"1";"33";"0";"2";"0";"1";"1";
"202000040666";"154 670 893";"B01";"1";"0";"0";"2";"0";"0";"0";
"202000040667";"154 670 888";"A01";"0";"7";"0";"1";"1";"1";"1";
"202000040668";"154 670 887";"C01";"2";"7";"0";"2";"1";"1";"1";
"202000040668";"154 670 889";"B01";"2";"7";"0";"2";"1";"21";"1";
"202000040668";"154 670 890";"A01";"1";"7";"0";"2";"1";"5";"1";
"202000040669";"154 670 882";"B01";"1";"10";"0";"2";"8";"15";"1";
"202000040669";"154 670 885";"A01";"1";"30";"1";"2";"7";"17";"1";
"202000040670";"154 670 884";"A01";"1";"7";"0";"2";"3";"26";"1";
"202000040670";"154 670 886";"B01";"1";"7";"14";"0";"3";"9";"1";
"202000040671";"154 670 881";"B01";"2";"7";"0";"2";"1";"0";"0";
"202000040671";"154 670 883";"A01";"1";"7";"0";"2";"1";"0";"1";
"202000040672";"154 670 876";"A01";"2";"32";"0";"2";"7";"19";"0";
"202000040672";"154 670 879";"B01";"2";"7";"0";"2";"1";"1";"0";
"202000040673";"154 670 875";"C01";"2";"7";"0";"2";"8";"1";"1";
"202000040673";"154 670 878";"B01";"2";"7";"0";"2";"1";"1";"1";
"202000040673";"154 670 880";"A01";"1";"7";"0";"2";"7";"13";"1";
"202000040674";"154 670 874";"B01";"2";"32";"0";"2";"7";"17";"1";
"202000040674";"154 670 877";"A01";"2";"7";"0";"2";"3";"15";"1";