"Num_Acc";"id_vehicule";"num_veh";"senc";"catv";"obs";"obsm";"choc";"manv";"motor";"occutc"
"202000040675";"154 670 871";"A01";"1";"7";"0";"9";"3";"2";"0";
"202000040675";"154 670 873";"B01";"1";"1";"0";"2";"7";"19";"6";
"202000040676";"154 670 870";"A01";"1";"2";"0";"0";"0";"21";"1";
"202000040677";"154 670 869";"A01";"1";"31";"0";"0";"7";"1";"1";
"202000040678";"154 670 867";"A01";"2";"10";"9";"0";"1";"2";"1";
"202000040679";"154 670 866";"A01";"3";"39";"0";"1";"0";"1";"1";
"202000040680";"154 670 865";"A01";"1";"7";"16";"0";"2";"1";"0";
"202000040681";"154 670 863";"A01";"2";"7";"0";"2";"5";"14";"1";
"202000040681";"154 670 864";"B01";"2";"33";"0";"2";"8";"18";"1";
"202000040682";"154 670 868";"A01";"1";"37";"0";"2";"2";"17";"1";"1"
"202000040682";"154 670 872";"B01";"1";"7";"0";"2";"6";"0";"1";
"202000040683";"154 670 862";"A01";"3";"7";"0";"0";"9";"17";"1";
"202000040684";"154 670 856";"A01";"2";"7";"0";"2";"4";"1";"1";
"202000040684";"154 670 858";"D01";"2";"7";"0";"2";"1";"1";"1";
"202000040684";"154 670 859";"C01";"2";"7";"0";"2";"1";"1";"1";
"202000040684";"154 670 861";"B01";"2";"7";"0";"2";"4";"1";"1";
"202000040685";"154 670 854";"A01";"1";"33";"0";"2";"1";"13";"1";
"202000040685";"154 670 857";"B01";"2";"7";"0";"2";"1";"1";"1";
"202000040686";"154 670 853";"A01";"2";"30";"0";"2";"1";"1";"1";
"202000040686";"154 670 855";"B01";"1";"7";"0";"2";"3";"1";"1";
"202000040687";"154 670 850";"A01";"1";"2";"0";"0";"7";"21";"1";
"202000040688";"154 670 849";"B01";"1";"33";"0";"2";"1";"2";"1";
"202000040688";"154 670 851";"A01";"1";"7";"0";"2";"4";"2";"1";
"202000040689";"154 670 848";"A01";"2";"7";"0";"2";"7";"0";"1";
"202000040689";"154 670 852";"B01";"1";"7";"0";"2";"1";"1";"1";
"202000040690";"154 670 844";"B01";"1";"7";"0";"2";"1";"1";"1";
"202000040690";"154 670 846";"A01";"1";"7";"3";"0";"4";"1";"1";
"202000040691";"154 670 845";"A01";"1";"7";"0";"2";"8";"14";"1";
"202000040691";"154 670 847";"B01";"1";"15";"0";"2";"1";"2";"1";
"202000040692";"154 670 842";"B01";"2";"32";"0";"2";"1";"1";"1";
"202000040692";"154 670 843";"A01";"2";"7";"0";"2";"6";"13";"1";
"202000040693";"154 670 840";"A01";"1";"7";"13";"0";"7";"1";"1";
"202000040694";"154 670 837";"A01";"1";"7";"4";"2";"6";"13";"1";
"202000040694";"154 670 838";"B01";"1";"7";"4";"0";"4";"1";"1";
"202000040694";"154 670 839";"C01";"1";"7";"4";"2";"2";"1";"1";
"202000040695";"154 670 841";"A01";"2";"7";"15";"0";"0";"2";"1";
"202000040696";"154 670 834";"A01";"3";"7";"2";"0";"1";"1";"1";
"202000040697";"154 670 833";"A01";"1";"7";"0";"2";"5";"11";"1";
"202000040697";"154 670 835";"B01";"1";"2";"0";"2";"1";"3";"1";
"202000040698";"154 670 831";"B01";"0";"1";"0";"0";"0";"0";"0";
"202000040698";"154 670 832";"A01";"1";"7";"1";"0";"4";"4";"1";
"202000040699";"154 670 828";"A01";"1";"7";"1";"0";"1";"1";"1";
"202000040700";"154 670 829";"A01";"2";"33";"4";"0";"3";"1";"1";
"202000040701";"154 670 827";"A01";"3";"7";"0";"2";"3";"15";"1";
"202000040701";"154 670 830";"B01";"3";"7";"0";"2";"1";"1";"1";
"202000040702";"154 670 824";"A01";"3";"7";"0";"2";"2";"15";"1";
"202000040702";"154 670 826";"B01";"3";"7";"0";"2";"1";"1";"1";
"202000040703";"154 670 823";"B01";"2";"10";"0";"2";"4";"1";"1";
"202000040703";"154 670 825";"A01";"2";"33";"0";"2";"1";"23";"1";
"202000040704";"154 670 818";"A01";"2";"7";"0";"2";"8";"11";"1";
"202000040704";"154 670 820";"B01";"2";"31";"0";"2";"1";"3";"1";
"202000040705";"154 670 819";"B01";"3";"7";"0";"1";"4";"2";"1";
"202000040705";"154 670 821";"A01";"3";"7";"0";"2";"1";"16";"1";
"202000040706";"154 670 817";"A01";"2";"7";"0";"1";"7";"17";"1";
"202000040707";"154 670 814";"B01";"2";"7";"0";"2";"0";"0";"6";
"202000040707";"154 670 815";"A01";"1";"7";"0";"2";"2";"0";" -1";
"202000040708";"154 670 813";"A01";"3";"2";"12";"0";"0";"1";"1";
"202000040709";"154 670 816";"A01";"2";"34";"0";"0";"8";"1";"1";
"202000040710";"154 670 811";"A01";"2";"7";"0";"1";"1";"1";"1";
"202000040711";"154 670 812";"A01";"2";"7";"0";"0";"9";"0";"1";
"202000040712";"154 670 808";"A01";"2";"7";"0";"1";"2";"1";"1";
"202000040713";"154 670 809";"A01";"2";"33";"0";"2";"3";"3";"1";
"202000040713";"154 670 810";"B01";"2";"7";"0";"2";"5";"11";"1";
"202000040714";"154 670 801";"B01";"3";"31";"0";"2";"2";"1";"1";
"202000040714";"154 670 803";"A01";"1";"7";"0";"2";"3";"9";"1";
"202000040715";"154 670 802";"A01";"1";"7";"16";"0";"0";"14";"1";
"202000040716";"154 670 804";"A01";"1";"7";"0";"2";"1";"11";"1";
"202000040716";"154 670 805";"B01";"1";"7";"0";"2";"4";"2";"1";
"202000040717";"154 670 799";"B01";"2";"7";"0";"2";"3";"1";"1";
"202000040717";"154 670 800";"A01";"1";"7";"0";"2";"1";"13";"1";
"202000040718";"154 670 795";"A01";"1";"7";"0";"2";"3";"9";"1";
"202000040718";"154 670 797";"B01";"1";"7";"0";"2";"2";"1";"1";
"202000040718";"154 670 798";"C01";"2";"7";"0";"2";"6";"1";"1";
"202000040719";"154 670 794";"B01";"2";"7";"0";"2";"1";"1";"1";
"202000040719";"154 670 796";"A01";"2";"7";"0";"2";"8";"13";"1";
"202000040720";"154 670 792";"A01";"1";"7";"0";"2";"1";"1";"1";
"202000040720";"154 670 793";"B01";"2";"50";"0";"2";"1";"5";"3";
"202000040721";"154 670 789";"B01";"1";"2";"0";"2";"1";"1";"1";
"202000040721";"154 670 791";"A01";"1";"7";"0";"2";"2";"19";"1";
"202000040722";"154 670 790";"A01";"2";"7";"4";"0";"1";"2";"1";
"202000040723";"154 670 786";"A01";"1";"21";"0";"2";"8";"1";"1";
"202000040723";"154 670 787";"B01";"2";"1";"0";"2";"8";"1";"5";
"202000040724";"154 670 784";"A01";"0";"7";"0";"1";"2";"1";"1";
"202000040725";"154 670 785";"A01";"2";"7";"0";"0";"0";"2";"1";
"202000040726";"154 670 779";"A01";"2";"42";"0";"0";"7";"1";"1";
"202000040727";"154 670 780";"A01";"2";"7";"0";"2";"2";"15";"1";
"202000040727";"154 670 781";"B01";"2";"30";"0";"2";"1";"1";"1";
"202000040728";"154 670 778";"A01";"2";"7";"2";"0";"8";"1";"1";
"202000040729";"154 670 776";"B01";"3";"7";"0";"2";"4";"1";"1";
"202000040729";"154 670 777";"A01";"3";"7";"0";"2";"1";"2";"1";
"202000040730";"154 670 774";"B01";"2";"7";"0";"2";"4";"2";"1";
"202000040730";"154 670 775";"A01";"2";"7";"0";"2";"1";"26";"1";
"202000040731";"154 670 771";"B01";"0";"7";"0";"2";"1";"9";"1";
"202000040731";"154 670 772";"A01";"3";"7";"0";"2";"1";"13";"1";
"202000040732";"154 670 767";"A01";"1";"7";"0";"2";"1";"2";"1";
"202000040732";"154 670 769";"C01";"1";"7";"0";"2";"4";"1";"1";
"202000040732";"154 670 770";"B01";"1";"7";"0";"2";"4";"2";"1";
"202000040733";"154 670 766";"B01";"3";"7";"0";"2";"3";"1";"1";
"202000040733";"154 670 768";"A01";"3";"2";"0";"2";"6";"13";"1";
"202000040734";"154 670 763";"A01";"3";"7";"0";"1";"2";"26";"1";
"202000040735";"154 670 764";"B01";"0";"7";"0";"2";"4";"23";"1";
"202000040735";"154 670 765";"A01";"0";"7";"0";"2";"1";"1";"1";
"202000040736";"154 670 762";"A01";"1";"7";"2";"0";"0";"0";"1";
"202000040737";"154 670 761";"A01";"3";"37";"0";"1";"3";"1";"1";"1"
"202000040738";"154 670 758";"B01";"3";"3";"0";"2";"2";"16";"1";
"202000040738";"154 670 760";"A01";"3";"7";"0";"2";"3";"11";"1";
"202000040739";"154 670 757";"A01";"3";"7";"0";"2";"3";"19";"1";
"202000040739";"154 670 759";"B01";"3";"2";"0";"2";"1";"1";"1";
"202000040740";"154 670 756";"A01";"1";"7";"0";"1";"7";"1";"1";
"202000040741";"154 670 751";"B01";"1";"7";"0";"2";"1";"1";"1";
"202000040741";"154 670 754";"A01";"2";"7";"0";"2";"1";"17";"1";
"202000040742";"154 670 750";"A01";"1";"7";"0";"2";"4";"17";"1";
"202000040742";"154 670 753";"B01";"1";"7";"0";"2";"3";"2";"1";
"202000040743";"154 670 749";"A01";"3";"7";"0";"1";"2";"13";"1";
"202000040744";"154 670 752";"B01";"1";"1";"0";"2";"3";"1";"5";
"202000040744";"154 670 755";"A01";"2";"30";"0";"9";"1";"1";"1";
"202000040745";"154 670 747";"B01";"3";"34";"0";"2";"2";"1";"1";
"202000040745";"154 670 748";"A01";"3";"7";"0";"2";"3";"15";"1";
"202000040746";"154 670 744";"A01";"2";"7";"0";"0";"5";"23";"1";
"202000040746";"154 670 746";"B01";"2";"2";"0";"2";"2";"2";"1";
"202000040747";"154 670 743";"A01";"1";"7";"0";"1";"2";"1";"1";
"202000040748";"154 670 740";"A01";"2";"7";"0";"2";"3";"1";"1";
"202000040748";"154 670 742";"B01";"1";"7";"0";"2";"2";"0";"1";
"202000040749";"154 670 737";"A01";"2";"7";"0";"2";"3";"15";"1";
"202000040749";"154 670 738";"B01";"2";"7";"0";"2";"1";"1";"1";
"202000040750";"154 670 734";"B01";"2";"7";"0";"2";"5";"15";"1";
"202000040750";"154 670 736";"A01";"2";"7";"0";"2";"1";"1";"1";
"202000040751";"154 670 733";"A01";"3";"7";"0";"2";"3";"19";"1";
"202000040751";"154 670 735";"B01";"3";"7";"2";"2";"1";"1";"1";
"202000040752";"154 670 729";"A01";"3";"32";"0";"2";"0";"0";"0";
"202000040752";"154 670 730";"B01";"3";"30";"0";"2";"0";"0";"0";
"202000040752";"154 670 731";"Z01";"3";"7";"0";"2";"0";"0";"0";
"202000040753";"154 670 732";"A01";"2";"7";"1";"1";"8";"26";"1";
"202000040754";"154 670 726";"B01";"2";"31";"0";"2";"8";"1";"1";
"202000040754";"154 670 728";"A01";"2";"7";"0";"2";"3";"15";"1";
"202000040755";"154 670 722";"B01";"2";"7";"0";"2";"3";"9";"6";
"202000040755";"154 670 723";"A01";"1";"2";"0";"2";"1";"26";"0";
"202000040756";"154 670 724";"C01";"1";"7";"16";"0";"4";"1";"1";
"202000040756";"154 670 725";"B01";"3";"7";"0";"2";"6";"1";"1";
"202000040756";"154 670 727";"A01";"1";"7";"0";"2";"1";"1";"1";
"202000040757";"154 670 720";"A01";"3";"7";"0";"2";"3";"1";"1";
"202000040757";"154 670 721";"B01";"3";"80";"0";"2";"7";"19";"3";
"202000040758";"154 670 718";"A01";"2";"32";"0";"2";"1";"13";"0";
"202000040758";"154 670 719";"B01";"1";"10";"0";"2";"3";"1";"0";
"202000040759";"154 670 717";"A01";"2";"1";"6";"0";"1";"26";"1";
"202000040760";"154 670 714";"A01";"1";"30";"0";"2";"1";"1";"1";
"202000040760";"154 670 716";"B01";"3";"10";"0";"2";"7";"19";"1";
"202000040761";"154 670 713";"B01";"3";"33";"0";"2";"8";"0";"1";
"202000040761";"154 670 715";"A01";"3";"7";"0";"2";"1";"6";"1";
"202000040762";"154 670 709";"B01";"1";"33";"0";"2";"0";"0";"0";
"202000040762";"154 670 710";"C01";"1";"33";"0";"2";"1";"1";"1";
"202000040762";"154 670 711";"D01";"1";"7";"0";"2";"1";"1";"1";
"202000040762";"154 670 712";"A01";"1";"33";"0";"2";"0";"26";"1";
"202000040763";"154 670 707";"A01";"1";"7";"0";"2";"6";"16";"1";
"202000040763";"154 670 708";"B01";"1";"14";"0";"2";"2";"16";"1";
"202000040764";"154 670 705";"B01";"1";"32";"0";"2";"1";"1";"1";
"202000040764";"154 670 706";"A01";"1";"7";"0";"2";"3";"15";"1";
"202000040765";"154 670 703";"B01";"2";"1";"0";"2";"0";"1";"5";
"202000040765";"154 670 704";"A01";"1";"7";"0";"2";"3";"9";"1";
"202000040766";"154 670 701";"B01";"3";"1";"0";"2";"0";"0";"5";
"202000040766";"154 670 702";"A01";"1";"7";"0";"2";"1";"15";"1";
"202000040767";"154 670 699";"A01";"2";"33";"0";"2";"1";"2";"1";
"202000040767";"154 670 700";"B01";"2";"7";"0";"2";"4";"2";"1";
"202000040768";"154 670 696";"A01";"2";"7";"6";"0";"1";"14";"1";
"202000040769";"154 670 695";"A01";"1";"7";"0";"2";"1";"1";"1";
"202000040769";"154 670 697";"B01";"1";"7";"0";"2";"4";"0";"1";
"202000040769";"154 670 698";"C01";"1";"7";"0";"2";"4";"1";"1";
"202000040770";"154 670 694";"A01";"3";"7";"0";"1";"2";"7";"1";
"202000040771";"154 670 690";"A01";"2";"7";"0";"2";"1";"1";"1";
"202000040771";"154 670 691";"B01";"2";"7";"0";"2";"4";"2";"1";
"202000040772";"154 670 689";"A01";"2";"7";"0";"2";"1";"19";"1";
"202000040772";"154 670 692";"C01";"2";"7";"0";"2";"2";"2";"1";
"202000040772";"154 670 693";"B01";"2";"7";"0";"2";"7";"2";"1";
"202000040773";"154 670 686";"A01";"0";"7";"0";"2";"1";"13";"1";
"202000040773";"154 670 688";"B01";"0";"7";"0";"2";"1";"1";"1";
"202000040774";"154 670 687";"A01";"2";"31";"0";"0";"7";"1";"1";
"202000040775";"154 670 683";"B01";"3";"33";"0";"2";"1";"26";"1";
"202000040775";"154 670 685";"A01";"3";"7";"0";"2";"1";"21";"1";
"202000040776";"154 670 682";"B01";"1";"7";"0";"2";"8";"1";"1";
"202000040776";"154 670 684";"A01";"1";"17";"0";"2";"2";"14";"1";
"202000040777";"154 670 679";"A01";"1";"7";"0";"2";"1";"1";"1";
"202000040777";"154 670 681";"B01";"1";"7";"0";"2";"4";"23";"1";
"202000040778";"154 670 678";"A01";"2";"7";"0";"2";"3";"10";"1";
"202000040778";"154 670 680";"B01";"1";"1";"0";"2";"1";"1";"5";
"202000040779";"154 670 677";"A01";"3";"7";"2";"0";"1";"14";"1";
"202000040780";"154 670 673";"C01";"1";"1";"0";"0";"7";"19";"5";
"202000040780";"154 670 675";"A01";"1";"7";"0";"0";"1";"1";"1";
"202000040780";"154 670 676";"B01";"1";"33";"0";"0";"4";"1";"1";
"202000040781";"154 670 670";"B01";"1";"50";"0";"2";"9";"19";"3";
"202000040781";"154 670 672";"A01";"1";"99";"0";"9";"1";"1";"0";
"202000040782";"154 670 668";"B01";"3";"7";"0";"2";"3";"25";"1";
"202000040782";"154 670 669";"A01";"1";"1";"0";"2";"1";"25";"5";
"202000040783";"154 670 667";"A01";"2";"7";"0";"1";"1";"1";"1";
"202000040784";"154 670 671";"B01";"1";"50";"0";"2";"1";"1";"3";
"202000040784";"154 670 674";"A01";"2";"10";"0";"2";"7";"16";"1";
"202000040785";"154 670 665";"A01";"1";"1";"0";"2";"7";"2";"0";
"202000040785";"154 670 666";"B01";"1";"13";"0";"2";"8";"17";"6";
"202000040786";"154 670 664";"A01";"2";"7";"0";"1";"1";"16";"1";
"202000040787";"154 670 663";"A01";"0";"7";"0";"1";"1";"1";"1";
"202000040788";"154 670 662";"A01";"2";"7";"6";"0";"1";"1";"1";
"202000040789";"154 670 660";"A01";"1";"7";"0";"2";"3";"10";"1";
"202000040789";"154 670 661";"B01";"1";"31";"0";"2";"1";"1";"1";
"202000040790";"154 670 659";"A01";"1";"7";"0";"1";"1";"1";"1";
"202000040791";"154 670 658";"A01";"2";"7";"4";"0";"3";"13";"1";
"202000040792";"154 670 656";"B01";"2";"7";"0";"2";"4";"23";"1";
"202000040792";"154 670 657";"A01";"2";"30";"0";"2";"1";"2";"1";
"202000040793";"154 670 655";"A01";"1";"7";"0";"1";"3";"15";"1";
"202000040794";"154 670 653";"A01";"0";"7";"9";"0";"1";"26";"1";
"202000040795";"154 670 650";"B01";"1";"10";"0";"2";"1";"1";"1";
"202000040795";"154 670 652";"A01";"1";"7";"0";"2";"3";"9";"1";
"202000040796";"154 670 648";"A01";"3";"7";"0";"2";"1";"1";"1";
"202000040796";"154 670 649";"B01";"3";"1";"0";"0";"4";"1";"0";
"202000040797";"154 670 646";"B01";"1";"37";"0";"2";"3";"1";"4";"1"
"202000040797";"154 670 647";"A01";"1";"7";"0";"2";"1";"1";"1";
"202000040798";"154 670 645";"A01";"1";"7";"0";"1";"1";"1";"1";
"202000040799";"154 670 643";"A01";"1";"7";"0";"2";"7";"15";"1";
"202000040799";"154 670 644";"B01";"0";"33";"0";"2";"1";"1";"1";
"202000040800";"154 670 651";"A01";"2";"10";"0";"1";"3";"15";"1";
"202000040801";"154 670 642";"A01";"2";"7";"0";"1";"0";"18";"1";
"202000040802";"154 670 639";"A01";"1";"13";"0";"2";"1";"1";"1";
"202000040802";"154 670 640";"B01";"1";"10";"0";"2";"4";"23";"1";
"202000040802";"154 670 641";"C01";"1";"7";"0";"2";"4";"23";"1";
"202000040803";"154 670 637";"A01";"1";"1";"0";"2";"4";"15";"5";
"202000040803";"154 670 638";"B01";"1";"7";"0";"2";"2";"1";"1";
"202000040804";"154 670 635";"Z01";"1";"7";"0";"1";"1";"1";"1";
"202000040805";"154 670 634";"A01";"1";"30";"0";"0";"1";"1";"1";
"202000040806";"154 670 633";"A01";"1";"7";"0";"1";"2";"1";"1";
"202000040807";"154 670 631";"B01";"1";"7";"12";"2";"0";"1";"1";
"202000040807";"154 670 632";"A01";"1";"0";"0";"2";"0";"18";"0";
"202000040808";"154 670 630";"A01";"2";"7";"8";"0";"2";"1";"1";
"202000040809";"154 670 636";"A01";"2";"7";"0";"1";"2";"1";"1";
"202000040810";"154 670 628";"B01";"2";"30";"0";"2";"1";"1";"1";
"202000040810";"154 670 629";"A01";"1";"7";"0";"2";"3";"15";"1";
"202000040811";"154 670 627";"A01";"1";"7";"1";"0";"2";"14";"1";
"202000040812";"154 670 625";"A01";"2";"7";"0";"2";"2";"1";"1";
"202000040812";"154 670 626";"B01";"2";"50";"0";"2";"0";"19";"3";
"202000040813";"154 670 624";"A01";"1";"7";"14";"0";"3";"13";"1";
"202000040814";"154 670 622";"A01";"2";"7";"0";"1";"2";"1";"1";
"202000040815";"154 670 621";"A01";"1";"7";"0";"2";"2";"17";"1";
"202000040815";"154 670 623";"B01";"2";"7";"0";"2";"3";"1";"1";
"202000040816";"154 670 619";"Z01";"2";"10";"0";"2";"3";"13";"1";
"202000040816";"154 670 620";"A01";"2";"31";"0";"2";"2";"23";"1";
"202000040817";"154 670 617";"A01";"1";"7";"0";"1";"2";"2";"1";
"202000040818";"154 670 616";"A01";"1";"7";"0";"2";"3";"15";"1";
"202000040818";"154 670 618";"B01";"2";"32";"0";"2";"1";"5";"1";
"202000040819";"154 670 613";"A01";"3";"7";"8";"0";"1";"1";"1";
"202000040820";"154 670 611";"B01";"2";"7";"0";"2";"3";"1";"1";
"202000040820";"154 670 612";"A01";"1";"30";"0";"2";"1";"15";"1";
"202000040821";"154 670 610";"A01";"2";"7";"0";"1";"5";"4";"1";
"202000040822";"154 670 608";"B01";"2";"7";"0";"2";"1";"1";"1";
"202000040822";"154 670 609";"A01";"2";"7";"0";"2";"3";"15";"1";
"202000040823";"154 670 606";"A01";"1";"7";"0";"2";"1";"15";"1";
"202000040823";"154 670 607";"B01";"2";"7";"0";"2";"3";"1";"1";
"202000040824";"154 670 604";"Z01";"0";"7";"0";"2";"3";"9";"0";
"202000040824";"154 670 605";"B01";"0";"2";"0";"0";"0";"0";"1";
"202000040825";"154 670 601";"Z01";"1";"7";"1";"2";"1";"1";"0";
"202000040825";"154 670 602";"B01";"1";"7";"0";"2";"3";"10";"0";
"202000040826";"154 670 600";"A01";"0";"7";"0";"2";"6";"9";"0";
"202000040826";"154 670 603";"B01";" -1";"32";"0";"2";"1";"0";"0";
"202000040827";"154 670 598";"Z01";"2";"0";"0";"1";"1";"1";"0";
"202000040828";"154 670 597";"B01";"1";"7";"0";"2";"3";"9";"1";
"202000040828";"154 670 599";"A01";"3";"7";"0";"2";"1";"17";"1";
"202000040829";"154 670 594";"A01";"1";"7";"0";"9";"8";"22";"1";
"202000040829";"154 670 596";"Y01";"1";"1";"1";"0";"0";"0";"0";
"202000040830";"154 670 593";"B01";"1";"32";"0";"2";"2";"17";"1";
"202000040830";"154 670 595";"A01";"3";"7";"0";"2";"3";"19";"1";
"202000040831";"154 670 592";"A01";"3";"10";"0";"1";"2";"25";"1";
"202000040832";"154 670 591";"A01";"2";"7";"0";"1";"2";"7";"1";
"202000040833";"154 670 587";"B01";"0";"7";"0";"2";"8";"1";"1";
"202000040833";"154 670 588";"A01";"0";"7";"0";"2";"2";"1";"1";
"202000040834";"154 670 589";"B01";"2";"33";"0";"2";"2";"2";"1";
"202000040834";"154 670 590";"A01";"2";"10";"0";"2";"8";"9";"1";
"202000040835";"154 670 586";"Z01";"3";"37";"0";"1";"0";"26";"0";"0"
"202000040836";"154 670 584";"B01";"1";"2";"0";"2";"3";"1";"0";
"202000040836";"154 670 585";"A01";"0";"7";"0";"2";"3";"26";"3";
"202000040837";"154 670 583";"Z01";"0";"7";"1";"1";"0";"0";"0";
"202000040838";"154 670 580";"B01";"2";"10";"0";"2";"3";"4";"1";
"202000040838";"154 670 582";"A01";"2";"30";"0";"2";"3";"13";"1";
"202000040839";"154 670 577";"A01";"1";"7";"0";"2";"1";"2";"1";
"202000040839";"154 670 578";"B01";"1";"7";"0";"2";"5";"2";"1";
"202000040839";"154 670 579";"C01";"1";"7";"0";"2";"4";"2";"1";
"202000040840";"154 670 575";"A01";"1";"7";"0";"1";"7";"16";"1";
"202000040841";"154 670 574";"A01";"2";"3";"0";"2";"3";"13";"1";
"202000040841";"154 670 576";"B01";"1";"7";"0";"2";"3";"1";"1";
"202000040842";"154 670 571";"B01";"3";"7";"0";"2";"6";"0";"1";
"202000040842";"154 670 573";"A01";"3";"33";"0";"2";"1";"1";"1";
"202000040843";"154 670 570";"B01";"1";"7";"0";"2";"4";"17";"1";
"202000040843";"154 670 572";"A01";"1";"7";"0";"2";"8";"17";"1";
"202000040844";"154 670 568";"B01";"0";"7";"0";"2";"3";"1";"1";
"202000040844";"154 670 569";"A01";"0";"2";"0";"2";"3";"13";"1";
"202000040845";"154 670 567";"A01";"1";"7";"13";"0";"2";"1";"1";
"202000040846";"154 670 566";"A01";"1";"7";"0";"1";"2";"1";"1";
"202000040847";"154 670 565";"A01";"2";"7";"11";"0";"1";"6";"1";
"202000040848";"154 670 564";"A01";"3";"7";"6";"0";"9";"0";"0";
"202000040849";"154 670 562";"A01";"0";"7";"0";"1";"4";"4";"1";
"202000040850";"154 670 561";"A01";"3";"7";"0";"2";"3";"2";"1";
"202000040850";"154 670 563";"B01";"3";"7";"0";"9";"4";"2";"1";
"202000040851";"154 670 558";"A01";"1";"7";"0";"0";"0";"26";"1";
"202000040852";"154 670 559";"B01";"1";"7";"0";"2";"1";"1";"1";
"202000040852";"154 670 560";"A01";"2";"10";"0";"2";"1";"15";"1";
"202000040853";"154 670 557";"A01";"2";"7";"0";"0";"3";"0";"1";
"202000040854";"154 670 556";"A01";"2";"7";"0";"1";"3";"26";"1";
"202000040855";"154 670 554";"B01";"2";"7";"0";"1";"1";"1";"1";
"202000040856";"154 670 553";"A01";"2";"33";"0";"2";"1";"3";"1";
"202000040856";"154 670 555";"B01";"2";"7";"0";"2";"4";"11";"1";
"202000040857";"154 670 550";"A01";"2";"31";"0";"2";"1";"2";"1";
"202000040857";"154 670 551";"B01";"2";"7";"0";"2";"5";"2";"1";
"202000040858";"154 670 552";"A01";"2";"7";"2";"0";"2";"0";"6";
"202000040859";"154 670 548";"A01";"1";"33";"0";"2";"1";"1";"1";
"202000040859";"154 670 549";"B01";"3";"10";"0";"2";"5";"1";"1";
"202000040860";"154 670 547";"A01";"2";"7";"13";"0";"3";"1";"1";
"202000040861";"154 670 546";"A01";"3";"30";"0";"1";"2";"1";"1";
"202000040862";"154 670 545";"A01";"0";"33";"12";"0";"1";"1";"1";
"202000040863";"154 670 543";"B01";"3";"7";"0";"2";"2";"15";"1";
"202000040863";"154 670 544";"A01";"3";"32";"0";"2";"1";"1";"1";
"202000040864";"154 670 541";"A01";"2";"7";"0";"1";"1";"1";"1";
"202000040865";"154 670 540";"A01";"1";"1";"0";"0";"1";"1";"5";
"202000040866";"154 670 537";"B01";"2";"34";"0";"2";"7";"17";"1";
"202000040866";"154 670 538";"A01";"1";"7";"0";"2";"1";"15";"1";
"202000040867";"154 670 539";"A01";"2";"7";"13";"0";"1";"1";"1";
"202000040868";"154 670 536";"A01";"1";"10";"0";"1";"1";"1";"2";
"202000040869";"154 670 534";"A01";"3";"7";"0";"2";"1";"1";"1";
"202000040869";"154 670 535";"B01";"3";"7";"0";"2";"4";"23";"1";
"202000040870";"154 670 532";"A01";"3";"33";"2";"0";"1";"1";"1";
"202000040871";"154 670 531";"B01";"3";"30";"0";"2";"1";"1";"1";
"202000040871";"154 670 533";"A01";"3";"7";"0";"2";"3";"13";"1";
"202000040872";"154 670 528";"B01";"1";"7";"0";"2";"3";"13";"0";
"202000040872";"154 670 530";"A01";"1";"33";"0";"2";"7";"17";"0";
"202000040873";"154 670 529";"A01";"1";"34";"0";"1";"3";"1";"3";
"202000040874";"154 670 527";"A01";"2";"7";"0";"1";"1";"1";"1";
"202000040875";"154 670 524";"A01";"2";"10";"0";"1";"1";"1";"1";
"202000040876";"154 670 523";"A01";"1";"1";"0";"2";"8";"1";"5";
"202000040876";"154 670 526";"Z01";"1";"7";"0";"2";"2";"17";"1";
"202000040877";"154 670 522";"B01";"3";"7";"0";"2";"3";"1";"1";
"202000040877";"154 670 525";"A01";"3";"7";"0";"2";"3";"11";"1";
"202000040878";"154 670 520";"A01";"1";"33";"7";"6";"1";"1";"1";
"202000040879";"154 670 518";"A01";"2";"33";"13";"0";"7";"0";"1";
"202000040880";"154 670 516";"B01";"3";"33";"0";"2";"1";"3";"1";
"202000040880";"154 670 517";"D01";"3";"43";"0";"2";"1";"3";"1";
"202000040880";"154 670 519";"A01";"3";"43";"0";"2";"4";"3";"1";
"202000040880";"154 670 521";"C01";"3";"33";"0";"2";"1";"3";"1";
"202000040881";"154 670 514";"B01";"2";"7";"0";"0";"4";"2";"1";
"202000040881";"154 670 515";"A01";"2";"7";"0";"2";"1";"2";"2";
"202000040882";"154 670 512";"B01";"2";"7";"0";"0";"6";"2";"1";
"202000040882";"154 670 513";"A01";"2";"7";"0";"2";"2";"2";"1";
"202000040883";"154 670 511";"A01";"1";"30";"0";"1";"1";"1";"1";
"202000040884";"154 670 509";"A01";"1";"7";"0";"2";"1";"0";"1";
"202000040884";"154 670 510";"B01";"2";"10";"0";"2";"1";"0";"1";
"202000040885";"154 670 506";"B01";"1";"13";"0";"2";"3";"0";"1";
"202000040885";"154 670 508";"A01";"2";"7";"0";"2";"3";"13";"1";
"202000040886";"154 670 507";"A01";"3";"7";"0";"1";"4";"4";"1";
"202000040887";"154 670 505";"A01";"1";"32";"6";"0";"2";"16";"1";
"202000040888";"154 670 501";"A01";"3";"7";"0";"2";"3";"1";"1";
"202000040888";"154 670 504";"B01";"3";"2";"0";"2";"7";"1";"1";
"202000040889";"154 670 502";"A01";"1";"30";"0";"2";"3";"18";"1";
"202000040889";"154 670 503";"B01";"1";"7";"0";"2";"2";"1";"1";