"Num_Acc";"id_vehicule";"num_veh";"senc";"catv";"obs";"obsm";"choc";"manv";"motor";"occutc"
"202000040890";"154 670 499";"A01";"2";"7";"0";"1";"2";"16";"1";
"202000040891";"154 670 497";"A01";"1";"7";"0";"1";"2";"1";"1";
"202000040892";"154 670 495";"B01";"2";"7";"0";"2";"1";"1";"1";
"202000040892";"154 670 496";"A01";"1";"7";"0";"2";"1";"13";"1";
"202000040893";"154 670 498";"A01";"1";"1";"0";"1";"1";"1";"5";
"202000040894";"154 670 493";"B01";"1";"10";"0";"2";"3";"1";"1";
"202000040894";"154 670 494";"A01";"2";"7";"0";"2";"3";"13";"1";
"202000040895";"154 670 489";"C01";"1";"7";"0";"2";"1";"2";"1";
"202000040895";"154 670 490";"B01";"2";"7";"0";"2";"5";"15";"1";
"202000040895";"154 670 491";"A01";"1";"30";"0";"2";"1";"1";"1";
"202000040896";"154 670 485";"A01";"2";"7";"0";"1";"6";"23";"0";
"202000040896";"154 670 486";"B01";"2";"99";"1";"2";"5";"1";"0";
"202000040897";"154 670 484";"B01";"1";"7";"15";"0";"7";"1";"1";
"202000040897";"154 670 487";"A01";"2";"7";"15";"2";"1";"1";"1";
"202000040898";"154 670 488";"A01";"1";"7";"0";"2";"8";"1";"1";
"202000040898";"154 670 492";"B01";"1";"50";"0";"2";"1";"1";"3";
"202000040899";"154 670 476";"B01";"1";"7";"0";"2";"1";"15";"1";
"202000040899";"154 670 477";"A01";"1";"32";"0";"2";"7";"1";"1";
"202000040900";"154 670 479";"A01";"3";"7";"0";"9";"2";"1";"1";
"202000040900";"154 670 481";"B01";"3";"1";"0";"2";"8";"1";"5";
"202000040901";"154 670 482";"A01";"1";"7";"0";"2";"3";"13";"0";
"202000040901";"154 670 483";"B01";"2";"7";"0";"2";"3";"1";"0";
"202000040902";"154 670 472";"A01";"2";"32";"7";"0";"9";"1";"1";
"202000040903";"154 670 471";"A01";"1";"7";"0";"1";"2";"2";"1";
"202000040904";"154 670 474";"A01";"2";"13";"0";"2";"1";"1";"1";
"202000040904";"154 670 475";"B01";"2";"7";"0";"2";"8";"9";"1";
"202000040905";"154 670 473";"A01";"1";"1";"0";"1";"8";"1";"5";
"202000040906";"154 670 478";"A01";"2";"7";"4";"2";"1";"12";"1";
"202000040906";"154 670 480";"B01";"2";"7";"0";"2";"6";"1";"1";
"202000040907";"154 670 469";"A01";"1";"10";"0";"2";"2";"15";"0";
"202000040907";"154 670 470";"B01";"2";"33";"0";"2";"1";"1";"1";
"202000040908";"154 670 464";"A01";"2";"10";"0";"2";"1";"2";"1";
"202000040908";"154 670 466";"D01";"2";"7";"0";"2";"4";"2";"1";
"202000040908";"154 670 467";"B01";"2";"7";"0";"2";"4";"2";"1";
"202000040908";"154 670 468";"C01";"2";"7";"0";"2";"4";"2";"1";
"202000040909";"154 670 465";"A01";"2";"7";"4";"0";"9";"21";"1";
"202000040910";"154 670 462";"B01";"1";"7";"0";"2";"5";"23";"1";
"202000040910";"154 670 463";"A01";"1";"30";"0";"2";"1";"2";"1";
"202000040911";"154 670 458";"B01";"2";"7";"0";"2";"0";"1";"1";
"202000040911";"154 670 459";"A01";"2";"33";"0";"2";"0";"17";"1";
"202000040912";"154 670 456";"C01";"1";"7";"0";"2";"9";"1";"1";
"202000040912";"154 670 457";"B01";"1";"7";"0";"2";"4";"1";"1";
"202000040912";"154 670 460";"A01";"1";"7";"0";"2";"1";"1";"1";
"202000040913";"154 670 455";"A01";"1";"37";"0";"1";"8";"7";"1";"1"
"202000040914";"154 670 451";"A01";"3";"50";"0";"0";"0";"1";"3";
"202000040915";"154 670 449";"C01";"2";"7";"0";"2";"3";"2";"1";
"202000040915";"154 670 450";"B01";"2";"7";"0";"2";"4";"2";"1";
"202000040915";"154 670 454";"A01";"2";"7";"0";"2";"4";"2";"1";
"202000040916";"154 670 447";"C01";"1";"7";"0";"2";"4";"23";"1";
"202000040916";"154 670 452";"A01";"1";"7";"0";"2";"1";"1";"1";
"202000040916";"154 670 461";"B01";"1";"7";"0";"2";"4";"23";"1";
"202000040917";"154 670 446";"A01";"2";"30";"8";"0";"7";"16";"3";
"202000040918";"154 670 444";"A01";"1";"7";"4";"0";"1";"1";"1";
"202000040919";"154 670 443";"A01";"1";"31";"0";"0";"9";"1";"1";
"202000040920";"154 670 441";"B01";"0";"7";"0";"2";"1";"21";"1";
"202000040920";"154 670 442";"A01";"3";"7";"0";"2";"3";"15";"1";
"202000040921";"154 670 448";"A01";"1";"32";"0";"2";"1";"1";"1";
"202000040921";"154 670 453";"Z01";"1";"7";"0";"2";"5";"1";"1";
"202000040922";"154 670 432";"A01";"2";"32";"0";"1";"1";"3";"1";
"202000040923";"154 670 430";"B01";"2";"50";"0";"2";"7";"16";"3";
"202000040923";"154 670 431";"A01";"2";"7";"0";"2";"3";"1";"1";
"202000040924";"154 670 433";"A01";"1";"7";"0";"2";"7";"16";"1";
"202000040924";"154 670 434";"B01";"1";"32";"0";"2";"3";"16";"1";
"202000040925";"154 670 435";"A01";"1";"7";"0";"2";"3";"9";"1";
"202000040925";"154 670 438";"B01";"1";"7";"0";"2";"5";"23";"1";
"202000040925";"154 670 440";"C01";"1";"7";"0";"2";"4";"1";"1";
"202000040925";"154 670 445";"D01";"1";"7";"0";"2";"4";"1";"3";
"202000040926";"154 670 436";"B01";"2";"7";"0";"2";"1";"1";"1";
"202000040926";"154 670 437";"A01";"2";"17";"0";"2";"7";"12";"1";
"202000040926";"154 670 439";"C01";"2";"10";"0";"2";"8";"1";"1";
"202000040927";"154 670 428";"A01";"1";"1";"0";"2";"8";"19";"5";
"202000040927";"154 670 429";"B01";"1";"33";"0";"2";"1";"1";"1";
"202000040928";"154 670 423";"A01";"2";"15";"0";"2";"7";"12";"1";
"202000040928";"154 670 425";"B01";"2";"7";"0";"2";"8";"1";"0";
"202000040929";"154 670 426";"A01";"1";"7";"0";"2";"3";"15";"1";
"202000040929";"154 670 427";"B01";"2";"1";"0";"2";"1";"1";"5";
"202000040930";"154 670 419";"B01";"1";"43";"0";"2";"1";"1";"1";
"202000040930";"154 670 420";"A01";"1";"33";"0";"2";"7";"1";"1";
"202000040931";"154 670 418";"A01";"2";"1";"0";"1";"0";"1";"5";
"202000040932";"154 670 414";"A01";"1";"1";"0";"2";"1";"3";"5";
"202000040932";"154 670 416";"B01";"1";"7";"0";"2";"5";"1";"2";
"202000040933";"154 670 413";"A01";"2";"7";"1";"0";"3";"20";"1";
"202000040933";"154 670 415";"B01";"2";"2";"1";"0";"2";"1";"1";
"202000040934";"154 670 424";"A01";"2";"7";"4";"0";"3";"1";"1";
"202000040935";"154 670 410";"A01";"2";"7";"0";"2";"3";"10";"1";
"202000040935";"154 670 412";"B01";"2";"32";"0";"2";"2";"1";"1";
"202000040936";"154 670 417";"C01";"1";"7";"0";"2";"4";"1";"1";
"202000040936";"154 670 421";"B01";"1";"7";"0";"2";"4";"1";"1";
"202000040936";"154 670 422";"A01";"1";"7";"0";"2";"1";"2";"1";
"202000040937";"154 670 409";"A01";"2";"7";"0";"2";"2";"12";"1";
"202000040937";"154 670 411";"B01";"2";"31";"0";"2";"3";"3";"1";
"202000040938";"154 670 405";"A01";"1";"33";"0";"2";"3";"1";"1";
"202000040938";"154 670 407";"B01";"1";"7";"0";"2";"5";"15";"1";
"202000040939";"154 670 401";"A01";"2";"7";"0";"0";"1";"12";"1";
"202000040940";"154 670 403";"A01";"2";"7";"0";"2";"2";"15";"1";
"202000040940";"154 670 408";"B01";"2";"7";"0";"2";"1";"1";"1";
"202000040941";"154 670 400";"Z01";"2";"7";"0";"2";"8";"22";"0";
"202000040941";"154 670 404";"A01";"2";"1";"0";"2";"1";"1";"5";
"202000040942";"154 670 392";"B01";"1";"7";"0";"2";"2";"1";"1";
"202000040942";"154 670 395";"A01";"2";"7";"0";"2";"1";"6";"1";
"202000040943";"154 670 402";"B01";"2";"7";"0";"2";"4";"26";"6";
"202000040943";"154 670 406";"A01";"2";"7";"0";"2";"1";"26";"0";
"202000040944";"154 670 391";"F01";"1";"7";"0";"2";"1";"1";"1";
"202000040944";"154 670 394";"E01";"1";"7";"0";"2";"1";"1";"1";
"202000040944";"154 670 396";"D01";"1";"7";"0";"2";"1";"1";"1";
"202000040944";"154 670 397";"C01";"1";"7";"0";"2";"1";"1";"1";
"202000040944";"154 670 398";"B01";"1";"7";"0";"2";"4";"1";"1";
"202000040944";"154 670 399";"A01";"1";"7";"0";"2";"1";"1";"1";
"202000040945";"154 670 390";"B01";"3";"7";"0";"2";"5";"16";"1";
"202000040945";"154 670 393";"A01";"3";"7";"0";"2";"3";"1";"1";
"202000040946";"154 670 387";"A01";"1";"10";"0";"1";"1";"1";"0";
"202000040947";"154 670 388";"A01";"1";"7";"4";"0";"3";"0";"1";
"202000040948";"154 670 385";"A01";"1";"37";"0";"1";"2";"1";"1";"1"
"202000040949";"154 670 382";"B01";"2";"33";"0";"2";"1";"1";"0";
"202000040949";"154 670 384";"A01";"1";"10";"0";"2";"1";"15";"0";
"202000040950";"154 670 383";"A01";"2";"7";"4";"0";"1";"13";"1";
"202000040951";"154 670 386";"B01";"2";"7";"0";"2";"1";"26";"1";
"202000040951";"154 670 389";"A01";"2";"7";"0";"2";"4";"23";"1";
"202000040952";"154 670 380";"B01";"2";"7";"0";"2";"6";"23";"1";
"202000040952";"154 670 381";"A01";"2";"30";"11";"2";"2";"17";"1";
"202000040953";"154 670 378";"B01";"2";"7";"0";"2";"7";"16";"1";
"202000040953";"154 670 379";"A01";"2";"2";"0";"2";"1";"18";"1";
"202000040954";"154 670 373";"B01";"1";"32";"1";"2";"3";"1";"1";
"202000040954";"154 670 374";"A01";"1";"50";"0";"2";"1";"19";"3";
"202000040955";"154 670 372";"A01";"1";"7";"0";"1";"2";"1";"1";
"202000040956";"154 670 375";"A01";"1";"7";"0";"2";"1";"2";"1";
"202000040956";"154 670 376";"B01";"1";"33";"0";"2";"5";"2";"1";
"202000040956";"154 670 377";"C01";"1";"33";"0";"2";"5";"2";"1";
"202000040957";"154 670 369";"B01";"1";"17";"0";"2";"0";"0";"1";
"202000040957";"154 670 371";"A01";"1";"33";"12";"2";"1";"17";"1";
"202000040958";"154 670 367";"A01";"1";"7";"0";"2";"3";"15";"1";
"202000040958";"154 670 370";"B01";"1";"33";"0";"2";"2";"1";"1";
"202000040959";"154 670 368";"A01";"3";"7";"0";"1";"2";"16";"0";
"202000040960";"154 670 363";"A01";"2";"15";"0";"2";"8";"14";"0";
"202000040960";"154 670 366";"B01";"2";"7";"0";"2";"3";"1";"0";
"202000040961";"154 670 364";"A01";"2";"7";"4";"0";"1";"13";"1";
"202000040962";"154 670 361";"A01";"1";"7";"0";"2";"8";"24";"1";
"202000040962";"154 670 365";"B01";"2";"1";"1";"0";"1";"1";"5";
"202000040963";"154 670 358";"A01";"3";"7";"0";"2";"2";"26";"1";
"202000040964";"154 670 360";"A01";"1";"7";"0";"1";"3";"1";"1";
"202000040965";"154 670 362";"A01";"1";"7";"1";"0";"7";"1";"1";
"202000040966";"154 670 357";"B01";"2";"7";"0";"2";"8";"15";"1";
"202000040966";"154 670 359";"A01";"2";"32";"0";"2";"1";"17";"1";
"202000040967";"154 670 355";"A01";"1";"7";"0";"2";"7";"10";"1";
"202000040967";"154 670 356";"B01";"2";"7";"0";"2";"1";"1";"1";
"202000040968";"154 670 351";"A01";"2";"7";"0";"1";"4";"24";"1";
"202000040969";"154 670 352";"B01";"1";"2";"0";"2";"1";"1";"1";
"202000040969";"154 670 354";"A01";"1";"7";"0";"2";"3";"26";"1";
"202000040970";"154 670 350";"A01";"3";"99";"0";"1";"4";"20";"1";
"202000040971";"154 670 349";"B01";"3";"7";"0";"2";"5";"0";"1";
"202000040971";"154 670 353";"A01";"3";"34";"0";"2";"1";"1";"1";
"202000040972";"154 670 345";"A01";"0";"7";"0";"2";"1";"26";"1";
"202000040972";"154 670 347";"B01";"0";"30";"0";"2";"1";"0";"3";
"202000040973";"154 670 346";"A01";"1";"7";"0";"1";"3";"15";"1";
"202000040974";"154 670 343";"A01";"0";"7";"12";"2";"6";"1";"0";
"202000040974";"154 670 348";"B01";"0";"7";"0";"2";"1";"1";"0";
"202000040975";"154 670 342";"A01";"1";"30";"0";"1";"2";"15";"6";
"202000040976";"154 670 340";"A01";"1";"7";"0";"1";"2";"1";"1";
"202000040977";"154 670 339";"Z01";" -1";"7";"0";"0";"0";"0";"0";
"202000040977";"154 670 341";"A01";" -1";"1";"14";"2";"0";"26";"5";
"202000040978";"154 670 338";"A01";"1";"32";"0";"1";"1";"1";"1";
"202000040979";"154 670 333";"A01";"1";"34";"14";"0";"1";"2";"1";
"202000040980";"154 670 336";"B01";"2";"7";"0";"2";"2";"1";"1";
"202000040980";"154 670 337";"A01";"2";"7";"0";"2";"8";"9";"1";
"202000040981";"154 670 335";"A01";"0";"7";"0";"1";"7";"26";"1";
"202000040982";"154 670 334";"A01";"2";"7";"0";"1";"1";"15";"1";
"202000040983";"154 670 329";"A01";"3";"7";"0";"2";"2";"15";"1";
"202000040983";"154 670 331";"B01";"1";"7";"0";"2";"6";"1";"1";
"202000040984";"154 670 326";"B01";"1";"1";"0";"2";"7";"19";"5";
"202000040984";"154 670 332";"A01";"1";"7";"0";"9";"1";"1";"1";
"202000040985";"154 670 324";"A01";"3";"7";"0";"2";"1";"2";"1";
"202000040985";"154 670 328";"B01";"0";"7";"0";"2";"4";"23";"1";
"202000040985";"154 670 330";"C01";"0";"7";"0";"1";"4";"23";"1";
"202000040986";"154 670 322";"A01";"3";"7";"0";"1";"2";"1";"1";
"202000040987";"154 670 323";"A01";"2";"7";"0";"1";"2";"17";"1";
"202000040988";"154 670 325";"A01";"1";"7";"0";"0";"2";"2";"1";
"202000040988";"154 670 327";"B01";"1";"33";"0";"2";"1";"2";"1";
"202000040989";"154 670 321";"A01";"1";"10";"1";"0";"1";"1";"1";
"202000040990";"154 670 320";"A01";"1";"7";"8";"0";"1";"16";"1";
"202000040991";"154 670 318";"B01";"1";"99";"13";"2";"8";"1";"1";
"202000040991";"154 670 319";"A01";"2";"7";"13";"2";"3";"13";"1";
"202000040992";"154 670 316";"B01";"3";"7";"0";"2";"1";"1";"1";
"202000040992";"154 670 317";"A01";"3";"7";"0";"2";"4";"1";"1";
"202000040993";"154 670 313";"B01";"1";"10";"0";"2";"2";"15";"1";
"202000040993";"154 670 315";"A01";"2";"7";"0";"2";"3";"9";"1";
"202000040994";"154 670 311";"A01";"2";"7";"0";"2";"7";"16";"0";
"202000040994";"154 670 312";"B01";"2";"2";"0";"2";"1";"18";"0";
"202000040995";"154 670 314";"A01";"2";"0";"0";"1";"0";"0";"0";
"202000040996";"154 670 310";"A01";"2";"7";"8";"0";"3";"1";"1";
"202000040997";"154 670 307";"A01";"1";"7";"0";"1";"2";"1";"1";
"202000040998";"154 670 299";"A01";"1";"33";"0";"2";"2";"3";"1";
"202000040998";"154 670 301";"B01";"1";"7";"0";"2";"3";"9";"1";
"202000040998";"154 670 305";"C01";"1";"7";"0";"2";"4";"1";"1";
"202000040999";"154 670 298";"A01";"3";"7";"0";"2";"1";"2";"0";
"202000040999";"154 670 300";"B01";"3";"7";"0";"2";"4";"23";"0";
"202000040999";"154 670 304";"C01";"3";"7";"0";"2";"4";"23";"0";
"202000041000";"154 670 302";"A01";"2";"33";"0";"2";"1";"3";"1";
"202000041000";"154 670 308";"B01";"2";"7";"0";"2";"4";"0";"1";
"202000041000";"154 670 309";"C01";"2";"7";"0";"2";"2";"1";"0";
"202000041001";"154 670 297";"B01";"2";"7";"0";"2";"3";"0";"0";
"202000041001";"154 670 303";"A01";"2";"30";"0";"2";"1";"17";"0";
"202000041002";"154 670 295";"A01";"3";"7";"0";"1";"3";"26";"1";
"202000041003";"154 670 296";"AA01";"1";"7";"0";"1";"4";"20";"0";
"202000041004";"154 670 293";"B01";"1";"1";"1";"2";"4";"1";"5";
"202000041004";"154 670 294";"A01";"1";"7";"1";"2";"2";"1";"1";
"202000041005";"154 670 291";"A01";"2";"10";"2";"0";"5";"1";"1";
"202000041006";"154 670 290";"A01";"3";"7";"0";"2";"3";"15";"1";
"202000041006";"154 670 292";"B01";"3";"1";"0";"2";"1";"1";"6";
"202000041007";"154 670 288";"B01";"1";"50";"0";"2";"2";"1";"3";
"202000041007";"154 670 289";"A01";"3";"7";"0";"2";"3";"10";"1";
"202000041008";"154 670 286";"A01";"1";"7";"13";"0";"3";"1";"1";
"202000041009";"154 670 282";"A01";"1";"32";"0";"9";"0";"21";"0";
"202000041010";"154 670 283";"A01";"3";"7";"0";"2";"2";"15";"1";
"202000041010";"154 670 285";"B01";"3";"33";"0";"2";"2";"1";"1";
"202000041011";"154 670 284";"A01";"1";"33";"0";"2";"8";"18";"1";
"202000041011";"154 670 287";"B01";"1";"7";"0";"2";"2";"16";"0";
"202000041012";"154 670 278";"C01";"1";"7";"0";"2";"4";"23";"0";
"202000041012";"154 670 280";"B01";"1";"2";"0";"2";"1";"12";"0";
"202000041013";"154 670 276";"B01";"2";"2";"0";"2";"1";"1";"1";
"202000041013";"154 670 281";"A01";"2";"7";"0";"2";"3";"23";"1";
"202000041014";"154 670 274";"B01";"3";"7";"0";"2";"2";"1";"1";
"202000041014";"154 670 277";"A01";"3";"7";"0";"2";"3";"9";"1";
"202000041015";"154 670 275";"B01";"2";"32";"0";"2";"1";"21";"0";
"202000041015";"154 670 279";"A01";"1";"7";"0";"2";"6";"9";"1";
"202000041016";"154 670 273";"A01";"1";"60";"0";"0";"0";"1";"5";
"202000041017";"154 670 269";"A01";"1";"1";"0";"2";"0";"1";"5";
"202000041017";"154 670 271";"Z01";"1";"7";"0";"2";"0";"0";"0";
"202000041018";"154 670 270";"A01";"2";"30";"0";"0";"0";"1";"1";
"202000041019";"154 670 272";"A01";"3";"7";"0";"1";"1";"9";"1";
"202000041020";"154 670 264";"A01";"1";"7";"0";"2";"1";"1";"1";
"202000041020";"154 670 268";"B01";"2";"7";"0";"2";"7";"1";"1";
"202000041021";"154 670 263";"A01";"1";"10";"0";"2";"2";"12";"1";
"202000041021";"154 670 266";"B01";"2";"7";"0";"2";"3";"9";"1";
"202000041022";"154 670 267";"A01";"3";"7";"0";"1";"2";"9";"1";
"202000041023";"154 670 265";"A01";"1";"7";"2";"0";"0";"0";"1";
"202000041024";"154 670 259";"B01";"1";"7";"0";"2";"8";"2";"1";
"202000041024";"154 670 262";"A01";"1";"7";"0";"2";"2";"12";"1";
"202000041025";"154 670 261";"B01";"2";"7";"0";"1";"3";"15";"1";
"202000041026";"154 670 256";"B01";"1";"1";"0";"2";"7";"17";"5";
"202000041026";"154 670 258";"A01";"1";"7";"0";"2";"8";"22";"1";
"202000041027";"154 670 251";"B01";"1";"7";"0";"0";"4";"15";"1";
"202000041027";"154 670 254";"A01";"1";"7";"0";"2";"1";"2";"1";
"202000041028";"154 670 252";"B01";"1";"7";"0";"2";"8";"15";"1";
"202000041028";"154 670 253";"A01";"1";"31";"0";"2";"1";"17";"1";
"202000041029";"154 670 250";"B01";"1";"7";"0";"2";"3";"2";"1";
"202000041029";"154 670 255";"A01";"1";"7";"0";"2";"2";"15";"1";
"202000041030";"154 670 249";"A01";"1";"50";"15";"0";"1";"25";"3";
"202000041031";"154 670 245";"B01";"1";"7";"0";"2";"1";"1";"1";
"202000041031";"154 670 248";"A01";"2";"7";"0";"2";"2";"15";"1";
"202000041032";"154 670 244";"A01";"1";"7";"0";"1";"2";"1";"1";
"202000041033";"154 670 239";"B01";"2";"7";"0";"2";"6";"1";"1";
"202000041033";"154 670 240";"A01";"2";"7";"0";"2";"1";"1";"1";
"202000041034";"154 670 238";"A01";"2";"7";"8";"0";"1";"14";"1";
"202000041035";"154 670 243";"Z01";"1";"7";"0";"1";"1";"1";"0";
"202000041036";"154 670 242";"A01";"1";"30";"14";"0";"7";"1";"1";
"202000041037";"154 670 241";"A01";"1";"7";"0";"0";"9";"1";"1";
"202000041038";"154 670 235";"B01";"1";"30";"0";"2";"7";"17";"1";
"202000041038";"154 670 237";"A01";"1";"7";"0";"2";"3";"15";"1";
"202000041039";"154 670 236";"A01";"1";"20";"0";"1";"1";"26";"0";
"202000041040";"154 670 232";"A01";"1";"34";"0";"1";"1";"19";"1";
"202000041041";"154 670 231";"A01";"3";"7";"0";"1";"1";"15";"0";
"202000041042";"154 670 230";"A01";"1";"33";"0";"6";"7";"1";"1";
"202000041043";"154 670 228";"B01";"1";"7";"0";"2";"4";"1";"1";
"202000041043";"154 670 229";"A01";"1";"30";"0";"2";"1";"2";"3";
"202000041044";"154 670 227";"A01";"3";"10";"0";"1";"2";"1";"1";
"202000041045";"154 670 225";"A01";"1";"7";"0";"2";"2";"2";"0";
"202000041045";"154 670 226";"B01";"1";"33";"0";"9";"4";"2";"0";
"202000041046";"154 670 234";"A01";"2";"7";"0";"1";"1";"1";"1";
"202000041047";"154 670 218";"B01";"1";"7";"0";"2";"2";"1";"1";
"202000041047";"154 670 219";"A01";"1";"31";"0";"2";"3";"10";"1";
"202000041048";"154 670 220";"B01";"2";"7";"0";"2";"3";"1";"1";
"202000041048";"154 670 221";"A01";"1";"7";"0";"2";"1";"13";"1";
"202000041049";"154 670 222";"B01";"1";"33";"0";"2";"1";"1";"1";
"202000041049";"154 670 224";"A01";"2";"7";"7";"2";"7";"15";"1";
"202000041050";"154 670 223";"A01";"1";"34";"1";"1";"1";"17";"1";
"202000041051";"154 670 217";"A01";"1";"14";"0";"1";"5";"1";"1";
"202000041052";"154 670 215";"A01";"1";"7";"16";"0";"9";"1";"1";
"202000041053";"154 670 214";"A01";"1";"7";"0";"1";"1";"1";"1";
"202000041054";"154 670 212";"A01";"2";"10";"0";"1";"2";"2";"1";
"202000041055";"154 670 211";"A01";"1";"7";"6";"0";"2";"26";"1";
"202000041056";"154 670 210";"A01";"2";"7";"3";"0";"1";"1";"1";
"202000041057";"154 670 213";"B01";"2";"7";"9";"0";"1";"1";"1";
"202000041057";"154 670 216";"A01";"1";"7";"0";"2";"2";"1";"1";
"202000041058";"154 670 209";"A01";"0";"7";"0";"1";"1";"0";"0";
"202000041059";"154 670 206";"A01";"1";"7";"0";"2";"3";"1";"0";
"202000041059";"154 670 207";"B01";"1";"7";"0";"2";"1";"1";"0";
"202000041060";"154 670 203";"A01";"2";"7";"13";"0";"1";"1";"1";
"202000041061";"154 670 204";"B01";"1";"7";"0";"2";"2";"0";"1";
"202000041061";"154 670 205";"A01";"1";"7";"0";"2";"1";"0";"1";
"202000041062";"154 670 202";"A01";"2";"7";"4";"0";"9";"1";"1";
"202000041063";"154 670 199";"A01";"2";"7";"0";"0";"2";"1";"1";
"202000041064";"154 670 198";"A01";"1";"7";"3";"0";"8";"1";"1";
"202000041065";"154 670 200";"A01";"1";"7";"0";"1";"2";"1";"1";
"202000041066";"154 670 201";"B01";"2";"3";"0";"2";"5";"15";"1";
"202000041066";"154 670 208";"A01";"1";"2";"0";"2";"1";"1";"1";
"202000041067";"154 670 194";"A01";"3";"7";"0";"2";"1";"9";"1";
"202000041067";"154 670 195";"B01";"3";"7";"0";"2";"3";"16";"1";
"202000041068";"154 670 191";"C01";"3";"7";"0";"2";"1";"1";"0";
"202000041068";"154 670 192";"B01";"3";"7";"0";"0";"8";"26";"1";
"202000041068";"154 670 193";"A01";"3";"7";"1";"0";"8";"26";"1";
"202000041069";"154 670 188";"A01";"2";"7";"0";"2";"5";"19";"0";
"202000041069";"154 670 189";"B01";"2";"7";"0";"2";"1";"26";"0";
"202000041070";"154 670 185";"A01";"1";"10";"0";"2";"3";"2";"1";
"202000041070";"154 670 186";"B01";"1";"1";"0";"2";"7";"2";"5";
"202000041071";"154 670 183";"A01";"2";"33";"0";"2";"1";"1";"1";
"202000041071";"154 670 184";"B01";"1";"7";"0";"0";"7";"15";"1";
"202000041072";"154 670 196";"A01";"2";"7";"0";"2";"3";"13";"1";
"202000041072";"154 670 197";"B01";"1";"7";"0";"2";"3";"1";"1";
"202000041073";"154 670 187";"A01";"3";"7";"0";"2";"0";"9";"0";
"202000041073";"154 670 190";"B01";"2";"2";"0";"2";"4";"1";"1";
"202000041074";"154 670 182";"A01";"2";"7";"13";"0";"1";"13";"1";
"202000041075";"154 670 177";"B01";"1";"31";"0";"2";"1";"1";"1";
"202000041075";"154 670 179";"A01";"1";"7";"0";"2";"8";"10";"1";
"202000041076";"154 670 176";"B01";"1";"7";"0";"0";"3";"15";"1";
"202000041076";"154 670 178";"A01";"2";"7";"13";"2";"2";"1";"1";
"202000041077";"154 670 180";"A01";"2";"3";"0";"2";"3";"1";"1";
"202000041077";"154 670 181";"B01";"0";"1";"0";"1";"7";"19";"5";
"202000041078";"154 670 174";"B01";"1";"7";"0";"2";"4";"2";"1";
"202000041078";"154 670 175";"A01";"1";"7";"0";"2";"1";"1";"1";
"202000041079";"154 670 172";"B01";"3";"7";"0";"2";"3";"1";"1";
"202000041079";"154 670 173";"A01";"3";"7";"0";"2";"1";"1";"1";
"202000041080";"154 670 170";"B01";"1";"7";"0";"2";"1";"0";"1";
"202000041080";"154 670 171";"A01";"2";"7";"0";"2";"1";"0";"1";
"202000041081";"154 670 166";"B01";"1";"34";"0";"2";"1";"2";"1";
"202000041081";"154 670 168";"A01";"1";"7";"0";"9";"8";"15";"1";
"202000041082";"154 670 162";"C01";"1";"7";"0";"0";"6";"2";"1";
"202000041082";"154 670 163";"B01";"1";"7";"0";"2";"4";"2";"1";
"202000041082";"154 670 165";"A01";"1";"7";"0";"2";"1";"1";"1";
"202000041083";"154 670 161";"A01";"0";"31";"0";"2";"7";"9";"1";
"202000041083";"154 670 164";"B01";"0";"10";"0";"2";"1";"1";"1";
"202000041084";"154 670 160";"A01";"2";"7";"2";"0";"1";"1";"1";
"202000041085";"154 670 157";"A01";"0";"7";"6";"1";"6";"26";"1";
"202000041086";"154 670 155";"B01";"2";"7";"0";"2";"1";"1";"1";
"202000041086";"154 670 156";"A01";"1";"7";"0";"2";"1";"13";"1";
"202000041087";"154 670 167";"C01";" -1";"1";" -1";" -1";" -1";" -1";"5";
"202000041087";"154 670 169";"A01";"3";"10";"0";"9";"3";"19";"1";
"202000041088";"154 670 158";"B01";"2";"2";"0";"2";"8";"1";"1";
"202000041088";"154 670 159";"A01";"1";"7";"0";"2";"2";"15";"1";
"202000041089";"154 670 150";"B01";"1";"7";"0";"2";"2";"2";"0";
"202000041089";"154 670 153";"A01";"1";"7";"0";"2";"6";"2";"0";
"202000041090";"154 670 149";"B01";"2";"33";"0";"2";"1";"1";"1";
"202000041090";"154 670 151";"A01";"1";"7";"0";"2";"3";"15";"1";
"202000041091";"154 670 147";"A01";"1";"2";"8";"0";"0";"1";"1";
"202000041092";"154 670 146";"A01";"1";"7";"2";"0";"1";"1";"1";
"202000041093";"154 670 144";"A01";"2";"7";"0";"0";"7";"9";"1";
"202000041093";"154 670 145";"B01";"1";"34";"0";"2";"1";"1";"1";
"202000041094";"154 670 152";"A01";"2";"7";"8";"2";"1";"19";"1";
"202000041094";"154 670 154";"B01";"1";"7";"8";"0";"2";"1";"1";
"202000041095";"154 670 148";"A01";"2";"7";"1";"0";"1";"14";"1";
"202000041096";"154 670 142";"B01";"1";"7";"0";"2";"7";"17";"1";
"202000041096";"154 670 143";"A01";"1";"33";"7";"0";"8";"1";"1";
"202000041097";"154 670 140";"B01";"2";"7";"0";"2";"8";"21";"1";
"202000041097";"154 670 141";"A01";"1";"7";"0";"2";"8";"19";"1";
"202000041098";"154 670 136";"A01";"1";"7";"0";"1";"6";"2";"1";
"202000041099";"154 670 137";"A01";"3";"10";"0";"1";"1";"1";"1";