"Num_Acc";"id_vehicule";"num_veh";"senc";"catv";"obs";"obsm";"choc";"manv";"motor";"occutc"
"202000042522";"154 667 553";"A01";"3";"7";"2";"0";"1";"1";"1";
"202000042523";"154 667 551";"A01";"1";"10";"0";"1";"1";"15";"1";
"202000042524";"154 667 549";"A01";"1";"7";"0";"1";"1";"1";"2";
"202000042525";"154 667 548";"A01";"1";"7";"0";"2";"2";"17";"1";
"202000042525";"154 667 550";"B01";"2";"7";"0";"2";"1";"1";"1";
"202000042526";"154 667 547";"A01";"1";"37";"0";"2";"1";"1";"0";"1"
"202000042526";"154 667 552";"B01";"2";"7";"0";"2";"3";"15";"1";
"202000042527";"154 667 544";"A01";"2";"30";"0";"2";"8";"1";"3";
"202000042527";"154 667 546";"B01";"1";"7";"0";"2";"5";"15";"1";
"202000042528";"154 667 543";"B01";"0";"50";"0";"2";"0";"0";"3";
"202000042528";"154 667 545";"A01";"0";"10";"0";"9";"2";"1";"1";
"202000042529";"154 667 540";"A01";"1";"10";"0";"1";"1";"1";"1";
"202000042530";"154 667 539";"A01";"2";"30";"0";"0";"0";"0";"1";
"202000042531";"154 667 541";"A01";"1";"2";"0";"2";"3";"13";"1";
"202000042531";"154 667 542";"B01";"2";"7";"0";"2";"1";"1";"1";
"202000042532";"154 667 537";"A01";"2";"7";"7";"1";"1";"13";"1";
"202000042533";"154 667 533";"A01";"1";"33";"0";"2";"3";"1";"1";
"202000042533";"154 667 535";"B01";"2";"14";"0";"2";"3";"1";"1";
"202000042534";"154 667 532";"A01";"1";"10";"0";"1";"1";"1";"1";
"202000042535";"154 667 531";"A01";"1";"7";"0";"2";"3";"13";"1";
"202000042535";"154 667 534";"B01";"1";"50";"0";"2";"2";"7";"3";
"202000042536";"154 667 530";"A01";"2";"33";"0";"0";"0";"1";"1";
"202000042537";"154 667 526";"Z01";"2";"7";"0";"2";"2";"12";"1";
"202000042537";"154 667 527";"A01";"2";"30";"0";"2";"3";"1";"1";
"202000042538";"154 667 524";"A01";"1";"17";"2";"0";"3";"13";"1";
"202000042539";"154 667 523";"A01";"2";"33";"16";"0";"1";"1";"1";
"202000042540";"154 667 518";"A01";"1";"32";"0";"2";"0";"3";"1";
"202000042540";"154 667 522";"B01";"1";"7";"0";"2";"0";"11";"1";
"202000042541";"154 667 519";"A01";"1";"33";"16";"0";"3";"17";"1";
"202000042542";"154 667 517";"A01";"2";"1";"0";"1";"2";"1";"5";
"202000042543";"154 667 513";"A01";"1";"10";"0";"2";"1";"15";"1";
"202000042543";"154 667 516";"B01";"2";"30";"0";"2";"3";"1";"1";
"202000042544";"154 667 512";"B01";"1";"2";"0";"2";"1";"1";"1";
"202000042544";"154 667 515";"A01";"2";"2";"0";"2";"1";"13";"1";
"202000042545";"154 667 511";"B01";"1";"50";"0";"2";"3";"18";"3";
"202000042545";"154 667 514";"A01";"1";"7";"0";"2";"6";"1";"1";
"202000042546";"154 667 510";"A01";"1";"1";"1";"0";"1";"1";"5";
"202000042547";"154 667 509";"A01";"1";"7";"13";"0";"1";"1";"1";
"202000042548";"154 667 508";"A01";"1";"10";"0";"1";"7";"16";"1";
"202000042549";"154 667 506";"A01";"2";"33";"2";"0";"2";"1";"1";
"202000042550";"154 667 503";"Z01";"2";"30";"0";"2";"4";"9";"1";
"202000042550";"154 667 504";"A01";"2";"34";"0";"2";"1";"1";"1";
"202000042551";"154 667 501";"B01";"1";"2";"0";"2";"4";"1";"0";
"202000042551";"154 667 507";"A01";"1";"15";"0";"2";"2";"1";"0";
"202000042552";"154 667 502";"A01";"1";"10";"2";"0";"1";"1";"1";
"202000042553";"154 667 498";"Z01";"3";"7";"0";"1";"4";"4";"0";
"202000042554";"154 667 499";"A01";"1";"7";"0";"2";"2";"1";"1";
"202000042554";"154 667 500";"B01";"1";"32";"0";"2";"6";"15";"1";
"202000042555";"154 667 497";"A01";"3";"7";"0";"1";"3";"1";"1";
"202000042556";"154 667 496";"A01";"3";"7";"8";"0";"2";"1";"1";
"202000042557";"154 667 494";"Z01";"1";"7";"0";"2";"7";"15";"1";
"202000042557";"154 667 495";"A01";"1";"1";"0";"2";"7";"1";"5";
"202000042558";"154 667 493";"A01";"2";"7";"5";"0";"3";"1";"1";
"202000042559";"154 667 491";"B01";"1";"34";"0";"2";"4";"2";"0";
"202000042559";"154 667 492";"A01";"1";"3";"0";"2";"4";"2";"0";
"202000042560";"154 667 490";"A01";"3";"50";"0";"0";"0";"1";"3";
"202000042561";"154 667 488";"A01";"1";"10";"0";"2";"4";"26";"1";
"202000042561";"154 667 489";"B01";"1";"31";"0";"2";"1";"23";"1";
"202000042562";"154 667 485";"A01";"1";"7";"0";"1";"4";"20";"1";
"202000042563";"154 667 486";"A01";"1";"1";"1";"0";"1";"14";"0";
"202000042563";"154 667 487";"B01";"1";"7";"0";"0";"4";"24";"0";
"202000042564";"154 667 484";"A01";"1";"7";"0";"0";"3";"13";"1";
"202000042565";"154 667 483";"Z01";"2";"7";"9";"1";"1";"1";"0";
"202000042566";"154 667 481";"A01";"1";"7";"2";"0";"1";"1";"1";
"202000042567";"154 667 480";"Z01";"3";"7";"0";"2";"1";"2";"1";
"202000042567";"154 667 482";"A01";"3";"7";"0";"2";"4";"23";"0";
"202000042568";"154 667 476";"B01";"2";"1";"0";"2";"1";"0";"5";
"202000042568";"154 667 479";"A01";"2";"10";"0";"2";"2";"0";"1";
"202000042569";"154 667 477";"A01";"1";"7";"0";"1";"1";"15";"0";
"202000042570";"154 667 475";"B01";"1";"14";"0";"2";"1";"2";"1";
"202000042570";"154 667 478";"A01";"1";"14";"0";"0";"4";"26";"1";
"202000042571";"154 667 473";"A01";"2";"7";"0";"1";"1";"26";"1";
"202000042572";"154 667 474";"A01";"3";"7";"13";"0";"0";"20";"0";
"202000042573";"154 667 471";"B01";"1";"7";"0";"2";"6";"21";"1";
"202000042573";"154 667 472";"A01";"2";"7";"0";"2";"3";"13";"1";
"202000042574";"154 667 467";"B01";"2";"7";"0";"2";"7";"1";"1";
"202000042574";"154 667 469";"A01";"2";"2";"1";"2";"3";"18";"1";
"202000042575";"154 667 466";"A01";"3";"7";"0";"2";"3";"9";"1";
"202000042575";"154 667 470";"B01";"3";"7";"0";"9";"2";"17";"1";
"202000042576";"154 667 465";"B01";"3";"7";"0";"2";"8";"15";"1";
"202000042576";"154 667 468";"A01";"3";"33";"0";"2";"1";"17";"1";
"202000042577";"154 667 460";"A01";"2";"7";"0";"0";"0";"1";"1";
"202000042578";"154 667 461";"B01";" -1";"10";"0";"2";"4";"2";"1";
"202000042578";"154 667 463";"A01";" -1";"10";"0";"2";"1";"2";"1";
"202000042579";"154 667 462";"A01";"1";"7";"0";"2";"1";"9";"1";
"202000042579";"154 667 464";"B01";"2";"2";"0";"2";"7";"15";"1";
"202000042580";"154 667 458";"B01";"1";"31";"0";"2";"2";"16";"1";
"202000042580";"154 667 459";"A01";"1";"32";"0";"2";"1";"1";"1";
"202000042581";"154 667 457";"A01";"1";"33";"10";"0";"7";"1";"1";
"202000042582";"154 667 455";"A01";"2";"7";"0";"1";"1";"9";"1";
"202000042583";"154 667 454";"B01";"2";"7";"4";"2";"8";"1";"1";
"202000042583";"154 667 456";"A01";"2";"15";"0";"2";"2";"14";"1";
"202000042584";"154 667 451";"A01";"1";"7";"13";"0";"1";"0";"1";
"202000042585";"154 667 449";"A01";"2";"2";"13";"0";"1";"1";"1";
"202000042586";"154 667 448";"B01";"1";"1";"0";"2";"8";"1";"0";
"202000042586";"154 667 452";"A01";"1";"7";"0";"6";"2";"12";"1";
"202000042587";"154 667 447";"A01";"1";"33";"0";"2";"1";"3";"1";
"202000042587";"154 667 450";"C01";"1";"7";"0";"2";"6";"1";"1";
"202000042587";"154 667 453";"B01";"1";"7";"0";"2";"7";"12";"1";
"202000042588";"154 667 443";"Z01";"0";"7";"0";"1";"1";"1";"0";
"202000042589";"154 667 441";"C01";"2";"7";"0";"0";"8";"0";"1";
"202000042589";"154 667 444";"B01";"2";"7";"0";"0";"7";"1";"1";
"202000042589";"154 667 445";"A01";"1";"7";"0";"0";"2";"1";"1";
"202000042590";"154 667 442";"A01";"2";"7";"0";"2";"5";"26";"1";
"202000042590";"154 667 446";"B01";"2";"10";"0";"2";"1";"2";"1";
"202000042591";"154 667 439";"A01";"3";"17";"0";"1";"0";"15";"1";
"202000042592";"154 667 437";"A01";"0";"1";"0";"0";"0";"0";"5";
"202000042593";"154 667 436";"A01";"2";"2";"0";"2";"5";"2";"0";
"202000042593";"154 667 438";"B01";"1";"7";"0";"2";"0";"15";"0";
"202000042594";"154 667 433";"A01";"1";"37";"0";"2";"3";"1";"1";"1"
"202000042594";"154 667 434";"B01";"3";"2";"0";"2";"1";"0";"1";
"202000042595";"154 667 435";"A01";"3";"33";"0";"6";"1";"1";"0";
"202000042596";"154 667 432";"A01";"3";"10";"0";"2";"1";"1";"1";
"202000042596";"154 667 440";"B01";"3";"7";"0";"2";"7";"1";"1";
"202000042597";"154 667 430";"A01";"0";"7";"0";"1";"1";"1";"1";
"202000042598";"154 667 431";"A01";"1";"7";"13";"0";"1";"1";"1";
"202000042599";"154 667 427";"A01";"1";"7";"0";"2";"2";"15";"1";
"202000042599";"154 667 429";"B01";"2";"30";"0";"2";"1";"1";"1";
"202000042600";"154 667 426";"A01";"1";"7";"0";"2";"4";"23";"1";
"202000042600";"154 667 428";"B01";"1";"7";"0";"2";"1";"2";"0";
"202000042601";"154 667 425";"A01";"2";"7";"4";"0";"0";"3";"1";
"202000042602";"154 667 424";"A01";"2";"80";"0";"1";"1";"1";"3";
"202000042603";"154 667 422";"A01";"3";"7";"0";"1";"1";"19";"1";
"202000042604";"154 667 421";"A01";"0";"7";"0";"2";"1";"15";"0";
"202000042604";"154 667 423";"B01";"0";"2";"0";"2";"1";"1";"0";
"202000042605";"154 667 419";"B01";"2";"1";"0";"2";"1";"1";"5";
"202000042605";"154 667 420";"A01";"2";"7";"0";"2";"7";"16";"1";
"202000042606";"154 667 417";"A01";"2";"32";"0";"0";"7";"9";"0";
"202000042607";"154 667 416";"B01";"3";"7";"0";"0";"0";"1";"1";
"202000042607";"154 667 418";"A01";"3";"33";"2";"0";"0";"1";"1";
"202000042608";"154 667 414";"B01";"2";"43";"0";"2";"8";"1";"1";
"202000042608";"154 667 415";"A01";"1";"7";"0";"2";"1";"15";"3";
"202000042609";"154 667 410";"A01";"2";"7";"0";"2";"1";"13";"1";
"202000042609";"154 667 412";"B01";"1";"7";"0";"2";"1";"1";"1";
"202000042609";"154 667 413";"C01";"1";"7";"0";"2";"1";"1";"1";
"202000042610";"154 667 409";"A01";"1";"50";"0";"2";"0";"1";"3";
"202000042610";"154 667 411";"B01";"2";"7";"0";"2";"3";"1";"1";
"202000042611";"154 667 405";"B01";"2";"31";"0";"2";"1";"1";"1";
"202000042611";"154 667 406";"A01";"2";"7";"0";"2";"3";"9";"1";
"202000042612";"154 667 402";"A01";"2";"60";"12";"0";"1";"14";"5";
"202000042613";"154 667 400";"D01";"2";"7";"0";"2";"3";"2";"1";
"202000042613";"154 667 403";"C01";"2";"7";"0";"2";"2";"2";"1";
"202000042613";"154 667 404";"A01";"2";"7";"0";"2";"2";"14";"1";
"202000042613";"154 667 407";"B01";"2";"15";"0";"0";"3";"1";"1";
"202000042614";"154 667 399";"A01";"2";"1";"0";"0";"7";"1";"5";
"202000042615";"154 667 397";"A01";"1";"7";"0";"2";"3";"1";"1";
"202000042615";"154 667 398";"B01";"2";"7";"0";"2";"1";"1";"1";
"202000042616";"154 667 393";"B01";"2";"7";"0";"2";"3";"1";"1";
"202000042616";"154 667 394";"A01";"1";"31";"0";"2";"3";"13";"1";
"202000042617";"154 667 401";"B01";"1";"33";"0";"2";"1";"1";"1";
"202000042617";"154 667 408";"A01";"2";"7";"0";"2";"7";"10";"1";
"202000042618";"154 667 392";"A01";"0";"80";"0";"0";"0";"0";"3";
"202000042619";"154 667 391";"A01";"2";"7";"0";"1";"2";"1";"1";
"202000042620";"154 667 390";"A01";"1";"33";"0";"2";"1";"3";"1";
"202000042620";"154 667 395";"B01";"1";"7";"0";"2";"5";"1";"1";
"202000042620";"154 667 396";"C01";"1";"7";"0";"2";"6";"1";"1";
"202000042621";"154 667 389";"A01";"1";"10";"0";"1";"2";"2";"1";
"202000042622";"154 667 387";"A01";"1";"10";"0";"2";"2";"9";"1";
"202000042622";"154 667 388";"B01";"1";"2";"0";"2";"6";"1";"1";
"202000042623";"154 667 386";"A01";"2";"7";"8";"0";"1";"11";"1";
"202000042624";"154 667 383";"A01";"3";"32";"14";"0";"1";"1";"1";
"202000042625";"154 667 384";"B01";"1";"33";"0";"2";"1";"1";"1";
"202000042625";"154 667 385";"A01";"1";"7";"0";"2";"3";"9";"1";
"202000042626";"154 667 380";"B01";"1";"10";"0";"2";"3";"1";"3";
"202000042626";"154 667 381";"A01";"2";"43";"0";"2";"1";"13";"1";
"202000042627";"154 667 378";"A01";"1";"7";"0";"1";"3";"15";"1";
"202000042628";"154 667 376";"C01";"2";"15";"0";"2";"3";"21";"1";
"202000042628";"154 667 377";"B01";"1";"21";"0";"2";"6";"1";"1";
"202000042628";"154 667 382";"A01";"2";"33";"0";"2";"8";"2";"1";
"202000042629";"154 667 372";"A01";"2";"7";"3";"2";"1";"11";"1";
"202000042629";"154 667 374";"B01";"1";"7";"0";"2";"1";"1";"0";
"202000042630";"154 667 373";"B01";"2";"30";"0";"0";"8";"1";"1";
"202000042630";"154 667 375";"A01";"1";"7";"0";"2";"2";"15";"1";
"202000042631";"154 667 368";"A01";"0";"1";"0";"2";"2";"19";"5";
"202000042631";"154 667 371";"B01";"0";"7";"0";"9";"3";"1";"1";
"202000042632";"154 667 370";"A01";"1";"1";"0";"2";"1";"1";"5";
"202000042633";"154 667 365";"B01";"1";"32";"0";"2";"1";"1";"1";
"202000042633";"154 667 367";"A01";"2";"7";"0";"2";"3";"15";"1";
"202000042634";"154 667 363";"A01";"1";"15";"0";"0";"7";"2";"1";
"202000042635";"154 667 361";"A01";"2";"7";"0";"2";"1";"9";"1";
"202000042635";"154 667 362";"B01";"2";"7";"0";"2";"1";"1";"1";
"202000042636";"154 667 369";"A01";"2";"7";"0";"2";"7";"21";"1";
"202000042636";"154 667 379";"B01";"2";"34";"0";"2";"1";"1";"1";
"202000042637";"154 667 360";"A01";"2";"7";"0";"1";"2";"1";"1";
"202000042638";"154 667 357";"B01";"2";"15";"0";"2";"1";"1";"1";
"202000042638";"154 667 359";"A01";"1";"7";"0";"2";"1";"1";"1";
"202000042639";"154 667 354";"A01";"2";"7";"9";"2";"2";"1";"0";
"202000042639";"154 667 355";"B01";"2";"7";"0";"2";"5";"1";"0";
"202000042639";"154 667 356";"C01";"1";"7";"0";"2";"1";"1";"0";
"202000042640";"154 667 352";"A01";"2";"32";"0";"2";"1";"18";"1";
"202000042640";"154 667 364";"C01";"2";"7";"0";"2";"7";"16";"1";
"202000042640";"154 667 366";"B01";"2";"7";"0";"2";"5";"1";"1";
"202000042641";"154 667 350";"B01";"2";"17";"0";"0";"6";"23";"1";
"202000042641";"154 667 353";"A01";"2";"17";"1";"0";"2";"1";"1";
"202000042642";"154 667 344";"B01";"1";"10";"0";"2";"2";"1";"1";
"202000042642";"154 667 345";"A01";"1";"32";"0";"2";"6";"15";"1";
"202000042643";"154 667 341";"B01";"2";"33";"0";"2";"1";"9";"1";
"202000042643";"154 667 342";"A01";"2";"30";"0";"2";"1";"1";"1";
"202000042644";"154 667 340";"A01";"1";"7";"1";"0";"2";"14";"1";
"202000042645";"154 667 339";"A01";"2";"7";"0";"1";"2";"1";"2";
"202000042646";"154 667 346";"F01";"2";"10";"0";"2";"4";"2";"1";
"202000042646";"154 667 347";"E01";"2";"14";"0";"2";"8";"2";"1";
"202000042646";"154 667 348";"D01";"2";"10";"0";"2";"5";"2";"1";
"202000042646";"154 667 349";"C01";"2";"10";"0";"2";"3";"2";"1";
"202000042646";"154 667 351";"B01";"2";"10";"0";"2";"5";"2";"1";
"202000042646";"154 667 358";"A01";"2";"10";"0";"2";"1";"2";"1";
"202000042647";"154 667 343";"A01";"1";"7";"2";"0";"1";"0";"1";
"202000042648";"154 667 337";"B01";"1";"7";"0";"2";"5";"1";"1";
"202000042648";"154 667 338";"A01";"2";"50";"0";"2";"3";"11";"3";
"202000042649";"154 667 334";"A01";"1";"7";"0";"2";"4";"2";"1";
"202000042649";"154 667 335";"B01";"1";"7";"0";"2";"9";"15";"1";
"202000042649";"154 667 336";"C01";"2";"7";"0";"0";"3";"1";"1";
"202000042650";"154 667 333";"A01";"0";"15";"0";"1";"3";"26";"1";
"202000042651";"154 667 330";"A01";"0";"50";"0";"2";"1";"1";"3";
"202000042651";"154 667 331";"B01";"3";"7";"0";"9";"5";"1";"1";
"202000042652";"154 667 332";"A01";"3";"1";"0";"0";"7";"26";"5";
"202000042653";"154 667 328";"B01";"2";"30";"0";"2";"3";"1";"1";
"202000042653";"154 667 329";"A01";"1";"0";"0";"2";"0";"14";"0";
"202000042654";"154 667 327";"A01";"1";"7";"2";"0";"8";"1";"0";
"202000042655";"154 667 325";"A01";"2";"7";"9";"0";"3";"6";"1";
"202000042656";"154 667 326";"A01";"2";"7";"0";"1";"1";"0";"0";
"202000042657";"154 667 324";"A01";"2";"17";"0";"9";"4";"1";"1";
"202000042658";"154 667 320";"A01";"2";"7";"0";"2";"1";"1";"1";
"202000042658";"154 667 321";"B01";"2";"7";"0";"2";"4";"1";"1";
"202000042658";"154 667 322";"C01";"2";"7";"0";"2";"4";"1";"1";
"202000042659";"154 667 319";"A01";"1";"10";"4";"0";"9";"2";"1";
"202000042660";"154 667 317";"B01";"2";"7";"0";"2";"6";"1";"1";
"202000042660";"154 667 318";"A01";"2";"15";"0";"2";"2";"17";"1";
"202000042661";"154 667 316";"A01";"0";"30";"0";"0";"8";"1";"3";
"202000042662";"154 667 315";"B01";"1";"7";"0";"2";"1";"2";"1";
"202000042662";"154 667 323";"A01";"1";"2";"0";"0";"4";"2";"1";
"202000042663";"154 667 310";"A01";"1";"7";"0";"1";"3";"15";"1";
"202000042664";"154 667 312";"B01";"2";"33";"0";"2";"2";"1";"1";
"202000042664";"154 667 314";"A01";"2";"7";"0";"2";"6";"11";"1";
"202000042665";"154 667 311";"B01";"1";"7";"0";"2";"3";"1";"1";
"202000042665";"154 667 313";"A01";"2";"7";"0";"2";"3";"17";"0";
"202000042666";"154 667 309";"A01";"1";"10";"0";"1";"2";"24";"0";
"202000042667";"154 667 307";"A01";"3";"2";"0";"1";"0";"0";"1";
"202000042668";"154 667 305";"B01";"0";"7";"0";"2";"2";"15";"1";
"202000042668";"154 667 306";"A01";"0";"31";"0";"2";"1";"17";"1";
"202000042669";"154 667 303";"B01";"3";"80";"1";"2";"1";"1";"3";
"202000042669";"154 667 304";"A01";"3";"7";"1";"2";"3";"9";"1";
"202000042670";"154 667 302";"Z01";"3";"32";"0";"1";"1";"0";"0";
"202000042671";"154 667 297";"A01";"2";"1";"0";"2";"8";"19";"5";
"202000042671";"154 667 298";"B01";"2";"7";"0";"2";"8";"5";"1";
"202000042672";"154 667 294";"A01";"0";"7";"14";"0";"2";"0";"1";
"202000042673";"154 667 301";"B01";"2";"7";"0";"2";"1";"2";"1";
"202000042673";"154 667 308";"A01";"2";"7";"0";"2";"4";"2";"1";
"202000042674";"154 667 295";"B01";"2";"7";"0";"0";"4";"2";"1";
"202000042674";"154 667 296";"A01";"2";"7";"0";"2";"1";"2";"1";
"202000042675";"154 667 292";"A01";"2";"34";"0";"2";"8";"26";"1";
"202000042676";"154 667 290";"A01";"3";"1";"0";"2";"1";"1";"5";
"202000042676";"154 667 291";"B01";"3";"1";"0";"2";"1";"1";"5";
"202000042677";"154 667 288";"B01";"3";"7";"0";"2";"4";"23";"0";
"202000042677";"154 667 289";"A01";"3";"7";"0";"2";"1";"1";"1";
"202000042678";"154 667 287";"A01";"0";"7";"0";"1";"3";"15";"0";
"202000042679";"154 667 285";"B01";"2";"7";"0";"2";"1";"1";"1";
"202000042679";"154 667 286";"A01";"1";"2";"0";"2";"1";"1";"1";
"202000042680";"154 667 283";"A01";"1";"7";"0";"2";"3";"17";"1";
"202000042680";"154 667 284";"B01";"2";"7";"0";"2";"0";"0";"1";
"202000042681";"154 667 281";"A01";"1";"7";"0";"1";"1";"1";"1";
"202000042682";"154 667 280";"A01";"2";"7";"11";"2";"1";"1";"1";
"202000042683";"154 667 279";"A01";"2";"7";"15";"0";"5";"26";"1";
"202000042684";"154 667 277";"A01";"1";"7";"0";"2";"6";"9";"3";
"202000042684";"154 667 278";"B01";"1";"33";"0";"2";"1";"9";"1";
"202000042685";"154 667 276";"A01";"3";"7";"0";"0";"9";"0";"1";
"202000042686";"154 667 274";"B01";"0";"30";"0";"2";"1";"0";"6";
"202000042686";"154 667 275";"A01";"0";"30";"0";"2";"1";"26";"6";
"202000042687";"154 667 272";"A01";"1";"7";"2";"0";"1";"14";"1";
"202000042688";"154 667 282";"A01";"3";"7";"0";"2";"1";"13";"1";
"202000042688";"154 667 293";"B01";"3";"7";"0";"2";"3";"1";"1";
"202000042689";"154 667 273";"A01";"2";"7";"0";"0";"1";"1";"0";
"202000042690";"154 667 269";"A01";"2";"7";"0";"2";"8";"10";"1";
"202000042690";"154 667 270";"B01";"2";"2";"0";"2";"9";"1";"1";
"202000042691";"154 667 268";"Z01";"3";"7";"0";"1";"7";"0";"0";
"202000042692";"154 667 266";"B01";"2";"33";"0";"2";"1";"1";"1";
"202000042692";"154 667 267";"A01";"1";"7";"0";"2";"7";"15";"1";
"202000042693";"154 667 263";"A01";"0";"33";"0";"2";"1";"1";"1";
"202000042693";"154 667 264";"B01";"3";"7";"0";"2";"2";"1";"1";
"202000042694";"154 667 261";"A01";"2";"7";"0";"2";"1";"26";"6";
"202000042694";"154 667 262";"B01";" -1";"7";"0";"2";"5";"19";"0";
"202000042695";"154 667 257";"A01";"2";"7";"0";"0";"4";"1";"1";
"202000042695";"154 667 258";"C01";"2";"7";"0";"2";"1";"2";"1";
"202000042695";"154 667 259";"B01";"2";"7";"0";"2";"4";"2";"1";
"202000042695";"154 667 260";"D01";"2";"15";"0";"2";"3";"2";"1";
"202000042696";"154 667 256";"A01";"2";"7";"1";"0";"1";"14";"1";
"202000042697";"154 667 271";"A01";"1";"7";"8";"0";"3";"13";"1";
"202000042698";"154 667 253";"B01";"1";"7";"0";"2";"1";"1";"0";
"202000042698";"154 667 254";"A01";"2";"7";"0";"2";"1";"5";"0";
"202000042699";"154 667 249";"A01";"2";"30";"0";"2";"1";"9";"1";
"202000042699";"154 667 251";"B01";"1";"37";"0";"2";"1";"13";"1";"3"
"202000042700";"154 667 248";"A01";"2";"7";"0";"2";"1";"17";"1";
"202000042700";"154 667 252";"B01";"1";"15";"0";"2";"1";"1";"1";
"202000042701";"154 667 247";"B01";"3";"33";"0";"2";"1";"1";"1";
"202000042701";"154 667 250";"A01";"3";"7";"0";"2";"2";"9";"1";
"202000042702";"154 667 244";"B01";"3";"7";"0";"2";"4";"2";"0";
"202000042702";"154 667 246";"A01";"1";"7";"0";"2";"1";"2";"0";
"202000042703";"154 667 243";"Z01";"2";"32";"14";"0";"1";"6";"0";
"202000042704";"154 667 240";"B01";"2";"30";"0";"2";"6";"15";"1";
"202000042704";"154 667 241";"A01";"2";"32";"0";"2";"6";"17";"1";
"202000042705";"154 667 238";"A01";"3";"7";"0";"2";"8";"15";"1";
"202000042705";"154 667 239";"B01";"2";"30";"0";"2";"1";"1";"1";
"202000042706";"154 667 245";"A01";"2";"7";"3";"0";"1";"1";"1";
"202000042707";"154 667 237";"A01";"1";"7";"8";"0";"2";"0";"1";
"202000042708";"154 667 234";"C01";"1";"7";"0";"2";"3";"23";"1";
"202000042708";"154 667 235";"A01";"2";"7";"0";"2";"2";"1";"1";
"202000042708";"154 667 236";"B01";"1";"7";"0";"2";"5";"15";"1";
"202000042709";"154 667 231";"A01";"2";"17";"0";"0";"6";"23";"1";
"202000042709";"154 667 233";"B01";"2";"14";"0";"2";"2";"23";"1";
"202000042710";"154 667 230";"A01";"3";"10";"0";"2";"3";"13";"1";
"202000042710";"154 667 232";"B01";"3";"2";"0";"2";"7";"15";"1";
"202000042711";"154 667 228";"A01";"3";"2";"0";"1";"1";"1";"1";
"202000042712";"154 667 227";"A01";"0";"7";"0";"2";"0";"0";"1";
"202000042712";"154 667 229";"B01";"0";"7";"0";"2";"1";"1";"1";
"202000042713";"154 667 242";"A01";"2";"32";"1";"0";"1";"14";"1";
"202000042714";"154 667 225";"A01";"3";"10";"1";"1";"1";"1";"1";
"202000042715";"154 667 226";"A01";"1";"1";"0";"0";"0";"0";"5";
"202000042716";"154 667 221";"A01";"2";"33";"0";"2";"1";"18";"1";
"202000042716";"154 667 222";"B01";"2";"7";"0";"2";"7";"16";"1";
"202000042717";"154 667 219";"A01";"1";"7";"0";"1";"1";"1";"1";
"202000042718";"154 667 217";"B01";"0";"7";"0";"2";"5";"1";"1";
"202000042718";"154 667 218";"A01";"0";"2";"0";"2";"1";"8";"1";
"202000042719";"154 667 216";"A01";"2";"30";"0";"0";"7";"15";"1";
"202000042720";"154 667 223";"B01";"1";"1";"0";"2";"2";"0";"5";
"202000042720";"154 667 224";"A01";"2";"7";"0";"9";"3";"12";"1";
"202000042721";"154 667 220";"A01";"3";"38";"3";"0";"1";"1";"0";"5"
"202000042722";"154 667 214";"A01";"0";"7";"0";"1";"1";"1";"1";
"202000042723";"154 667 213";"A01";"1";"30";"8";"0";"1";"16";"1";
"202000042724";"154 667 211";"A01";"2";"7";"13";"0";"2";"2";"1";
"202000042725";"154 667 209";"B01";"1";"30";"0";"2";"1";"1";"0";
"202000042725";"154 667 212";"A01";"1";"10";"0";"2";"8";"19";"0";
"202000042726";"154 667 207";"A01";"1";"34";"1";"0";"2";"1";"1";
"202000042727";"154 667 205";"A01";"0";"1";"0";"2";"1";"0";"5";
"202000042727";"154 667 206";"B01";"1";"80";"0";"2";"1";"1";"3";
"202000042728";"154 667 204";"A01";"0";"7";"0";"1";"5";"20";"1";
"202000042729";"154 667 201";"B01";"1";"32";"0";"2";"5";"1";"1";
"202000042729";"154 667 202";"A01";"1";"7";"0";"2";"3";"13";"1";
"202000042730";"154 667 200";"A01";"0";"7";"0";"2";"3";"15";"1";
"202000042730";"154 667 203";"B01";"0";"2";"0";"2";"1";"1";"1";
"202000042731";"154 667 199";"A01";"1";"7";"15";"0";"2";"26";"1";
"202000042732";"154 667 197";"B01";"2";"7";"0";"2";"3";"19";"6";
"202000042732";"154 667 198";"A01";"1";"7";"0";"2";"1";"1";"6";
"202000042733";"154 667 195";"A01";"1";"7";"0";"2";"1";"14";"1";
"202000042733";"154 667 196";"B01";"1";"7";"0";"2";"3";"1";"1";
"202000042734";"154 667 194";"A01";"0";"7";"13";"0";"9";"1";"0";
"202000042735";"154 667 193";"A01";"1";"33";"0";"1";"6";"1";"1";
"202000042736";"154 667 189";"A01";"1";"32";"1";"2";"3";"17";"1";
"202000042736";"154 667 191";"B01";"2";"7";"0";"2";"3";"1";"1";
"202000042736";"154 667 192";"C01";"1";"7";"0";"2";"8";"1";"1";
"202000042737";"154 667 187";"A01";"1";"7";"0";"2";"6";"26";"1";
"202000042737";"154 667 188";"B01";"1";"33";"0";"2";"1";"1";"1";
"202000042738";"154 667 183";"A01";"2";"32";"0";"1";"1";"1";"1";
"202000042739";"154 667 182";"Z01";"2";"32";"0";"2";"6";"13";"1";
"202000042739";"154 667 185";"A01";"2";"32";"0";"2";"2";"17";"1";
"202000042740";"154 667 184";"A01";"2";"7";"0";"2";"3";"13";"1";