"Num_Acc";"id_vehicule";"num_veh";"senc";"catv";"obs";"obsm";"choc";"manv";"motor";"occutc"
"202000042937";"154 666 810";"B01";"1";"7";"0";"2";"4";"2";"1";
"202000042937";"154 666 811";"A01";"1";"7";"0";"2";"1";"2";"1";
"202000042938";"154 666 809";"A01";"1";"33";"0";"6";"1";"2";"1";
"202000042939";"154 666 807";"B01";"3";"1";"0";"2";"4";"1";"5";
"202000042939";"154 666 808";"A01";"1";"7";"0";"9";"3";"9";"1";
"202000042940";"154 666 806";"A01";"1";"7";"2";"0";"1";"1";"1";
"202000042941";"154 666 803";"B01";"3";"7";"0";"2";"2";"1";"1";
"202000042941";"154 666 805";"A01";"1";"7";"0";"2";"3";"1";"1";
"202000042942";"154 666 802";"A01";"1";"7";"0";"2";"3";"5";"0";
"202000042942";"154 666 804";"B01";"2";"15";"0";"2";"3";"5";"0";
"202000042943";"154 666 799";"A01";"1";"7";"6";"0";"1";"13";"1";
"202000042944";"154 666 798";"A01";"2";"7";"0";"9";"2";"15";"1";
"202000042944";"154 666 801";"B01";"2";"1";"0";"2";"7";"2";"5";
"202000042945";"154 666 797";"A01";"1";"38";"13";"0";"2";"1";"1";"3"
"202000042946";"154 666 796";"A01";"3";"7";"1";"0";"3";"14";"0";
"202000042947";"154 666 794";"A01";"2";"7";"0";"2";"6";"19";"1";
"202000042947";"154 666 795";"B01";"2";"7";"0";"2";"1";"1";"1";
"202000042948";"154 666 792";"B01";"2";"2";"0";"2";"8";"15";"1";
"202000042948";"154 666 793";"A01";"2";"2";"0";"2";"7";"17";"1";
"202000042949";"154 666 791";"A01";"2";"7";"2";"0";"1";"13";"1";
"202000042950";"154 666 789";"B01";"3";"33";"0";"2";"2";"23";"1";
"202000042950";"154 666 790";"A01";"3";"10";"0";"2";"4";"4";"1";
"202000042951";"154 666 786";"A01";"2";"7";"0";"2";"7";"19";"1";
"202000042951";"154 666 788";"B01";"2";"7";"0";"2";"1";"1";"1";
"202000042952";"154 666 785";"A01";"2";"37";"0";"9";"2";"26";"1";"1"
"202000042953";"154 666 783";"A01";"1";"7";"0";"2";"3";"15";"1";
"202000042953";"154 666 784";"B01";"2";"7";"0";"2";"3";"1";"1";
"202000042954";"154 666 782";"A01";"2";"7";"2";"0";"2";"16";"0";
"202000042955";"154 666 781";"A01";"1";"7";"0";"1";"1";"1";"1";
"202000042956";"154 666 779";"B01";"1";"7";"0";"2";"1";"17";"0";
"202000042956";"154 666 780";"A01";"2";"1";"0";"2";"0";"21";"5";
"202000042957";"154 666 776";"B01";"2";"2";"0";"2";"1";"2";"1";
"202000042957";"154 666 778";"A01";"1";"7";"0";"2";"7";"15";"1";
"202000042958";"154 666 775";"B01";"1";"2";"0";"2";"1";"1";"1";
"202000042958";"154 666 777";"A01";"0";"7";"0";"2";"6";"10";"1";
"202000042959";"154 666 774";"A01";"3";"30";"0";"0";"1";"1";"1";
"202000042960";"154 666 773";"A01";"3";"7";"8";"0";"1";"0";"0";
"202000042961";"154 666 771";"A01";"1";"10";"6";"0";"1";"1";"1";
"202000042962";"154 666 769";"A01";"2";"7";"0";"1";"2";"2";"1";
"202000042963";"154 666 770";"B01";"2";"7";"0";"2";"1";"1";"1";
"202000042963";"154 666 772";"A01";"1";"7";"0";"2";"1";"10";"1";
"202000042964";"154 666 765";"C01";"1";"7";"0";"2";"1";"1";"1";
"202000042964";"154 666 766";"A01";"1";"7";"0";"2";"2";"15";"1";
"202000042964";"154 666 768";"B01";"2";"7";"0";"2";"2";"1";"1";
"202000042965";"154 666 763";"A01";"2";"33";"13";"0";"7";"14";"1";
"202000042966";"154 666 762";"A01";"1";"7";"13";"0";"1";"1";"1";
"202000042967";"154 666 760";"B01";"2";"7";"0";"2";"1";"1";"1";
"202000042967";"154 666 761";"A01";"1";"7";"0";"2";"1";"1";"1";
"202000042968";"154 666 759";"A01";"3";"7";"6";"0";"1";"14";"1";
"202000042969";"154 666 757";"A01";"2";"7";"0";"2";"7";"0";"1";
"202000042969";"154 666 758";"B01";"1";"7";"0";"2";"2";"1";"1";
"202000042970";"154 666 764";"A01";"1";"33";"0";"2";"1";"9";"1";
"202000042970";"154 666 767";"B01";"1";"7";"1";"2";"5";"1";"1";
"202000042971";"154 666 753";"B01";"2";"7";"0";"2";"6";"1";"1";
"202000042971";"154 666 754";"C01";"2";"7";"0";"2";"3";"1";"1";
"202000042971";"154 666 755";"A01";"2";"10";"0";"2";"1";"13";"1";
"202000042972";"154 666 750";"B01";"3";"7";"14";"2";"3";"21";"1";
"202000042972";"154 666 751";"A01";"3";"7";"14";"2";"9";"13";"1";
"202000042972";"154 666 752";"C01";"3";"15";"14";"2";"0";"1";"1";
"202000042973";"154 666 748";"B01";"1";"2";"0";"2";"1";"1";"1";
"202000042973";"154 666 749";"A01";"0";"7";"0";"2";"3";"20";"1";
"202000042974";"154 666 745";"A01";"1";"7";"0";"2";"1";"2";"1";
"202000042974";"154 666 746";"B01";"1";"7";"0";"2";"1";"1";"1";
"202000042974";"154 666 747";"C01";"1";"7";"0";"2";"1";"2";"1";
"202000042975";"154 666 742";"B01";"0";"10";"0";"2";"8";"15";"1";
"202000042975";"154 666 743";"A01";"0";"43";"0";"2";"7";"17";"1";
"202000042976";"154 666 741";"A01";"2";"10";"0";"1";"1";"2";"4";
"202000042977";"154 666 740";"A01";"1";"35";"0";"0";"0";"0";"0";
"202000042978";"154 666 738";"B01";"3";"7";"0";"2";"1";"21";"1";
"202000042978";"154 666 739";"A01";"1";"7";"0";"2";"3";"19";"1";
"202000042979";"154 666 737";"A01";"3";"7";"13";"0";"7";"21";"1";
"202000042980";"154 666 735";"A01";"1";"7";"0";"2";"3";"9";"1";
"202000042980";"154 666 736";"B01";"2";"2";"0";"2";"1";"1";"1";
"202000042981";"154 666 733";"A01";"2";"1";"0";"2";"8";"13";"0";
"202000042981";"154 666 734";"B01";"1";"7";"0";"2";"3";"0";"1";
"202000042982";"154 666 731";"A01";"2";"7";"0";"2";"2";"1";"1";
"202000042982";"154 666 732";"B01";"1";"7";"0";"2";"1";"1";"1";
"202000042983";"154 666 730";"A01";"1";"7";"0";"1";"1";"15";"0";
"202000042984";"154 666 729";"A01";"2";"7";"0";"1";"1";"1";"1";
"202000042985";"154 666 726";"A01";"3";"7";"0";"2";"8";"19";"1";
"202000042985";"154 666 727";"B01";"1";"7";"0";"2";"1";"1";"1";
"202000042986";"154 666 723";"B01";"3";"7";"0";"2";"2";"1";"1";
"202000042986";"154 666 724";"A01";"3";"7";"0";"2";"7";"1";"1";
"202000042987";"154 666 721";"A01";"2";"7";"0";"2";"2";"16";"0";
"202000042987";"154 666 722";"B01";"1";"1";"0";"2";"0";"0";"0";
"202000042988";"154 666 720";"A01";"2";"33";"0";"2";"0";"21";"0";
"202000042989";"154 666 718";"A01";"2";"10";"0";"2";"1";"2";"1";
"202000042989";"154 666 719";"B01";"2";"7";"0";"2";"4";"2";"1";
"202000042990";"154 666 717";"A01";"1";"32";"0";"1";"1";"1";"1";
"202000042991";"154 666 714";"A01";"3";"10";"15";"2";"3";"13";"1";
"202000042991";"154 666 715";"B01";"3";"10";"0";"2";"2";"1";"1";
"202000042991";"154 666 716";"C01";"3";"10";"0";"2";"3";"1";"1";
"202000042992";"154 666 713";"A01";"3";"7";"5";"0";"1";"13";"1";
"202000042993";"154 666 711";"Z01";"2";"0";"0";"2";"2";"9";"0";
"202000042993";"154 666 712";"B01";"3";"7";"0";"2";"8";"23";"1";
"202000042994";"154 666 710";"A01";"2";"7";"0";"1";"1";"1";"1";
"202000042995";"154 666 709";"A01";"1";"7";"0";"1";"1";"15";"1";
"202000042996";"154 666 706";"C01";"2";"10";"0";"0";"0";"26";"1";
"202000042996";"154 666 707";"A01";"1";"7";"0";"1";"3";"1";"1";
"202000042996";"154 666 708";"B01";"2";"7";"0";"2";"3";"22";"1";
"202000042997";"154 666 705";"A01";"1";"7";"0";"1";"0";"16";"1";
"202000042998";"154 666 704";"A01";"1";"37";"0";"1";"2";"1";"4";"1"
"202000042999";"154 666 702";"A01";"3";"7";"0";"2";"6";"15";"1";
"202000042999";"154 666 703";"B01";"3";"2";"0";"2";"1";"1";"1";
"202000043000";"154 666 701";"A01";"1";"7";"0";"1";"1";"1";"1";
"202000043001";"154 666 699";"A01";"2";"7";"0";"2";"1";"9";"1";
"202000043001";"154 666 700";"B01";"1";"30";"0";"2";"2";"1";"1";
"202000043002";"154 666 696";"A01";"2";"7";"0";"2";"3";"1";"1";
"202000043002";"154 666 697";"B01";"2";"7";"0";"2";"5";"15";"1";
"202000043002";"154 666 698";"C01";"1";"10";"0";"2";"8";"1";"1";
"202000043003";"154 666 694";"A01";" -1";"7";"0";"9";"0";"24";"1";
"202000043003";"154 666 695";"B01";"2";"1";"1";"0";"1";"1";"5";
"202000043004";"154 666 692";"B01";"3";"7";"0";"0";"0";"0";"1";
"202000043004";"154 666 693";"A01";"1";"34";"1";"0";"1";"14";"1";
"202000043005";"154 666 690";"B01";"2";"7";"0";"2";"1";"1";"1";
"202000043005";"154 666 691";"A01";"1";"7";"15";"2";"1";"21";"1";
"202000043006";"154 666 689";"A01";"1";"7";"0";"1";"3";"26";"1";
"202000043007";"154 666 685";"B01";"3";"7";"0";"2";"5";"1";"1";
"202000043007";"154 666 686";"A01";"1";"33";"0";"2";"1";"9";"1";
"202000043008";"154 666 683";"B01";"1";"1";"0";"2";"8";"1";"5";
"202000043008";"154 666 684";"A01";"2";"10";"0";"2";"2";"1";"1";
"202000043009";"154 666 680";"C01";"1";"7";"0";"2";"0";"1";"1";
"202000043009";"154 666 681";"B01";"1";"7";"0";"2";"6";"1";"1";
"202000043009";"154 666 682";"A01";"1";"10";"0";"2";"1";"21";"1";
"202000043010";"154 666 679";"A01";"1";"7";"0";"1";"2";"0";"1";
"202000043011";"154 666 677";"B01";"2";"7";"0";"2";"3";"1";"1";
"202000043011";"154 666 678";"A01";"2";"7";"0";"2";"5";"12";"1";
"202000043012";"154 666 675";"A01";"2";"7";"0";"2";"1";"15";"1";
"202000043012";"154 666 676";"B01";"2";"1";"0";"2";"7";"5";"5";
"202000043013";"154 666 674";"A01";"1";"7";"0";"1";"1";"1";"1";
"202000043014";"154 666 668";"B01";"2";"7";"0";"2";"4";"2";"1";
"202000043014";"154 666 669";"C01";"2";"7";"0";"2";"4";"2";"1";
"202000043014";"154 666 670";"E01";"2";"7";"0";"2";"4";"2";"1";
"202000043014";"154 666 671";"F01";"2";"7";"0";"2";"4";"2";"1";
"202000043014";"154 666 672";"A01";"2";"7";"0";"2";"1";"2";"1";
"202000043014";"154 666 673";"D01";"2";"7";"0";"2";"4";"1";"1";
"202000043015";"154 666 666";"B01";"1";"7";"0";"2";"5";"2";"1";
"202000043015";"154 666 667";"A01";"1";"34";"0";"2";"1";"2";"1";
"202000043016";"154 666 664";"B01";"1";"31";"0";"2";"1";"1";"1";
"202000043016";"154 666 665";"A01";"1";"7";"0";"2";"8";"11";"1";
"202000043017";"154 666 662";"A01";"1";"7";"0";"2";"1";"15";"1";
"202000043017";"154 666 663";"B01";"2";"50";"0";"2";"8";"1";"3";
"202000043018";"154 666 660";"A01";"1";"34";"0";"2";"5";"17";"1";
"202000043018";"154 666 661";"Z01";"1";"7";"0";"2";"0";"10";"0";
"202000043019";"154 666 658";"B01";"0";"34";"0";"2";"1";"1";"1";
"202000043019";"154 666 659";"A01";"0";"7";"0";"2";"2";"15";"1";
"202000043020";"154 666 656";"B01";"1";"1";"0";"2";"4";"17";"5";
"202000043020";"154 666 657";"A01";"1";"38";"0";"2";"1";"1";"1";"1"
"202000043021";"154 666 652";"A01";"1";"31";"0";"2";"7";"17";"1";
"202000043021";"154 666 653";"B01";"1";"7";"0";"2";"8";"15";"1";
"202000043022";"154 666 650";"B01";"3";"7";"0";"2";"4";"2";"1";
"202000043022";"154 666 651";"A01";"3";"7";"0";"2";"1";"2";"1";
"202000043023";"154 666 648";"B01";"1";"7";"0";"2";"1";"5";"1";
"202000043023";"154 666 649";"A01";"2";"7";"0";"2";"1";"13";"1";
"202000043024";"154 666 646";"A01";"1";"10";"0";"2";"1";"2";"1";
"202000043024";"154 666 647";"B01";"1";"7";"0";"2";"4";"23";"1";
"202000043025";"154 666 645";"A01";"2";"31";"0";"1";"1";"3";"1";
"202000043026";"154 666 644";"A01";"3";"31";"0";"0";"7";"1";"1";
"202000043027";"154 666 642";"B01";"2";"10";"16";"2";"3";"9";"1";
"202000043027";"154 666 643";"A01";"2";"33";"0";"2";"1";"1";"1";
"202000043028";"154 666 640";"A01";"2";"34";"0";"2";"7";"1";"1";
"202000043028";"154 666 641";"B01";"1";"7";"0";"2";"1";"1";"1";
"202000043029";"154 666 638";"A01";"2";"7";"0";"2";"2";"1";"1";
"202000043029";"154 666 639";"B01";"1";"33";"0";"2";"1";"0";"0";
"202000043030";"154 666 636";"B01";"0";"3";"0";"2";"4";"26";"0";
"202000043030";"154 666 637";"A01";"0";"7";"0";"2";"1";"2";"0";
"202000043031";"154 666 634";"B01";"2";"33";"0";"2";"1";"0";"1";
"202000043031";"154 666 635";"A01";"2";"7";"0";"2";"2";"15";"1";
"202000043032";"154 666 633";"Z01";"1";"7";"0";"1";"0";"1";"1";
"202000043033";"154 666 632";"A01";"1";"33";"1";"1";"1";"17";"1";
"202000043034";"154 666 630";"Z01";"1";"7";"0";"2";"1";"0";"0";
"202000043034";"154 666 631";"B01";"1";"7";"0";"2";"2";"1";"1";
"202000043035";"154 666 628";"A01";"1";"32";"0";"2";"1";"1";"1";
"202000043035";"154 666 629";"B01";"2";"7";"0";"2";"4";"23";"1";
"202000043036";"154 666 626";"B01";"2";"7";"0";"2";"8";"15";"1";
"202000043036";"154 666 627";"A01";"1";"7";"0";"2";"3";"15";"1";
"202000043037";"154 666 624";"A01";"2";"7";"0";"2";"1";"1";"1";
"202000043037";"154 666 625";"B01";"2";"7";"0";"2";"4";"1";"1";
"202000043038";"154 666 622";"T01";"2";"7";"0";"0";"0";"26";"1";
"202000043038";"154 666 623";"A01";"1";"7";"7";"1";"2";"21";"1";
"202000043039";"154 666 619";"B01";"3";"7";"0";"2";"4";"2";"0";
"202000043039";"154 666 620";"C01";"3";"7";"0";"2";"4";"2";"1";
"202000043039";"154 666 621";"A01";"3";"7";"0";"2";"1";"2";"0";
"202000043040";"154 666 617";"B01";"3";"2";"0";"2";"1";"1";"0";
"202000043040";"154 666 618";"A01";"3";"7";"0";"2";"1";"15";"1";
"202000043041";"154 666 615";"B01";"1";"7";"0";"2";"8";"15";"1";
"202000043041";"154 666 616";"A01";"1";"30";"0";"2";"1";"17";"1";
"202000043042";"154 666 613";"B01";"3";"17";"0";"2";"1";"5";"1";
"202000043042";"154 666 614";"A01";"1";"7";"0";"2";"7";"13";"1";
"202000043043";"154 666 611";"B01";"1";"1";"0";"2";"1";"1";"5";
"202000043043";"154 666 612";"A01";"1";"7";"0";"2";"8";"22";"1";
"202000043044";"154 666 609";"A01";"3";"7";"0";"2";"4";"16";"1";
"202000043044";"154 666 610";"B01";"3";"37";"0";"2";"3";"7";"1";"1"
"202000043045";"154 666 608";"A01";"1";"1";"0";"1";"1";"1";"5";
"202000043046";"154 666 606";"A01";"2";"33";"0";"2";"2";"17";"1";
"202000043046";"154 666 607";"B01";"2";"10";"0";"2";"0";"10";"1";
"202000043047";"154 666 605";"A01";"2";"2";"0";"1";"1";"18";"1";
"202000043048";"154 666 604";"A01";"2";"7";"1";"1";"1";"1";"1";
"202000043049";"154 666 602";"B01";"1";"33";"0";"2";"1";"1";"1";
"202000043049";"154 666 603";"A01";"1";"7";"0";"2";"3";"10";"1";
"202000043050";"154 666 600";"Z01";"2";"7";"0";"2";"4";"2";"0";
"202000043050";"154 666 601";"A01";"2";"80";"0";"2";"1";"2";"3";
"202000043051";"154 666 598";"B01";"2";"43";"0";"2";"4";"23";"1";
"202000043051";"154 666 599";"A01";"2";"30";"0";"2";"1";"2";"1";
"202000043052";"154 666 596";"B01";"1";"50";"0";"2";"1";"1";"3";
"202000043052";"154 666 597";"A01";"1";"7";"0";"2";"8";"22";"2";
"202000043053";"154 666 594";"A01";"2";"7";"0";"0";"3";"9";"1";
"202000043053";"154 666 595";"B01";"2";"30";"0";"2";"1";"1";"1";
"202000043054";"154 666 592";"A01";"2";"32";"0";"2";"8";"1";"1";
"202000043054";"154 666 593";"Z01";"2";"7";"0";"2";"7";"12";"0";
"202000043055";"154 666 590";"B01";"3";"32";"0";"2";"8";"23";"1";
"202000043055";"154 666 591";"A01";"3";"10";"0";"2";"8";"14";"1";
"202000043056";"154 666 589";"A01";"2";"50";"0";"1";"1";"1";"3";
"202000043057";"154 666 588";"A01";"1";"50";"12";"0";"1";"14";"3";
"202000043058";"154 666 587";"A01";"2";"1";"0";"1";"1";"16";"5";
"202000043059";"154 666 586";"A01";"2";"10";"0";"1";"5";"4";"1";
"202000043060";"154 666 585";"A01";"1";"32";"0";"2";"0";"21";"1";
"202000043061";"154 666 584";"A01";"1";"30";"14";"0";"1";"13";"1";
"202000043062";"154 666 582";"B01";"3";"50";"0";"2";"3";"19";"3";
"202000043062";"154 666 583";"A01";"2";"10";"0";"2";"2";"1";"1";
"202000043063";"154 666 580";"A01";"1";"7";"0";"9";"3";"1";"1";
"202000043063";"154 666 581";"B01";"1";"1";"0";"2";"1";"0";"5";
"202000043064";"154 666 578";"A01";"1";"2";"0";"2";"1";"17";"1";
"202000043064";"154 666 579";"B01";"1";"7";"0";"2";"8";"19";"1";
"202000043065";"154 666 576";"B01";"3";"50";"0";"2";"0";"19";"3";
"202000043065";"154 666 577";"A01";"3";"15";"0";"2";"1";"16";"1";
"202000043066";"154 666 575";"A01";"3";"7";"0";"1";"2";"1";"1";
"202000043067";"154 666 573";"B01";"2";"10";"0";"2";"1";"15";"1";
"202000043067";"154 666 574";"A01";"1";"10";"0";"2";"3";"16";"0";
"202000043068";"154 666 572";"A01";"3";"32";"0";"1";"1";"1";"1";
"202000043069";"154 666 571";"Z01";"3";"0";"0";"1";"0";"0";"0";
"202000043070";"154 666 570";"A01";"2";"32";"0";"1";"1";"1";"1";
"202000043071";"154 666 568";"B01";"1";"14";"0";"2";"2";"1";"1";
"202000043071";"154 666 569";"A01";"1";"7";"0";"2";"3";"10";"1";
"202000043072";"154 666 567";"A01";" -1";"7";"0";"1";"2";"1";"1";
"202000043073";"154 666 566";"A01";"0";"10";"0";"1";"1";"1";"1";
"202000043074";"154 666 565";"A01";"1";"30";"1";"1";"1";"21";"1";
"202000043075";"154 666 564";"A01";"3";"7";"0";"1";"1";"1";"1";
"202000043076";"154 666 563";"A01";"2";"7";"0";"1";"3";"1";"1";
"202000043077";"154 666 561";"A01";"3";"7";"0";"2";"1";"1";"1";
"202000043077";"154 666 562";"B01";"3";"34";"0";"2";"4";"1";"1";
"202000043078";"154 666 559";"B01";"2";"7";"0";"2";"6";"2";"1";
"202000043078";"154 666 560";"A01";"2";"33";"0";"2";"1";"2";"1";
"202000043079";"154 666 557";"B01";"1";"10";"0";"2";"3";"1";"1";
"202000043079";"154 666 558";"A01";"2";"10";"0";"2";"1";"1";"1";
"202000043080";"154 666 556";"A01";"1";"7";"0";"1";"1";"1";"3";
"202000043081";"154 666 554";"B01";"1";"7";"0";"2";"8";"1";"1";
"202000043081";"154 666 555";"A01";"1";"7";"0";"2";"1";"15";"1";
"202000043082";"154 666 552";"A01";"1";"32";"0";"2";"1";"1";"1";
"202000043082";"154 666 553";"B01";"2";"7";"0";"0";"0";"15";"1";
"202000043083";"154 666 551";"A01";"2";"7";"0";"1";"1";"1";"1";
"202000043084";"154 666 547";"B01";"1";"2";"0";"2";"1";"1";"1";
"202000043084";"154 666 548";"A01";"2";"7";"0";"2";"1";"15";"1";
"202000043085";"154 666 544";"A01";"2";"13";"0";"0";"9";"1";"1";
"202000043086";"154 666 542";"A01";"1";"7";"0";"2";"2";"1";"1";
"202000043086";"154 666 543";"B01";"2";"7";"0";"2";"1";"19";"1";
"202000043087";"154 666 541";"A01";"3";"10";"0";"1";"1";"1";"1";
"202000043088";"154 666 539";"B01";"3";"7";"0";"9";"1";"26";"1";
"202000043088";"154 666 540";"A01";"3";"1";"0";"0";"1";"1";"5";
"202000043089";"154 666 537";"B01";"1";"7";"0";"2";"1";"19";"0";
"202000043089";"154 666 538";"A01";"1";"7";"12";"2";"7";"1";"1";
"202000043090";"154 666 536";"A01";"1";"7";"1";"0";"2";"14";"1";
"202000043091";"154 666 535";"A01";"1";"0";"0";"1";"0";"1";"0";
"202000043092";"154 666 531";"B01";"2";"7";"0";"2";"6";"1";"1";
"202000043092";"154 666 532";"C01";"1";"7";"0";"2";"1";"1";"1";
"202000043092";"154 666 533";"D01";"2";"7";"0";"2";"7";"1";"1";
"202000043092";"154 666 534";"A01";"1";"7";"0";"2";"2";"17";"1";
"202000043093";"154 666 529";"A01";"0";"7";"0";"2";"7";"1";"1";
"202000043093";"154 666 530";"B01";"0";"10";"0";"2";"1";"1";"1";
"202000043094";"154 666 527";"A01";"1";"7";"0";"2";"1";"13";"1";
"202000043094";"154 666 528";"B01";"2";"7";"0";"2";"1";"1";"1";
"202000043095";"154 666 525";"A01";"1";"7";"8";"2";"8";"13";"0";
"202000043095";"154 666 526";"B01";"2";"7";"0";"2";"1";"0";"0";
"202000043096";"154 666 523";"A01";"1";"7";"0";"2";"3";"9";"1";
"202000043096";"154 666 524";"B01";"1";"1";"0";"2";"5";"1";"5";
"202000043097";"154 666 521";"A01";"1";"7";"0";"2";"2";"15";"1";
"202000043097";"154 666 522";"B01";"2";"2";"0";"2";"1";"1";"1";
"202000043098";"154 666 519";"B01";"1";"7";"0";"2";"1";"1";"1";
"202000043098";"154 666 520";"A01";"2";"7";"0";"2";"1";"15";"1";
"202000043099";"154 666 518";"A01";"1";"33";"14";"0";"1";"6";"1";
"202000043100";"154 666 516";"A01";"1";"10";"0";"2";"3";"1";"1";
"202000043100";"154 666 517";"B01";"2";"7";"0";"2";"3";"1";"1";
"202000043101";"154 666 514";"A01";"1";"7";"0";"2";"7";"15";"1";
"202000043101";"154 666 515";"C01";"1";"7";"0";"2";"3";"1";"1";
"202000043102";"154 666 508";"A01";"1";"10";"0";"9";"2";"2";"1";
"202000043102";"154 666 509";"B01";"1";"1";"0";"0";"4";"2";"5";
"202000043103";"154 666 506";"B01";"1";"33";"0";"2";"1";"1";"1";
"202000043103";"154 666 507";"A01";"2";"7";"0";"2";"3";"19";"1";
"202000043104";"154 666 504";"B01";"1";"7";"0";"2";"2";"14";"0";
"202000043104";"154 666 505";"A01";"2";"7";"0";"0";"7";"11";"0";
"202000043105";"154 666 500";"A01";"1";"33";"0";"2";"1";"0";"0";
"202000043105";"154 666 501";"B01";"2";"7";"0";"2";"3";"5";"0";
"202000043106";"154 666 498";"A01";"0";"7";"0";"2";"1";"19";"1";
"202000043106";"154 666 499";"B01";"0";"7";"0";"2";"7";"1";"1";
"202000043107";"154 666 496";"A01";"2";"7";"0";"2";"3";"15";"1";
"202000043107";"154 666 497";"B01";"1";"33";"0";"2";"1";"1";"1";
"202000043108";"154 666 495";"A01";"2";"7";"8";"0";"1";"1";"1";
"202000043109";"154 666 493";"B01";"1";"7";"15";"0";"7";"1";"1";
"202000043109";"154 666 494";"A01";"1";"7";"0";"0";"1";"1";"1";
"202000043110";"154 666 491";"B01";"3";"2";"0";"2";"1";"1";"1";
"202000043110";"154 666 492";"A01";"3";"7";"0";"2";"1";"11";"1";
"202000043111";"154 666 489";"B01";"2";"7";"0";"2";"2";"0";"0";
"202000043111";"154 666 490";"A01";"1";"7";"2";"2";"7";"1";"0";
"202000043112";"154 666 488";"A01";"3";"2";"0";"0";"8";"1";"1";
"202000043113";"154 666 486";"B01";"2";"33";"0";"2";"1";"1";"1";
"202000043113";"154 666 487";"A01";"1";"7";"0";"2";"2";"15";"1";
"202000043114";"154 666 484";"A01";"2";"7";"0";"2";"3";"15";"1";
"202000043114";"154 666 485";"B01";"1";"33";"0";"2";"1";"1";"1";
"202000043115";"154 666 482";"B01";"1";"33";"13";"0";"0";"13";"1";
"202000043115";"154 666 483";"A01";"1";"7";"0";"0";"0";"9";"1";
"202000043116";"154 666 480";"B01";"1";"1";"0";"2";"7";"1";"5";
"202000043116";"154 666 481";"A01";"1";"33";"0";"2";"3";"14";"1";
"202000043117";"154 666 479";"A01";"2";"7";"4";"0";"0";"0";"1";
"202000043118";"154 666 478";"A01";"0";"33";"0";"0";"2";"9";"1";
"202000043119";"154 666 476";"A01";"1";"15";"0";"2";"3";"13";"1";
"202000043119";"154 666 477";"B01";"2";"7";"0";"2";"8";"1";"1";
"202000043120";"154 666 474";"A01";"3";"2";"0";"2";"3";"15";"0";
"202000043120";"154 666 475";"B01";"3";"7";"0";"2";"3";"1";"0";
"202000043121";"154 666 473";"A01";"1";"33";"13";"0";"7";"1";"1";
"202000043122";"154 666 471";"A01";"2";"7";"13";"0";"2";"1";"1";
"202000043122";"154 666 472";"B01";"2";"7";"0";"0";"0";"9";"1";
"202000043123";"154 666 470";"A01";"1";"33";"13";"0";"9";"17";"1";
"202000043124";"154 666 468";"B01";"3";"10";"0";"2";"1";"1";"1";
"202000043124";"154 666 469";"A01";"3";"2";"0";"2";"1";"13";"1";
"202000043125";"154 666 467";"A01";"1";"7";"0";"0";"2";"1";"1";
"202000043126";"154 666 466";"A01";"2";"33";"0";"6";"7";"1";"1";
"202000043127";"154 666 464";"A01";"1";"33";"0";"2";"6";"1";"1";
"202000043127";"154 666 465";"B01";"1";"7";"0";"2";"2";"12";"1";
"202000043128";"154 666 459";"E01";"1";"99";"0";"0";"0";"2";"6";
"202000043128";"154 666 460";"D01";"1";"15";"1";"0";"2";"21";"6";
"202000043128";"154 666 461";"C01";"1";"99";"0";"0";"4";"26";"6";
"202000043128";"154 666 462";"B01";"1";"15";"0";"0";"6";"26";"6";
"202000043128";"154 666 463";"A01";"1";"14";"1";"0";"2";"1";"6";
"202000043129";"154 666 457";"A01";"2";"33";"0";"2";"5";"2";"1";
"202000043129";"154 666 458";"B01";"2";"7";"0";"2";"3";"2";"2";
"202000043130";"154 666 455";"A01";"2";"7";"0";"2";"1";"1";"1";
"202000043130";"154 666 456";"B01";"1";"30";"0";"2";"1";"0";"1";
"202000043131";"154 666 453";"B01";"2";"32";"0";"2";"0";"17";"1";
"202000043131";"154 666 454";"A01";"1";"7";"0";"2";"2";"15";"1";
"202000043132";"154 666 451";"B01";"3";"34";"0";"2";"0";"0";"0";
"202000043132";"154 666 452";"A01";"3";"7";"0";"2";"3";"0";"1";
"202000043133";"154 666 450";"A01";"2";"10";"0";"1";"7";"1";"1";
"202000043134";"154 666 448";"B01";"2";"7";"0";"2";"1";"1";"1";
"202000043134";"154 666 449";"A01";"1";"7";"0";"2";"1";"13";"1";
"202000043135";"154 666 446";"A01";"1";"7";"0";"2";"3";"13";"1";
"202000043135";"154 666 447";"B01";"2";"7";"0";"2";"3";"1";"1";
"202000043136";"154 666 445";"A01";"2";"7";"2";"0";"9";"1";"1";
"202000043137";"154 666 442";"B01";"1";"33";"0";"2";"3";"1";"1";
"202000043137";"154 666 443";"C01";"1";"33";"0";"2";"3";"1";"1";
"202000043137";"154 666 444";"A01";"2";"7";"0";"2";"2";"20";"1";
"202000043138";"154 666 441";"A01";"2";"7";"13";"0";"2";"1";"6";
"202000043139";"154 666 439";"B01";"2";"7";"0";"2";"1";"1";"1";
"202000043139";"154 666 440";"A01";"3";"7";"0";"2";"3";"19";"1";
"202000043140";"154 666 437";"A01";"1";"7";"0";"2";"3";"13";"1";
"202000043140";"154 666 438";"B01";"2";"7";"0";"2";"3";"1";"1";