"Num_Acc";"id_vehicule";"num_veh";"senc";"catv";"obs";"obsm";"choc";"manv";"motor";"occutc"
"202000043141";"154 666 434";"C01";"2";"14";"0";"0";"8";"1";"1";
"202000043141";"154 666 435";"A01";"2";"34";"0";"2";"1";"1";"1";
"202000043141";"154 666 436";"B01";"1";"7";"8";"2";"2";"17";"1";
"202000043142";"154 666 433";"A01";"2";"7";"8";"0";"1";"17";"2";
"202000043143";"154 666 431";"A01";"1";"33";"0";"2";"1";"2";"1";
"202000043143";"154 666 432";"B01";"1";"7";"0";"2";"4";"2";"1";
"202000043144";"154 666 426";"A01";"3";"7";"1";"0";"1";"1";"2";
"202000043145";"154 666 424";"B01";"1";"2";"0";"2";"1";"1";"0";
"202000043145";"154 666 425";"A01";"3";"21";"0";"2";"8";"9";"0";
"202000043146";"154 666 422";"A01";"1";"7";"0";"2";"5";"15";"1";
"202000043146";"154 666 423";"B01";"1";"33";"0";"2";"8";"1";"1";
"202000043147";"154 666 421";"A01";"2";"7";"8";"0";"1";"14";"1";
"202000043148";"154 666 419";"A01";"1";"7";"0";"2";"3";"15";"1";
"202000043148";"154 666 420";"B01";"2";"1";"0";"2";"1";"1";"5";
"202000043149";"154 666 418";"A01";"0";"33";"8";"0";"2";"14";"1";
"202000043150";"154 666 416";"B01";"1";"32";"0";"2";"1";"1";"1";
"202000043150";"154 666 417";"A01";"1";"7";"0";"2";"7";"15";"1";
"202000043151";"154 666 415";"A01";"3";"2";"0";"0";"0";"1";"1";
"202000043152";"154 666 414";"A01";"1";"33";"6";"0";"0";"1";"1";
"202000043153";"154 666 413";"A01";"2";"1";"0";"0";"0";"1";"5";
"202000043154";"154 666 412";"A01";"3";"7";"6";"0";"3";"0";"0";
"202000043155";"154 666 407";"A01";"1";"7";"1";"2";"3";"19";"0";
"202000043155";"154 666 408";"D01";"2";"7";"0";"9";"1";"1";"0";
"202000043155";"154 666 409";"E01";"2";"7";"0";"9";"3";"1";"1";
"202000043155";"154 666 410";"C01";"2";"7";"0";"2";"3";"1";"0";
"202000043155";"154 666 411";"B01";"2";"7";"0";"2";"3";"1";"0";
"202000043156";"154 666 405";"B01";"1";"7";"0";"2";"1";"2";"1";
"202000043156";"154 666 406";"A01";"1";"7";"6";"2";"4";"1";"1";
"202000043157";"154 666 403";"B01";"2";"7";"0";"2";"1";"2";"1";
"202000043157";"154 666 404";"A01";"2";"7";"0";"2";"4";"2";"1";
"202000043158";"154 666 400";"B01";"1";"7";"0";"0";"0";"0";"1";
"202000043158";"154 666 401";"C01";"2";"10";"0";"2";"1";"1";"1";
"202000043158";"154 666 402";"A01";"2";"99";"0";"2";"4";"1";"1";
"202000043159";"154 666 397";"A01";"2";"7";"0";"2";"4";"1";"1";
"202000043159";"154 666 398";"B01";"2";"7";"0";"2";"4";"1";"1";
"202000043159";"154 666 399";"C01";"2";"7";"0";"2";"1";"1";"1";
"202000043160";"154 666 395";"A01";"1";"7";"0";"2";"1";"2";"1";
"202000043160";"154 666 396";"B01";"1";"7";"0";"2";"4";"2";"1";
"202000043161";"154 666 393";"B01";"1";"7";"0";"2";"4";"2";"1";
"202000043161";"154 666 394";"A01";"1";"7";"0";"2";"1";"2";"1";
"202000043162";"154 666 389";"D01";"2";"7";"0";"2";"4";"1";"1";
"202000043162";"154 666 390";"A01";"2";"7";"0";"2";"1";"1";"1";
"202000043162";"154 666 391";"B01";"2";"7";"0";"2";"1";"1";"1";
"202000043162";"154 666 392";"C01";"2";"7";"0";"2";"4";"1";"1";
"202000043163";"154 666 387";"B01";"2";"7";"0";"2";"4";"2";"0";
"202000043163";"154 666 388";"A01";"2";"7";"0";"2";"1";"2";"1";
"202000043164";"154 666 386";"A01";"2";"7";"4";"0";"1";"9";"1";
"202000043165";"154 666 384";"Z01";"1";"7";"0";"2";"3";"11";"0";
"202000043165";"154 666 385";"B01";"1";"7";"0";"2";"2";"1";"1";
"202000043166";"154 666 381";"C01";"2";"7";"0";"2";"6";"2";"6";
"202000043166";"154 666 382";"B01";"2";"7";"0";"2";"4";"2";"1";
"202000043166";"154 666 383";"A01";"2";"7";"0";"2";"1";"2";"1";
"202000043167";"154 666 380";"A01";"1";"7";"3";"0";"1";"13";"1";
"202000043168";"154 666 377";"C01";"2";"7";"0";"2";"1";"2";"1";
"202000043168";"154 666 378";"B01";"2";"10";"0";"2";"1";"2";"1";
"202000043168";"154 666 379";"A01";"2";"7";"0";"2";"4";"2";"1";
"202000043169";"154 666 376";"A01";"2";"7";"4";"0";"2";"14";"1";
"202000043170";"154 666 375";"A01";"3";"7";"0";"1";"3";"4";"1";
"202000043171";"154 666 374";"A01";"3";"0";"12";"0";"0";"0";"0";
"202000043172";"154 666 372";"A01";"1";"30";"1";"0";"6";"21";"1";
"202000043172";"154 666 373";"B01";"1";"7";"0";"2";"6";"20";"1";
"202000043173";"154 666 369";"C01";"1";"7";"0";"2";"6";"1";"0";
"202000043173";"154 666 370";"B01";"1";"7";"0";"2";"6";"1";"0";
"202000043173";"154 666 371";"A01";"1";"7";"0";"2";"1";"11";"0";
"202000043174";"154 666 367";"A01";"3";"7";"0";"1";"2";"1";"1";
"202000043175";"154 666 365";"Z01";"0";"7";"0";"0";"0";"0";"0";
"202000043175";"154 666 366";"A01";"0";"32";"0";"2";"7";"1";"1";
"202000043176";"154 666 364";"A01";"1";"99";"8";"0";"8";"13";"6";
"202000043177";"154 666 362";"A01";"1";"10";"0";"2";"1";"1";"0";
"202000043177";"154 666 363";"B01";"1";"10";"0";"2";"4";"1";"0";
"202000043178";"154 666 361";"A01";"1";"7";"0";"1";"1";"1";"1";
"202000043179";"154 666 359";"B01";"2";"1";"0";"2";"7";"17";"5";
"202000043179";"154 666 360";"A01";"2";"7";"0";"2";"2";"9";"0";
"202000043180";"154 666 356";"A01";"3";"7";"0";"9";"2";"1";"1";
"202000043180";"154 666 357";"B01";"3";"1";" -1";" -1";" -1";"1";" -1";
"202000043181";"154 666 355";"A01";"1";"7";"12";"0";"2";"14";"1";
"202000043182";"154 666 354";"A01";"1";"2";"0";"0";"0";"1";"1";
"202000043183";"154 666 353";"A01";"2";"7";"0";"1";"3";"1";"1";
"202000043184";"154 666 351";"B01";"1";"7";"0";"2";"1";"26";"1";
"202000043184";"154 666 352";"A01";"2";"7";"0";"2";"1";"15";"1";
"202000043185";"154 666 349";"B01";"2";"32";"0";"2";"1";"1";"1";
"202000043185";"154 666 350";"A01";"1";"2";"0";"2";"1";"1";"1";
"202000043186";"154 666 347";"A01";"1";"7";"0";"2";"2";"1";"0";
"202000043186";"154 666 348";"B01";"2";"32";"0";"2";"3";"1";"0";
"202000043187";"154 666 346";"A01";"3";"7";"0";"1";"3";"1";"1";
"202000043188";"154 666 345";"A01";"1";"7";"16";"0";"0";"2";"1";
"202000043189";"154 666 343";"B01";"1";"1";"1";"0";"2";"1";"5";
"202000043189";"154 666 344";"A01";"1";"7";"0";"2";"8";"22";"1";
"202000043190";"154 666 341";"Z01";"2";"7";"0";"2";"1";"2";"1";
"202000043190";"154 666 342";"A01";"2";"33";"0";"2";"4";"2";"1";
"202000043191";"154 666 339";"A01";"1";"33";"0";"2";"7";"3";"1";
"202000043191";"154 666 340";"B01";"1";"15";"0";"2";"8";"1";"1";
"202000043192";"154 666 337";"B01";"2";"34";"0";"2";"1";"1";"1";
"202000043192";"154 666 338";"A01";"1";"1";"0";"2";"7";"10";"5";
"202000043193";"154 666 336";"A01";"1";"32";"0";"1";"1";"1";"1";
"202000043194";"154 666 334";"A01";"1";"7";"0";"2";"8";"22";"1";
"202000043194";"154 666 335";"B01";"1";"1";"0";"2";"1";"1";"5";
"202000043195";"154 666 332";"B01";"1";"7";"0";"2";"5";"23";"1";
"202000043195";"154 666 333";"A01";"1";"34";"0";"2";"3";"1";"1";
"202000043196";"154 666 330";"B01";"2";"7";"0";"2";"1";"1";"1";
"202000043196";"154 666 331";"A01";"2";"34";"0";"2";"1";"1";"1";
"202000043197";"154 666 328";"A01";"1";"7";"0";"2";"8";"9";"1";
"202000043197";"154 666 329";"B01";"1";"2";"0";"2";"1";"1";"1";
"202000043198";"154 666 326";"B01";"2";"10";"0";"2";"2";"16";"1";
"202000043198";"154 666 327";"A01";"2";"33";"0";"2";"3";"18";"1";
"202000043199";"154 666 324";"B01";"2";"1";"0";"2";"0";"13";"5";
"202000043199";"154 666 325";"A01";"2";"37";"0";"2";"0";"17";"1";"1"
"202000043200";"154 666 322";"B01";"3";"34";"0";"2";"1";"1";"1";
"202000043200";"154 666 323";"A01";"3";"1";"0";"2";"4";"19";"5";
"202000043201";"154 666 321";"A01";"3";"1";"12";"0";"7";"14";"5";
"202000043202";"154 666 319";"B01";"2";"7";"4";"2";"2";"1";"1";
"202000043202";"154 666 320";"A01";"1";"7";"4";"2";"3";"1";"1";
"202000043203";"154 666 317";"A01";"2";"7";"0";"2";"2";"16";"1";
"202000043203";"154 666 318";"B01";"2";"33";"0";"2";"3";"1";"1";
"202000043204";"154 666 316";"A01";"2";"30";"0";"2";"1";"1";"1";
"202000043205";"154 666 314";"B01";"2";"60";"0";"2";"1";"19";"5";
"202000043205";"154 666 315";"A01";"2";"7";"0";"2";"1";"1";"1";
"202000043206";"154 666 312";"B01";"2";"7";"0";"2";"5";"16";"1";
"202000043206";"154 666 313";"A01";"2";"32";"0";"2";"1";"1";"1";
"202000043207";"154 666 310";"A01";" -1";"7";"0";"2";"1";"1";"0";
"202000043207";"154 666 311";"B01";" -1";"7";"0";"2";"3";"9";"1";
"202000043208";"154 666 308";"B01";"2";"34";"0";"2";"7";"1";"1";
"202000043208";"154 666 309";"A01";"2";"7";"0";"2";"7";"10";"1";
"202000043209";"154 666 305";"C01";"2";"7";"12";"0";"1";"0";"1";
"202000043209";"154 666 306";"B01";"2";"7";"0";"2";"6";"0";"1";
"202000043209";"154 666 307";"A01";"1";"7";"0";"2";"1";"13";"0";
"202000043210";"154 666 303";"B01";"1";"7";"0";"2";"3";"9";"1";
"202000043210";"154 666 304";"A01";"1";"7";"0";"2";"5";"1";"1";
"202000043211";"154 666 301";"A01";"3";"7";"0";"2";"5";"15";"1";
"202000043211";"154 666 302";"B01";" -1";"7";"0";"2";"1";"1";"3";
"202000043212";"154 666 299";"B01";"2";"7";"0";"2";"7";"15";"1";
"202000043212";"154 666 300";"A01";"1";"34";"0";"2";"1";"1";"1";
"202000043213";"154 666 298";"A01";"2";"30";"0";"1";"1";"1";"1";
"202000043214";"154 666 296";"B01";"3";"2";"0";"2";"1";"1";"0";
"202000043214";"154 666 297";"A01";"3";"7";"0";"2";"2";"1";"2";
"202000043215";"154 666 295";"A01";"1";"7";"0";"1";"3";"1";"1";
"202000043216";"154 666 293";"Z01";"2";"7";"0";"2";"2";"16";"0";
"202000043216";"154 666 294";"A01";"2";"30";"0";"2";"1";"18";"1";
"202000043217";"154 666 292";"A01";"2";"33";"0";"0";"6";"1";"1";
"202000043218";"154 666 291";"A01";"1";"32";"0";"0";"0";"15";"1";
"202000043219";"154 666 290";"A01";"2";"7";"0";"1";"8";"26";"1";
"202000043220";"154 666 288";"B01";"0";"10";"0";"2";"2";"17";"0";
"202000043220";"154 666 289";"A01";"0";"33";"0";"2";"8";"26";"1";
"202000043221";"154 666 286";"B01";"1";"32";"0";"2";"2";"1";"1";
"202000043221";"154 666 287";"A01";"1";"7";"0";"2";"6";"11";"1";
"202000043222";"154 666 284";"B01";"2";"10";"0";"2";"8";"10";"0";
"202000043222";"154 666 285";"A01";"2";"10";"0";"2";"1";"2";"0";
"202000043223";"154 666 281";"A01";"2";"7";"0";"2";"1";"0";"1";
"202000043223";"154 666 282";"B01";"2";"1";"0";"2";"4";"1";"5";
"202000043223";"154 666 283";"C01";"2";"1";"0";"2";"4";"1";"5";
"202000043224";"154 666 280";"A01";"1";"7";"0";"0";"0";"13";"1";
"202000043225";"154 666 279";"A01";"1";"7";"14";"0";"1";"0";"1";
"202000043226";"154 666 278";"A01";"2";"7";"0";"1";"1";"1";"1";
"202000043227";"154 666 277";"A01";"3";"7";"15";"0";"3";"1";"1";
"202000043228";"154 666 276";"A01";"2";"7";"16";"0";"9";"13";"1";
"202000043229";"154 666 274";"B01";"2";"7";"7";"0";"4";"1";"1";
"202000043229";"154 666 275";"A01";"2";"7";"0";"2";"1";"2";"1";
"202000043230";"154 666 272";"B01";"1";"31";"0";"0";"4";"2";"1";
"202000043230";"154 666 273";"A01";"1";"33";"0";"2";"1";"2";"1";
"202000043231";"154 666 271";"A01";"0";"7";"2";"0";"1";"0";"1";
"202000043232";"154 666 269";"A01";"1";"7";"0";"2";"2";"17";"0";
"202000043232";"154 666 270";"B01";"1";"21";"0";"2";"6";"2";"0";
"202000043233";"154 666 267";"B01";"3";"1";"0";"2";"1";"1";"5";
"202000043233";"154 666 268";"A01";"3";"32";"0";"2";"1";"5";"1";
"202000043234";"154 666 265";"A01";"1";"7";"7";"0";"1";"14";"1";
"202000043235";"154 666 264";"A01";"1";"7";"0";"0";"7";"1";"1";
"202000043236";"154 666 263";"A01";"3";"7";"2";"0";"3";"16";"0";
"202000043237";"154 666 261";"B01";"3";"1";"0";"2";"1";"1";"5";
"202000043237";"154 666 262";"A01";"0";"7";"0";"2";"2";"26";"1";
"202000043238";"154 666 259";"A01";"2";"7";"0";"2";"3";"20";"0";
"202000043238";"154 666 260";"B01";"2";"33";"0";"2";"7";"1";"0";
"202000043239";"154 666 258";"A01";"2";"10";"16";"0";"0";"0";"1";
"202000043240";"154 666 256";"B01";"3";"7";"13";"2";"1";"1";"1";
"202000043240";"154 666 257";"A01";"3";"7";"13";"2";"7";"1";"6";
"202000043241";"154 666 251";"A01";"2";"7";"0";"2";"8";"13";"1";
"202000043241";"154 666 252";"B01";"1";"7";"0";"2";"3";"1";"1";
"202000043242";"154 666 248";"A01";"1";"7";"0";"2";"3";"13";"1";
"202000043242";"154 666 249";"B01";"2";"7";"0";"2";"1";"1";"1";
"202000043242";"154 666 250";"C01";"2";"7";"0";"2";"6";"1";"1";
"202000043243";"154 666 247";"A01";"1";"33";"0";"0";"7";"26";"1";
"202000043244";"154 666 246";"A01";"0";"33";"8";"0";"5";"1";"1";
"202000043245";"154 666 245";"A01";"3";"7";"12";"0";"1";"19";"1";
"202000043246";"154 666 242";"A01";"1";"31";"0";"2";"1";"13";"1";
"202000043246";"154 666 243";"B01";"2";"7";"0";"2";"1";"16";"1";
"202000043247";"154 666 241";"A01";"1";"2";"0";"0";"2";"16";"1";
"202000043248";"154 666 240";"A01";"3";"33";"0";"0";"8";"13";"1";
"202000043249";"154 666 239";"A01";"3";"7";"15";"0";"1";"1";"1";
"202000043250";"154 666 237";"B01";"1";"7";"0";"0";"3";"1";"1";
"202000043250";"154 666 238";"A01";"2";"2";"0";"2";"1";"13";"1";
"202000043251";"154 666 236";"A01";"1";"7";"13";"0";"1";"13";"1";
"202000043252";"154 666 234";"B01";"2";"7";"0";"0";"4";"1";"1";
"202000043252";"154 666 235";"A01";"2";"33";"0";"2";"1";"1";"1";
"202000043253";"154 666 232";"B01";"3";"7";"0";"9";"1";"1";"1";
"202000043253";"154 666 233";"A01";"3";"50";"0";"2";"1";"5";"3";
"202000043254";"154 666 231";"A01";"2";"7";"13";"0";"1";"14";"1";
"202000043255";"154 666 230";"A01";"2";"7";"2";"0";"1";"13";"1";
"202000043256";"154 666 229";"A01";"2";"33";"0";"0";"2";"0";"1";
"202000043257";"154 666 228";"A01";"2";"33";"0";"0";"0";"16";"1";
"202000043258";"154 666 227";"A01";"2";"7";"2";"0";"5";"1";"1";
"202000043259";"154 666 226";"A01";"2";"33";"3";"0";"0";"1";"1";
"202000043260";"154 666 224";"A01";"2";"7";"13";"0";"1";"1";"1";
"202000043261";"154 666 223";"A01";"2";"7";"8";"0";"7";"1";"1";
"202000043262";"154 666 222";"A01";"2";"7";"2";"0";"1";"1";"1";
"202000043263";"154 666 221";"A01";"2";"7";"1";"0";"2";"0";"1";
"202000043264";"154 666 220";"A01";"1";"7";"0";"1";"3";"9";"1";
"202000043265";"154 666 219";"A01";"3";"1";"14";"0";"1";"1";"5";
"202000043266";"154 666 217";"B01";"0";"7";"0";"2";"4";"1";"1";
"202000043266";"154 666 218";"A01";"0";"7";"0";"2";"1";"1";"1";
"202000043267";"154 666 215";"A01";"3";"33";"0";"2";"3";"1";"1";
"202000043267";"154 666 216";"B01";"3";"1";"0";"2";"3";"1";"5";
"202000043268";"154 666 213";"A01";"2";"7";"0";"2";"3";"15";"1";
"202000043268";"154 666 214";"B01";"1";"1";"0";"2";"3";"0";"5";
"202000043269";"154 666 211";"A01";"1";"7";"0";"0";"6";"17";"3";
"202000043269";"154 666 212";"B01";"1";"34";"0";"2";"1";"17";"1";
"202000043270";"154 666 210";"A01";"1";"7";"6";"0";"3";"16";"1";
"202000043271";"154 666 208";"A01";"1";"7";"0";"2";"3";"3";"6";
"202000043271";"154 666 209";"B01";"2";"7";"0";"2";"1";"2";"6";
"202000043272";"154 666 206";"A01";"3";"7";"0";"9";"3";"15";"1";
"202000043272";"154 666 207";"B01";"3";"1";"0";"2";"1";"1";"6";
"202000043273";"154 666 204";"A01";"1";"33";"0";"2";"1";"13";"1";
"202000043273";"154 666 205";"B01";"2";"7";"0";"2";"2";"1";"1";
"202000043274";"154 666 202";"B01";"2";"33";"0";"2";"3";"1";"1";
"202000043274";"154 666 203";"A01";"1";"7";"0";"2";"3";"13";"1";
"202000043275";"154 666 201";"A01";"2";"33";"13";"0";"7";"1";"1";
"202000043276";"154 666 199";"B01";"1";"7";"0";"2";"3";"1";"1";
"202000043276";"154 666 200";"A01";"2";"7";"0";"2";"3";"1";"1";
"202000043277";"154 666 198";"A01";"1";"7";"2";"0";"1";"1";"1";
"202000043278";"154 666 196";"B01";"1";"15";"0";"9";"3";"1";"1";
"202000043278";"154 666 197";"A01";"2";"33";"0";"2";"1";"13";"1";
"202000043279";"154 666 194";"A01";"1";"2";"0";"2";"1";"2";"0";
"202000043279";"154 666 195";"B01";"1";"7";"0";"2";"5";"2";"1";
"202000043280";"154 666 192";"A01";"3";"7";"0";"2";"7";"1";"0";
"202000043280";"154 666 193";"B01";"3";"1";"0";"2";"1";"15";"5";
"202000043281";"154 666 190";"A01";"2";"7";"0";"2";"1";"15";"1";
"202000043281";"154 666 191";"B01";"2";"7";"0";"2";"7";"1";"1";
"202000043282";"154 666 188";"A01";"2";"7";"0";"2";"1";"1";"1";
"202000043282";"154 666 189";"B01";"1";"7";"0";"2";"1";"15";"1";
"202000043283";"154 666 187";"A01";"2";"33";"8";"0";"1";"1";"1";
"202000043284";"154 666 186";"A01";"3";"10";"0";"1";"4";"4";"0";
"202000043285";"154 666 185";"A01";"1";"7";"13";"0";"8";"13";"1";
"202000043286";"154 666 184";"A01";"1";"33";"12";"0";"8";"16";"0";
"202000043287";"154 666 183";"A01";"1";"1";"0";"0";"0";"1";"5";
"202000043288";"154 666 182";"A01";"2";"2";"0";"0";"1";"0";"1";
"202000043289";"154 666 180";"B01";"2";"7";"0";"0";"0";"23";"1";
"202000043289";"154 666 181";"A01";"1";"35";"1";"0";"1";"1";"1";
"202000043290";"154 666 179";"A01";"1";"7";"0";"0";"1";"0";"1";
"202000043291";"154 666 177";"B01";"2";"7";"0";"2";"1";"1";"1";
"202000043291";"154 666 178";"A01";"2";"7";"0";"2";"5";"12";"1";
"202000043292";"154 666 175";"A01";"1";"7";"0";"2";"4";"1";"1";
"202000043292";"154 666 176";"B01";"1";"7";"0";"2";"1";"1";"1";
"202000043293";"154 666 173";"B01";"2";"17";"0";"2";"2";"0";"1";
"202000043293";"154 666 174";"A01";"2";"7";"0";"2";"8";"1";"1";
"202000043294";"154 666 171";"B01";"2";"7";"0";"2";"2";"2";"1";
"202000043294";"154 666 172";"A01";"2";"7";"0";"2";"6";"12";"1";
"202000043295";"154 666 169";"B01";"1";"33";"0";"2";"7";"3";"1";
"202000043295";"154 666 170";"A01";"1";"7";"0";"2";"6";"11";"1";
"202000043296";"154 666 166";"A01";"1";"10";"0";"2";"1";"2";"1";
"202000043296";"154 666 167";"B01";"1";"10";"0";"2";"4";"2";"1";
"202000043296";"154 666 168";"C01";"1";"7";"0";"2";"4";"2";"1";
"202000043297";"154 666 164";"B01";"2";"7";"0";"2";"4";"2";"1";
"202000043297";"154 666 165";"A01";"2";"10";"0";"2";"1";"2";"1";
"202000043298";"154 666 160";"A01";"1";"7";"0";"2";"1";"2";"1";
"202000043298";"154 666 161";"B01";"1";"7";"0";"2";"6";"2";"0";
"202000043298";"154 666 162";"C01";"1";"10";"0";"2";"2";"2";"1";
"202000043298";"154 666 163";"D01";"1";"10";"0";"2";"6";"1";"1";
"202000043299";"154 666 157";"B01";"1";"7";"0";"2";"1";"2";"1";
"202000043299";"154 666 158";"A01";"1";"7";"0";"2";"1";"1";"1";
"202000043299";"154 666 159";"C01";"0";"7";"0";"2";"1";"2";"0";
"202000043300";"154 666 156";"A01";"2";"7";"0";"0";"0";"26";"1";
"202000043301";"154 666 154";"A01";"3";"7";"0";"2";"5";"15";"1";
"202000043301";"154 666 155";"B01";"3";"2";"0";"2";"3";"1";"1";
"202000043302";"154 666 153";"A01";"1";"50";"0";"0";"0";"21";"3";
"202000043303";"154 666 151";"A01";"2";"7";"0";"2";"1";"9";"1";
"202000043303";"154 666 152";"B01";"2";"33";"0";"2";"7";"2";"1";
"202000043304";"154 666 150";"A01";"0";"7";"0";"1";"8";"16";"1";
"202000043305";"154 666 147";"A01";"1";"33";"0";"2";"1";"1";"1";
"202000043305";"154 666 148";"C01";"1";"37";"0";"2";"1";"1";"1";"1"
"202000043305";"154 666 149";"B01";"1";"37";"0";"2";"5";"9";"1";"1"
"202000043306";"154 666 144";"A01";"1";"7";"0";"2";"1";"2";"1";
"202000043306";"154 666 145";"B01";"1";"7";"0";"2";"1";"0";"3";
"202000043306";"154 666 146";"C01";"1";"7";"0";"2";"4";"0";"1";
"202000043307";"154 666 142";"B01";" -1";"33";"0";"2";"7";"1";"1";
"202000043307";"154 666 143";"A01";" -1";"15";"0";"2";"6";"16";"1";
"202000043308";"154 666 140";"B01";"1";"7";"0";"2";"3";"0";"0";
"202000043308";"154 666 141";"A01";"1";"31";"0";"2";"1";"1";"0";
"202000043309";"154 666 138";"B01";"2";"10";"0";"2";"2";"0";"0";
"202000043309";"154 666 139";"A01";"1";"10";"0";"2";"3";"16";"6";
"202000043310";"154 666 136";"A01";"2";"7";"0";"2";"8";"19";"1";
"202000043310";"154 666 137";"B01";"2";"34";"0";"2";"1";"1";"1";
"202000043311";"154 666 134";"A01";"1";"10";"0";"2";"3";"15";"1";
"202000043311";"154 666 135";"B01";"2";"1";"0";"2";"1";"1";"5";
"202000043312";"154 666 132";"A01";"1";"7";"0";"2";"1";"2";"1";
"202000043312";"154 666 133";"B01";"1";"7";"0";"2";"4";"23";"1";
"202000043313";"154 666 130";"A01";"1";"14";"0";"2";"1";"2";"1";
"202000043313";"154 666 131";"B01";"1";"7";"0";"0";"4";"16";"1";
"202000043314";"154 666 128";"A01";"1";"7";"0";"2";"3";"9";"1";
"202000043314";"154 666 129";"B01";"1";"1";"0";"2";"1";"1";"5";
"202000043315";"154 666 127";"A01";"2";"7";"0";"0";"0";"1";"1";
"202000043316";"154 666 123";"B01";"1";"10";"0";"0";"4";"2";"1";
"202000043316";"154 666 124";"A01";"1";"32";"0";"2";"1";"2";"1";
"202000043317";"154 666 121";"B01";"2";"15";"0";"2";"3";"1";"1";
"202000043317";"154 666 122";"A01";"1";"10";"0";"2";"3";"1";"1";
"202000043318";"154 666 119";"B01";"1";"2";"0";"2";"1";"1";"1";
"202000043318";"154 666 120";"A01";"1";"7";"0";"2";"2";"1";"1";
"202000043319";"154 666 117";"B01";"1";"21";"0";"2";"3";"1";"1";
"202000043319";"154 666 118";"A01";"2";"31";"0";"2";"1";"17";"1";
"202000043320";"154 666 114";"A01";"2";"7";"0";"2";"3";"5";"1";
"202000043320";"154 666 115";"B01";"2";"7";"0";"2";"2";"0";"1";
"202000043320";"154 666 116";"C01";"1";"17";"7";"2";"3";"21";"0";
"202000043321";"154 666 112";"A01";"2";"7";"0";"2";"3";"15";"1";
"202000043321";"154 666 113";"B01";"1";"1";"0";"0";"1";"1";"5";
"202000043322";"154 666 110";"B01";"0";"10";"0";"2";"3";"15";"0";
"202000043322";"154 666 111";"A01";"1";"33";"0";"2";"1";"1";"1";
"202000043323";"154 666 108";"A01";"2";"7";"0";"2";"3";"13";"1";
"202000043323";"154 666 109";"B01";"1";"21";"0";"2";"3";"1";"1";
"202000043324";"154 666 107";"A01";"2";"33";"0";"6";"1";"1";"1";
"202000043325";"154 666 105";"A01";"3";"7";"0";"9";"7";"16";"1";
"202000043325";"154 666 106";"B01";"3";"1";"0";"2";"2";"1";"5";
"202000043326";"154 666 104";"A01";"2";"2";"1";"0";"1";"1";"1";
"202000043327";"154 666 102";"B01";"1";"7";"7";"2";"2";"15";"1";
"202000043327";"154 666 103";"A01";"2";"7";"0";"2";"1";"1";"1";
"202000043328";"154 666 101";"A01";"2";"7";"12";"0";"1";"1";"1";
"202000043329";"154 666 100";"A01";"2";"7";"15";"0";"2";"1";"1";
"202000043330";"154 666 098";"A01";"1";"7";"0";"2";"3";"2";"1";
"202000043330";"154 666 099";"B01";"1";"1";"0";"2";"4";"2";"5";
"202000043331";"154 666 096";"B01";"3";"31";"0";"2";"2";"17";"1";
"202000043331";"154 666 097";"A01";"0";"7";"0";"2";"8";"15";"1";
"202000043332";"154 666 095";"A01";"2";"7";"2";"0";"1";"0";"1";
"202000043333";"154 666 094";"A01";"1";"33";"0";"9";"1";"6";"1";
"202000043334";"154 666 091";"C01";"1";"15";"0";"2";"6";"2";"1";
"202000043334";"154 666 092";"B01";"2";"7";"0";"2";"3";"1";"1";
"202000043334";"154 666 093";"A01";"1";"7";"0";"2";"3";"5";"1";
"202000043335";"154 666 089";"A01";"1";"7";"0";"2";"3";"13";"1";
"202000043335";"154 666 090";"B01";"2";"7";"0";"2";"3";"1";"1";
"202000043336";"154 666 088";"A01";"2";"7";"0";"1";"6";"1";"1";
"202000043337";"154 666 087";"A01";"1";"7";"0";"1";"2";"1";"0";
"202000043338";"154 666 083";"A01";"2";"10";"0";"2";"3";"9";"1";
"202000043338";"154 666 084";"B01";"2";"1";"0";"2";"1";"1";"5";
"202000043339";"154 666 082";"A01";"2";"33";"6";"0";"1";"0";"1";
"202000043340";"154 666 080";"A01";"1";"7";"0";"2";"3";"17";"1";
"202000043340";"154 666 081";"B01";"1";"7";"0";"0";"6";"15";"1";
"202000043341";"154 666 078";"B01";"2";"10";"0";"9";"2";"1";"1";
"202000043341";"154 666 079";"A01";"3";"1";"0";"2";"8";"15";"5";
"202000043342";"154 666 076";"B01";"1";"33";"0";"2";"3";"13";"1";
"202000043342";"154 666 077";"A01";"2";"21";"0";"2";"8";"0";"1";
"202000043343";"154 666 074";"A01";"1";"7";"0";"9";"7";"17";"1";
"202000043343";"154 666 075";"B01";"1";"1";"0";"0";"4";"1";"5";
"202000043344";"154 666 072";"B01";"1";"7";"0";"2";"2";"1";"1";
"202000043344";"154 666 073";"A01";"2";"3";"0";"2";"2";"5";"1";
"202000043345";"154 666 070";"B01";"2";"7";"5";"0";"4";"2";"1";
"202000043345";"154 666 071";"A01";"2";"33";"0";"2";"1";"2";"1";
"202000043346";"154 666 069";"A01";"1";"7";"6";"0";"3";"1";"1";
"202000043347";"154 666 067";"B01";"2";"7";"0";"0";"4";"23";"0";
"202000043347";"154 666 068";"A01";"2";"7";"0";"2";"1";"1";"1";
"202000043348";"154 666 065";"B01";"2";"33";"0";"2";"1";"17";"1";
"202000043348";"154 666 066";"A01";"2";"7";"0";"2";"8";"10";"1";