"Num_Acc";"id_vehicule";"num_veh";"senc";"catv";"obs";"obsm";"choc";"manv";"motor";"occutc"
"202000043554";"154 665 703";"A01";"2";"33";"0";"2";"5";"13";"1";
"202000043555";"154 665 701";"A01";"1";"7";"0";"1";"3";"1";"1";
"202000043556";"154 665 699";"B01";"3";"7";"0";"2";"3";"1";"1";
"202000043556";"154 665 700";"A01";"3";"7";"0";"2";"3";"1";"1";
"202000043557";"154 665 697";"B01";"2";"7";"0";"2";"3";"2";"0";
"202000043557";"154 665 698";"A01";"2";"7";"0";"2";"1";"13";"0";
"202000043558";"154 665 696";"A01";"2";"33";"0";"0";"0";"1";"1";
"202000043559";"154 665 695";"A01";"1";"7";"2";"0";"1";"1";"1";
"202000043560";"154 665 692";"A01";"1";"7";"0";"0";"4";"1";"1";
"202000043560";"154 665 693";"B01";"1";"10";"0";"2";"4";"2";"1";
"202000043560";"154 665 694";"C01";"1";"10";"0";"2";"1";"2";"1";
"202000043561";"154 665 690";"A01";"1";"7";"0";"2";"2";"15";"1";
"202000043561";"154 665 691";"B01";"2";"33";"0";"2";"1";"0";"1";
"202000043562";"154 665 689";"A01";"2";"7";"0";"1";"3";"1";"1";
"202000043563";"154 665 687";"B01";"1";"7";"0";"0";"4";"2";"1";
"202000043563";"154 665 688";"A01";"1";"15";"0";"2";"3";"2";"1";
"202000043564";"154 665 685";"B01";"2";"7";"0";"0";"2";"1";"1";
"202000043564";"154 665 686";"A01";"2";"7";"0";"0";"4";"12";"0";
"202000043565";"154 665 684";"A01";"2";"10";"2";"0";"3";"13";"1";
"202000043566";"154 665 682";"B01";"1";"2";"0";"2";"1";"0";"1";
"202000043566";"154 665 683";"A01";"1";"7";"0";"2";"7";"15";"1";
"202000043567";"154 665 681";"A01";"1";"7";"0";"1";"7";"1";"1";
"202000043568";"154 665 677";"A01";"3";"7";"0";"2";"1";"1";"1";
"202000043568";"154 665 678";"B01";"3";"2";"0";"2";"8";"1";"1";
"202000043569";"154 665 675";"A01";"2";"7";"16";"2";"0";"5";"1";
"202000043569";"154 665 676";"B01";"1";"33";"0";"2";"8";"17";"1";
"202000043570";"154 665 673";"B01";"1";"7";"0";"2";"3";"1";"1";
"202000043570";"154 665 674";"A01";"2";"10";"4";"2";"3";"13";"1";
"202000043571";"154 665 672";"A01";"2";"14";"13";"0";"2";"1";"1";
"202000043572";"154 665 670";"A01";"3";"7";"0";"9";"3";"1";"1";
"202000043572";"154 665 671";"B01";"3";"1";"0";"2";"1";"13";"5";
"202000043573";"154 665 667";"A01";"1";"80";"0";"0";"0";"1";"3";
"202000043574";"154 665 666";"A01";"1";"7";"6";"0";"1";"13";"1";
"202000043575";"154 665 664";"A01";"1";"7";"0";"2";"1";"13";"1";
"202000043575";"154 665 665";"B01";"2";"7";"0";"2";"1";"1";"1";
"202000043576";"154 665 663";"A01";"3";"33";"0";"0";"0";"0";"1";
"202000043577";"154 665 661";"A01";"3";"7";"0";"9";"3";"1";"0";
"202000043577";"154 665 662";"B01";"3";"1";"0";"2";"8";"15";"6";
"202000043578";"154 665 660";"A01";"1";"7";"4";"0";"2";"14";"1";
"202000043579";"154 665 658";"B01";"1";"7";"3";"2";"5";"12";"1";
"202000043579";"154 665 659";"A01";"2";"33";"0";"2";"3";"11";"1";
"202000043580";"154 665 656";"B01";"2";"15";"0";"0";"0";"0";"1";
"202000043580";"154 665 657";"A01";"2";"7";"0";"2";"0";"9";"1";
"202000043581";"154 665 653";"A01";"1";"15";"0";"2";"1";"2";"1";
"202000043581";"154 665 654";"B01";"1";"7";"0";"2";"4";"1";"1";
"202000043581";"154 665 655";"C01";"1";"7";"0";"2";"4";"2";"1";
"202000043582";"154 665 651";"A01";"1";"7";"0";"2";"2";"12";"1";
"202000043582";"154 665 652";"B01";"1";"33";"0";"2";"1";"3";"1";
"202000043583";"154 665 648";"C01";"2";"10";"0";"2";"5";"2";"1";
"202000043583";"154 665 649";"B01";"2";"7";"0";"2";"9";"2";"1";
"202000043583";"154 665 650";"A01";"2";"7";"0";"2";"1";"1";"1";
"202000043584";"154 665 646";"B01";"1";"7";"0";"2";"0";"0";"1";
"202000043584";"154 665 647";"A01";"1";"7";"0";"2";"1";"11";"1";
"202000043585";"154 665 643";"C01";"2";"10";"0";"2";"6";"2";"1";
"202000043585";"154 665 644";"B01";"2";"7";"0";"2";"4";"2";"2";
"202000043585";"154 665 645";"A01";"2";"7";"0";"2";"4";"1";"1";
"202000043586";"154 665 641";"B01";"2";"10";"0";"2";"3";"1";"1";
"202000043586";"154 665 642";"A01";"2";"7";"0";"2";"2";"12";"1";
"202000043587";"154 665 638";"A01";"1";"7";"12";"0";"1";"15";"1";
"202000043588";"154 665 636";"A01";"1";"7";"0";"2";"8";"15";"1";
"202000043588";"154 665 637";"B01";"1";"2";"0";"2";"1";"13";"1";
"202000043589";"154 665 635";"A01";"3";"7";"0";"1";"2";"0";"1";
"202000043590";"154 665 633";"A01";"3";"7";"0";"2";"2";"9";"1";
"202000043590";"154 665 634";"B01";"3";"33";"0";"2";"8";"0";"1";
"202000043591";"154 665 631";"B01";"1";"7";"4";"0";"3";"16";"1";
"202000043591";"154 665 632";"A01";"1";"7";"4";"0";"3";"13";"1";
"202000043592";"154 665 629";"B01";"0";"2";"0";"2";"7";"17";"0";
"202000043592";"154 665 630";"A01";"0";"7";"0";"2";"8";"15";"1";
"202000043593";"154 665 626";"A01";"1";"10";"0";"2";"7";"1";"1";
"202000043593";"154 665 627";"C01";"3";"7";"0";"2";"8";"0";"1";
"202000043593";"154 665 628";"B01";"2";"7";"0";"2";"3";"4";"1";
"202000043594";"154 665 624";"B01";"3";"7";"0";"2";"2";"23";"1";
"202000043594";"154 665 625";"A01";"3";"30";"8";"2";"4";"1";"1";
"202000043595";"154 665 622";"A01";"1";"33";"0";"2";"1";"17";"1";
"202000043595";"154 665 623";"B01";"1";"7";"0";"2";"1";"1";"1";
"202000043596";"154 665 620";"B01";"2";"1";"0";"2";"1";"1";"5";
"202000043596";"154 665 621";"A01";"1";"7";"0";"2";"2";"15";"1";
"202000043597";"154 665 619";"A01";"3";"7";"8";"0";"0";"26";"0";
"202000043598";"154 665 616";"C01";"2";"7";"1";"2";"3";"24";"1";
"202000043598";"154 665 617";"B01";"2";"7";"1";"2";"4";"2";"1";
"202000043598";"154 665 618";"A01";"2";"7";"0";"2";"1";"2";"1";
"202000043599";"154 665 614";"A01";"3";"30";"0";"2";"1";"5";" -1";
"202000043599";"154 665 615";"B01";"3";"30";"0";"2";"1";"1";" -1";
"202000043600";"154 665 613";"A01";"1";"7";"1";"0";"3";"26";"0";
"202000043601";"154 665 611";"B01";"3";"7";"0";"2";"1";"1";"0";
"202000043601";"154 665 612";"A01";"2";"7";"0";"2";"7";"1";"0";
"202000043602";"154 665 609";"B01";"1";"7";"0";"2";"4";"2";"1";
"202000043602";"154 665 610";"A01";"1";"37";"0";"2";"1";"2";"1";"1"
"202000043603";"154 665 608";"A01";"1";"7";"0";"1";"2";"1";"1";
"202000043604";"154 665 606";"B01";"1";"37";"0";"2";"4";"24";"1";"2"
"202000043604";"154 665 607";"A01";"1";"7";"1";"0";"1";"2";"0";
"202000043605";"154 665 604";"B01";"1";"7";"0";"2";"3";"15";"1";
"202000043605";"154 665 605";"A01";"1";"7";"0";"2";"2";"1";"1";
"202000043606";"154 665 603";"A01";"1";"7";"0";"1";"2";"1";"1";
"202000043607";"154 665 601";"B01";"1";"1";"0";"2";"8";"19";"5";
"202000043607";"154 665 602";"A01";"1";"7";"0";"2";"2";"1";"1";
"202000043608";"154 665 600";"A01";"1";"7";"9";"0";"1";"16";"1";
"202000043609";"154 665 599";"A01";"2";"10";"0";"1";"1";"1";"1";
"202000043610";"154 665 596";"A01";"1";"7";"0";"1";"2";"1";"1";
"202000043611";"154 665 595";"A01";"3";"7";"13";"0";"0";"26";"1";
"202000043612";"154 665 593";"B01";"1";"1";"0";"2";"1";"0";"5";
"202000043612";"154 665 594";"A01";"2";"1";"0";"2";"1";"26";"5";
"202000043613";"154 665 591";"A01";"0";"2";"0";"2";"1";"1";"1";
"202000043613";"154 665 592";"B01";"0";"7";"0";"2";"1";"15";"1";
"202000043614";"154 665 588";"C01";"2";"7";"0";"2";"4";"2";"1";
"202000043614";"154 665 589";"B01";"2";"7";"0";"2";"4";"2";"1";
"202000043614";"154 665 590";"A01";"2";"7";"0";"2";"1";"2";"1";
"202000043615";"154 665 585";"A01";"3";"7";"0";"2";"1";"2";"1";
"202000043615";"154 665 586";"B01";"3";"7";"0";"2";"4";"2";"1";
"202000043616";"154 665 584";"A01";"3";"7";"10";"0";"1";"1";"1";
"202000043617";"154 665 583";"Z01";"3";"7";"0";"1";"1";"1";"0";
"202000043618";"154 665 582";"A01";"3";"2";"0";"0";"0";"26";"1";
"202000043619";"154 665 581";"A01";"3";"2";"0";"0";"0";"0";"1";
"202000043620";"154 665 579";"B01";"2";"1";"0";"2";"7";"1";"5";
"202000043620";"154 665 580";"A01";"1";"7";"0";"9";"2";"1";"0";
"202000043621";"154 665 577";"B01";"2";"7";"0";"2";"1";"1";"1";
"202000043621";"154 665 578";"A01";"1";"33";"0";"2";"1";"1";"1";
"202000043622";"154 665 576";"A01";"3";"7";"2";"0";"8";"1";"1";
"202000043623";"154 665 575";"A01";"1";"37";"0";"1";"7";"1";"4";"1"
"202000043624";"154 665 573";"B01";"1";"33";"0";"2";"1";"26";"1";
"202000043624";"154 665 574";"A01";"2";"7";"0";"2";"5";"15";"1";
"202000043625";"154 665 572";"A01";"1";"7";"13";"0";"1";"14";"1";
"202000043626";"154 665 571";"A01";"3";"10";"0";"1";"4";"4";"1";
"202000043627";"154 665 570";"A01";"2";"7";"0";"1";"3";"1";"1";
"202000043628";"154 665 569";"A01";"0";"7";"15";"0";"1";"15";"1";
"202000043629";"154 665 567";"B01";"0";"31";"0";"2";"1";"1";"1";
"202000043629";"154 665 568";"A01";"0";"7";"0";"2";"3";"9";"1";
"202000043630";"154 665 565";"B01";"1";"99";"0";"2";"7";"0";"3";
"202000043630";"154 665 566";"A01";"1";"7";"0";"9";"3";"0";"1";
"202000043631";"154 665 563";"B01";"2";"7";"0";"2";"2";"1";"1";
"202000043631";"154 665 564";"A01";"1";"7";"0";"2";"1";"17";"1";
"202000043632";"154 665 561";"B01";"3";"2";"0";"2";"8";"21";"1";
"202000043632";"154 665 562";"A01";"3";"7";"0";"0";"0";"20";"1";
"202000043633";"154 665 559";"A01";"2";"10";"0";"2";"2";"1";"1";
"202000043633";"154 665 560";"B01";"3";"7";"0";"1";"3";"16";"1";
"202000043634";"154 665 557";"A01";"3";"10";"0";"2";"1";"1";"1";
"202000043634";"154 665 558";"B01";"3";"37";"0";"2";"4";"23";"1";"2"
"202000043635";"154 665 555";"A01";"3";"30";"0";"2";"3";"19";"1";
"202000043635";"154 665 556";"B01";"1";"7";"0";"2";"2";"26";"1";
"202000043636";"154 665 553";"B01";"2";"10";"0";"2";"4";"23";"1";
"202000043636";"154 665 554";"A01";"2";"43";"0";"2";"1";"1";"1";
"202000043637";"154 665 552";"A01";"1";"7";"4";"0";"1";"13";"1";
"202000043638";"154 665 551";"A01";"1";"10";"1";"1";"6";"13";"1";
"202000043639";"154 665 549";"B01";"1";"30";"0";"2";"1";"1";"1";
"202000043639";"154 665 550";"A01";"1";"7";"0";"2";"7";"1";"1";
"202000043640";"154 665 547";"A01";"2";"43";"0";"2";"8";"18";"1";
"202000043640";"154 665 548";"B01";"2";"10";"0";"2";"2";"16";"1";
"202000043641";"154 665 545";"A01";"1";"10";"0";"2";"0";"11";"1";
"202000043641";"154 665 546";"B01";"1";"1";"0";"2";"0";"17";"5";
"202000043642";"154 665 543";"A01";"1";"33";"0";"2";"4";"11";"1";
"202000043642";"154 665 544";"B01";"1";"7";"0";"2";"2";"1";"3";
"202000043643";"154 665 542";"Z01";"3";"43";"0";"1";"1";"1";"0";
"202000043644";"154 665 541";"Z01";"2";"50";"0";"1";"7";"25";"3";
"202000043645";"154 665 539";"B01";"2";"43";"0";"2";"1";"1";"1";
"202000043645";"154 665 540";"A01";"1";"10";"0";"2";"3";"10";"1";
"202000043646";"154 665 537";"A01";"1";"34";"0";"2";"1";"2";"1";
"202000043646";"154 665 538";"Z01";"1";"10";"0";"2";"0";"1";"1";
"202000043647";"154 665 536";"A01";"3";"1";"0";"1";"3";"1";"5";
"202000043648";"154 665 535";"A01";"3";"7";"0";"1";"1";"1";"1";
"202000043649";"154 665 534";"A01";"1";"7";"0";"1";"1";"15";"1";
"202000043650";"154 665 532";"A01";"2";"10";"0";"2";"5";"22";"3";
"202000043650";"154 665 533";"B01";"2";"33";"0";"2";"1";"9";"1";
"202000043651";"154 665 531";"Z01";"0";"0";"0";"1";"0";"26";"0";
"202000043652";"154 665 529";"B01";"2";"7";"0";"2";"1";"9";"1";
"202000043652";"154 665 530";"A01";"2";"50";"0";"2";"7";"25";"3";
"202000043653";"154 665 528";"A01";"2";"10";"0";"1";"7";"1";"1";
"202000043654";"154 665 527";"A01";"2";"7";"0";"1";"1";"26";"1";
"202000043655";"154 665 525";"T01";"1";"33";"0";"0";"0";"0";"0";
"202000043655";"154 665 526";"A01";"1";"30";"14";"0";"0";"1";"1";
"202000043656";"154 665 524";"A01";"0";"10";"6";"0";"1";"1";"0";
"202000043657";"154 665 523";"A01";"2";"10";"0";"1";"2";"1";"1";
"202000043658";"154 665 521";"A01";"2";"7";"12";"2";"3";"19";"0";
"202000043658";"154 665 522";"B01";"2";"10";"0";"2";"1";"0";"0";
"202000043659";"154 665 520";"A01";"0";"32";"0";"1";"1";"21";"1";
"202000043660";"154 665 519";"A01";"2";"34";"0";"1";"0";"16";"1";
"202000043661";"154 665 517";"B01";"0";"7";"0";"0";"3";"1";"0";
"202000043661";"154 665 518";"A01";"0";"10";"0";"2";"1";"19";"0";
"202000043662";"154 665 515";"A01";"2";"7";"0";"2";"7";"4";"1";
"202000043662";"154 665 516";"B01";"2";"30";"0";"2";"1";"1";"0";
"202000043663";"154 665 512";"A01";"1";"50";"0";"2";"8";"1";"3";
"202000043663";"154 665 513";"B01";"1";"7";"0";"2";"5";"16";"1";
"202000043664";"154 665 510";"A01";"1";"7";"0";"2";"2";"16";"0";
"202000043664";"154 665 511";"B01";"1";"1";"0";"2";"1";"26";"5";
"202000043665";"154 665 508";"A01";"2";"7";"0";"2";"3";"15";"1";
"202000043665";"154 665 509";"B01";"2";"33";"0";"1";"8";"1";"1";
"202000043666";"154 665 506";"A01";"1";"10";"1";"9";"3";"0";"1";
"202000043666";"154 665 507";"B01";"1";"80";"0";"9";"7";"2";"3";
"202000043667";"154 665 505";"A01";"2";"7";"6";"0";"0";"1";"1";
"202000043668";"154 665 503";"B01";"2";"10";"0";"2";"1";"1";"1";
"202000043668";"154 665 504";"A01";"1";"7";"0";"2";"1";"5";"1";
"202000043669";"154 665 501";"B01";"3";"7";"0";"2";"3";"1";"1";
"202000043669";"154 665 502";"A01";"3";"7";"0";"2";"3";"13";"1";
"202000043670";"154 665 499";"B01";"2";"2";"16";"0";"0";"1";"1";
"202000043670";"154 665 500";"A01";"2";"17";"0";"0";"0";"17";"1";
"202000043671";"154 665 498";"A01";"0";"7";"15";"0";"0";"1";"1";
"202000043672";"154 665 497";"A01";"2";"7";"16";"0";"9";"1";"1";
"202000043673";"154 665 494";"C01";"1";"7";"0";"0";"1";"23";"1";
"202000043673";"154 665 495";"B01";"2";"7";"0";"2";"5";"15";"1";
"202000043673";"154 665 496";"A01";"1";"7";"0";"2";"3";"1";"1";
"202000043674";"154 665 492";"A01";"1";"7";"0";"2";"1";"15";"1";
"202000043674";"154 665 493";"B01";"2";"2";"0";"2";"1";"1";"1";
"202000043675";"154 665 490";"A01";"0";"30";"0";"2";"7";"1";"1";
"202000043675";"154 665 491";"B01";"0";"21";"0";"2";"8";"1";"1";
"202000043676";"154 665 489";"A01";"1";"14";"15";"0";"1";"1";"1";
"202000043677";"154 665 488";"A01";"1";"7";"0";"1";"7";"17";"1";
"202000043678";"154 665 486";"A01";"1";"10";"0";"2";"8";"11";"0";
"202000043678";"154 665 487";"B01";"1";"33";"0";"2";"7";"17";"1";
"202000043679";"154 665 484";"B01";"2";"7";"4";"0";"6";"2";"1";
"202000043679";"154 665 485";"A01";"2";"15";"0";"2";"2";"12";"1";
"202000043680";"154 665 483";"A01";"2";"7";"6";"0";"1";"13";"1";
"202000043681";"154 665 481";"A01";"1";"7";"0";"2";"3";"15";"1";
"202000043681";"154 665 482";"B01";"2";"80";"0";"2";"8";"21";"3";
"202000043682";"154 665 480";"A01";"3";"7";"0";"1";"6";"4";"1";
"202000043683";"154 665 478";"B01";"2";"7";"0";"2";"1";"1";"1";
"202000043683";"154 665 479";"A01";"1";"7";"0";"2";"1";"13";"1";
"202000043684";"154 665 476";"A01";"0";"7";"0";"1";"4";"4";"1";
"202000043685";"154 665 475";"A01";"1";"14";"0";"0";"0";"0";"1";
"202000043686";"154 665 472";"A01";"2";"7";"0";"2";"1";"13";"1";
"202000043686";"154 665 473";"B01";"1";"15";"0";"2";"1";"21";"1";
"202000043686";"154 665 474";"C01";"2";"7";"0";"2";"1";"1";"1";
"202000043687";"154 665 471";"A01";"1";"31";"0";"0";"5";"1";"1";
"202000043688";"154 665 469";"B01";"3";"7";"0";"2";"0";"26";"1";
"202000043688";"154 665 470";"A01";"0";"1";"0";"2";"0";"0";"5";
"202000043689";"154 665 467";"B01";"3";"1";"0";"2";"1";"1";"0";
"202000043689";"154 665 468";"A01";"0";"7";"0";"2";"0";"0";"0";
"202000043690";"154 665 465";"A01";"1";"7";"0";"2";"2";"1";"1";
"202000043690";"154 665 466";"B01";"1";"7";"0";"2";"3";"19";"1";
"202000043691";"154 665 464";"A01";"1";"33";"0";"0";"9";"1";"1";
"202000043692";"154 665 462";"A01";"1";"7";"0";"2";"7";"15";"1";
"202000043692";"154 665 463";"B01";"1";"7";"0";"2";"1";"1";"1";
"202000043693";"154 665 461";"A01";"2";"7";"0";"0";"1";"17";"1";
"202000043694";"154 665 459";"B01";"0";"2";"0";"2";"1";"17";"1";
"202000043694";"154 665 460";"A01";"0";"7";"0";"2";"1";"1";"1";
"202000043695";"154 665 458";"A01";"2";"7";"1";"0";"2";"26";"1";
"202000043696";"154 665 456";"A01";"3";"7";"0";"2";"8";"26";"1";
"202000043696";"154 665 457";"B01";"1";"7";"0";"2";"1";"1";"1";
"202000043697";"154 665 455";"Z01";"2";"7";"0";"1";"2";"1";"1";
"202000043698";"154 665 454";"A01";"0";"7";"0";"1";"1";"1";"1";
"202000043699";"154 665 452";"B01";"1";"7";"0";"2";"4";"2";"1";
"202000043699";"154 665 453";"A01";"1";"2";"0";"2";"1";"2";"1";
"202000043700";"154 665 450";"A01";"0";"7";"0";"2";"7";"1";"1";
"202000043700";"154 665 451";"B01";"2";"2";"0";"2";"8";"1";"1";
"202000043701";"154 665 446";"A01";"1";"7";"0";"2";"1";"2";"1";
"202000043701";"154 665 447";"B01";"1";"7";"0";"2";"5";"23";"1";
"202000043701";"154 665 448";"C01";"1";"7";"0";"2";"1";"23";"1";
"202000043701";"154 665 449";"D01";"1";"7";"0";"2";"4";"23";"1";
"202000043702";"154 665 443";"A01";"1";"7";"0";"2";"1";"13";"1";
"202000043702";"154 665 444";"B01";"2";"7";"0";"2";"1";"1";"1";
"202000043702";"154 665 445";"C01";"1";"7";"0";"2";"1";"1";"1";
"202000043703";"154 665 441";"A01";"3";"7";"0";"2";"7";"15";"1";
"202000043703";"154 665 442";"B01";"3";"30";"0";"2";"1";"1";"1";
"202000043704";"154 665 439";"A01";"1";"7";"0";"2";"0";"1";" -1";
"202000043704";"154 665 440";"B01";"1";"2";"0";"2";"0";"1";" -1";
"202000043705";"154 665 438";"A01";"1";"7";"0";"1";"1";"1";"1";
"202000043706";"154 665 436";"B01";"1";"7";"0";"2";"4";"2";"1";
"202000043706";"154 665 437";"A01";"1";"7";"0";"2";"4";"2";"1";
"202000043707";"154 665 435";"A01";"2";"30";"0";"0";"2";"21";"1";
"202000043708";"154 665 433";"A01";"2";"7";"0";"2";"4";"23";"1";
"202000043708";"154 665 434";"B01";"2";"7";"0";"2";"1";"1";"1";
"202000043709";"154 665 432";"A01";"1";"2";"0";"2";"0";"1";"1";
"202000043710";"154 665 430";"B01";"2";"7";"0";"2";"4";"2";"1";
"202000043710";"154 665 431";"A01";"2";"1";"0";"2";"1";"2";"5";
"202000043711";"154 665 428";"B01";"1";"7";"0";"0";"4";"1";" -1";
"202000043711";"154 665 429";"A01";"1";"7";"0";"2";"1";"1";"0";
"202000043712";"154 665 425";"B01";"2";"10";"0";"2";"3";"1";"0";
"202000043712";"154 665 426";"A01";"1";"10";"0";"2";"1";"19";"0";
"202000043713";"154 665 424";"A01";"3";"7";"0";"1";"4";"26";"1";
"202000043714";"154 665 422";"B01";"3";"2";"0";"2";"0";"15";"1";
"202000043714";"154 665 423";"A01";"1";"7";"0";"2";"0";"1";"1";
"202000043715";"154 665 421";"A01";"1";"7";"0";"1";"1";"1";"1";
"202000043716";"154 665 419";"B01";"1";"7";"0";"2";"2";"15";"1";
"202000043716";"154 665 420";"A01";"2";"7";"0";"2";"1";"1";"1";
"202000043717";"154 665 415";"B01";"0";"7";"0";"2";"6";"1";"1";
"202000043717";"154 665 416";"A01";"0";"7";"0";"2";"1";"13";"1";
"202000043717";"154 665 417";"C01";"0";"7";"0";"2";"6";"1";"1";
"202000043717";"154 665 418";"D01";"0";"7";"0";"2";"1";"1";"1";
"202000043718";"154 665 413";"A01";"3";"7";"0";"2";"8";"15";"1";
"202000043718";"154 665 414";"B01";"2";"31";"0";"2";"1";"1";"1";
"202000043719";"154 665 410";"B01";"1";"7";"0";"2";"4";"1";"1";
"202000043719";"154 665 411";"C01";"1";"7";"0";"2";"4";"1";"1";
"202000043719";"154 665 412";"A01";"1";"7";"0";"2";"1";"1";"1";
"202000043720";"154 665 408";"B01";"2";"2";"0";"2";"8";"1";"1";
"202000043720";"154 665 409";"A01";"2";"10";"0";"2";"2";"14";"1";
"202000043721";"154 665 406";"A01";"3";"17";"0";"2";"2";"15";"1";
"202000043721";"154 665 407";"B01";"1";"33";"0";"2";"1";"1";"1";
"202000043722";"154 665 405";"Z01";"0";"7";"0";"1";"0";"26";"0";
"202000043723";"154 665 402";"Z01";"3";"7";"0";"2";"1";"2";"1";
"202000043723";"154 665 403";"B01";"0";"7";"0";"2";"6";"2";"1";
"202000043723";"154 665 404";"A01";"3";"7";"0";"2";"4";"2";"1";
"202000043724";"154 665 400";"Z01";"0";"7";"0";"2";"3";"15";"1";
"202000043724";"154 665 401";"B01";"3";"1";"0";"2";"1";"1";"0";
"202000043725";"154 665 398";"A01";"3";"7";"0";"2";"1";"1";"1";
"202000043725";"154 665 399";"B01";"1";"7";"0";"2";"1";"1";"1";
"202000043726";"154 665 397";"A01";"2";"7";"0";"1";"3";"1";"1";
"202000043727";"154 665 395";"A01";"3";"7";"0";"2";"4";"2";"0";
"202000043727";"154 665 396";"B01";"3";"7";"0";"2";"1";"2";"0";
"202000043728";"154 665 394";"A01";"3";"10";"0";"1";"4";"4";"1";
"202000043729";"154 665 393";"A01";"2";"7";"0";"1";"1";"1";"1";
"202000043730";"154 665 392";"A01";"1";"7";"0";"1";"3";"1";"1";
"202000043731";"154 665 390";"A01";"0";"1";"0";"2";"1";"19";"5";
"202000043731";"154 665 391";"B01";"3";"7";"0";"2";"6";"1";"1";
"202000043732";"154 665 388";"A01";"3";"7";"0";"2";"0";"15";"1";
"202000043732";"154 665 389";"B01";"3";"32";"0";"2";"0";"2";"1";
"202000043733";"154 665 386";"B01";"1";"1";"0";"2";"1";"1";"5";
"202000043733";"154 665 387";"A01";"1";"7";"0";"2";"1";"9";"1";
"202000043734";"154 665 384";"A01";"2";"2";"0";"2";"1";"2";"1";
"202000043734";"154 665 385";"B01";"2";"7";"0";"2";"4";"2";"1";
"202000043735";"154 665 383";"Z01";"0";"7";"0";"1";"0";"0";"0";
"202000043736";"154 665 379";"A01";"1";"7";"0";"2";"4";"2";"1";
"202000043736";"154 665 380";"B01";"1";"10";"1";"0";"0";"2";"1";
"202000043736";"154 665 381";"C01";"1";"10";"0";"2";"4";"2";"1";
"202000043736";"154 665 382";"D01";"1";"13";"0";"2";"4";"23";"1";
"202000043737";"154 665 378";"A01";"3";"10";"0";"1";"1";"1";"1";
"202000043738";"154 665 377";"A01";"0";"7";"0";"1";"1";"1";"1";
"202000043739";"154 665 375";"B01";"2";"7";"0";"2";"1";"1";"1";
"202000043739";"154 665 376";"A01";"1";"7";"0";"2";"7";"15";"1";
"202000043740";"154 665 374";"A01";"2";"7";"0";"1";"1";"0";"0";
"202000043741";"154 665 372";"B01";"2";"30";"0";"2";"1";"1";"1";
"202000043741";"154 665 373";"A01";"1";"7";"0";"2";"3";"15";"1";
"202000043742";"154 665 371";"A01";"3";"7";"0";"1";"1";"1";"1";
"202000043743";"154 665 369";"A01";"1";"7";"0";"2";"1";"1";"1";
"202000043743";"154 665 370";"B01";"1";"7";"0";"2";"4";"2";"1";
"202000043744";"154 665 367";"Z01";"1";"10";"0";"2";"7";"0";"1";
"202000043744";"154 665 368";"A01";"1";"7";"3";"0";"9";"1";"1";
"202000043745";"154 665 365";"A01";"1";"7";"9";"2";"2";"17";"1";
"202000043745";"154 665 366";"B01";"1";"7";"0";"2";"3";"15";"1";
"202000043746";"154 665 363";"A01";"3";"7";"0";"2";"3";"10";"0";
"202000043746";"154 665 364";"B01";"3";"7";"0";"2";"1";"1";"0";
"202000043747";"154 665 361";"B01";"2";"32";"0";"9";"7";"0";"1";
"202000043747";"154 665 362";"A01";"2";"50";"0";"2";"8";"0";"3";
"202000043748";"154 665 360";"A01";"1";"34";"0";"1";"1";"1";"1";
"202000043749";"154 665 358";"B01";"1";"7";"0";"2";"2";"0";"1";
"202000043749";"154 665 359";"A01";"1";"7";"0";"2";"1";"15";"1";
"202000043750";"154 665 356";"A01";"1";"7";"0";"2";"3";"15";"1";
"202000043750";"154 665 357";"B01";"2";"7";"0";"2";"3";"0";"1";
"202000043751";"154 665 354";"B01";"3";"7";"0";"2";"8";"1";"1";
"202000043751";"154 665 355";"A01";"3";"7";"0";"2";"8";"13";"1";
"202000043752";"154 665 352";"B01";"3";"7";"0";"0";"3";"2";"1";
"202000043752";"154 665 353";"A01";"3";"30";"0";"2";"1";"17";"1";
"202000043753";"154 665 350";"A01";"3";"7";"0";"2";"5";"15";"1";
"202000043753";"154 665 351";"B01";"3";"7";"0";"2";"1";"1";"2";
"202000043754";"154 665 349";"A01";"1";"31";"0";"0";"7";"1";"1";
"202000043755";"154 665 348";"A01";"1";"7";"0";"1";"1";"1";"1";
"202000043756";"154 665 346";"A01";"3";"33";"0";"2";"1";"1";"1";
"202000043756";"154 665 347";"B01";"3";"3";"0";"2";"4";"10";"1";
"202000043757";"154 665 344";"B01";"2";"32";"0";"2";"2";"1";"1";
"202000043757";"154 665 345";"A01";"2";"7";"0";"2";"3";"9";"1";
"202000043758";"154 665 343";"A01";"2";"7";"8";"0";"1";"1";"1";
"202000043759";"154 665 342";"A01";"1";"1";"0";"1";"4";"1";"5";
"202000043760";"154 665 340";"B01";"2";"10";"0";"2";"4";"2";"1";
"202000043760";"154 665 341";"A01";"2";"1";"0";"2";"1";"2";"5";
"202000043761";"154 665 339";"A01";"2";"37";"0";"0";"0";"1";"1";"2"
"202000043762";"154 665 337";"A01";"2";"7";"0";"2";"2";"1";"1";
"202000043762";"154 665 338";"B01";"0";"7";"0";"2";"3";"1";"1";
"202000043763";"154 665 335";"Z01";"2";"7";"0";"2";"2";"12";"1";