"Num_Acc";"id_vehicule";"num_veh";"senc";"catv";"obs";"obsm";"choc";"manv";"motor";"occutc"
"202000043974";"154 664 971";"B01";"1";"1";"0";"2";"1";"13";"5";
"202000043975";"154 664 968";"B01";"3";"7";"0";"2";"4";"23";"1";
"202000043975";"154 664 969";"A01";"3";"7";"0";"2";"1";"2";"1";
"202000043976";"154 664 966";"A01";"3";"32";"0";"2";"1";"2";"1";
"202000043976";"154 664 967";"B01";"3";"32";"0";"2";"4";"23";"1";
"202000043977";"154 664 963";"C01";"1";"7";"0";"2";"7";"1";"1";
"202000043977";"154 664 964";"A01";"1";"1";"0";"2";"1";"1";"5";
"202000043977";"154 664 965";"B01";"1";"7";"0";"2";"3";"16";"1";
"202000043978";"154 664 961";"A01";"1";"7";"0";"2";"2";"16";"1";
"202000043978";"154 664 962";"B01";"1";"1";"0";"2";"3";"1";"5";
"202000043979";"154 664 959";"B01";"3";"1";"0";"2";"1";"1";"5";
"202000043979";"154 664 960";"A01";"3";"50";"0";"2";"1";"5";"3";
"202000043980";"154 664 957";"A01";"2";"7";"0";"2";"4";"11";"1";
"202000043980";"154 664 958";"B01";"2";"31";"0";"2";"1";"1";"1";
"202000043981";"154 664 956";"A01";"1";"1";"0";"0";"1";"21";"5";
"202000043982";"154 664 954";"A01";"2";"1";"0";"2";"3";"1";"5";
"202000043982";"154 664 955";"B01";"1";"7";"0";"2";"3";"16";"1";
"202000043983";"154 664 953";"A01";"3";"1";"0";"5";"7";"1";"5";
"202000043984";"154 664 952";"A01";"3";"32";"0";"0";"0";"1";"1";
"202000043985";"154 664 950";"A01";"1";"30";"0";"2";"7";"13";"1";
"202000043985";"154 664 951";"B01";"1";"7";"0";"2";"8";"17";"1";
"202000043986";"154 664 949";"A01";"3";"30";"0";"1";"1";"14";"1";
"202000043987";"154 664 946";"C01";"2";"7";"0";"2";"6";"24";"2";
"202000043987";"154 664 947";"A01";"2";"7";"0";"2";"8";"22";"2";
"202000043987";"154 664 948";"B01";"2";"2";"0";"2";"2";"1";"1";
"202000043988";"154 664 944";"B01";"3";"2";"0";"2";"5";"1";"1";
"202000043988";"154 664 945";"A01";"1";"7";"0";"2";"3";"9";"1";
"202000043989";"154 664 943";"A01";"2";"1";"0";"0";"7";"1";"5";
"202000043990";"154 664 941";"B01";"2";"7";"0";"2";"2";"1";"1";
"202000043990";"154 664 942";"A01";"1";"30";"0";"2";"3";"1";"1";
"202000043991";"154 664 939";"B01";"2";"1";"0";"2";"6";"1";"5";
"202000043991";"154 664 940";"A01";"2";"7";"0";"2";"2";"15";"1";
"202000043992";"154 664 938";"A01";"1";"7";"0";"1";"7";"20";"1";
"202000043993";"154 664 936";"A01";"1";"1";"0";"2";"2";"1";"5";
"202000043993";"154 664 937";"B01";"1";"33";"0";"2";"1";"1";"1";
"202000043994";"154 664 933";"C01";"1";"7";"0";"2";"4";"2";"1";
"202000043994";"154 664 934";"B01";"1";"7";"0";"2";"4";"2";"1";
"202000043994";"154 664 935";"A01";"1";"7";"0";"2";"1";"2";"1";
"202000043995";"154 664 932";"A01";"2";"7";"0";"1";"3";"15";"3";
"202000043996";"154 664 931";"A01";"1";"1";"0";"0";"1";"25";"5";
"202000043997";"154 664 930";"A01";"1";"10";"0";"1";"1";"19";"1";
"202000043998";"154 664 929";"A01";"2";"7";"0";"1";"1";"1";"1";
"202000043999";"154 664 927";"B01";"3";"31";"0";"2";"1";"1";"1";
"202000043999";"154 664 928";"A01";"3";"7";"0";"2";"8";"15";"1";
"202000044000";"154 664 925";"B01";"2";"31";"0";"2";"1";"9";"1";
"202000044000";"154 664 926";"A01";"2";"7";"0";"2";"2";"20";"1";
"202000044001";"154 664 922";"B01";"2";"1";"0";"2";"2";"1";"5";
"202000044001";"154 664 923";"C01";"3";"1";"0";"0";"0";"0";"5";
"202000044001";"154 664 924";"A01";"3";"10";"0";"2";"0";"0";"1";
"202000044002";"154 664 920";"B01";"3";"7";"0";"2";"6";"11";"0";
"202000044002";"154 664 921";"A01";"3";"7";"0";"2";"2";"21";"0";
"202000044003";"154 664 918";"B01";"2";"7";"1";"0";"0";"24";"0";
"202000044003";"154 664 919";"A01";"2";"1";"0";"2";"1";"1";"5";
"202000044004";"154 664 916";"A01";"3";"30";"0";"2";"0";"0";"0";
"202000044004";"154 664 917";"B01";"3";"7";"0";"2";"3";"0";"1";
"202000044005";"154 664 914";"A01";"2";"30";"1";"0";"1";"21";"1";
"202000044005";"154 664 915";"B01";"2";"99";"0";"0";"1";"1";"1";
"202000044006";"154 664 912";"B01";"1";"7";"0";"2";"2";"1";"1";
"202000044006";"154 664 913";"A01";"1";"7";"0";"2";"1";"9";"1";
"202000044007";"154 664 910";"B01";"1";"33";"0";"2";"4";"2";"1";
"202000044007";"154 664 911";"A01";"1";"17";"0";"2";"1";"2";"1";
"202000044008";"154 664 908";"A01";"1";"10";"0";"0";"5";"1";"1";
"202000044008";"154 664 909";"B01";"1";"33";"0";"2";"1";"1";"1";
"202000044009";"154 664 906";"A01";"1";"7";"0";"2";"1";"9";"0";
"202000044009";"154 664 907";"B01";"1";"30";"0";"2";"7";"0";"0";
"202000044010";"154 664 904";"A01";" -1";"34";"8";"2";"1";"1";"1";
"202000044010";"154 664 905";"B01";" -1";"7";"0";"2";"3";"15";"0";
"202000044011";"154 664 903";"A01";"1";"7";"0";"1";"3";"15";"0";
"202000044012";"154 664 901";"A01";"2";"32";"0";"2";"8";"1";"1";
"202000044012";"154 664 902";"B01";"2";"7";"0";"2";"7";"7";"0";
"202000044013";"154 664 899";"A01";"0";"7";"0";"2";"3";"0";"1";
"202000044013";"154 664 900";"B01";"1";"7";"0";"2";"1";"26";"1";
"202000044014";"154 664 897";"B01";"1";"43";"0";"2";"7";"1";"1";
"202000044014";"154 664 898";"A01";"1";"10";"0";"2";"1";"9";"1";
"202000044015";"154 664 896";"A01";"0";"7";"6";"0";"3";"20";"0";
"202000044016";"154 664 895";"A01";"1";"1";"12";"0";"0";"9";"5";
"202000044017";"154 664 893";"B01";"2";"1";"0";"2";"1";"1";"5";
"202000044017";"154 664 894";"A01";"1";"7";"0";"2";"1";"15";"1";
"202000044018";"154 664 892";"A01";"1";"7";"9";"0";"1";"6";"1";
"202000044019";"154 664 890";"A01";"1";"30";"0";"2";"0";"17";"1";
"202000044019";"154 664 891";"B01";"1";"7";"0";"2";"3";"19";"1";
"202000044020";"154 664 888";"B01";"2";"7";"0";"2";"1";"1";"0";
"202000044020";"154 664 889";"A01";"1";"7";"0";"2";"1";"2";"0";
"202000044021";"154 664 884";"A01";"2";"7";"0";"2";"1";"15";"1";
"202000044021";"154 664 885";"B01";"1";"1";"0";"2";"1";"1";"5";
"202000044022";"154 664 883";"A01";"2";"7";"13";"0";"3";"0";"1";
"202000044023";"154 664 882";"A01";"2";"10";"0";"0";"8";"1";"1";
"202000044024";"154 664 878";"B01";"1";"7";"0";"2";"2";"1";"0";
"202000044024";"154 664 879";"A01";"3";"33";"0";"2";"1";"5";"1";
"202000044025";"154 664 876";"A01";"3";"7";"0";"2";"3";"1";"1";
"202000044025";"154 664 877";"B01";"3";"32";"0";"2";"1";"1";"1";
"202000044026";"154 664 875";"A01";"0";"2";"0";"0";"8";"2";"1";
"202000044027";"154 664 874";"A01";"2";"33";"0";"0";"3";"1";"1";
"202000044028";"154 664 872";"B01";"0";"2";"0";"2";"1";"1";"1";
"202000044028";"154 664 873";"A01";"0";"7";"0";"0";"3";"1";"1";
"202000044029";"154 664 870";"A01";"0";"7";"8";"2";"1";"1";"1";
"202000044029";"154 664 871";"B01";"0";"7";"0";"2";"3";"1";"1";
"202000044030";"154 664 869";"A01";"1";"7";"0";"1";"3";"1";"1";
"202000044031";"154 664 867";"A01";"3";"7";"0";"0";"2";"1";"1";
"202000044031";"154 664 868";"B01";"3";"2";"0";"2";"1";"1";"1";
"202000044032";"154 664 865";"A01";"3";"7";"13";"0";"1";"21";"1";
"202000044032";"154 664 866";"B01";"3";"7";"13";"0";"1";"2";"1";
"202000044033";"154 664 864";"A01";"0";"2";"6";"0";"2";"1";"0";
"202000044034";"154 664 862";"A01";"2";"36";"0";"0";"1";"2";"1";
"202000044034";"154 664 863";"B01";"2";"7";"0";"0";"5";"2";"1";
"202000044035";"154 664 861";"A01";"1";"7";"0";"1";"1";"1";"0";
"202000044036";"154 664 859";"A01";"1";"7";"0";"2";"2";"1";"1";
"202000044036";"154 664 860";"B01";"1";"2";"0";"2";"8";"1";"1";
"202000044037";"154 664 856";"B01";"2";"15";"0";"2";"6";"1";"1";
"202000044037";"154 664 857";"A01";"1";"15";"0";"2";"3";"13";"1";
"202000044038";"154 664 855";"A01";"0";"31";"0";"0";"9";"1";"1";
"202000044039";"154 664 850";"B01";"2";"7";"0";"2";"3";"23";"1";
"202000044039";"154 664 851";"A01";"1";"7";"0";"2";"2";"15";"1";
"202000044040";"154 664 849";"A01";"1";"7";"1";"0";"1";"0";"1";
"202000044041";"154 664 848";"A01";"2";"7";"0";"1";"2";"2";"0";
"202000044042";"154 664 846";"A01";"2";"7";"0";"2";"3";"15";"1";
"202000044042";"154 664 847";"B01";"2";"30";"0";"2";"2";"17";"1";
"202000044043";"154 664 845";"A01";"1";"7";"13";"0";"0";"1";"1";
"202000044044";"154 664 843";"B01";"3";"31";"0";"2";"1";"1";"1";
"202000044044";"154 664 844";"A01";"1";"7";"0";"0";"3";"0";"1";
"202000044045";"154 664 840";"B01";"1";"15";"0";"2";"3";"1";"1";
"202000044045";"154 664 841";"C01";"2";"7";"0";"2";"8";"1";"1";
"202000044045";"154 664 842";"A01";"2";"7";"0";"2";"3";"17";"1";
"202000044046";"154 664 838";"A01";"3";"2";"0";"2";"1";"1";"1";
"202000044046";"154 664 839";"B01";"3";"7";"0";"2";"4";"26";"1";
"202000044047";"154 664 837";"A01";"0";"33";"0";"0";"0";"0";"1";
"202000044048";"154 664 836";"A01";"3";"7";"0";"0";"0";"1";"1";
"202000044049";"154 664 832";"A01";"1";"7";"0";"2";"2";"15";"1";
"202000044049";"154 664 833";"B01";"2";"7";"0";"2";"3";"1";"1";
"202000044050";"154 664 828";"D01";"1";"7";"0";"2";"4";"23";"1";
"202000044050";"154 664 829";"A01";"1";"7";"0";"2";"1";"2";"1";
"202000044050";"154 664 830";"B01";"1";"7";"0";"2";"4";"23";"1";
"202000044050";"154 664 831";"C01";"1";"7";"0";"2";"4";"23";"1";
"202000044051";"154 664 827";"A01";"2";"7";"4";"0";"3";"0";"6";
"202000044052";"154 664 825";"A01";"2";"7";"0";"0";"8";"15";"0";
"202000044052";"154 664 826";"B01";"2";"7";"0";"0";"1";"13";"0";
"202000044053";"154 664 823";"B01";"2";"7";"0";"2";"1";"1";"1";
"202000044053";"154 664 824";"A01";"1";"7";"0";"2";"1";"13";"1";
"202000044054";"154 664 822";"A01";"2";"7";"6";"0";"1";"1";"0";
"202000044055";"154 664 820";"A01";"3";"7";"0";"2";"3";"1";"1";
"202000044055";"154 664 821";"B01";"1";"7";"0";"2";"1";"1";"1";
"202000044056";"154 664 818";"B01";"1";"1";"0";"2";"6";"2";"5";
"202000044056";"154 664 819";"A01";"1";"7";"0";"2";"5";"17";"1";
"202000044057";"154 664 816";"B01";"2";"7";"0";"2";"3";"1";"1";
"202000044057";"154 664 817";"A01";"1";"7";"0";"2";"3";"13";"1";
"202000044058";"154 664 814";"B01";"3";"7";"0";"2";"2";"1";"1";
"202000044058";"154 664 815";"A01";"3";"2";"0";"0";"1";"1";"1";
"202000044059";"154 664 812";"A01";"2";"7";"0";"2";"7";"12";"1";
"202000044059";"154 664 813";"B01";"2";"33";"0";"2";"8";"1";"1";
"202000044060";"154 664 811";"A01";"1";"7";"0";"1";"1";"1";"6";
"202000044061";"154 664 807";"B01";"0";"2";"0";"2";"7";"0";"1";
"202000044061";"154 664 808";"A01";"3";"7";"0";"2";"6";"19";"1";
"202000044062";"154 664 806";"A01";"1";"7";"2";"0";"1";"14";"1";
"202000044063";"154 664 805";"A01";"2";"1";"0";"0";"9";"1";"5";
"202000044064";"154 664 803";"A01";"2";"7";"0";"2";"5";"14";"1";
"202000044064";"154 664 804";"B01";"2";"2";"0";"2";"8";"18";"1";
"202000044065";"154 664 801";"B01";"2";"7";"0";"0";"4";"2";"1";
"202000044065";"154 664 802";"A01";"2";"2";"0";"2";"1";"2";"1";
"202000044066";"154 664 799";"B01";"0";"7";"0";"2";"8";"1";"1";
"202000044066";"154 664 800";"A01";"0";"2";"0";"2";"0";"13";"1";
"202000044067";"154 664 797";"A01";"2";"7";"0";"2";"1";"5";"1";
"202000044067";"154 664 798";"B01";"1";"7";"0";"2";"1";"1";"1";
"202000044068";"154 664 796";"A01";"0";"33";"0";"0";"9";"1";"1";
"202000044069";"154 664 794";"A01";"3";"15";"0";"2";"2";"20";"1";
"202000044069";"154 664 795";"B01";"0";"1";"0";"2";"8";"1";"5";
"202000044070";"154 664 793";"A01";"3";"21";"0";"0";"0";"14";"1";
"202000044071";"154 664 790";"B01";"2";"10";"0";"2";"3";"1";"1";
"202000044071";"154 664 791";"A01";"1";"7";"0";"2";"1";"1";"1";
"202000044071";"154 664 792";"C01";"2";"7";"0";"2";"8";"1";"1";
"202000044072";"154 664 789";"A01";"1";"7";"0";"1";"1";"1";"1";
"202000044073";"154 664 787";"A01";"1";"7";"0";"2";"2";"17";"1";
"202000044073";"154 664 788";"B01";"1";"10";"0";"2";"6";"15";"1";
"202000044074";"154 664 785";"B01";"1";"7";"0";"2";"3";"1";"1";
"202000044074";"154 664 786";"A01";"1";"7";"0";"2";"3";"1";"1";
"202000044075";"154 664 784";"A01";"1";"7";"1";"1";"5";"1";"1";
"202000044076";"154 664 782";"B01";"1";"2";"0";"2";"0";"0";"0";
"202000044076";"154 664 783";"A01";"1";"7";"0";"2";"2";"19";"0";
"202000044077";"154 664 781";"Z01";"2";"1";"0";"1";"0";"1";"5";
"202000044078";"154 664 778";"A01";"2";"7";"0";"0";"7";"15";"0";
"202000044078";"154 664 779";"C01";"0";"7";"0";"0";"8";"0";"0";
"202000044078";"154 664 780";"B01";"2";"33";"1";"2";"1";"0";"0";
"202000044079";"154 664 776";"B01";"2";"32";"0";"2";"1";"1";"1";
"202000044079";"154 664 777";"A01";"1";"7";"0";"2";"5";"6";"1";
"202000044080";"154 664 775";"A01";"2";"99";"13";"0";"2";"1";"0";
"202000044081";"154 664 774";"A01";"1";"7";"0";"1";"1";"1";"1";
"202000044082";"154 664 773";"A01";"3";"33";"0";"0";"0";"26";"1";
"202000044083";"154 664 770";"B01";"2";"7";"0";"2";"4";"2";"1";
"202000044083";"154 664 771";"C01";"2";"7";"0";"2";"4";"2";"1";
"202000044083";"154 664 772";"A01";"2";"7";"0";"2";"1";"2";"1";
"202000044084";"154 664 768";"A01";"2";"7";"0";"2";"3";"15";"1";
"202000044084";"154 664 769";"B01";"1";"33";"0";"2";"3";"2";"1";
"202000044085";"154 664 766";"B01";"2";"7";"0";"2";"4";"23";"1";
"202000044085";"154 664 767";"A01";"2";"31";"0";"2";"1";"2";"1";
"202000044086";"154 664 765";"A01";"1";"43";"0";"0";"0";"3";"1";
"202000044087";"154 664 764";"A01";"1";"43";"0";"0";"0";"3";"1";
"202000044088";"154 664 763";"A01";"1";"7";"12";"0";"3";"14";"1";
"202000044089";"154 664 761";"A01";"1";"40";"0";"1";"2";"1";"3";
"202000044089";"154 664 762";"B01";"2";"40";"0";"1";"1";"1";"3";
"202000044090";"154 664 759";"B01";"1";"7";"0";"0";"0";"9";"1";
"202000044090";"154 664 760";"A01";"2";"43";"0";"0";"0";"21";"1";
"202000044091";"154 664 758";"A01";"2";"7";"0";"1";"3";"15";"2";
"202000044092";"154 664 756";"B01";"2";"43";"0";"2";"3";"1";"1";
"202000044092";"154 664 757";"A01";"1";"7";"0";"2";"2";"15";"1";
"202000044093";"154 664 755";"A01";"2";"31";"0";"0";"7";"1";"1";
"202000044094";"154 664 753";"A01";"2";"1";"0";"2";"4";"15";"5";
"202000044094";"154 664 754";"Z01";"2";"7";"0";"2";"1";"1";"0";
"202000044095";"154 664 752";"A01";"2";"1";"0";"1";"2";"2";"5";
"202000044096";"154 664 750";"B01";"1";"1";"0";"2";"8";"1";"5";
"202000044096";"154 664 751";"A01";"1";"7";"0";"2";"7";"1";"1";
"202000044097";"154 664 748";"A01";"2";"7";"8";"2";"8";"1";"1";
"202000044097";"154 664 749";"B01";"2";"7";"0";"2";"1";"1";"1";
"202000044098";"154 664 747";"Z01";"2";"1";"0";"1";"1";"1";"5";
"202000044099";"154 664 745";"A01";"2";"7";"0";"2";"3";"9";"1";
"202000044099";"154 664 746";"B01";"2";"31";"0";"2";"6";"3";"1";
"202000044100";"154 664 744";"A01";"1";"7";"1";"0";"2";"1";"1";
"202000044101";"154 664 743";"A01";"1";"7";"0";"1";"3";"26";"0";
"202000044102";"154 664 741";"B01";"1";"32";"0";"2";"3";"15";"1";
"202000044102";"154 664 742";"Z01";"1";"30";"0";"2";"5";"1";"1";
"202000044103";"154 664 740";"A01";"3";"7";"0";"1";"2";"1";"1";
"202000044104";"154 664 738";"B01";"2";"7";"0";"2";"2";"15";"1";
"202000044104";"154 664 739";"A01";"2";"7";"0";"2";"3";"26";"0";
"202000044105";"154 664 736";"B01";"1";"7";"0";"2";"1";"15";"1";
"202000044105";"154 664 737";"A01";"2";"7";"0";"2";"8";"1";"1";
"202000044106";"154 664 734";"B01";"0";"1";"0";"0";"8";"1";"0";
"202000044106";"154 664 735";"A01";"0";"13";"0";"9";"0";"17";"0";
"202000044107";"154 664 732";"A01";"1";"33";"0";"2";"3";"1";"1";
"202000044107";"154 664 733";"B01";"2";"7";"0";"2";"2";"19";"1";
"202000044108";"154 664 730";"A01";"3";"7";"0";"1";"2";"26";"1";
"202000044109";"154 664 728";"B01";"2";"2";"0";"0";"0";"0";"0";
"202000044109";"154 664 729";"A01";"2";"7";"0";"2";"8";"15";"1";
"202000044110";"154 664 727";"A01";"2";"10";"0";"1";"4";"4";"1";
"202000044111";"154 664 726";"A01";"1";"7";"0";"1";"2";"1";"1";
"202000044112";"154 664 724";"A01";"1";"10";"0";"2";"3";"15";"1";
"202000044112";"154 664 725";"B01";"2";"34";"0";"2";"8";"1";"1";
"202000044113";"154 664 723";"A01";"1";"30";"0";"1";"1";"21";"0";
"202000044114";"154 664 722";"A01";"1";"7";"0";"1";"1";"2";"1";
"202000044115";"154 664 721";"Z01";"1";"0";"0";"1";"0";"26";"0";
"202000044116";"154 664 718";"A01";"1";"7";"0";"2";"0";"0";"0";
"202000044116";"154 664 719";"B01";"1";"2";"0";"2";"0";"0";"1";
"202000044116";"154 664 720";"C01";"2";"7";"0";"2";"3";"0";"1";
"202000044117";"154 664 717";"A01";"2";"7";"1";"0";"2";"26";"1";
"202000044118";"154 664 715";"Z01";"2";"30";"0";"2";"7";"1";"1";
"202000044118";"154 664 716";"B01";"2";"7";"0";"2";"1";"1";"1";
"202000044119";"154 664 713";"A01";"1";"43";"0";"2";"1";"21";"1";
"202000044119";"154 664 714";"B01";"1";"7";"0";"2";"1";"2";"1";
"202000044120";"154 664 711";"B01";"2";"1";"0";"2";"8";"26";"5";
"202000044120";"154 664 712";"A01";"2";"2";"0";"2";"1";"1";"1";
"202000044121";"154 664 710";"A01";"2";"7";"1";"0";"0";"0";"1";
"202000044122";"154 664 708";"A01";"2";"7";"0";"2";"3";"16";"0";
"202000044122";"154 664 709";"B01";"2";"7";"0";"2";"2";"1";"0";
"202000044123";"154 664 706";"B01";"3";"7";"0";"0";"2";"16";"1";
"202000044123";"154 664 707";"A01";"1";"33";"0";"2";"1";"17";"1";
"202000044124";"154 664 704";"A01";"2";"7";"3";"2";"1";"2";"1";
"202000044124";"154 664 705";"B01";"2";"7";"3";"0";"4";"2";"1";
"202000044125";"154 664 702";"A01";"1";"7";"0";"2";"1";"13";"1";
"202000044125";"154 664 703";"B01";"2";"7";"0";"2";"3";"1";"1";
"202000044126";"154 664 701";"A01";"2";"7";"15";"0";"1";"1";"1";
"202000044127";"154 664 699";"B01";"1";"2";"0";"2";"7";"14";"1";
"202000044127";"154 664 700";"A01";"1";"33";"0";"2";"8";"18";"1";
"202000044128";"154 664 696";"B01";"1";"7";"0";"2";"1";"13";"1";
"202000044128";"154 664 697";"A01";"1";"7";"0";"2";"1";"13";"1";
"202000044128";"154 664 698";"C01";"2";"10";"0";"2";"1";"11";"1";
"202000044129";"154 664 694";"A01";"2";"7";"0";"2";"1";"1";"1";
"202000044129";"154 664 695";"B01";"2";"7";"0";"0";"4";"1";"1";
"202000044130";"154 664 693";"A01";"1";"7";"0";"0";"6";"16";"1";
"202000044131";"154 664 691";"B01";"0";"7";"0";"2";"1";"1";"1";
"202000044131";"154 664 692";"A01";"0";"7";"0";"0";"2";"15";"1";
"202000044132";"154 664 689";"B01";"2";"7";"0";"2";"3";"1";"1";
"202000044132";"154 664 690";"A01";"1";"7";"0";"2";"3";"1";"0";
"202000044133";"154 664 686";"C01";"1";"10";"0";"0";"0";"21";"0";
"202000044133";"154 664 687";"B01";"2";"7";"0";"2";"3";"21";"0";
"202000044133";"154 664 688";"A01";"1";"7";"0";"2";"3";"17";"0";
"202000044134";"154 664 684";"B01";"2";"15";"0";"2";"6";"13";"1";
"202000044134";"154 664 685";"C01";"1";"7";"0";"2";"3";"1";"1";
"202000044135";"154 664 682";"A01";"3";"2";"0";"2";"8";"5";"1";
"202000044135";"154 664 683";"B01";"3";"7";"0";"2";"3";"5";"1";
"202000044136";"154 664 681";"A01";"2";"7";"1";"0";"3";"1";"1";
"202000044137";"154 664 679";"B01";"3";"1";"0";"2";"1";"1";"5";
"202000044137";"154 664 680";"A01";"3";"7";"0";"9";"3";"16";"1";
"202000044138";"154 664 677";"A01";"1";"7";"0";"2";"1";"21";"1";
"202000044138";"154 664 678";"B01";"1";"7";"0";"0";"4";"1";"1";
"202000044139";"154 664 676";"A01";"1";"7";"8";"0";"3";"1";"1";
"202000044140";"154 664 675";"A01";"1";"7";"0";"1";"3";"10";"1";
"202000044141";"154 664 672";"A01";"2";"7";"0";"1";"2";"1";"1";
"202000044142";"154 664 670";"A01";"2";"7";"16";"0";"5";"1";"1";
"202000044143";"154 664 668";"B01";"2";"7";"0";"0";"4";"23";"1";
"202000044143";"154 664 669";"A01";"2";"1";"1";"0";"1";"1";"5";
"202000044144";"154 664 665";"A01";"1";"7";"8";"0";"2";"2";"1";
"202000044145";"154 664 664";"A01";"2";"33";"0";"0";"7";"1";"1";
"202000044146";"154 664 663";"A01";"1";"7";"0";"1";"3";"1";"1";
"202000044147";"154 664 662";"A01";"0";"7";"0";"1";"1";"1";"1";
"202000044148";"154 664 661";"A01";"2";"17";"0";"1";"1";"19";"1";
"202000044149";"154 664 659";"B01";"2";"7";"0";"0";"4";"1";"1";
"202000044149";"154 664 660";"A01";"2";"7";"0";"2";"1";"1";"1";
"202000044150";"154 664 658";"A01";"2";"7";"0";"0";"9";"1";"1";
"202000044151";"154 664 656";"A01";"2";"7";"0";"2";"1";"13";"1";
"202000044151";"154 664 657";"B01";"2";"7";"2";"0";"3";"1";"1";
"202000044152";"154 664 655";"A01";"3";"7";"16";"0";"0";"14";"1";
"202000044153";"154 664 653";"A01";"1";"7";"0";"9";"3";"9";"0";
"202000044153";"154 664 654";"B01";"1";"1";"0";"2";"1";"15";"5";
"202000044154";"154 664 652";"A01";"3";"7";"14";"1";"2";"15";"1";
"202000044155";"154 664 651";"A01";"1";"7";"2";"0";"1";"1";"1";
"202000044156";"154 664 650";"A01";"2";"33";"0";"0";"1";"1";"1";
"202000044157";"154 664 648";"B01";"1";"33";"0";"2";"1";"1";"1";
"202000044157";"154 664 649";"A01";"2";"7";"0";"2";"8";"5";"1";
"202000044158";"154 664 646";"B01";"3";"7";"0";"2";"3";"1";"0";
"202000044158";"154 664 647";"A01";"3";"3";"0";"2";"1";"13";"0";
"202000044159";"154 664 644";"B01";"2";"7";"0";"2";"1";"17";"0";
"202000044159";"154 664 645";"A01";"2";"7";"0";"2";"8";"15";"0";
"202000044160";"154 664 640";"A01";"2";"7";"0";"2";"0";"11";"1";
"202000044160";"154 664 641";"B01";"2";"15";"0";"2";"2";"1";"1";
"202000044160";"154 664 642";"D01";"2";"7";"0";"2";"0";"1";"1";
"202000044160";"154 664 643";"C01";"2";"7";"0";"2";"0";"1";"1";
"202000044161";"154 664 637";"A01";"1";"7";"0";"2";"1";"1";"1";
"202000044161";"154 664 638";"B01";"1";"7";"0";"2";"4";"1";"1";
"202000044161";"154 664 639";"C01";"1";"7";"0";"2";"4";"1";"1";
"202000044162";"154 664 635";"B01";"2";"7";"0";"2";"6";"11";"1";
"202000044162";"154 664 636";"A01";"2";"33";"0";"2";"1";"2";"1";
"202000044163";"154 664 629";"D01";"1";"7";"0";"2";"4";"23";"1";
"202000044163";"154 664 630";"E01";"1";"14";"0";"2";"1";"2";"1";
"202000044163";"154 664 631";"C01";"1";"7";"0";"2";"4";"23";"1";
"202000044163";"154 664 632";"B01";"1";"10";"0";"2";"4";"23";"1";
"202000044163";"154 664 633";"A01";"1";"7";"0";"2";"4";"23";"1";
"202000044163";"154 664 634";"F01";"1";"7";"0";"2";"1";"2";"1";
"202000044164";"154 664 626";"C01";"1";"7";"0";"2";"0";"2";"1";
"202000044164";"154 664 627";"B01";"1";"7";"0";"2";"4";"2";"1";
"202000044164";"154 664 628";"A01";"1";"7";"0";"2";"1";"1";"1";
"202000044165";"154 664 624";"A01";"3";"31";"0";"2";"2";"2";"1";
"202000044165";"154 664 625";"B01";"3";"7";"0";"2";"8";"2";"1";
"202000044166";"154 664 622";"B01";"1";"7";"1";"2";"1";"2";"1";
"202000044166";"154 664 623";"A01";"1";"7";"1";"2";"1";"2";"1";
"202000044167";"154 664 621";"A01";"2";"33";"0";"2";"3";"3";"1";
"202000044168";"154 664 619";"A01";"2";"10";"0";"2";"4";"1";"1";
"202000044168";"154 664 620";"B01";"2";"33";"0";"2";"1";"3";"1";
"202000044169";"154 664 615";"B01";"2";"10";"0";"2";"4";"1";"1";
"202000044169";"154 664 616";"C01";"2";"7";"0";"2";"4";"1";"1";
"202000044169";"154 664 617";"D01";"2";"7";"0";"2";"4";"0";"2";
"202000044169";"154 664 618";"A01";"2";"15";"0";"2";"1";"1";"1";
"202000044170";"154 664 612";"A01";"1";"10";"0";"2";"1";"1";"1";
"202000044170";"154 664 613";"B01";"1";"7";"0";"2";"4";"13";"1";
"202000044170";"154 664 614";"C01";"1";"7";"0";"9";"0";"0";"1";
"202000044171";"154 664 610";"B01";"2";"7";"0";"2";"2";"1";"1";
"202000044171";"154 664 611";"A01";"2";"33";"0";"2";"6";"9";"1";
"202000044172";"154 664 609";"A01";"2";"7";"3";"0";"1";"14";"1";
"202000044173";"154 664 608";"A01";"1";"7";"3";"0";"1";"14";"1";
"202000044174";"154 664 604";"C01";"2";"10";"0";"2";"4";"2";"1";
"202000044174";"154 664 605";"B01";"2";"7";"0";"2";"4";"2";"1";
"202000044174";"154 664 606";"A01";"2";"10";"0";"2";"1";"9";"1";
"202000044174";"154 664 607";"D01";"2";"7";"0";"2";"4";"2";"1";
"202000044175";"154 664 603";"A01";"3";"7";"0";"1";"0";"1";"1";
"202000044176";"154 664 602";"A01";"2";"7";"6";"0";"7";"15";"1";
"202000044177";"154 664 600";"A01";"1";"7";"0";"2";"3";"13";"1";
"202000044177";"154 664 601";"B01";"1";"31";"0";"2";"2";"1";"1";
"202000044178";"154 664 598";"A01";"2";"7";"0";"2";"1";"1";"1";
"202000044178";"154 664 599";"B01";"2";"7";"0";"2";"8";"1";"1";
"202000044179";"154 664 596";"B01";"1";"7";"0";"9";"1";"0";"0";