"Num_Acc";"id_vehicule";"num_veh";"senc";"catv";"obs";"obsm";"choc";"manv";"motor";"occutc"
"202000044589";"154 663 853";"B01";"2";"33";"0";"2";"1";"1";"1";
"202000044590";"154 663 849";"C01";"1";"7";"0";"2";"1";"1";"1";
"202000044590";"154 663 850";"B01";"1";"7";"0";"2";"1";"1";"1";
"202000044590";"154 663 852";"A01";"1";"7";"0";"2";"4";"1";"1";
"202000044591";"154 663 847";"B01";"1";"32";"0";"2";"1";"2";"1";
"202000044591";"154 663 848";"A01";"1";"7";"0";"2";"5";"2";"2";
"202000044592";"154 663 844";"B01";"1";"7";"0";"2";"1";"1";"0";
"202000044592";"154 663 845";"A01";"1";"7";"8";"2";"7";"1";"0";
"202000044592";"154 663 846";"C01";"2";"7";"0";"2";"8";"23";"0";
"202000044593";"154 663 843";"A01";"2";"7";"0";"0";"1";"9";"1";
"202000044594";"154 663 839";"A01";"1";"17";"0";"2";"6";"11";"1";
"202000044594";"154 663 840";"C01";"1";"7";"0";"2";"2";"1";"1";
"202000044594";"154 663 841";"B01";"1";"7";"0";"2";"6";"13";"1";
"202000044595";"154 663 837";"A01";"3";"7";"0";"1";"2";"9";"1";
"202000044596";"154 663 836";"B01";"1";"7";"0";"2";"4";"2";"1";
"202000044596";"154 663 838";"A01";"1";"31";"1";"0";"1";"2";"1";
"202000044597";"154 663 832";"A01";"1";"7";"4";"2";"2";"14";"1";
"202000044597";"154 663 834";"B01";"1";"15";"0";"2";"8";"1";"1";
"202000044598";"154 663 833";"A01";"3";"7";"0";"2";"8";"9";"0";
"202000044598";"154 663 835";"B01";"1";"33";"0";"2";"1";"1";"1";
"202000044599";"154 663 829";"B01";"2";"7";"0";"2";"4";"1";"1";
"202000044599";"154 663 831";"A01";"2";"7";"3";"2";"1";"2";"1";
"202000044600";"154 663 842";"A01";"2";"10";"0";"1";"2";"16";"1";
"202000044601";"154 663 828";"A01";"1";"7";"0";"2";"1";"2";"1";
"202000044601";"154 663 830";"B01";"1";"7";"0";"2";"4";"15";"1";
"202000044602";"154 663 826";"A01";"1";"7";"4";"2";"0";"9";"1";
"202000044602";"154 663 827";"B01";"1";"10";"0";"2";"0";"1";"0";
"202000044603";"154 663 822";"B01";"3";"7";"0";"2";"3";"12";"1";
"202000044603";"154 663 825";"A01";"3";"34";"0";"2";"1";"1";"1";
"202000044604";"154 663 821";"A01";"2";"7";"0";"2";"2";"19";"1";
"202000044604";"154 663 824";"B01";"2";"7";"0";"2";"1";"1";"1";
"202000044605";"154 663 820";"A01";"1";"7";"0";"2";"1";"2";"1";
"202000044605";"154 663 823";"B01";"1";"10";"0";"2";"4";"2";"1";
"202000044606";"154 663 815";"C01";"1";"7";"0";"2";"4";"23";"1";
"202000044606";"154 663 817";"B01";"1";"7";"0";"2";"4";"23";"1";
"202000044606";"154 663 819";"A01";"1";"7";"0";"2";"1";"1";"1";
"202000044607";"154 663 816";"B01";"1";"7";"0";"2";"1";"21";"1";
"202000044607";"154 663 818";"A01";"1";"7";"0";"2";"3";"9";"1";
"202000044608";"154 663 810";"A01";"1";"17";"0";"2";"5";"13";"1";
"202000044608";"154 663 812";"B01";"1";"7";"0";"2";"8";"23";"1";
"202000044608";"154 663 814";"C01";"1";"7";"4";"2";"4";"2";"1";
"202000044609";"154 663 809";"B01";"3";"7";"0";"2";"4";"2";"1";
"202000044609";"154 663 813";"A01";"3";"7";"0";"2";"1";"2";"1";
"202000044610";"154 663 808";"B01";"3";"10";"0";"2";"1";"19";"6";
"202000044610";"154 663 811";"A01";"3";"7";"0";"2";"2";"1";"6";
"202000044611";"154 663 806";"B01";"2";"7";"0";"2";"0";"1";"1";
"202000044611";"154 663 807";"A01";"2";"16";"0";"2";"0";"0";"1";
"202000044612";"154 663 801";"A01";"1";"7";"0";"2";"2";"12";"1";
"202000044612";"154 663 804";"B01";"1";"33";"0";"2";"3";"1";"1";
"202000044613";"154 663 802";"A01";"3";"7";"2";"2";"2";"1";"1";
"202000044613";"154 663 805";"B01";"3";"7";"0";"2";"2";"15";"1";
"202000044614";"154 663 800";"B01";"1";"17";"0";"0";"0";"0";"0";
"202000044614";"154 663 803";"A01";"1";"15";"0";"2";"0";"14";"1";
"202000044615";"154 663 797";"B01";"1";"32";"0";"2";"1";"1";"1";
"202000044615";"154 663 799";"A01";"2";"33";"0";"2";"1";"15";"1";
"202000044616";"154 663 795";"A01";"1";"7";"0";"2";"5";"16";"1";
"202000044616";"154 663 796";"B01";"2";"7";"0";"2";"3";"1";"1";
"202000044617";"154 663 794";"A01";"1";"7";"0";"2";"2";"12";"1";
"202000044617";"154 663 798";"B01";"1";"7";"0";"2";"6";"1";"1";
"202000044618";"154 663 792";"A01";"3";"7";"0";"2";"3";"9";"1";
"202000044618";"154 663 793";"B01";"3";"1";"0";"2";"7";"1";"5";
"202000044619";"154 663 790";"B01";"1";"1";"0";"2";"3";"1";"5";
"202000044619";"154 663 791";"A01";"1";"7";"0";"2";"2";"17";"1";
"202000044620";"154 663 783";"B01";"0";"33";"0";"2";"1";"1";"1";
"202000044620";"154 663 786";"A01";"0";"7";"0";"2";"1";"15";"1";
"202000044621";"154 663 782";"A01";"1";"7";"0";"2";"4";"1";"1";
"202000044621";"154 663 785";"Z01";"1";"7";"0";"2";"0";"0";"1";
"202000044621";"154 663 787";"D01";"2";"7";"0";"2";"3";"1";"1";
"202000044621";"154 663 788";"C01";"1";"7";"0";"2";"1";"1";"1";
"202000044621";"154 663 789";"B01";"1";"7";"0";"2";"2";"1";"1";
"202000044622";"154 663 781";"A01";"2";"2";"0";"2";"4";"2";"1";
"202000044622";"154 663 784";"B01";"2";"31";"0";"2";"1";"2";"1";
"202000044623";"154 663 777";"B01";"2";"7";"4";"0";"4";"2";"1";
"202000044623";"154 663 778";"A01";"2";"7";"0";"2";"1";"2";"1";
"202000044624";"154 663 776";"A01";"1";"7";"6";"0";"1";"1";"6";
"202000044625";"154 663 779";"A01";"3";"7";"0";"2";"8";"1";"1";
"202000044625";"154 663 780";"B01";"3";"60";"0";"2";"0";"1";"5";
"202000044626";"154 663 772";"B01";"3";"7";"0";" -1";"8";"0";"0";
"202000044626";"154 663 774";"A01";"0";"7";"0";"2";"2";"17";"1";
"202000044627";"154 663 773";"A01";"1";"33";"0";"2";"1";"0";"1";
"202000044627";"154 663 775";"B01";"3";"7";"0";"2";"4";"1";"1";
"202000044628";"154 663 768";"A01";"1";"10";"0";"2";"2";"15";"1";
"202000044628";"154 663 769";"B01";"2";"33";"0";"2";"1";"1";"1";
"202000044629";"154 663 766";"B01";"2";"1";"0";"2";"1";"1";"5";
"202000044629";"154 663 767";"A01";"1";"7";"0";"2";"2";"15";"1";
"202000044630";"154 663 763";"A01";"1";"7";"0";"2";"3";"9";"1";
"202000044630";"154 663 765";"B01";"2";"2";"0";"2";"1";"1";"1";
"202000044631";"154 663 762";"A01";"1";"33";"0";"2";"2";"3";"1";
"202000044631";"154 663 764";"B01";"1";"7";"0";"2";"6";"15";"1";
"202000044632";"154 663 761";"A01";"1";"31";"0";"0";"8";"15";"1";
"202000044633";"154 663 757";"A01";"1";"7";"0";"1";"2";"1";"1";
"202000044634";"154 663 758";"B01";"1";"30";"0";"2";"4";"1";"1";
"202000044634";"154 663 759";"A01";"1";"7";"0";"2";"3";"1";"1";
"202000044635";"154 663 756";"B01";"2";"7";"0";"2";"3";"1";"0";
"202000044635";"154 663 760";"A01";"1";"7";"0";"2";"2";"1";"0";
"202000044636";"154 663 754";"A01";"3";"30";"0";"2";"6";"21";"1";
"202000044636";"154 663 755";"B01";"3";"7";"0";"2";"6";"26";"1";
"202000044637";"154 663 751";"A01";"2";"7";"1";"1";"2";"17";"1";
"202000044638";"154 663 752";"B01";"0";"7";"0";"2";"7";"1";"1";
"202000044638";"154 663 753";"A01";"2";"7";"0";"2";"1";"1";"1";
"202000044639";"154 663 745";"A01";"1";"7";"0";"2";"8";"14";"0";
"202000044639";"154 663 749";"B01";"2";"33";"0";"2";"1";"1";"0";
"202000044640";"154 663 746";"B01";"1";"31";"0";"2";"7";"1";"1";
"202000044640";"154 663 750";"A01";"1";"7";"0";"2";"1";"15";"1";
"202000044641";"154 663 741";"A01";"2";"7";"0";"1";"3";"1";"1";
"202000044642";"154 663 742";"B01";"3";"1";"0";"2";"7";"1";"5";
"202000044642";"154 663 743";"A01";"3";"7";"0";"9";"3";"9";"1";
"202000044643";"154 663 744";"B01";"1";"7";"15";"2";"1";"1";"1";
"202000044643";"154 663 747";"C01";"2";"7";"0";"2";"4";"23";"1";
"202000044643";"154 663 748";"A01";"2";"7";"0";"2";"1";"21";"1";
"202000044644";"154 663 739";"A01";"3";"33";"0";"0";"0";"1";"1";
"202000044645";"154 663 738";"B01";"0";"1";"0";"2";"1";"26";"5";
"202000044645";"154 663 740";"A01";"0";"7";"0";"2";"2";"1";"1";
"202000044646";"154 663 735";"A01";"1";"7";"0";"2";"1";"1";"1";
"202000044646";"154 663 737";"B01";"1";"7";"0";"2";"4";"23";"1";
"202000044647";"154 663 734";"A01";"3";"1";"0";"2";"5";"2";"5";
"202000044647";"154 663 736";"B01";"0";"1";"0";"0";"0";"0";"0";
"202000044648";"154 663 732";"A01";"1";"7";"0";"9";"1";"16";"1";
"202000044648";"154 663 733";"B01";"1";"1";"0";"2";"7";"1";"0";
"202000044649";"154 663 731";"A01";"3";"33";"0";"0";"2";"14";"0";
"202000044650";"154 663 728";"A01";"1";"2";"0";"0";"7";"1";"1";
"202000044651";"154 663 729";"B01";"1";"2";"0";"2";"4";"2";"1";
"202000044651";"154 663 730";"A01";"1";"7";"0";"2";"1";"9";"1";
"202000044652";"154 663 725";"B01";"1";"1";"0";"2";"4";"15";"5";
"202000044652";"154 663 727";"A01";"1";"30";"0";"2";"3";"17";"1";
"202000044653";"154 663 723";"A01";"3";"7";"0";"2";"4";"23";"0";
"202000044653";"154 663 726";"B01";"3";"7";"0";"2";"4";"0";"0";
"202000044654";"154 663 722";"B01";"2";"7";"0";"2";"4";"1";"1";
"202000044654";"154 663 724";"A01";"2";"7";"0";"2";"1";"2";"1";
"202000044655";"154 663 719";"B01";"2";"30";"0";"2";"8";"7";"1";
"202000044655";"154 663 720";"A01";"1";"7";"0";"2";"2";"15";"1";
"202000044656";"154 663 715";"A01";"1";"7";"0";"2";"1";"1";"1";
"202000044656";"154 663 717";"B01";"1";"7";"0";"2";"4";"1";"1";
"202000044657";"154 663 716";"C01";"1";"15";"3";"0";"6";"15";"1";
"202000044657";"154 663 718";"A01";"1";"7";"0";"2";"2";"11";"1";
"202000044657";"154 663 721";"B01";"1";"10";"3";"0";"7";"1";"0";
"202000044658";"154 663 713";"Z01";"3";"7";"0";"2";"4";"4";"0";
"202000044658";"154 663 714";"A01";"1";"1";"0";"2";"7";"1";"5";
"202000044659";"154 663 710";"A01";"1";"33";"10";"0";"1";"0";"1";
"202000044660";"154 663 711";"B01";"2";"1";"0";"0";"0";"0";"0";
"202000044660";"154 663 712";"A01";"1";"7";"0";"2";"3";"15";"1";
"202000044661";"154 663 706";"A01";"2";"30";"12";"2";"2";"14";"1";
"202000044661";"154 663 709";"B01";"2";"1";"0";"2";"2";"1";"5";
"202000044662";"154 663 705";"B01";"2";"32";"0";"2";"1";"17";"0";
"202000044662";"154 663 708";"A01";"2";"7";"0";"2";"3";"15";"1";
"202000044663";"154 663 701";"A01";"1";"7";"0";"2";"2";"14";"1";
"202000044663";"154 663 704";"B01";"1";"7";"0";"2";"3";"24";"1";
"202000044664";"154 663 702";"A01";"2";"33";"0";"2";"2";"3";"1";
"202000044664";"154 663 703";"B01";"2";"7";"0";"2";"3";"20";"1";
"202000044665";"154 663 700";"A01";"2";"2";"0";"2";"7";"16";"1";
"202000044665";"154 663 707";"B01";"2";"7";"0";"2";"3";"1";"1";
"202000044666";"154 663 698";"B01";"3";"1";"1";"0";"7";"1";"5";
"202000044666";"154 663 699";"A01";"3";"7";"0";"2";"3";"22";"1";
"202000044667";"154 663 695";"A01";"1";"32";"0";"2";"1";"3";"1";
"202000044667";"154 663 697";"B01";"1";"33";"0";"2";"4";"15";"1";
"202000044668";"154 663 693";"A01";"1";"33";"0";"2";"1";"17";"1";
"202000044668";"154 663 696";"B01";"1";"7";"0";"2";"3";"15";"1";
"202000044669";"154 663 692";"B01";"1";"10";"0";"2";"7";"1";"1";
"202000044669";"154 663 694";"A01";"1";"30";"0";"2";"3";"11";"1";
"202000044670";"154 663 690";"A01";"3";"10";"2";"0";"1";"26";"1";
"202000044671";"154 663 689";"A01";"1";"7";"0";"1";"8";"15";"1";
"202000044672";"154 663 687";"A01";"2";"10";"0";"1";"7";"1";"1";
"202000044673";"154 663 686";"A01";"2";"10";"0";"2";"1";"16";"1";
"202000044673";"154 663 688";"B01";"1";"1";"0";"2";"8";"1";"5";
"202000044674";"154 663 683";"A01";"3";"7";"0";"9";"3";"1";"1";
"202000044674";"154 663 685";"B01";"1";"80";"0";"0";"0";"0";"3";
"202000044675";"154 663 682";"A01";"2";"7";"0";"2";"3";"15";"1";
"202000044675";"154 663 684";"B01";"2";"7";"0";"2";"2";"5";"1";
"202000044676";"154 663 681";"B01";"3";"7";"0";"2";"0";"0";"0";
"202000044676";"154 663 691";"A01";"3";"7";"0";"2";"6";"1";"0";
"202000044677";"154 663 679";"A01";"1";"7";"0";"1";"4";"4";"1";
"202000044678";"154 663 678";"B01";"3";"7";"0";"2";"1";"2";"1";
"202000044678";"154 663 680";"A01";"3";"7";"0";"2";"4";"2";"1";
"202000044679";"154 663 677";"A01";"2";"31";"0";"2";"0";"26";"1";
"202000044680";"154 663 673";"B01";"0";"7";"0";"2";"2";"21";"1";
"202000044681";"154 663 671";"B01";"1";"7";"0";"2";"4";"1";"1";
"202000044681";"154 663 676";"A01";"1";"7";"0";"2";"1";"21";"1";
"202000044682";"154 663 667";"B01";"1";"2";"0";"2";"1";"1";"0";
"202000044682";"154 663 669";"A01";"2";"7";"0";"2";"3";"20";"0";
"202000044683";"154 663 666";"A01";"1";"7";"0";"2";"2";"21";"0";
"202000044683";"154 663 668";"B01";"1";"80";"0";"2";"3";"19";"3";
"202000044684";"154 663 662";"Z01";"1";"7";"0";"2";"1";"0";"0";
"202000044684";"154 663 663";"A01";"1";"33";"0";"2";"4";"1";"1";
"202000044685";"154 663 660";"A01";"1";"33";"0";"2";"1";"1";"1";
"202000044685";"154 663 661";"B01";"1";"7";"0";"2";"8";"15";"1";
"202000044686";"154 663 664";"B01";"3";"7";"0";"2";"3";"1";"4";
"202000044686";"154 663 665";"A01";"3";"32";"0";"2";"1";"19";"1";
"202000044687";"154 663 658";"A01";"0";"10";"1";"0";"3";"1";"1";
"202000044687";"154 663 659";"B01";"0";"7";"0";"0";"0";"0";"1";
"202000044688";"154 663 654";"B01";"2";"50";"0";"2";"1";"1";"3";
"202000044688";"154 663 657";"A01";"1";"30";"0";"2";"1";"15";"1";
"202000044689";"154 663 655";"B01";"1";"1";"0";"2";"1";"1";"5";
"202000044689";"154 663 656";"A01";"2";"7";"0";"2";"7";"16";"1";
"202000044690";"154 663 650";"A01";"1";"7";"1";"1";"2";"1";"1";
"202000044691";"154 663 649";"B01";"2";"33";"0";"2";"1";"1";"1";
"202000044691";"154 663 653";"A01";"2";"38";"0";"2";"3";"10";"1";"1"
"202000044692";"154 663 646";"A01";"3";"1";"0";"0";"0";"1";"5";
"202000044693";"154 663 644";"A01";"2";"7";"3";"0";"3";"14";"6";
"202000044694";"154 663 642";"A01";"3";"7";"0";"2";"3";"9";"1";
"202000044694";"154 663 643";"B01";"2";"2";"0";"2";"1";"1";"1";
"202000044695";"154 663 651";"A01";"1";"10";"0";"1";"1";"16";"1";
"202000044696";"154 663 640";"A01";"3";"32";"16";"0";"7";"1";"0";
"202000044697";"154 663 639";"A01";"1";"7";"13";"0";"2";"1";"6";
"202000044698";"154 663 634";"A01";"1";"7";"0";"2";"3";"13";"1";
"202000044698";"154 663 635";"B01";"2";"7";"0";"2";"3";"1";"1";
"202000044699";"154 663 632";"A01";"2";"33";"0";"6";"1";"0";"1";
"202000044700";"154 663 631";"A01";"1";"7";"0";"2";"8";"19";"1";
"202000044700";"154 663 633";"B01";"1";"33";"0";"2";"1";"1";"1";
"202000044701";"154 663 630";"A01";"1";"7";"0";"1";"3";"1";"0";
"202000044702";"154 663 638";"A01";"1";"33";"0";"0";"1";"1";"1";
"202000044703";"154 663 628";"B01";"3";"1";"0";"2";"1";"1";"5";
"202000044703";"154 663 637";"A01";"3";"7";"0";"0";"8";"9";"1";
"202000044704";"154 663 627";"B01";"2";"2";"0";"2";"8";"1";"1";
"202000044704";"154 663 629";"A01";"1";"7";"0";"2";"1";"1";"1";
"202000044705";"154 663 622";"A01";"1";"10";"0";"2";"3";"9";"1";
"202000044705";"154 663 624";"B01";"1";"1";"0";"2";"3";"1";"5";
"202000044706";"154 663 623";"A01";"1";"7";"0";"1";"4";"4";"1";
"202000044707";"154 663 618";"B01";"1";"31";"0";"2";"1";"1";"1";
"202000044707";"154 663 621";"A01";"0";"7";"0";"2";"1";"1";"1";
"202000044708";"154 663 617";"A01";"3";"7";"0";"1";"3";"1";"1";
"202000044709";"154 663 615";"A01";"1";"7";"0";"2";"3";"1";"1";
"202000044709";"154 663 616";"B01";"1";"33";"0";"2";"1";"1";"1";
"202000044710";"154 663 619";"B01";"3";"7";"0";"0";"4";"9";"1";
"202000044710";"154 663 620";"A01";"3";"7";"0";"2";"0";"0";"1";
"202000044711";"154 663 625";"A01";"2";"31";"7";"0";"7";"1";"1";
"202000044712";"154 663 613";"B01";"0";"7";"0";"2";"4";"1";"1";
"202000044712";"154 663 614";"A01";"0";"7";"0";"2";"1";"1";"1";
"202000044713";"154 663 607";"B01";"1";"1";"0";"2";"1";"1";"5";
"202000044713";"154 663 608";"A01";"1";"7";"0";"2";"2";"17";"1";
"202000044714";"154 663 611";"B01";"1";"7";"0";"2";"4";"2";"1";
"202000044714";"154 663 612";"A01";"1";"7";"0";"2";"1";"2";"1";
"202000044715";"154 663 610";"A01";"2";"7";"8";"0";"0";"1";"1";
"202000044716";"154 663 601";"A01";"2";"7";"0";"1";"2";"1";"1";
"202000044717";"154 663 602";"B01";"2";"1";"0";"2";"1";"19";"5";
"202000044717";"154 663 606";"A01";"2";"10";"0";"2";"2";"1";"1";
"202000044718";"154 663 600";"B01";"3";"1";"0";"9";"1";"16";"0";
"202000044718";"154 663 604";"A01";"3";"7";"0";"9";"0";"21";"1";
"202000044719";"154 663 599";"Z01";"3";"7";"0";"1";"1";"15";"0";
"202000044720";"154 663 598";"A01";"1";"7";"0";"1";"2";"1";" -1";
"202000044721";"154 663 603";"B01";"2";"33";"0";"2";"1";"1";"1";
"202000044721";"154 663 605";"A01";"1";"7";"0";"2";"1";"15";"1";
"202000044722";"154 663 596";"A01";"1";"7";"0";"2";"0";"15";"1";
"202000044722";"154 663 597";"B01";"1";"7";"0";"2";"0";"1";"2";
"202000044723";"154 663 593";"C01";"2";"3";"14";"0";"3";"21";"1";
"202000044723";"154 663 594";"B01";"2";"3";"14";"0";"8";"21";"1";
"202000044723";"154 663 595";"D01";"2";"7";"4";"0";"3";"2";" -1";
"202000044724";"154 663 590";"B01";"1";"7";"0";"2";"4";"2";"1";
"202000044724";"154 663 591";"A01";"1";"7";"0";"2";"1";"1";"1";
"202000044725";"154 663 588";"B01";"2";"80";"0";"2";"1";"1";"3";
"202000044725";"154 663 589";"A01";"1";"7";"0";"2";"7";"15";"1";
"202000044726";"154 663 587";"A01";"1";"7";"4";"0";"1";"1";"1";
"202000044727";"154 663 581";"A01";"1";"7";"0";"2";"1";"2";"1";
"202000044727";"154 663 582";"B01";"1";"7";"0";"2";"4";"1";"1";
"202000044728";"154 663 584";"B01";"3";"7";"0";"2";"4";"2";"1";
"202000044728";"154 663 592";"A01";"3";"7";"0";"2";"1";"2";"0";
"202000044729";"154 663 585";"A01";"2";"7";"0";"0";"9";"0";"1";
"202000044730";"154 663 579";"B01";"1";"7";"0";"2";"6";"1";"1";
"202000044730";"154 663 580";"A01";"1";"7";"0";"2";"2";"26";"1";
"202000044731";"154 663 577";"A01";"2";"60";"0";"2";"1";"1";"5";
"202000044731";"154 663 578";"B01";"2";"7";"0";"9";"2";"20";"1";
"202000044732";"154 663 576";"A01";"2";"7";"8";"0";"1";"1";"1";
"202000044733";"154 663 572";"B01";"1";"7";"0";"2";"2";"1";"1";
"202000044733";"154 663 575";"A01";"2";"10";"0";"2";"1";"15";"1";
"202000044734";"154 663 571";"A01";"1";"7";"0";"1";"7";"1";"0";
"202000044735";"154 663 570";"A01";"2";"7";"15";"0";"1";"16";"1";
"202000044736";"154 663 574";"A01";"2";"7";"0";"0";"4";"0";"1";
"202000044737";"154 663 583";"B01";"3";"2";"0";"2";"1";"1";"1";
"202000044737";"154 663 586";"A01";"3";"7";"0";"2";"1";"15";"1";
"202000044738";"154 663 568";"A01";"3";"7";"0";"2";"0";"9";"0";
"202000044738";"154 663 569";"B01";"1";"2";"0";"2";"2";"15";"1";
"202000044739";"154 663 567";"A01";"1";"7";"0";"1";"8";"15";"1";
"202000044740";"154 663 566";"A01";"1";"20";"12";"0";"7";"9";"1";
"202000044741";"154 663 573";"A01";"3";"2";"0";"0";"1";"2";"1";
"202000044742";"154 663 564";"A01";"1";"1";"0";"1";"1";"1";"5";
"202000044743";"154 663 562";"B01";"2";"7";"0";"2";"3";"15";"1";
"202000044743";"154 663 565";"A01";"2";"7";"0";"2";"2";"1";"1";
"202000044744";"154 663 563";"A01";"1";"7";"2";"0";"1";"2";"1";
"202000044745";"154 663 556";"B01";"0";"7";"0";"2";"4";"2";"1";
"202000044745";"154 663 557";"A01";"0";"7";"0";"2";"1";"2";"1";
"202000044746";"154 663 555";"A01";"0";"7";"0";"1";"1";"15";"1";
"202000044747";"154 663 558";"B01";"2";"7";"0";"2";"3";"1";"0";
"202000044747";"154 663 560";"A01";"1";"3";"0";"2";"1";"21";"1";
"202000044748";"154 663 553";"A01";"3";"30";"0";"2";"7";"0";"1";
"202000044748";"154 663 554";"B01";"3";"7";"0";"2";"3";"9";"1";
"202000044749";"154 663 552";"A01";"3";"7";"0";"1";"5";"16";"1";
"202000044750";"154 663 549";"A01";"2";"7";"0";"1";"1";"15";"1";
"202000044751";"154 663 548";"A01";"2";"3";"0";"1";"1";"1";"1";
"202000044752";"154 663 551";"B01";"1";"80";"0";"2";"1";"1";"3";
"202000044752";"154 663 559";"A01";"1";"7";"0";"2";"7";"1";"1";
"202000044753";"154 663 546";"B01";"0";"10";"0";"2";"2";"23";"1";
"202000044753";"154 663 547";"A01";"0";"33";"8";"0";"1";"21";"1";
"202000044754";"154 663 544";"A01";"1";"7";"2";"0";"1";"1";"1";
"202000044755";"154 663 542";"B01";"0";"50";"0";"0";" -1";"0";"3";
"202000044755";"154 663 545";"A01";"0";"3";"0";"0";"0";"0";" -1";
"202000044756";"154 663 541";"A01";"0";"7";"0";"0";"0";"0";"0";
"202000044756";"154 663 543";"Z01";"0";"7";"0";"0";"0";"0";"0";
"202000044757";"154 663 538";"A01";"1";"7";"0";"2";"2";"16";"1";
"202000044757";"154 663 540";"B01";"2";"2";"0";"2";"8";"1";"1";
"202000044758";"154 663 539";"A01";"2";"30";"0";"0";"7";"16";"1";
"202000044759";"154 663 536";"A01";"1";"31";"0";"9";"1";"17";"0";
"202000044759";"154 663 537";"B01";"3";"1";"0";"2";"8";"19";"0";
"202000044760";"154 663 534";"A01";"1";"99";"6";"0";"2";"1";"1";
"202000044761";"154 663 550";"B01";"1";"15";"0";"2";"1";"1";"1";
"202000044761";"154 663 561";"A01";"1";"2";"0";"2";"8";"19";"1";
"202000044762";"154 663 531";"B01";"1";"2";"0";"2";"0";"2";"1";
"202000044762";"154 663 533";"A01";"1";"7";"0";"2";"0";"15";"0";
"202000044763";"154 663 530";"A01";"3";"7";"0";"1";"6";"4";"2";
"202000044764";"154 663 527";"B01";"1";"31";"0";"2";"1";"1";"1";
"202000044764";"154 663 529";"A01";"1";"7";"0";"2";"7";"9";"1";
"202000044765";"154 663 526";"A01";"2";"7";"0";"2";"2";"19";"1";
"202000044765";"154 663 528";"B01";"1";"33";"0";"2";"1";"1";"1";
"202000044766";"154 663 524";"A01";"3";"7";"0";"2";"1";"2";"1";
"202000044766";"154 663 525";"B01";"3";"2";"0";"2";"4";"2";"1";
"202000044767";"154 663 521";"A01";"1";"7";"13";"0";"3";"13";"1";
"202000044768";"154 663 522";"A01";"1";"31";"0";"2";"2";"13";"1";
"202000044768";"154 663 523";"B01";"1";"7";"0";"2";"6";"15";"1";
"202000044769";"154 663 532";"A01";"3";"32";"0";" -1";" -1";"1";" -1";
"202000044769";"154 663 535";"B01";"3";"7";"0";" -1";" -1";"1";" -1";
"202000044770";"154 663 518";"A01";" -1";"7";"13";"0";"1";"0";"1";
"202000044771";"154 663 516";"Z01";"2";"0";"0";"2";"0";"0";"0";
"202000044771";"154 663 519";"B01";"1";"1";"0";"2";"0";"0";"5";
"202000044772";"154 663 512";"A01";"1";"7";"0";"1";"1";"1";" -1";
"202000044773";"154 663 508";"[01";"1";"7";"0";"2";"1";"1";"1";
"202000044773";"154 663 509";"B01";"1";"30";"0";"2";"0";"6";"1";
"202000044774";"154 663 510";"C01";"3";"7";"0";"0";"4";"23";"1";
"202000044774";"154 663 511";"B01";"0";"32";"0";"2";"4";"2";"1";
"202000044774";"154 663 515";"A01";"0";"7";"0";"2";"1";"2";"1";
"202000044775";"154 663 513";"A01";"1";"7";"0";"2";"5";"17";"1";
"202000044775";"154 663 520";"C01";"0";"1";"0";"2";"3";"2";"5";
"202000044776";"154 663 514";"B01";"1";"7";"0";"2";"4";"2";"1";
"202000044776";"154 663 517";"A01";"1";"10";"0";"2";"1";"2";"1";
"202000044777";"154 663 501";"A01";"1";"7";"0";"2";"3";"1";"1";
"202000044777";"154 663 507";"B01";"1";"1";"0";"2";"1";"1";"5";
"202000044778";"154 663 503";"A01";"2";"2";"12";"0";"8";"16";"1";
"202000044779";"154 663 500";"A01";"1";"10";"0";"2";"1";"2";"1";
"202000044779";"154 663 504";"B01";"1";"7";"0";"2";"2";"2";"1";
"202000044779";"154 663 505";"C01";"1";"7";"0";"2";"4";"2";"1";
"202000044779";"154 663 506";"Z01";"1";"7";"0";"2";"0";"0";"0";
"202000044780";"154 663 495";"A01";"2";"33";"0";"1";"1";"1";"1";
"202000044781";"154 663 498";"B01";"2";"31";"0";"0";"7";"1";"1";
"202000044781";"154 663 502";"A01";"3";"7";"6";"2";"1";"1";"1";
"202000044782";"154 663 493";"B01";"2";"10";"0";"2";"8";"1";"1";
"202000044782";"154 663 494";"A01";"2";"31";"0";"2";"2";"16";"1";
"202000044783";"154 663 489";"Z01";"1";"7";"0";"2";"0";"9";"0";
"202000044783";"154 663 490";"A01";"3";"30";"0";"2";"8";"1";"1";
"202000044784";"154 663 488";"A01";"2";"33";"2";"0";"1";"17";"1";
"202000044785";"154 663 485";"B01";"2";"31";"0";"2";"2";"1";"1";
"202000044785";"154 663 487";"A01";"2";"7";"0";"2";"3";"9";"1";
"202000044786";"154 663 484";"A01";"1";"43";"0";"1";"1";"17";"1";
"202000044787";"154 663 483";"A01";"1";"33";"0";"1";"1";"1";"1";
"202000044788";"154 663 486";"A01";"2";"7";"1";"0";"2";"1";"1";
"202000044789";"154 663 481";"A01";"2";"14";"0";"2";"2";"16";"1";
"202000044789";"154 663 482";"B01";"2";"7";"0";"2";"6";"1";"1";
"202000044790";"154 663 496";"A01";"1";"7";"0";"1";"1";"1";"1";
"202000044791";"154 663 497";"B01";"3";"1";"0";"2";"1";"5";"0";
"202000044791";"154 663 499";"A01";"3";"7";"0";"2";"3";"9";"1";