"Num_Acc";"id_vehicule";"num_veh";"senc";"catv";"obs";"obsm";"choc";"manv";"motor";"occutc"
"202000045021";"154 663 112";"B01";"2";"7";"0";"2";"1";"1";"1";
"202000045021";"154 663 115";"A01";"1";"10";"0";"2";"1";"13";"1";
"202000045022";"154 663 111";"B01";"3";"7";"0";"2";"1";"1";"0";
"202000045022";"154 663 113";"A01";"3";"7";"0";"1";"2";"1";"0";
"202000045023";"154 663 110";"A01";"3";"10";"0";"1";"4";"20";"1";
"202000045024";"154 663 108";"A01";"2";"10";"0";"2";"3";"1";"1";
"202000045024";"154 663 109";"B01";"1";"31";"0";"2";"3";"1";"1";
"202000045025";"154 663 106";"A01";"1";"2";"14";"0";"0";"1";"1";
"202000045026";"154 663 103";"B01";"2";"7";"0";"2";"1";"1";"1";
"202000045026";"154 663 107";"A01";"1";"7";"0";"2";"1";"13";"1";
"202000045027";"154 663 101";"A01";"2";"7";"5";"0";"2";"1";"1";
"202000045028";"154 663 104";"A01";"1";"2";"12";"0";"8";"1";"1";
"202000045029";"154 663 098";"A01";"1";"7";"1";"0";"9";"1";"1";
"202000045030";"154 663 097";"A01";"2";"7";"0";"0";"9";"14";"1";
"202000045031";"154 663 095";"A01";"1";"7";"0";"1";"2";"1";"1";
"202000045032";"154 663 096";"A01";"0";"7";"0";"2";"0";"13";"1";
"202000045032";"154 663 099";"D01";"0";"7";"0";"2";"0";"1";"1";
"202000045032";"154 663 100";"B01";"0";"7";"0";"2";"0";"1";"1";
"202000045032";"154 663 105";"C01";"0";"7";"0";"2";"0";"1";"1";
"202000045033";"154 663 102";"B01";"3";"2";"0";"2";"1";"21";"1";
"202000045033";"154 663 120";"A01";"3";"7";"0";"2";"1";"15";"1";
"202000045034";"154 663 093";"A01";"3";"30";"0";"1";"1";"1";"1";
"202000045035";"154 663 090";"A01";"1";"7";"1";"0";"1";"14";"1";
"202000045035";"154 663 094";"B01";"1";"7";"0";"2";"6";"23";"1";
"202000045036";"154 663 089";"A01";"1";"7";"0";"2";"2";"2";"0";
"202000045036";"154 663 092";"B01";"1";"2";"0";"2";"9";"2";"0";
"202000045037";"154 663 088";"B01";"1";"10";"0";"2";"4";"1";"1";
"202000045037";"154 663 091";"A01";"1";"33";"0";"2";"1";"3";"1";
"202000045038";"154 663 084";"C01";"2";"7";"0";"2";"4";"1";"1";
"202000045038";"154 663 085";"B01";"2";"33";"0";"2";"8";"3";"1";
"202000045038";"154 663 086";"A01";"2";"7";"0";"2";"2";"14";"1";
"202000045039";"154 663 083";"A01";"3";"7";"0";"1";"2";"12";"1";
"202000045040";"154 663 081";"A01";"0";"7";"0";"0";"9";"1";"1";
"202000045041";"154 663 079";"B01";"1";"7";"0";"2";"4";"2";"1";
"202000045041";"154 663 082";"A01";"1";"7";"0";"2";"1";"2";"1";
"202000045042";"154 663 078";"B01";"1";"30";"0";"2";"3";"1";"6";
"202000045042";"154 663 080";"A01";"1";"7";"0";"2";"2";"16";"6";
"202000045043";"154 663 076";"A01";"2";"7";"13";"2";"1";"13";"1";
"202000045043";"154 663 077";"B01";"1";"7";"0";"2";"1";"1";"1";
"202000045044";"154 663 074";"A01";"2";"7";"0";"2";"2";"2";"1";
"202000045044";"154 663 075";"B01";"2";"33";"0";"2";"8";"2";"1";
"202000045045";"154 663 072";"B01";"1";"1";"0";"2";"7";"15";"0";
"202000045045";"154 663 073";"A01";"2";"7";"0";"2";"1";"1";"0";
"202000045046";"154 663 069";"B01";"1";"7";"0";"2";"1";"1";"1";
"202000045046";"154 663 071";"A01";"1";"33";"0";"2";"8";"16";"1";
"202000045047";"154 663 065";"A01";"1";"7";"8";"0";"9";"1";"0";
"202000045048";"154 663 064";"B01";"3";"7";"0";"2";"1";"2";"1";
"202000045048";"154 663 066";"A01";"3";"7";"0";"2";"7";"2";"1";
"202000045049";"154 663 063";"B01";"1";"50";"0";"2";"0";"0";"3";
"202000045049";"154 663 067";"A01";"2";"7";"0";"2";"0";"1";"0";
"202000045050";"154 663 070";"A01";"3";"7";"0";"0";"0";"1";"1";
"202000045051";"154 663 061";"A01";"1";"7";"5";"0";"1";"2";"1";
"202000045052";"154 663 058";"B01";"2";"7";"0";"2";"3";"1";"0";
"202000045052";"154 663 060";"A01";"1";"33";"0";"2";"1";"9";"1";
"202000045053";"154 663 062";"A01";"1";"7";"0";"0";"0";"14";"1";
"202000045054";"154 663 059";"B01";"3";"7";"0";"2";"2";"17";"1";
"202000045054";"154 663 068";"A01";"3";"31";"0";"2";"8";"2";"1";
"202000045055";"154 663 052";"C01";"2";"7";"0";"2";"6";"23";"1";
"202000045055";"154 663 054";"B01";"2";"34";"0";"2";"7";"3";"1";
"202000045055";"154 663 056";"A01";"2";"10";"0";"2";"8";"11";"1";
"202000045056";"154 663 051";"B01";"1";"7";"0";"2";"1";"1";"1";
"202000045056";"154 663 053";"A01";"2";"30";"0";"2";"1";"13";"1";
"202000045057";"154 663 048";"B01";"1";"10";"0";"2";"1";"17";"1";
"202000045057";"154 663 049";"A01";"1";"10";"0";"2";"3";"15";"1";
"202000045058";"154 663 044";"A01";"2";"7";"0";"2";"6";"23";"1";
"202000045058";"154 663 045";"B01";"2";"7";"0";"2";"5";"1";"1";
"202000045058";"154 663 046";"C01";"2";"7";"0";"2";"3";"21";"1";
"202000045059";"154 663 047";"A01";"3";"10";"0";"1";"1";"21";"1";
"202000045060";"154 663 043";"A01";"2";"7";"0";"1";"1";"16";"1";
"202000045061";"154 663 050";"A01";"0";"1";"0";"0";"0";"1";"5";
"202000045062";"154 663 041";"B01";"2";"7";"0";"2";"3";"1";"1";
"202000045062";"154 663 042";"A01";"2";"7";"0";"2";"3";"13";"1";
"202000045063";"154 663 038";"A01";"1";"7";"0";"2";"7";"15";"1";
"202000045063";"154 663 040";"B01";"2";"7";"0";"2";"1";"1";"1";
"202000045064";"154 663 037";"A01";"1";"7";"3";"0";"6";"1";"1";
"202000045065";"154 663 033";"A01";"1";"33";"0";"0";"0";"1";"1";
"202000045066";"154 663 034";"A01";"1";"7";"0";"1";"1";"1";"1";
"202000045067";"154 663 031";"A01";"1";"7";"16";"0";"0";"17";"1";
"202000045068";"154 663 029";"A01";"2";"7";"0";"2";"8";"22";"1";
"202000045068";"154 663 030";"B01";"2";"1";"1";"0";"1";"1";"5";
"202000045069";"154 663 028";"A01";"1";"7";"2";"0";"8";"13";"1";
"202000045070";"154 663 027";"A01";"2";"30";"12";"0";"2";"15";"1";
"202000045071";"154 663 025";"B01";"2";"50";"0";"4";"1";"5";"3";
"202000045071";"154 663 026";"A01";"2";"40";"0";"2";"3";"1";"3";
"202000045072";"154 663 022";"B01";"1";"33";"0";"2";"7";"1";"1";
"202000045072";"154 663 023";"A01";"1";"1";"0";"2";"7";"15";"5";
"202000045073";"154 663 032";"B01";"2";"1";"0";"0";"4";"2";"5";
"202000045073";"154 663 035";"A01";"2";"7";"0";"9";"2";"2";"1";
"202000045074";"154 663 019";"A01";"1";"99";"1";"0";"1";"26";"0";
"202000045075";"154 663 018";"A01";"1";"7";"3";"0";"1";"1";"1";
"202000045076";"154 663 011";"A01";"1";"99";"0";"2";"1";"1";"1";
"202000045076";"154 663 014";"B01";"1";"7";"0";"2";"4";"1";"0";
"202000045076";"154 663 015";"C01";"1";"7";"0";"2";"4";"1";"1";
"202000045076";"154 663 017";"D01";"1";"7";"0";"2";"4";"1";"1";
"202000045077";"154 663 010";"C01";"2";"7";"0";"0";"1";"0";"0";
"202000045077";"154 663 012";"B01";"2";"7";"0";"0";"5";"0";"0";
"202000045077";"154 663 016";"A01";"2";"7";"0";"0";"4";"0";"0";
"202000045078";"154 663 008";"A01";"3";"33";"2";"0";"1";"21";"1";
"202000045079";"154 663 004";"A01";"3";"2";"0";"2";"7";"26";"6";
"202000045079";"154 663 005";"B01";"0";"7";"0";"2";"1";"1";"6";
"202000045080";"154 663 006";"A01";"2";"33";"0";"2";"6";"18";"1";
"202000045080";"154 663 007";"B01";"2";"7";"0";"2";"2";"16";"1";
"202000045081";"154 663 020";"A01";"1";"7";"12";"0";"2";"0";"1";
"202000045082";"154 663 002";"B01";"1";"2";"0";"2";"7";"15";"6";
"202000045082";"154 663 003";"A01";"1";"7";"0";"2";"1";"16";"6";
"202000045083";"154 663 021";"B01";"3";"7";"0";"2";"1";"1";"1";
"202000045083";"154 663 024";"A01";"3";"1";"0";"2";"2";"15";"5";
"202000045084";"154 663 009";"A01";"1";"30";"0";"4";"0";"19";"1";
"202000045084";"154 663 013";"B01";"2";"40";"0";"2";"1";"1";"3";
"202000045085";"154 662 996";"A01";"1";"10";"0";"4";"6";"15";"1";
"202000045085";"154 662 998";"B01";"1";"40";"0";"2";"1";"1";"3";
"202000045086";"154 662 997";"A01";"2";"7";"0";"2";"1";"10";"1";
"202000045086";"154 663 000";"B01";"2";"1";"0";"2";"1";"1";"5";
"202000045087";"154 662 992";"A01";"2";"7";"0";"2";"1";"1";"1";
"202000045087";"154 662 994";"B01";"2";"7";"8";"2";"8";"1";"1";
"202000045088";"154 662 985";"B01";"2";"13";"0";"2";"3";"1";"1";
"202000045088";"154 662 987";"A01";"1";"7";"0";"2";"3";"13";"1";
"202000045089";"154 662 990";"A01";"0";"7";"0";"2";"1";"1";"1";
"202000045089";"154 662 993";"B01";"0";"7";"0";"2";"1";"13";"1";
"202000045090";"154 662 988";"A01";"3";"7";"0";"2";"1";"1";"1";
"202000045090";"154 662 989";"B01";"3";"7";"0";"2";"2";"1";"1";
"202000045091";"154 662 986";"A01";"2";"7";"2";"0";"6";"1";"1";
"202000045092";"154 662 984";"A01";"2";"2";"8";"0";"0";"0";"0";
"202000045093";"154 662 982";"A01";"1";"30";"1";"0";"0";"0";"1";
"202000045094";"154 662 983";"B01";"1";"37";"0";"2";"2";"1";"0";"1"
"202000045094";"154 662 991";"A01";"0";"7";"0";"2";"1";"9";"0";
"202000045095";"154 662 978";"A01";"1";"33";"6";"0";"3";"1";"1";
"202000045096";"154 662 973";"A01";"3";"3";"0";"0";"7";"13";"3";
"202000045097";"154 662 974";"A01";"1";"7";"0";"2";"5";"15";"1";
"202000045097";"154 662 976";"B01";"1";"7";"0";"2";"2";"1";"1";
"202000045098";"154 662 971";"B01";"1";"40";"0";"2";"2";"1";"3";
"202000045098";"154 662 975";"A01";"2";"10";"7";"4";"6";"19";"1";
"202000045099";"154 662 970";"B01";"2";"7";"0";"2";"6";"1";"1";
"202000045099";"154 662 972";"A01";"2";"7";"3";"2";"2";"17";"1";
"202000045100";"154 662 980";"B01";"1";"7";"0";"0";"7";"1";"1";
"202000045100";"154 662 981";"A01";"0";"7";"0";"2";"1";"1";"0";
"202000045101";"154 662 967";"A01";"2";"7";"0";"2";"1";"2";"1";
"202000045101";"154 662 969";"B01";"2";"7";"0";"2";"4";"15";"1";
"202000045102";"154 662 965";"A01";"0";"33";"8";"0";"1";"1";"1";
"202000045103";"154 662 968";"A01";"3";"7";"2";"0";"1";"1";"0";
"202000045104";"154 662 962";"A01";"1";"7";"0";"1";"1";"1";"1";
"202000045105";"154 662 961";"A01";"1";"33";"0";"0";"2";"14";"1";
"202000045106";"154 662 958";"B01";"2";"33";"0";"2";"1";"1";"1";
"202000045106";"154 662 959";"A01";"1";"7";"0";"2";"2";"15";"1";
"202000045107";"154 662 956";"B01";"3";"1";"1";"2";"1";"1";"5";
"202000045107";"154 662 957";"A01";"3";"10";"1";"9";"3";"13";"1";
"202000045108";"154 662 951";"B01";"2";"33";"0";"2";"2";"1";"0";
"202000045108";"154 662 963";"A01";"1";"7";"0";"2";"6";"9";"0";
"202000045109";"154 662 954";"Z01";"2";"99";"0";"2";"8";"17";"0";
"202000045109";"154 662 955";"B01";"2";"33";"9";"2";"0";"0";"1";
"202000045110";"154 662 949";"A01";"1";"7";"8";"0";"1";"0";"0";
"202000045111";"154 662 952";"B01";"0";"7";"0";"2";"3";"9";"0";
"202000045111";"154 662 960";"A01";"0";"2";"0";"2";"2";"2";"0";
"202000045112";"154 662 953";"A01";"1";"7";"0";"1";"1";"1";"1";
"202000045113";"154 662 948";"A01";"1";"7";"0";"2";"1";"15";"1";
"202000045113";"154 662 950";"B01";"3";"7";"0";"0";"1";"1";"1";
"202000045114";"154 662 946";"B01";"2";"30";"0";"2";"4";"0";"1";
"202000045114";"154 662 947";"A01";"2";"7";"0";"2";"1";"1";"1";
"202000045115";"154 662 945";"A01";"1";"7";"15";"0";"2";"19";"1";
"202000045116";"154 662 940";"A01";"2";"7";"0";"2";"1";"26";"1";
"202000045116";"154 662 941";"B01";"1";"7";"0";"2";"1";"1";"1";
"202000045117";"154 662 942";"A01";"3";"7";"0";"2";"3";"13";"0";
"202000045117";"154 662 944";"B01";"3";"7";"0";"2";"3";"2";"1";
"202000045118";"154 662 943";"A01";"1";"10";"0";"1";"1";"15";"0";
"202000045119";"154 662 939";"A01";"0";"7";"0";"1";"1";"15";"0";
"202000045120";"154 662 936";"A01";"3";"7";"0";"1";"1";"2";"1";
"202000045121";"154 662 933";"A01";"1";"30";"0";"2";"4";"1";"1";
"202000045121";"154 662 935";"Z01";"1";"7";"0";"2";"1";"1";"0";
"202000045122";"154 662 934";"A01";"2";"7";"8";"0";"1";"1";"1";
"202000045123";"154 662 931";"A01";"1";"10";"0";"2";"8";"10";"1";
"202000045123";"154 662 932";"B01";"1";"17";"0";"2";"2";"1";"2";
"202000045124";"154 662 930";"A01";"2";"32";"0";"1";"1";"1";"1";
"202000045125";"154 662 925";"A01";"2";"7";"0";"2";"3";"15";"1";
"202000045125";"154 662 926";"B01";"1";"2";"0";"2";"1";"1";"1";
"202000045126";"154 662 919";"B01";"3";"2";"0";"2";"1";"17";"1";
"202000045126";"154 662 922";"C01";"3";"7";"0";"0";"3";"15";"1";
"202000045127";"154 662 921";"B01";"2";"7";"0";"2";"2";"1";"1";
"202000045127";"154 662 927";"A01";"1";"7";"0";"2";"2";"1";"1";
"202000045128";"154 662 923";"A01";"2";"7";"0";"2";"3";"13";"1";
"202000045128";"154 662 937";"B01";"1";"17";"0";"2";"3";"1";"1";
"202000045128";"154 662 938";"C01";"2";"7";"0";"9";"0";"1";"1";
"202000045129";"154 662 924";"C01";"1";"7";"0";"2";"4";"15";"1";
"202000045129";"154 662 928";"B01";"1";"7";"0";"2";"1";"1";"1";
"202000045129";"154 662 929";"A01";"1";"10";"0";"2";"1";"1";"1";
"202000045130";"154 662 918";"B01";" -1";"33";"16";"0";"7";"0";"1";
"202000045130";"154 662 920";"A01";"3";"33";"10";"0";"1";"14";"1";
"202000045131";"154 662 917";"A01";"1";"7";"2";"0";"8";"17";"1";
"202000045132";"154 662 910";"B01";"2";"34";"0";"2";"1";"1";"0";
"202000045132";"154 662 912";"A01";"1";"7";"0";"2";"5";"15";"1";
"202000045133";"154 662 911";"A01";"1";"7";"8";"0";"2";"0";"1";
"202000045134";"154 662 914";"A01";"1";"33";"12";"0";"1";"9";"1";
"202000045135";"154 662 915";"A01";"1";"2";"0";"2";"1";"2";"1";
"202000045135";"154 662 916";"B01";"1";"10";"0";"2";"4";"2";"1";
"202000045136";"154 662 905";"D01";"2";"7";"0";"2";"1";"1";"1";
"202000045136";"154 662 906";"C01";"2";"7";"0";"2";"1";"1";"1";
"202000045136";"154 662 907";"B01";"2";"7";"0";"2";"4";"23";"1";
"202000045136";"154 662 909";"A01";"2";"7";"4";"0";"1";"1";"1";
"202000045137";"154 662 902";"A01";"2";"33";"0";"0";"9";"21";"1";
"202000045138";"154 662 903";"A01";"3";"7";"0";"2";"1";"26";"0";
"202000045138";"154 662 908";"B01";"3";"7";"0";"2";"1";"13";"0";
"202000045139";"154 662 901";"A01";"3";"37";"0";"2";"2";"7";"4";"4"
"202000045139";"154 662 913";"Z01";"3";"30";"0";"2";"1";"19";"0";
"202000045140";"154 662 898";"C01";"2";"7";"0";"2";"7";"1";"1";
"202000045140";"154 662 900";"B01";"2";"7";"0";"2";"6";"1";"1";
"202000045140";"154 662 904";"A01";"2";"33";"0";"2";"1";"3";"1";
"202000045141";"154 662 896";"A01";"2";"7";"0";"1";"3";"1";"0";
"202000045142";"154 662 895";"B01";"2";"16";"0";"2";"0";"2";"1";
"202000045142";"154 662 899";"A01";"2";"33";"13";"2";"0";"1";"1";
"202000045143";"154 662 894";"A01";"2";"7";"0";"2";"1";"13";"1";
"202000045143";"154 662 897";"B01";"1";"37";"0";"2";"3";"1";"1";"3"
"202000045144";"154 662 891";"A01";"1";"7";"0";"2";"7";"0";"1";
"202000045144";"154 662 893";"B01";"2";"10";"0";"2";"1";"1";"1";
"202000045145";"154 662 890";"B01";"2";"10";"0";"2";"3";"21";"1";
"202000045145";"154 662 892";"A01";"1";"7";"0";"2";"3";"13";"1";
"202000045146";"154 662 888";"A01";"2";"31";"0";"0";"7";"21";"0";
"202000045147";"154 662 887";"B01";"3";"30";"0";"2";"7";"17";"1";
"202000045147";"154 662 889";"A01";"3";"7";"0";"2";"1";"9";"1";
"202000045148";"154 662 886";"A01";"1";"7";"0";"1";"3";"1";"1";
"202000045149";"154 662 881";"C01";"2";"10";"0";"2";"1";"1";"1";
"202000045149";"154 662 883";"A01";"2";"7";"0";"2";"4";"1";"1";
"202000045149";"154 662 885";"B01";"2";"7";"0";"2";"1";"2";"1";
"202000045150";"154 662 882";"A01";"3";"36";"0";"0";"9";"1";"1";
"202000045151";"154 662 877";"B01";"2";"7";"14";"0";"1";"1";"1";
"202000045151";"154 662 879";"A01";"2";"7";"3";"2";"1";"23";"1";
"202000045152";"154 662 880";"Y01";"1";"1";"0";"2";"7";"1";"5";
"202000045152";"154 662 884";"A01";"1";"7";"0";"9";"1";"1";"1";
"202000045153";"154 662 875";"A01";"2";"10";"7";"0";"1";"0";"1";
"202000045154";"154 662 876";"B01";"3";"7";"0";"2";"8";"1";"1";
"202000045154";"154 662 878";"A01";"3";"31";"0";"2";"8";"1";"1";
"202000045155";"154 662 869";"A01";"1";"31";"0";"6";"2";"1";"1";
"202000045156";"154 662 868";"A01";"2";"10";"0";"2";"1";"1";"1";
"202000045156";"154 662 871";"B01";"2";"10";"0";"2";"4";"1";"1";
"202000045156";"154 662 872";"C01";"2";"10";"0";"2";"4";"1";"1";
"202000045157";"154 662 867";"A01";"1";"7";"13";"0";"2";"1";"0";
"202000045158";"154 662 866";"A01";"1";"7";"3";"0";"1";"26";"1";
"202000045159";"154 662 863";"A01";"2";"37";"0";"1";"2";"9";"0";"0"
"202000045160";"154 662 862";"D01";"2";"7";"0";"2";"4";"2";"1";
"202000045160";"154 662 870";"C01";"2";"7";"0";"2";"4";"2";"1";
"202000045160";"154 662 873";"B01";"2";"7";"0";"2";"4";"2";"1";
"202000045160";"154 662 874";"A01";"2";"7";"0";"2";"1";"2";"1";
"202000045161";"154 662 861";"A01";"2";"7";"3";"0";"9";"1";"1";
"202000045162";"154 662 858";"A01";"3";"7";"0";"2";"1";"11";"1";
"202000045162";"154 662 859";"B01";"3";"7";"0";"2";"6";"1";"1";
"202000045162";"154 662 860";"C01";"3";"7";"0";"2";"3";"1";"1";
"202000045163";"154 662 856";"A01";"1";"1";"0";"2";"4";"12";"5";
"202000045163";"154 662 857";"Z01";"1";"99";"0";"2";"1";"18";"0";
"202000045164";"154 662 854";"A01";"1";"7";"0";"2";"3";"1";"1";
"202000045164";"154 662 855";"B01";"1";"1";"0";"2";"1";"1";"5";
"202000045165";"154 662 852";"A01";"2";"7";"0";"1";"2";"1";"1";
"202000045166";"154 662 853";"C01";"2";"99";"0";"2";"4";"1";"1";
"202000045166";"154 662 864";"A01";"2";"7";"0";"2";"3";"9";"1";
"202000045166";"154 662 865";"B01";"2";"7";"0";"2";"5";"9";"1";
"202000045167";"154 662 849";"B01";"2";"7";"0";"2";"3";"15";"1";
"202000045167";"154 662 850";"A01";"2";"31";"0";"2";"2";"17";"1";
"202000045168";"154 662 847";"B01";"2";"7";"0";"2";"4";"23";"1";
"202000045168";"154 662 848";"A01";"2";"10";"0";"2";"1";"1";"1";
"202000045169";"154 662 851";"A01";"1";"7";"3";"0";"1";"9";"1";
"202000045170";"154 662 845";"A01";"1";"33";"0";"0";"2";"14";"1";
"202000045171";"154 662 844";"B01";"1";"33";"0";"2";"1";"2";"1";
"202000045171";"154 662 846";"A01";"1";"7";"0";"2";"4";"2";"1";
"202000045172";"154 662 843";"A01";"1";"30";"0";"1";"0";"1";"1";
"202000045173";"154 662 842";"A01";"2";"7";"4";"0";"1";"1";"1";
"202000045174";"154 662 837";"A01";"3";"7";"0";"2";"2";"9";"1";
"202000045174";"154 662 841";"B01";"3";"7";"0";"2";"5";"1";"1";
"202000045175";"154 662 839";"B01";"1";"7";"0";"2";"8";"1";"1";
"202000045175";"154 662 840";"A01";"1";"17";"0";"2";"2";"12";"1";
"202000045176";"154 662 835";"B01";"1";"7";"0";"2";"3";"9";"1";
"202000045176";"154 662 836";"A01";"1";"33";"0";"2";"1";"1";"1";
"202000045177";"154 662 833";"A01";"1";"33";"3";"0";"9";"2";"1";
"202000045178";"154 662 838";"Z01";"2";"32";"0";"1";"1";"25";"0";
"202000045179";"154 662 830";"B01";"2";"7";"0";"2";"1";"1";"1";
"202000045179";"154 662 832";"A01";"2";"7";"0";"2";"4";"1";"1";
"202000045180";"154 662 834";"A01";"0";"30";"0";"0";"0";"1";"1";
"202000045181";"154 662 829";"B01";"2";"7";"0";"2";"4";"1";"1";
"202000045181";"154 662 831";"A01";"2";"7";"0";"2";"1";"1";"1";
"202000045182";"154 662 827";"A01";"1";"7";"0";"2";"1";"23";"1";
"202000045182";"154 662 828";"B01";"1";"33";"0";"2";"1";"1";"1";
"202000045183";"154 662 822";"A01";"2";"7";"0";"0";"9";"2";"1";
"202000045184";"154 662 819";"D01";"1";"7";"0";"2";"4";"1";"1";
"202000045184";"154 662 823";"C01";"0";"7";"0";"2";"2";"17";"1";
"202000045184";"154 662 825";"B01";"1";"7";"0";"0";"0";"13";"1";
"202000045184";"154 662 826";"A01";"1";"10";"0";"0";"0";"9";"1";
"202000045185";"154 662 818";"B01";"0";"7";"0";"2";"2";"1";"1";
"202000045185";"154 662 821";"A01";"0";"7";"0";"2";"1";"9";"1";
"202000045186";"154 662 816";"B01";"3";"30";"0";"2";"1";"17";"1";
"202000045186";"154 662 817";"A01";"3";"10";"0";"2";"3";"15";"1";
"202000045187";"154 662 812";"A01";"2";"7";"0";"2";"1";"15";"1";
"202000045187";"154 662 813";"B01";"1";"33";"0";"2";"1";"1";"1";
"202000045188";"154 662 814";"A01";"2";"10";"0";"2";"6";"11";"1";
"202000045188";"154 662 815";"B01";"2";"33";"0";"2";"2";"1";"1";
"202000045189";"154 662 810";"A01";"1";"7";"0";"2";"1";"14";"1";
"202000045189";"154 662 811";"B01";"1";"7";"0";"2";"8";"1";"1";
"202000045190";"154 662 807";"A01";"2";"7";"4";"0";"1";"13";"1";
"202000045191";"154 662 808";"B01";"3";"7";"0";"2";"2";"19";"1";
"202000045191";"154 662 809";"A01";"1";"33";"0";"2";"3";"26";"1";
"202000045192";"154 662 820";"A01";"3";"1";"0";"2";"1";"16";"5";
"202000045192";"154 662 824";"B01";"3";"1";"0";"9";"1";"1";"5";
"202000045193";"154 662 801";"C01";"2";"7";"0";"2";"1";"0";"1";
"202000045193";"154 662 804";"B01";"2";"7";"0";"2";"6";"26";"1";
"202000045193";"154 662 805";"A01";"2";"7";"0";"2";"0";"26";"1";
"202000045194";"154 662 800";"B01";"2";"33";"0";"2";"3";"1";"1";
"202000045194";"154 662 806";"A01";"2";"7";"0";"2";"2";"9";"1";
"202000045195";"154 662 798";"A01";"2";"15";"0";"2";"1";"0";"1";
"202000045195";"154 662 799";"B01";"2";"7";"0";"2";"6";"1";"1";
"202000045196";"154 662 797";"A01";"0";"7";"0";"1";"2";"1";"0";
"202000045197";"154 662 795";"A01";"1";"7";"0";"2";"1";"2";"1";
"202000045197";"154 662 796";"B01";"1";"32";"0";"2";"4";"1";"1";
"202000045198";"154 662 794";"A01";"1";"7";"0";"1";"7";"17";"1";
"202000045199";"154 662 791";"A01";"1";"7";"0";"2";"2";"13";"1";
"202000045199";"154 662 793";"B01";"1";"34";"0";"2";"2";"3";"1";
"202000045200";"154 662 802";"A01";"1";"30";"0";"0";"1";"26";"0";
"202000045201";"154 662 790";"A01";"1";"7";"0";"2";"1";"26";"1";
"202000045201";"154 662 792";"B01";"1";"32";"0";"2";"4";"23";"1";
"202000045202";"154 662 787";"B01";"1";"1";"0";"2";"1";"0";"0";
"202000045202";"154 662 788";"A01";"1";"43";"0";"2";"1";"0";"0";
"202000045203";"154 662 785";"B01";"1";"7";"0";"2";"6";"15";"1";
"202000045203";"154 662 786";"A01";"1";"30";"0";"2";"7";"17";"1";
"202000045204";"154 662 784";"Z01";"1";"7";"0";"1";"1";"1";"0";
"202000045205";"154 662 782";"B01";"2";"33";"0";"2";"8";"3";"1";
"202000045205";"154 662 789";"A01";"2";"7";"0";"2";"2";"12";"1";
"202000045206";"154 662 781";"A01";"2";"7";"0";"1";"4";"4";"1";
"202000045207";"154 662 779";"A01";"2";"7";"4";"0";"8";"0";"6";
"202000045208";"154 662 776";"A01";"3";"7";"0";"2";"2";"0";"1";
"202000045208";"154 662 777";"B01";"3";"7";"0";"2";"3";"16";"1";
"202000045209";"154 662 778";"A01";"1";"7";"0";"2";"1";"2";"0";
"202000045209";"154 662 780";"B01";"1";"7";"0";"2";"4";"2";"0";
"202000045210";"154 662 783";"A01";"1";"34";"0";"2";"1";"17";"1";
"202000045210";"154 662 803";"B01";"1";"7";"0";"2";"3";"16";"1";
"202000045211";"154 662 771";"C01";"1";"7";"0";"2";"1";"2";"1";
"202000045211";"154 662 773";"B01";"1";"7";"0";"2";"4";"1";"1";
"202000045211";"154 662 775";"A01";"1";"7";"0";"2";"4";"16";"1";
"202000045212";"154 662 772";"A01";"1";"7";"0";"2";"1";"13";"1";
"202000045212";"154 662 774";"B01";"2";"7";"0";"2";"3";"1";"1";
"202000045213";"154 662 766";"A01";"2";"7";"0";"2";"1";"26";"1";
"202000045213";"154 662 767";"B01";"2";"7";"0";"2";"4";"1";"1";
"202000045214";"154 662 765";"A01";"1";"7";"0";"1";"1";"26";"1";
"202000045215";"154 662 770";"A01";"2";"15";"4";"0";"9";"2";"1";
"202000045216";"154 662 768";"B01";"2";"7";"0";"2";"7";"15";"1";
"202000045216";"154 662 769";"A01";"1";"30";"0";"2";"1";"1";"1";
"202000045217";"154 662 760";"A01";"2";"10";"3";"0";"1";"21";"1";
"202000045218";"154 662 763";"Z01";"1";"7";"0";"2";"3";"15";"1";
"202000045218";"154 662 764";"B01";"1";"34";"0";"2";"7";"1";"1";
"202000045219";"154 662 756";"A01";"1";"50";"0";"2";"1";"25";"3";
"202000045219";"154 662 759";"B01";"3";"7";"0";"9";"3";"0";"0";
"202000045220";"154 662 755";"B01";"3";"2";"0";"2";"7";"1";"1";
"202000045220";"154 662 757";"A01";"3";"1";"0";"2";"1";"5";"0";
"202000045221";"154 662 754";"B01";"2";"34";"0";"2";"1";"3";"1";
"202000045221";"154 662 758";"A01";"2";"7";"0";"2";"4";"11";"1";
"202000045222";"154 662 751";"A01";"2";"10";"15";"2";"1";"17";"1";
"202000045222";"154 662 761";"C01";"1";"7";"0";"2";"6";"1";"1";
"202000045222";"154 662 762";"B01";"2";"10";"0";"2";"8";"1";"1";
"202000045223";"154 662 753";"A01";"2";"33";"0";"2";"0";"3";"0";
"202000045224";"154 662 749";"B01";" -1";"7";"0";"2";"7";"11";"1";
"202000045224";"154 662 752";"A01";" -1";"34";"0";"2";"7";"5";"1";
"202000045225";"154 662 744";"B01";"2";"34";"0";"2";"1";"3";"1";