"Num_Acc";"id_vehicule";"num_veh";"senc";"catv";"obs";"obsm";"choc";"manv";"motor";"occutc"
"202000045451";"154 662 368";"B01";"1";"7";"0";"2";"4";"23";"1";
"202000045451";"154 662 373";"A01";"1";"2";"14";"0";"1";"2";"1";
"202000045452";"154 662 366";"B01";"2";"34";"0";"2";"3";"1";"1";
"202000045452";"154 662 367";"A01";"2";"3";"0";"2";"5";"12";"1";
"202000045453";"154 662 363";"A01";"2";"7";"0";"2";"1";"1";"1";
"202000045453";"154 662 365";"B01";"2";"7";"0";"2";"4";"23";"1";
"202000045454";"154 662 364";"B01";"1";"7";"0";"2";"4";"1";"1";
"202000045454";"154 662 369";"A01";"1";"7";"0";"2";"1";"2";"1";
"202000045455";"154 662 371";"A01";"2";"0";"0";"1";"2";"1";"0";
"202000045456";"154 662 358";"A01";"1";"7";"0";"2";"2";"1";"1";
"202000045456";"154 662 362";"B01";"1";"32";"0";"2";"1";"1";"1";
"202000045457";"154 662 372";"A01";"0";"7";"0";"1";"1";"9";"1";
"202000045458";"154 662 355";"B01";"1";"7";"0";"2";"3";"2";"1";
"202000045458";"154 662 357";"A01";"1";"7";"4";"6";"2";"1";"1";
"202000045459";"154 662 351";"B01";"1";"7";"0";"2";"5";"2";"1";
"202000045459";"154 662 359";"A01";"1";"7";"0";"2";"3";"2";"1";
"202000045460";"154 662 352";"A01";"1";"7";"0";"2";"1";"1";"1";
"202000045460";"154 662 360";"B01";"1";"7";"0";"2";"4";"1";"1";
"202000045460";"154 662 361";"C01";"1";"10";"0";"2";"4";"1";"0";
"202000045461";"154 662 354";"A01";"0";"7";"0";"2";"3";"15";"1";
"202000045461";"154 662 356";"B01";"0";"7";"0";"2";"3";"1";"1";
"202000045462";"154 662 349";"A01";"1";"7";"0";"1";"7";"16";"0";
"202000045463";"154 662 345";"A01";"3";"7";"2";"0";"2";"1";"1";
"202000045464";"154 662 347";"A01";"0";"1";"0";"2";"1";"19";"5";
"202000045464";"154 662 348";"B01";"2";"7";"0";"2";"6";"1";"1";
"202000045465";"154 662 353";"A01";"0";"33";"0";"0";"7";"1";"0";
"202000045466";"154 662 344";"A01";"1";"33";"0";"0";"7";"1";"1";
"202000045467";"154 662 343";"B01";"2";"7";"0";"2";"4";"12";"1";
"202000045467";"154 662 346";"A01";"2";"33";"0";"2";"1";"3";"1";
"202000045468";"154 662 342";"A01";"2";"7";"10";"0";"2";"1";"6";
"202000045469";"154 662 339";"A01";"1";"7";"6";"0";"1";"1";"1";
"202000045470";"154 662 340";"A01";"2";"7";"0";"2";"8";"1";"1";
"202000045470";"154 662 341";"B01";"2";"30";"0";"2";"2";"16";"1";
"202000045471";"154 662 336";"A01";"1";"10";"0";"0";"2";"1";"1";
"202000045472";"154 662 335";"A01";"1";"7";"0";"2";"1";"5";"1";
"202000045472";"154 662 337";"B01";"1";"7";"0";"2";"1";"1";"1";
"202000045473";"154 662 333";"B01";"2";"7";"0";"2";"1";"1";"1";
"202000045473";"154 662 334";"A01";"1";"7";"0";"2";"8";"13";"1";
"202000045474";"154 662 332";"A01";"1";"43";"0";"1";"7";"17";"1";
"202000045475";"154 662 328";"A01";"1";"10";"2";"6";"1";"14";"1";
"202000045476";"154 662 329";"A01";"3";"7";"0";"1";"3";"1";"1";
"202000045477";"154 662 330";"B01";"3";"1";"0";"2";"1";"1";"5";
"202000045477";"154 662 331";"A01";"3";"7";"0";"2";"3";"1";"1";
"202000045478";"154 662 326";"A01";"1";"1";"12";"2";"1";"13";"5";
"202000045478";"154 662 327";"B01";"2";"1";"0";"2";"1";"1";"5";
"202000045479";"154 662 325";"A01";"2";"7";"2";"0";"1";"1";"0";
"202000045480";"154 662 324";"Z01";"0";"30";"0";"1";"8";"1";"0";
"202000045481";"154 662 323";"A01";"3";"7";"8";"0";"2";"1";"1";
"202000045482";"154 662 320";"B01";"1";"31";"0";"2";"1";"13";"1";
"202000045482";"154 662 321";"A01";"1";"7";"0";"2";"3";"10";"1";
"202000045483";"154 662 316";"A01";"2";"7";"2";"0";"7";"13";"1";
"202000045484";"154 662 317";"A01";"2";"7";"0";"2";"1";"13";"1";
"202000045484";"154 662 319";"B01";"1";"7";"0";"2";"1";"1";"1";
"202000045485";"154 662 322";"A01";"2";"10";"0";"1";"1";"15";"1";
"202000045486";"154 662 315";"A01";"1";"7";"0";"2";"3";"15";"1";
"202000045486";"154 662 318";"B01";"2";"50";"0";"2";"3";"1";"3";
"202000045487";"154 662 313";"A01";"2";"7";"2";"0";"2";"14";"1";
"202000045488";"154 662 312";"A01";"2";"33";"12";"0";"1";"14";"1";
"202000045489";"154 662 309";"A01";"1";"30";"0";"2";"1";"14";"1";
"202000045489";"154 662 311";"B01";"1";"7";"0";"2";"4";"23";"1";
"202000045490";"154 662 310";"A01";"2";"10";"0";"1";"3";"16";"1";
"202000045491";"154 662 305";"B01";"2";"7";"0";"2";"7";"16";"1";
"202000045491";"154 662 306";"A01";"2";"30";"0";"2";"1";"18";"1";
"202000045492";"154 662 303";"B01";"2";"1";"0";"2";"2";"1";"5";
"202000045492";"154 662 307";"A01";"1";"7";"0";"2";"3";"17";"1";
"202000045493";"154 662 299";"A01";"2";"10";"0";"1";"5";"4";"1";
"202000045494";"154 662 298";"B01";"2";"30";"0";"2";"1";"1";"1";
"202000045494";"154 662 300";"A01";"2";"7";"0";"2";"8";"22";"2";
"202000045495";"154 662 294";"C01";"1";"7";"14";"0";"1";"1";"1";
"202000045495";"154 662 296";"B01";"2";"7";"0";"2";"3";"1";"1";
"202000045495";"154 662 297";"A01";"1";"34";"0";"2";"1";"13";"1";
"202000045496";"154 662 295";"A01";"1";"32";"0";"1";"1";"17";"1";
"202000045497";"154 662 301";"A01";"2";"7";"15";"2";"5";"1";"1";
"202000045497";"154 662 308";"B01";"0";"7";"0";"2";"0";"9";"0";
"202000045498";"154 662 304";"A01";"1";"31";"0";"9";"0";"21";"1";
"202000045499";"154 662 291";"A01";"1";"7";"0";"1";"3";"1";"2";
"202000045500";"154 662 287";"B01";"3";"7";"0";"2";"5";"15";"1";
"202000045500";"154 662 290";"A01";"3";"13";"0";"2";"3";"21";"1";
"202000045501";"154 662 286";"B01";"3";"30";"0";"2";"2";"17";"1";
"202000045501";"154 662 288";"A01";"1";"7";"0";"2";"3";"15";"1";
"202000045502";"154 662 289";"A01";"2";"7";"6";"0";"1";"1";"1";
"202000045503";"154 662 285";"A01";"1";"7";"5";"0";"7";"1";"1";
"202000045504";"154 662 283";"Z01";"1";"7";"0";"2";"2";"15";"1";
"202000045504";"154 662 284";"A01";"2";"1";"0";"2";"1";"1";"5";
"202000045505";"154 662 292";"B01";"1";"7";"0";"2";"1";"1";"1";
"202000045505";"154 662 293";"A01";"2";"2";"0";"2";"0";"1";"1";
"202000045506";"154 662 302";"B01";"1";"7";"0";"2";"1";"2";"1";
"202000045506";"154 662 314";"A01";"1";"7";"0";"0";"4";"1";"1";
"202000045507";"154 662 282";"A01";"1";"7";"0";"0";"3";"9";"1";
"202000045508";"154 662 276";"A01";"1";"7";"0";"2";"3";"1";"1";
"202000045508";"154 662 278";"B01";"1";"2";"0";"2";"5";"16";"1";
"202000045509";"154 662 274";"A01";"0";"30";"8";"0";"1";"0";"1";
"202000045510";"154 662 273";"B01";"0";"7";"0";"2";"1";"1";"1";
"202000045510";"154 662 275";"A01";"0";"7";"9";"2";"7";"1";"1";
"202000045511";"154 662 272";"A01";"1";"7";"4";"0";"1";"14";"1";
"202000045512";"154 662 269";"A01";"1";"10";"4";"0";"2";"14";"1";
"202000045513";"154 662 277";"B01";"1";"30";"0";"2";"3";"1";"1";
"202000045513";"154 662 279";"C01";"1";"30";"0";"2";"3";"1";"1";
"202000045513";"154 662 280";"A01";"1";"30";"0";"2";"3";"1";"1";
"202000045514";"154 662 270";"A01";"2";"2";"0";"2";"1";"1";"1";
"202000045514";"154 662 271";"B01";"1";"7";"0";"2";"5";"15";"1";
"202000045515";"154 662 267";"B01";"1";"32";"0";"2";"1";"1";"1";
"202000045515";"154 662 268";"A01";"2";"7";"0";"2";"3";"10";"1";
"202000045516";"154 662 266";"A01";"1";"17";"0";"1";"2";"1";"1";
"202000045517";"154 662 265";"A01";"0";"33";"0";"6";"1";"0";"1";
"202000045518";"154 662 258";"A01";"1";"7";"0";"2";"3";"1";"1";
"202000045518";"154 662 261";"B01";"2";"7";"0";"2";"3";"1";"1";
"202000045519";"154 662 259";"A01";"2";"37";"0";"2";"5";"1";"1";"1"
"202000045519";"154 662 264";"B01";"2";"1";"0";"2";"8";"1";"5";
"202000045520";"154 662 257";"A01";"3";"7";"0";"2";"8";"24";"1";
"202000045520";"154 662 260";"B01";"1";"33";"1";"2";"2";"1";"1";
"202000045520";"154 662 262";"C01";"2";"7";"0";"2";"1";"1";"1";
"202000045521";"154 662 263";"A01";"2";"7";"3";"0";"1";"14";"1";
"202000045522";"154 662 254";"B01";"2";"7";"6";"2";"3";"1";"1";
"202000045522";"154 662 255";"A01";"1";"7";"6";"2";"1";"13";"1";
"202000045523";"154 662 253";"B01";"1";"7";"0";"2";"3";"15";"1";
"202000045523";"154 662 256";"A01";"1";"7";"0";"2";"1";"1";"1";
"202000045524";"154 662 252";"A01";"2";"34";"0";"2";"7";"1";"1";
"202000045525";"154 662 250";"A01";"2";"7";"6";"0";"2";"14";"1";
"202000045526";"154 662 249";"A01";"1";"7";"0";"2";"3";"13";"0";
"202000045526";"154 662 251";"B01";"2";"7";"0";"2";"3";"1";"0";
"202000045527";"154 662 247";"B01";"3";"1";"0";"2";"3";"26";"5";
"202000045527";"154 662 248";"A01";"3";"7";"0";"2";"5";"16";"1";
"202000045528";"154 662 243";"B01";"3";"7";"0";"2";"4";"0";"1";
"202000045528";"154 662 245";"A01";"3";"33";"3";"2";"1";"0";"1";
"202000045529";"154 662 246";"A01";"2";"7";"0";"1";"1";"19";"1";
"202000045530";"154 662 244";"A01";"2";"10";"0";"1";"0";"1";"1";
"202000045531";"154 662 241";"A01";"2";"15";"0";"2";"8";"1";"1";
"202000045531";"154 662 242";"B01";"2";"1";"0";"2";"4";"1";"5";
"202000045532";"154 662 240";"A01";"2";"7";"0";"1";"3";"15";"1";
"202000045533";"154 662 235";"B01";"3";"31";"0";"2";"1";"1";"1";
"202000045533";"154 662 239";"A01";"2";"7";"0";"2";"7";"1";"1";
"202000045534";"154 662 237";"A01";"1";"33";"0";"0";"0";"1";"1";
"202000045535";"154 662 234";"B01";"1";"33";"0";"2";"1";"1";"1";
"202000045535";"154 662 236";"A01";"2";"7";"0";"2";"8";"15";"1";
"202000045536";"154 662 232";"A01";"1";"7";"0";"2";"1";"1";"1";
"202000045536";"154 662 238";"B01";"1";"2";"0";"2";"8";"16";"1";
"202000045537";"154 662 231";"A01";"2";"7";"8";"0";"1";"1";"1";
"202000045538";"154 662 230";"B01";"2";"2";"0";"2";"7";"1";"0";
"202000045538";"154 662 233";"A01";"2";"7";"0";"2";"1";"15";"0";
"202000045539";"154 662 228";"A01";"2";"7";"0";"1";"1";"21";"0";
"202000045540";"154 662 224";"B01";"2";"7";"0";"0";"8";"1";"1";
"202000045540";"154 662 229";"A01";"1";"7";"0";"2";"1";"19";"1";
"202000045541";"154 662 227";"A01";"1";"7";"7";"0";"8";"2";"1";
"202000045542";"154 662 223";"Z01";"2";"2";"0";"1";"8";"26";"1";
"202000045543";"154 662 222";"B01";"1";"7";"0";"2";"1";"1";"1";
"202000045543";"154 662 226";"A01";"1";"7";"0";"2";"8";"1";"1";
"202000045544";"154 662 219";"A01";"1";"7";"0";"6";"1";"1";"1";
"202000045545";"154 662 220";"B01";"2";"1";"0";"2";"8";"2";"5";
"202000045545";"154 662 221";"A01";"2";"7";"0";"2";"7";"14";"1";
"202000045546";"154 662 215";"A01";"1";"7";"0";"1";"3";"1";"1";
"202000045547";"154 662 214";"A01";"3";"7";"0";"1";"1";"0";"1";
"202000045548";"154 662 217";"B01";"2";"7";"0";"2";"4";"1";"1";
"202000045548";"154 662 218";"A01";"2";"7";"0";"2";"1";"2";"1";
"202000045549";"154 662 213";"A01";"3";"7";"0";"1";"0";"0";"1";
"202000045550";"154 662 225";"A01";"2";"60";"12";"0";"0";"14";"5";
"202000045551";"154 662 212";"A01";"2";"31";"1";"0";"3";"13";"1";
"202000045552";"154 662 216";"A01";"2";"33";"0";"0";"0";"21";"1";
"202000045553";"154 662 210";"A01";" -1";"7";"0";"1";"1";"9";"1";
"202000045554";"154 662 211";"A01";"3";"2";"0";"0";"0";"0";"1";
"202000045555";"154 662 207";"B01";"2";"7";"0";"2";"3";"2";"1";
"202000045555";"154 662 209";"A01";"1";"7";"0";"2";"3";"13";"1";
"202000045556";"154 662 206";"A01";"1";"7";"0";"2";"2";"16";"1";
"202000045556";"154 662 208";"B01";"1";"2";"0";"2";"3";"17";"1";
"202000045557";"154 662 204";"A01";"1";"7";"2";"0";"1";"14";"1";
"202000045558";"154 662 202";"A01";"3";"7";"0";"2";"6";"10";"0";
"202000045558";"154 662 203";"B01";" -1";"2";"0";"2";"1";"17";"0";
"202000045559";"154 662 200";"A01";"0";"7";"8";"0";"0";"0";"1";
"202000045560";"154 662 198";"A01";" -1";"7";"0";"1";"1";"1";"1";
"202000045561";"154 662 195";"Z01";"2";"0";"0";"1";"5";"2";"0";
"202000045561";"154 662 196";"A01";"2";"32";"0";"1";"3";"3";"1";
"202000045562";"154 662 199";"A01";"1";"7";"0";"0";"0";"2";"1";
"202000045563";"154 662 201";"B01";"1";"7";"0";"2";"4";"1";"1";
"202000045563";"154 662 205";"A01";"1";"7";"0";"2";"1";"1";"1";
"202000045564";"154 662 193";"A01";"2";"10";"14";"9";"2";"17";"1";
"202000045564";"154 662 194";"B01";"2";"1";"0";"2";"6";"11";"0";
"202000045565";"154 662 191";"A01";"1";"30";"0";"2";"3";"1";"1";
"202000045565";"154 662 192";"B01";"2";"30";"0";"2";"2";"15";"1";
"202000045566";"154 662 190";"A01";"1";"7";"0";"1";"0";"1";"1";
"202000045567";"154 662 187";"A01";"2";"30";"0";"1";"1";"2";"0";
"202000045568";"154 662 189";"A01";"1";"7";"13";"0";"3";"0";"1";
"202000045569";"154 662 186";"A01";"1";"30";"0";"2";"1";"2";"1";
"202000045569";"154 662 188";"B01";"1";"1";"0";"2";"4";"2";"5";
"202000045570";"154 662 184";"Z01";"0";"7";"0";"2";"0";"26";"0";
"202000045570";"154 662 185";"A01";"0";"7";"0";"2";"1";"1";"1";
"202000045571";"154 662 183";"A01";"1";"7";"0";"0";"9";"0";"1";
"202000045572";"154 662 181";"B01";"2";"7";"0";"2";"6";"2";"1";
"202000045572";"154 662 182";"A01";"2";"34";"0";"2";"1";"2";"1";
"202000045573";"154 662 180";"A01";"2";"33";"0";"0";"7";"16";"1";
"202000045574";"154 662 179";"A01";"1";"32";"0";"1";"1";"3";"1";
"202000045575";"154 662 177";"C01";"2";"7";"0";"2";"8";"24";"1";
"202000045575";"154 662 178";"A01";"2";"14";"1";"0";"1";"1";"1";
"202000045576";"154 662 172";"A01";"1";"7";"0";"2";"3";"20";"1";
"202000045576";"154 662 175";"B01";"1";"33";"0";"2";"2";"1";"1";
"202000045577";"154 662 170";"B01";"3";"7";"3";"2";"3";"1";"1";
"202000045577";"154 662 174";"A01";"3";"7";"0";"2";"3";"10";"1";
"202000045578";"154 662 171";"C01";"3";"7";"0";"2";"8";"1";"1";
"202000045578";"154 662 173";"B01";"3";"7";"0";"2";"3";"1";"1";
"202000045578";"154 662 176";"A01";"3";"7";"0";"2";"3";"13";"1";
"202000045579";"154 662 169";"A01";"1";"7";"2";"0";"1";"14";"1";
"202000045580";"154 662 163";"B01";"1";"17";"0";"2";"1";"2";"1";
"202000045580";"154 662 164";"A01";"1";"17";"0";"2";"4";"2";"1";
"202000045581";"154 662 165";"A01";"2";"7";"3";"0";"1";"1";"1";
"202000045582";"154 662 162";"A01";"2";"1";"13";"0";"1";"13";"5";
"202000045583";"154 662 160";"A01";"1";"10";"6";"0";"1";"1";"1";
"202000045584";"154 662 158";"A01";"1";"1";"0";"2";"8";"2";"5";
"202000045584";"154 662 159";"B01";"1";"7";"0";"2";"7";"2";"1";
"202000045585";"154 662 156";"B01";"2";"7";"0";"2";"5";"20";"1";
"202000045585";"154 662 157";"A01";"1";"33";"0";"2";"4";"26";"1";
"202000045586";"154 662 153";"C01";"2";"15";"1";"0";"3";"2";"1";
"202000045586";"154 662 154";"B01";"2";"10";"1";"0";"3";"2";"1";
"202000045586";"154 662 155";"A01";"2";"7";"4";"0";"2";"1";"1";
"202000045587";"154 662 151";"A01";"1";"7";"0";"2";"1";"13";"1";
"202000045587";"154 662 161";"B01";"2";"7";"0";"2";"1";"1";"1";
"202000045588";"154 662 152";"D01";"2";"7";"0";"2";"4";"23";"1";
"202000045588";"154 662 166";"C01";"2";"7";"0";"2";"4";"23";"4";
"202000045588";"154 662 167";"B01";"2";"7";"0";"2";"4";"23";"1";
"202000045588";"154 662 168";"A01";"2";"7";"0";"2";"1";"1";"1";
"202000045589";"154 662 150";"A01";"0";"7";"4";"0";"3";"1";"1";
"202000045590";"154 662 147";"A01";"3";"15";"0";"1";"4";"4";"1";
"202000045591";"154 662 148";"B01";"1";"15";"0";"0";"4";"2";"1";
"202000045591";"154 662 149";"A01";"1";"7";"0";"2";"1";"2";"1";
"202000045592";"154 662 144";"C01";"3";"1";"0";"2";"6";"9";"5";
"202000045592";"154 662 146";"A01";"1";"10";"0";"2";"3";"1";"1";
"202000045593";"154 662 145";"A01";"1";"10";"7";"0";"0";"1";"1";
"202000045594";"154 662 142";"B01";"1";"33";"0";"2";"1";"2";"1";
"202000045594";"154 662 143";"A01";"1";"10";"0";"2";"8";"10";"1";
"202000045595";"154 662 137";"B01";"2";"7";"0";"0";"7";"1";"1";
"202000045595";"154 662 140";"A01";"1";"7";"0";"2";"1";"9";"0";
"202000045596";"154 662 138";"A01";"1";"33";"0";"2";"2";"3";"1";
"202000045596";"154 662 141";"B01";"1";"7";"0";"2";"8";"11";"1";
"202000045597";"154 662 136";"A01";"1";"10";"0";"1";"3";"1";"1";
"202000045597";"154 662 139";"B01";"3";"99";"0";"1";"1";"1";"0";
"202000045598";"154 662 133";"A01";"1";"7";"14";"0";"1";"1";"1";
"202000045599";"154 662 131";"B01";"1";"33";"0";"2";"1";"1";"1";
"202000045599";"154 662 134";"A01";"2";"7";"17";"2";"3";"1";"1";
"202000045600";"154 662 132";"B01";"1";"7";"0";"2";"1";"1";"1";
"202000045600";"154 662 135";"A01";"2";"10";"0";"2";"1";"1";"1";
"202000045601";"154 662 130";"A01";"1";"32";"0";"0";"0";"3";"1";
"202000045602";"154 662 128";"A01";"2";"7";"0";"2";"1";"13";"1";
"202000045602";"154 662 129";"B01";"1";"7";"0";"2";"3";"1";"1";
"202000045603";"154 662 126";"A01";"1";"43";"0";"0";"8";"1";"1";
"202000045604";"154 662 124";"A01";"2";"7";"0";"2";"7";"17";"1";
"202000045604";"154 662 125";"B01";"2";"1";"0";"2";"8";"2";"5";
"202000045605";"154 662 123";"B01";"3";"33";"0";"2";"8";"16";"1";
"202000045605";"154 662 127";"A01";"2";"7";"0";"2";"2";"1";"1";
"202000045606";"154 662 121";"A01";"2";"7";"0";"1";"3";"1";"1";
"202000045607";"154 662 118";"B01";"2";"2";"0";"2";"1";"1";"0";
"202000045607";"154 662 120";"A01";"1";"7";"0";"2";"8";"17";"0";
"202000045608";"154 662 115";"B01";"2";"7";"0";"2";"8";"1";"1";
"202000045608";"154 662 117";"A01";"2";"7";"0";"2";"7";"3";"1";
"202000045608";"154 662 119";"C01";"2";"7";"0";"2";"5";"1";"1";
"202000045608";"154 662 122";"D01";"2";"7";"0";"2";"8";"1";"1";
"202000045609";"154 662 116";"A01";"1";"7";"0";"1";"1";"15";"1";
"202000045610";"154 662 111";"A01";"1";"7";"13";"0";"2";"1";"1";
"202000045611";"154 662 113";"B01";"1";"7";"0";"0";"7";"1";"1";
"202000045611";"154 662 114";"A01";"2";"7";"0";"2";"3";"1";"1";
"202000045612";"154 662 108";"A01";"2";"7";"15";"0";"3";"1";"1";
"202000045613";"154 662 110";"A01";"1";"30";"0";"2";"4";"2";"1";
"202000045613";"154 662 112";"Z01";"1";"7";"0";"2";"0";"2";"0";
"202000045614";"154 662 107";"B01";"1";"1";"0";"2";"3";"1";"5";
"202000045614";"154 662 109";"A01";"2";"7";"0";"9";"3";"15";"1";
"202000045615";"154 662 106";"A01";"3";"36";"13";"0";"0";"13";"1";
"202000045616";"154 662 105";"A01";"1";"7";"0";"0";"0";"0";"1";
"202000045617";"154 662 103";"A01";"2";"7";"0";"2";"7";"17";"1";
"202000045617";"154 662 104";"B01";"2";"2";"0";"2";"8";"2";"1";
"202000045618";"154 662 100";"A01";"2";"33";"13";"0";"2";"17";"1";
"202000045619";"154 662 102";"A01";"1";"7";"0";"1";"2";"1";"0";
"202000045620";"154 662 099";"A01";"3";"80";"0";"1";"1";"1";"3";
"202000045621";"154 662 098";"A01";"0";"7";"16";"0";"2";"0";"1";
"202000045622";"154 662 096";"B01";"2";"7";"0";"2";"3";"13";"1";
"202000045622";"154 662 097";"A01";"1";"33";"0";"2";"3";"1";"1";
"202000045623";"154 662 095";"A01";"1";"17";"3";"0";"2";"1";"1";
"202000045624";"154 662 094";"A01";"1";"30";"0";"1";"1";"17";"1";
"202000045625";"154 662 093";"A01";"1";"7";"2";"0";"1";"14";"1";
"202000045626";"154 662 091";"A01";"3";"2";"0";"1";"1";"1";"1";
"202000045627";"154 662 090";"B01";"1";"1";"0";"2";"3";"13";"5";
"202000045627";"154 662 092";"A01";"1";"10";"0";"9";"2";"17";"1";
"202000045628";"154 662 101";"A01";"3";"7";"0";"1";"3";"15";"1";
"202000045629";"154 662 089";"A01";"3";"60";"0";"0";"1";"1";"5";
"202000045630";"154 662 088";"A01";"3";"7";"0";"1";"4";"20";"1";
"202000045631";"154 662 087";"A01";"0";"7";"6";"0";"2";"1";"1";
"202000045632";"154 662 086";"A01";"1";"33";"8";"0";"1";"1";"1";
"202000045633";"154 662 084";"A01";"1";"33";"0";"2";"3";"3";"1";
"202000045633";"154 662 085";"B01";"1";"7";"0";"2";"2";"12";"3";
"202000045634";"154 662 079";"A01";"2";"7";"0";"2";"1";"1";"1";
"202000045634";"154 662 082";"B01";"2";"17";"0";"2";"4";"2";"1";
"202000045635";"154 662 075";"B01";"1";"15";"0";"2";"6";"1";"1";
"202000045635";"154 662 077";"A01";"1";"7";"0";"2";"6";"1";"1";
"202000045636";"154 662 074";"A01";"1";"33";"0";"0";"9";"1";"1";
"202000045637";"154 662 073";"A01";"1";"7";"6";"0";"2";"11";"1";
"202000045638";"154 662 071";"A01";"2";"7";"0";"2";"1";"1";"1";
"202000045638";"154 662 072";"B01";"2";"7";"0";"2";"4";"1";"1";
"202000045639";"154 662 076";"B01";"3";"7";"0";"2";"1";"1";"1";
"202000045639";"154 662 078";"A01";"3";"2";"0";"2";"7";"1";"1";
"202000045640";"154 662 069";"B01";"1";"33";"0";"2";"7";"3";"1";
"202000045640";"154 662 070";"A01";"1";"7";"0";"2";"8";"11";"1";
"202000045641";"154 662 066";"B01";"2";"7";"0";"2";"6";"2";"1";
"202000045641";"154 662 067";"A01";"2";"33";"0";"2";"1";"2";"1";
"202000045642";"154 662 064";"B01";"2";"33";"0";"2";"4";"1";"1";
"202000045642";"154 662 065";"A01";"2";"7";"0";"2";"1";"3";"1";
"202000045643";"154 662 081";"A01";"1";"7";"0";"1";"1";"1";"1";
"202000045644";"154 662 061";"A01";"3";"7";"0";"1";"4";"20";"1";
"202000045645";"154 662 060";"B01";"1";"7";"0";"0";"2";"1";"1";
"202000045645";"154 662 068";"A01";"3";"7";"0";"2";"1";"16";"1";
"202000045646";"154 662 058";"B01";"1";"37";"1";"0";"5";"1";"2";"4"
"202000045647";"154 662 057";"B01";"3";"7";"0";"2";"1";"1";"1";
"202000045647";"154 662 059";"A01";"3";"1";"0";"2";"8";"19";"5";
"202000045648";"154 662 053";"A01";"2";"10";"12";"0";"3";"20";"1";
"202000045648";"154 662 055";"B01";"2";"1";"1";"0";"1";"2";"0";
"202000045649";"154 662 054";"A01";"1";"33";"0";"2";"2";"17";"1";
"202000045649";"154 662 056";"B01";"1";"7";"0";"2";"3";"15";"1";
"202000045650";"154 662 051";"A01";"1";"1";"0";"9";"1";"1";"5";
"202000045651";"154 662 052";"A01";"3";"33";"0";"0";"1";"0";"1";
"202000045652";"154 662 048";"A01";"1";"7";"0";"2";"0";"0";"0";
"202000045652";"154 662 049";"B01";"1";"50";"0";"0";"0";"0";"3";
"202000045653";"154 662 047";"A01";"1";"31";"0";"2";"3";"1";"1";
"202000045653";"154 662 050";"B01";"2";"10";"0";"2";"2";"9";"1";
"202000045654";"154 662 044";"A01";"1";"7";"0";"2";"3";"15";"1";
"202000045654";"154 662 045";"B01";"2";"0";"0";"2";"1";"1";"0";
"202000045655";"154 662 041";"A01";"1";"7";"0";"2";"3";"13";"1";
"202000045655";"154 662 043";"B01";"2";"15";"0";"2";"3";"1";"1";
"202000045656";"154 662 040";"A01";"1";"7";"0";"2";"1";"2";"0";
"202000045656";"154 662 042";"B01";"1";"7";"0";"2";"4";"15";"0";
"202000045657";"154 662 035";"A01";"2";"7";"14";"2";"7";"13";"1";
"202000045657";"154 662 038";"Z01";"2";"7";"0";"2";"3";"13";"1";
"202000045658";"154 662 033";"B01";"1";"7";"0";"2";"2";"1";"0";
"202000045658";"154 662 034";"A01";"1";"32";"0";"2";"4";"1";"0";
"202000045659";"154 662 036";"B01";"3";"2";"0";"2";"3";"13";"1";
"202000045659";"154 662 039";"A01";"3";"7";"0";"0";"8";"13";"1";
"202000045660";"154 662 032";"A01";"2";"7";"0";"1";"7";"1";"0";
"202000045661";"154 662 037";"A01";"1";"7";"8";"2";"6";"15";"1";
"202000045661";"154 662 046";"B01";"1";"7";"0";"2";"2";"1";"2";
"202000045662";"154 662 030";"B01";"0";"7";"0";"0";"6";"2";"1";
"202000045662";"154 662 031";"A01";"0";"7";"1";"2";"1";"2";"1";
"202000045663";"154 662 027";"A01";"2";"7";"1";"0";"3";"13";"1";
"202000045664";"154 662 026";"A01";"0";"7";"6";"0";"3";"1";"1";
"202000045665";"154 662 025";"A01";"1";"1";"0";"0";"0";"1";"5";
"202000045666";"154 662 023";"B01";"2";"7";"0";"2";"4";"23";"1";
"202000045666";"154 662 024";"A01";"2";"7";"0";"2";"1";"1";"1";
"202000045667";"154 662 020";"B01";"3";"10";"0";"2";"4";"24";"1";
"202000045667";"154 662 021";"A01";"0";"7";"1";"0";"1";"1";"1";
"202000045668";"154 662 018";"A01";"2";"7";"15";"1";"1";"26";"1";
"202000045669";"154 662 019";"B01";"3";"7";"0";"2";"8";"1";"1";
"202000045669";"154 662 022";"A01";"3";"7";"0";"2";"3";"17";"1";
"202000045670";"154 662 015";"A01";"3";"7";"0";"2";"2";"9";"1";
"202000045670";"154 662 017";"B01";"3";"1";"0";"2";"1";"1";"5";
"202000045671";"154 662 012";"Z01";"3";"0";"0";"1";"1";"26";"0";
"202000045672";"154 662 011";"A01";"2";"7";"0";"1";"3";"1";"2";
"202000045673";"154 662 009";"B01";"3";"33";"0";"2";"5";"2";"1";
"202000045673";"154 662 010";"A01";"3";"7";"0";"2";"2";"10";"1";
"202000045674";"154 662 008";"A01";"3";"7";"13";"0";"9";"17";"1";
"202000045675";"154 662 028";"B01";"2";"32";"0";"2";"3";"1";"1";
"202000045675";"154 662 029";"A01";"1";"7";"0";"2";"2";"15";"1";
"202000045676";"154 662 013";"C01";"2";"7";"0";"2";"2";"1";"1";
"202000045676";"154 662 014";"B01";"2";"7";"0";"2";"1";"1";"1";