"Num_Acc";"id_vehicule";"num_veh";"senc";"catv";"obs";"obsm";"choc";"manv";"motor";"occutc"
"202000046286";"154 660 905";"A01";"1";"31";"0";"2";"1";"1";"0";
"202000046286";"154 660 906";"B01";"2";"7";"0";"9";"3";"15";"0";
"202000046286";"154 660 907";"C01";"2";"7";"0";"9";"1";"23";"0";
"202000046287";"154 660 903";"A01";"1";"1";"0";"0";"0";"2";"5";
"202000046287";"154 660 904";"B01";"1";"7";"0";"9";"0";"0";"0";
"202000046288";"154 660 902";"A01";"3";"7";"0";"1";"0";"1";"1";
"202000046289";"154 660 901";"A01";"3";"31";"0";"6";"0";"0";"1";
"202000046290";"154 660 899";"B01";"1";"7";"0";"2";"1";"13";"1";
"202000046290";"154 660 900";"A01";"2";"7";"0";"2";"1";"1";"1";
"202000046291";"154 660 898";"A01";"1";"7";"0";"1";"5";"4";"1";
"202000046292";"154 660 896";"B01";"1";"7";"0";"2";"1";"1";"0";
"202000046292";"154 660 897";"A01";"2";"7";"0";"2";"1";"0";"0";
"202000046293";"154 660 894";"A01";"2";"21";"0";"2";"4";"19";"1";
"202000046293";"154 660 895";"B01";"2";"33";"0";"2";"1";"1";"1";
"202000046294";"154 660 892";"A01";"1";"10";"0";"2";"2";"15";"1";
"202000046294";"154 660 893";"B01";"2";"7";"0";"2";"1";"1";"1";
"202000046295";"154 660 890";"A01";"2";"10";"0";"2";"2";"9";"1";
"202000046295";"154 660 891";"B01";"2";"1";"0";"2";"8";"1";"5";
"202000046296";"154 660 888";"B01";"3";"7";"0";"9";"4";"15";"1";
"202000046296";"154 660 889";"A01";"3";"1";"0";"2";"1";"1";"5";
"202000046297";"154 660 885";"C01";"1";"7";"0";"0";"1";"1";"1";
"202000046297";"154 660 886";"A01";"2";"10";"0";"2";"1";"2";"1";
"202000046297";"154 660 887";"B01";"2";"15";"0";"0";"4";"2";"1";
"202000046298";"154 660 883";"A01";"3";"7";"0";"2";"2";"15";"1";
"202000046298";"154 660 884";"B01";"1";"7";"0";"2";"3";"1";"1";
"202000046299";"154 660 881";"B01";"1";"10";"0";"2";"2";"17";"1";
"202000046299";"154 660 882";"A01";"1";"1";"0";"0";"3";"15";"5";
"202000046300";"154 660 879";"B01";"1";"7";"0";"2";"3";"13";"1";
"202000046300";"154 660 880";"A01";"2";"7";"0";"2";"3";"1";"1";
"202000046301";"154 660 877";"A01";"3";"7";"0";"2";"3";"13";"1";
"202000046301";"154 660 878";"B01";"3";"38";"0";"2";"1";"1";"1";"1"
"202000046302";"154 660 875";"B01";"1";"10";"0";"0";"6";"2";"1";
"202000046302";"154 660 876";"A01";"1";"1";"0";"2";"1";"2";"5";
"202000046303";"154 660 874";"A01";"2";"7";"13";"0";"0";"14";"0";
"202000046304";"154 660 872";"A01";"2";"7";"0";"2";"1";"1";"1";
"202000046304";"154 660 873";"B01";"2";"7";"13";"2";"4";"16";"1";
"202000046305";"154 660 871";"A01";"1";"33";"6";"0";"1";"14";"1";
"202000046306";"154 660 870";"A01";"2";"7";"2";"0";"3";"1";"1";
"202000046307";"154 660 869";"A01";"3";"3";"0";"0";"7";"0";"1";
"202000046308";"154 660 867";"A01";"3";"7";"0";"0";"7";"15";"1";
"202000046308";"154 660 868";"B01";"3";"10";"0";"2";"3";"1";"1";
"202000046309";"154 660 866";"A01";"3";"2";"15";"0";"1";"1";"1";
"202000046310";"154 660 864";"B01";"3";"2";"0";"2";"1";"1";"1";
"202000046310";"154 660 865";"A01";"3";"7";"0";"2";"2";"15";"1";
"202000046311";"154 660 862";"B01";"1";"7";"0";"2";"8";"15";"1";
"202000046311";"154 660 863";"A01";"1";"2";"0";"2";"1";"17";"1";
"202000046312";"154 660 861";"A01";"1";"21";"8";"0";"1";"14";"1";
"202000046313";"154 660 859";"B01";"1";"10";"0";"2";"3";"15";"1";
"202000046313";"154 660 860";"A01";"2";"1";"0";"2";"1";"1";"5";
"202000046314";"154 660 858";"A01";"2";"2";"0";"0";"0";"1";"1";
"202000046315";"154 660 856";"A01";"2";"7";"0";"2";"0";"1";"1";
"202000046315";"154 660 857";"B01";"2";"7";"0";"2";"9";"17";"1";
"202000046316";"154 660 854";"B01";"2";"7";"0";"2";"3";"1";"1";
"202000046316";"154 660 855";"A01";"1";"7";"0";"2";"3";"1";"1";
"202000046317";"154 660 853";"A01";"3";"39";"0";"1";"3";"19";"1";
"202000046318";"154 660 851";"B01";"2";"7";"0";"9";"2";"2";"1";
"202000046318";"154 660 852";"A01";"2";"33";"0";"0";"4";"2";"1";
"202000046319";"154 660 850";"A01";"3";"15";"0";"1";"2";"1";"1";
"202000046320";"154 660 849";"A01";"1";"7";"13";"0";"9";"13";"1";
"202000046321";"154 660 847";"A01";"2";"7";"0";"2";"1";"17";"1";
"202000046321";"154 660 848";"B01";"1";"7";"0";"2";"6";"1";"1";
"202000046322";"154 660 845";"B01";"2";"1";"0";"2";"1";"1";"5";
"202000046322";"154 660 846";"A01";"1";"7";"0";"9";"2";"15";"1";
"202000046323";"154 660 844";"A01";"0";"33";"13";"0";"2";"1";"1";
"202000046324";"154 660 843";"A01";"1";"7";"8";"0";"8";"1";"1";
"202000046325";"154 660 841";"B01";"1";"7";"0";"2";"5";"0";"1";
"202000046325";"154 660 842";"A01";"1";"7";"0";"2";"1";"0";"1";
"202000046326";"154 660 839";"A01";"2";"33";"0";"2";"1";"1";"1";
"202000046326";"154 660 840";"B01";"1";"7";"0";"2";"7";"15";"1";
"202000046327";"154 660 837";"B01";"1";"7";"0";"2";"2";"10";"1";
"202000046327";"154 660 838";"A01";"1";"7";"0";"2";"1";"1";"1";
"202000046328";"154 660 834";"A01";"3";"7";"0";"1";"1";"1";"1";
"202000046329";"154 660 831";"C01";"2";"7";"0";"0";"4";"23";"1";
"202000046329";"154 660 832";"A01";"2";"14";"0";"2";"1";"23";"1";
"202000046329";"154 660 833";"B01";"2";"7";"0";"2";"4";"23";"1";
"202000046330";"154 660 830";"A01";"1";"33";"0";"0";"6";"1";"1";
"202000046331";"154 660 829";"A01";"2";"17";"6";"0";"1";"1";"1";
"202000046332";"154 660 827";"B01";"1";"15";"0";"2";"8";"1";"0";
"202000046332";"154 660 828";"A01";"1";"7";"0";"2";"7";"12";"0";
"202000046333";"154 660 825";"A01";"2";"7";"4";"0";"8";"19";"1";
"202000046334";"154 660 823";"A01";"1";"33";"4";"0";"1";"2";"1";
"202000046334";"154 660 824";"B01";"1";"7";"14";"2";"1";"1";"1";
"202000046335";"154 660 822";"A01";"2";"43";"0";"0";"0";"0";"1";
"202000046336";"154 660 821";"A01";"2";"32";"0";"0";"7";"1";"1";
"202000046337";"154 660 819";"B01";"2";"33";"0";"2";"1";"2";"1";
"202000046337";"154 660 820";"A01";"2";"7";"0";"2";"2";"14";"1";
"202000046338";"154 660 816";"B01";"1";"13";"0";"2";"2";"2";"1";
"202000046338";"154 660 817";"A01";"1";"7";"0";"2";"8";"9";"1";
"202000046338";"154 660 818";"C01";"1";"7";"0";"2";"1";"2";"1";
"202000046339";"154 660 815";"A01";"1";"33";"0";"0";"0";"17";"1";
"202000046340";"154 660 811";"A01";"1";"7";"0";"2";"0";"0";"1";
"202000046340";"154 660 812";"C01";"1";"7";"0";"2";"0";"0";"1";
"202000046340";"154 660 813";"D01";"2";"10";"0";"2";"0";"0";"1";
"202000046340";"154 660 814";"B01";"2";"7";"0";"2";"1";"1";"1";
"202000046341";"154 660 808";"C01";"2";"10";"0";"2";"4";"2";"1";
"202000046341";"154 660 809";"B01";"2";"7";"0";"2";"4";"2";"1";
"202000046341";"154 660 810";"A01";"2";"17";"0";"2";"1";"11";"1";
"202000046342";"154 660 806";"B01";"2";"7";"0";"2";"5";"1";"1";
"202000046342";"154 660 807";"A01";"2";"7";"0";"2";"3";"14";"1";
"202000046343";"154 660 804";"B01";"2";"7";"0";"2";"8";"1";"1";
"202000046343";"154 660 805";"A01";"2";"14";"0";"2";"2";"12";"1";
"202000046344";"154 660 802";"B01";"2";"10";"0";"2";"4";"2";"1";
"202000046344";"154 660 803";"A01";"2";"33";"0";"2";"1";"2";"1";
"202000046345";"154 660 797";"E01";"2";"15";"0";"2";"1";"2";"1";
"202000046345";"154 660 798";"D01";"2";"15";"0";"2";"8";"2";"1";
"202000046345";"154 660 799";"C01";"2";"7";"0";"2";"1";"2";"1";
"202000046345";"154 660 800";"B01";"2";"7";"0";"2";"7";"2";"1";
"202000046345";"154 660 801";"A01";"2";"7";"0";"2";"3";"26";"1";
"202000046346";"154 660 796";"A01";"2";"33";"0";"0";"9";"3";"1";
"202000046347";"154 660 795";"A01";"1";"7";"4";"0";"1";"14";"1";
"202000046348";"154 660 793";"A01";"2";"7";"0";"2";"8";"17";"1";
"202000046348";"154 660 794";"B01";"2";"43";"0";"2";"8";"3";"1";
"202000046349";"154 660 791";"A01";"2";"7";"0";"2";"7";"12";"1";
"202000046349";"154 660 792";"B01";"2";"33";"0";"2";"8";"11";"1";
"202000046350";"154 660 789";"B01";"2";"7";"0";"2";"7";"17";"1";
"202000046350";"154 660 790";"A01";"2";"7";"0";"2";"4";"1";"1";
"202000046351";"154 660 787";"A01";"2";"33";"0";"2";"1";"0";"0";
"202000046351";"154 660 788";"B01";"2";"10";"0";"2";"4";"0";"0";
"202000046352";"154 660 784";"C01";"2";"33";"0";"2";"1";"2";"1";
"202000046352";"154 660 785";"B01";"2";"7";"0";"2";"4";"11";"1";
"202000046352";"154 660 786";"A01";"2";"7";"0";"2";"4";"1";"1";
"202000046353";"154 660 782";"B01";"2";"7";"0";"2";"4";"2";"1";
"202000046353";"154 660 783";"A01";"2";"7";"0";"2";"1";"2";"1";
"202000046354";"154 660 780";"B01";"2";"43";"0";"2";"3";"3";"1";
"202000046354";"154 660 781";"A01";"2";"7";"0";"2";"5";"12";"1";
"202000046355";"154 660 777";"A01";"2";"31";"0";"2";"4";"1";"1";
"202000046355";"154 660 778";"B01";"2";"7";"0";"2";"1";"21";"1";
"202000046355";"154 660 779";"C01";"2";"7";"0";"2";"4";"9";"1";
"202000046356";"154 660 775";"B01";"2";"7";"0";"2";"8";"11";"1";
"202000046356";"154 660 776";"A01";"2";"33";"0";"2";"7";"3";"1";
"202000046357";"154 660 773";"B01";"2";"7";"0";"2";"4";"0";"1";
"202000046357";"154 660 774";"A01";"2";"14";"0";"2";"1";"12";"1";
"202000046358";"154 660 771";"A01";"2";"2";"0";"1";"1";"26";"0";
"202000046358";"154 660 772";"B01";"3";"7";"0";"2";"2";"19";"0";
"202000046359";"154 660 769";"B01";"2";"7";"0";"2";"2";"9";"1";
"202000046359";"154 660 770";"A01";"2";"33";"0";"2";"1";"2";"1";
"202000046360";"154 660 766";"C01";"3";"15";"0";"2";"0";"0";"0";
"202000046360";"154 660 767";"A01";"1";"7";"0";"2";"1";"26";"0";
"202000046360";"154 660 768";"B01";"1";"7";"0";"2";"0";"0";"0";
"202000046361";"154 660 764";"A01";"1";"0";"0";"2";"1";"1";"0";
"202000046361";"154 660 765";"B01";"1";"14";"0";"2";"3";"15";"1";
"202000046362";"154 660 762";"A01";"2";"13";"0";"2";"7";"2";"1";
"202000046362";"154 660 763";"B01";"2";"1";"0";"2";"8";"2";"5";
"202000046363";"154 660 760";"A01";"1";"7";"0";"2";"8";"15";"0";
"202000046363";"154 660 761";"B01";"2";"2";"0";"2";"1";"26";"1";
"202000046364";"154 660 759";"A01";"1";"30";"3";"0";"1";"19";"1";
"202000046365";"154 660 757";"B01";"2";"7";"0";"2";"1";"1";"0";
"202000046365";"154 660 758";"A01";"2";"7";"0";"2";"8";"19";"0";
"202000046366";"154 660 755";"A01";"0";"7";"0";"2";"2";"15";"1";
"202000046366";"154 660 756";"B01";"0";"32";"0";"2";"1";"1";"1";
"202000046367";"154 660 753";"B01";"3";"7";"0";"2";"0";"15";"1";
"202000046367";"154 660 754";"A01";"3";"7";"0";"2";"2";"1";"1";
"202000046368";"154 660 752";"A01";"1";"30";"0";"0";"0";"15";"1";
"202000046369";"154 660 750";"A01";"1";"7";"0";"2";"3";"15";"0";
"202000046369";"154 660 751";"B01";"1";"31";"8";"2";"9";"17";"6";
"202000046370";"154 660 749";"A01";"2";"7";"0";"1";"8";"26";"1";
"202000046371";"154 660 748";"A01";"2";"10";"0";"1";"4";"4";"1";
"202000046372";"154 660 746";"B01";"1";"7";"0";"2";"1";"1";"1";
"202000046372";"154 660 747";"A01";"2";"30";"0";"2";"1";"15";"1";
"202000046373";"154 660 745";"A01";"2";"7";"0";"1";"2";"21";"1";
"202000046374";"154 660 744";"A01";"0";"33";"0";"1";"1";"1";"1";
"202000046375";"154 660 742";"A01";"0";"7";"0";"2";"1";"9";"1";
"202000046375";"154 660 743";"B01";"0";"7";"0";"2";"5";"9";"1";
"202000046376";"154 660 741";"A01";"2";"7";"12";"0";"5";"20";"1";
"202000046377";"154 660 739";"A01";"3";"1";"1";"0";"2";"26";"5";
"202000046377";"154 660 740";"B01";"3";"7";"0";"0";"0";"0";"0";
"202000046378";"154 660 738";"A01";"3";"30";"0";"0";"8";"15";"1";
"202000046379";"154 660 736";"B01";"1";"33";"0";"2";"1";"1";"1";
"202000046379";"154 660 737";"A01";"2";"10";"0";"2";"3";"15";"1";
"202000046380";"154 660 733";"A01";"1";"7";"0";"2";"4";"1";"1";
"202000046380";"154 660 734";"C01";"1";"7";"0";"2";"1";"26";"1";
"202000046380";"154 660 735";"B01";"1";"7";"0";"2";"4";"1";"1";
"202000046381";"154 660 731";"A01";"3";"31";"0";"2";"1";"2";"1";
"202000046381";"154 660 732";"B01";"3";"1";"1";"2";"8";"19";"5";
"202000046382";"154 660 729";"Z01";"3";"7";"0";"2";"0";"0";"0";
"202000046382";"154 660 730";"B01";"2";"1";"0";"2";"1";"1";"5";
"202000046383";"154 660 727";"A01";"3";"33";"0";"2";"1";"1";"1";
"202000046383";"154 660 728";"B01";"3";"0";"0";"2";"0";"0";"0";
"202000046384";"154 660 725";"A01";"2";"7";"0";"2";"5";"13";"1";
"202000046384";"154 660 726";"B01";"2";"31";"0";"2";"1";"17";"1";
"202000046385";"154 660 724";"A01";"2";"80";"0";"0";"1";"1";"3";
"202000046386";"154 660 722";"B01";"1";"2";"0";"2";"7";"1";"1";
"202000046386";"154 660 723";"A01";"1";"7";"0";"2";"2";"20";"1";
"202000046387";"154 660 721";"A01";"1";"30";"12";"0";"7";"16";"1";
"202000046388";"154 660 720";"A01";"1";"30";"0";"0";"1";"1";"1";
"202000046389";"154 660 718";"B01";"1";"7";"0";"2";"6";"23";"1";
"202000046389";"154 660 719";"A01";"1";"7";"0";"2";"1";"2";"1";
"202000046390";"154 660 716";"A01";"1";"1";"0";"2";"2";"0";"5";
"202000046390";"154 660 717";"B01";"1";"7";"0";"2";"6";"0";"1";
"202000046391";"154 660 715";"A01";"2";"1";"13";"0";"0";"0";"5";
"202000046392";"154 660 714";"A01";"2";"1";"13";"0";"1";"15";"5";
"202000046393";"154 660 713";"A01";"2";"7";"0";"0";"9";"0";"1";
"202000046394";"154 660 711";"A01";"0";"7";"2";"0";"1";"1";"1";
"202000046395";"154 660 709";"A01";"2";"7";"0";"2";"7";"2";"1";
"202000046395";"154 660 710";"B01";"2";"1";"0";"2";"8";"2";"5";
"202000046396";"154 660 708";"A01";"2";"2";"0";"0";"0";"1";"1";
"202000046397";"154 660 705";"A01";"2";"2";"8";"0";"1";"1";"1";
"202000046398";"154 660 704";"B01";"1";"7";"0";"2";"1";"1";"1";
"202000046398";"154 660 706";"A01";"2";"99";"0";"2";"1";"13";"1";
"202000046398";"154 660 707";"Z01";"1";"7";"0";"2";"0";"17";"1";
"202000046399";"154 660 700";"A01";"2";"7";"1";"2";"1";"17";"1";
"202000046399";"154 660 703";"B01";"1";"7";"0";"2";"1";"1";"1";
"202000046400";"154 660 701";"A01";"3";"50";"0";"2";"8";"1";"3";
"202000046400";"154 660 702";"B01";"3";"10";"0";"2";"7";"17";"0";
"202000046401";"154 660 698";"B01";"3";"7";"0";"0";"1";"1";"1";
"202000046401";"154 660 699";"A01";"3";"7";"0";"0";"1";"13";"1";
"202000046402";"154 660 694";"B01";"2";"15";"0";"0";"4";"2";"1";
"202000046402";"154 660 695";"A01";"2";"7";"0";"2";"1";"2";"1";
"202000046403";"154 660 693";"A01";"1";"7";"14";"0";"1";"1";"1";
"202000046404";"154 660 692";"A01";"1";"33";"5";"0";"0";"1";"1";
"202000046405";"154 660 690";"A01";"1";"99";"0";"2";"2";"1";"1";
"202000046405";"154 660 691";"B01";"1";"7";"0";"2";"4";"1";"1";
"202000046406";"154 660 688";"A01";"1";"7";"0";"0";"2";"15";"2";
"202000046406";"154 660 689";"B01";"2";"33";"0";"2";"1";"1";"1";
"202000046407";"154 660 685";"A01";"1";"7";"0";"2";"1";"13";"1";
"202000046407";"154 660 687";"B01";"2";"7";"0";"2";"3";"1";"1";
"202000046408";"154 660 686";"A01";"1";"7";"0";"1";"8";"19";"1";
"202000046409";"154 660 682";"A01";"2";"7";"0";"2";"3";"13";"1";
"202000046409";"154 660 684";"B01";"1";"7";"0";"2";"3";"1";"1";
"202000046410";"154 660 679";"A01";"1";"7";"0";"1";"2";"2";"6";
"202000046411";"154 660 678";"A01";"2";"7";"0";"2";"3";"1";"1";
"202000046411";"154 660 681";"B01";"3";"7";"0";"2";"2";"1";"1";
"202000046412";"154 660 677";"A01";"2";"7";"13";"0";"1";"1";"1";
"202000046413";"154 660 673";"A01";"3";"7";"0";"0";"4";"23";"1";
"202000046413";"154 660 675";"B01";"3";"7";"0";"2";"1";"1";"1";
"202000046414";"154 660 670";"A01";"2";"7";"0";"2";"1";"2";"1";
"202000046414";"154 660 671";"B01";"2";"7";"0";"2";"4";"2";"1";
"202000046414";"154 660 672";"C01";"2";"7";"1";"0";"1";"1";"1";
"202000046415";"154 660 669";"A01";"2";"7";"0";"2";"2";"0";"1";
"202000046415";"154 660 674";"B01";"2";"7";"0";"2";"1";"1";"1";
"202000046416";"154 660 666";"A01";"1";"30";"0";"0";"9";"21";"1";
"202000046416";"154 660 667";"B01";"1";"7";"0";"0";" -1";"12";"0";
"202000046417";"154 660 665";"A01";"2";"7";"0";"1";"2";"1";"1";
"202000046418";"154 660 663";"A01";"1";"10";"0";"2";"7";"15";"1";
"202000046418";"154 660 664";"B01";"3";"7";"0";"2";"1";"1";"1";
"202000046419";"154 660 661";"B01";"1";"7";"0";"2";"4";"2";"1";
"202000046419";"154 660 662";"A01";"1";"7";"0";"2";"1";"2";"1";
"202000046420";"154 660 668";"A01";"2";"7";"4";"0";"1";"11";"1";
"202000046421";"154 660 659";"A01";"3";"7";"0";"2";"1";"15";"1";
"202000046421";"154 660 660";"B01";"3";"33";"0";"2";"7";"1";"1";
"202000046422";"154 660 657";"A01";"1";"7";"0";"2";"3";"15";"1";
"202000046422";"154 660 658";"B01";"1";"2";"0";"2";"2";"0";"1";
"202000046423";"154 660 656";"A01";"1";"30";"0";"0";"7";"2";"1";
"202000046424";"154 660 654";"B01";"3";"2";"0";"2";"1";"1";"1";
"202000046424";"154 660 655";"A01";"3";"7";"0";"2";"5";"16";"1";
"202000046425";"154 660 653";"A01";"2";"7";"0";"1";"7";"1";"1";
"202000046426";"154 660 650";"A01";"2";"7";"0";"9";"5";"2";"4";
"202000046426";"154 660 652";"B01";"2";"1";"0";"2";"3";"2";"5";
"202000046427";"154 660 649";"A01";"1";"7";"0";"1";"1";"9";"1";
"202000046428";"154 660 648";"A01";"3";"37";"0";"1";"2";"1";"1";"1"
"202000046429";"154 660 646";"A01";"3";"7";"0";"2";"1";"1";"1";
"202000046429";"154 660 647";"B01";"3";"7";"0";"2";"8";"1";"1";
"202000046430";"154 660 645";"A01";"2";"7";"0";"1";"3";"15";"1";
"202000046431";"154 660 644";"A01";"2";"7";"0";"1";"1";"1";"1";
"202000046432";"154 660 642";"A01";"1";"1";"0";"2";"1";"0";"5";
"202000046432";"154 660 643";"B01";"1";"7";"0";"2";"4";"0";"1";
"202000046433";"154 660 640";"B01";"1";"33";"0";"2";"1";"1";"1";
"202000046433";"154 660 641";"A01";"3";"99";"0";"2";"2";"17";"1";
"202000046434";"154 660 651";"A01";"1";"7";"3";"0";"1";"2";"1";
"202000046435";"154 660 638";"A01";"1";"13";"0";"2";"1";"12";"1";
"202000046435";"154 660 639";"B01";"1";"7";"0";"2";"8";"1";"1";
"202000046436";"154 660 635";"A01";"1";"7";"0";"1";"1";"1";"1";
"202000046437";"154 660 631";"B01";"2";"7";"12";"2";"4";"2";"1";
"202000046437";"154 660 632";"C01";"2";"7";"0";"2";"4";"2";"1";
"202000046437";"154 660 633";"A01";"2";"7";"12";"2";"1";"2";"1";
"202000046438";"154 660 629";"A01";"1";"7";"0";"2";"2";"15";"1";
"202000046438";"154 660 630";"B01";"1";"7";"0";"2";"5";"0";"1";
"202000046439";"154 660 627";"A01";"1";"7";"0";"2";"6";"15";"1";
"202000046439";"154 660 628";"B01";"1";"7";"0";"2";"1";"1";"1";
"202000046440";"154 660 624";"B01";"0";"7";"0";"2";"4";"1";"1";
"202000046440";"154 660 626";"A01";"0";"7";"0";"2";"1";"1";"1";
"202000046441";"154 660 622";"A01";"1";"7";"0";"2";"1";"13";"6";
"202000046441";"154 660 623";"B01";"2";"14";"0";"2";"3";"1";"1";
"202000046442";"154 660 618";"C01";"1";"7";"0";"2";"4";"0";"1";
"202000046442";"154 660 619";"A01";"1";"7";"0";"2";"1";"0";"1";
"202000046442";"154 660 620";"D01";"1";"7";"0";"2";"8";"0";"1";
"202000046442";"154 660 621";"B01";"1";"7";"0";"2";"4";"1";"1";
"202000046443";"154 660 616";"B01";"2";"7";"0";"2";"3";"1";"1";
"202000046443";"154 660 617";"A01";"1";"7";"0";"2";"1";"16";"1";
"202000046444";"154 660 614";"B01";"2";"20";"0";"2";"1";"5";"0";
"202000046444";"154 660 615";"A01";"1";"7";"0";"2";"1";"1";"1";
"202000046445";"154 660 612";"B01";"0";"50";"0";"2";"1";"19";"3";
"202000046445";"154 660 613";"A01";"0";"10";"0";"2";"1";"15";"1";
"202000046446";"154 660 625";"C01";"1";"7";"0";"2";"4";"2";"1";
"202000046446";"154 660 636";"A01";"1";"7";"0";"2";"1";"2";"1";
"202000046446";"154 660 637";"B01";"1";"7";"0";"2";"4";"2";"1";
"202000046447";"154 660 611";"A01";"2";"7";"0";"1";"1";"15";"1";
"202000046448";"154 660 610";"A01";"2";"7";"3";"0";"3";"2";"1";
"202000046449";"154 660 609";"A01";"2";"33";"0";"0";"0";"1";"1";
"202000046450";"154 660 608";"A01";"2";"32";"0";"0";"7";"1";"1";
"202000046451";"154 660 606";"A01";"2";"99";"0";"1";"1";"9";"1";
"202000046452";"154 660 605";"A01";"2";"33";"0";"2";"1";"3";"1";
"202000046452";"154 660 607";"B01";"2";"7";"0";"2";"5";"1";"1";
"202000046453";"154 660 601";"B01";"1";"43";"0";"2";"1";"1";"1";
"202000046453";"154 660 604";"A01";"2";"7";"0";"2";"5";"9";"1";
"202000046454";"154 660 602";"B01";"2";"7";"0";"2";"5";"1";"1";
"202000046454";"154 660 603";"A01";"2";"7";"4";"2";"3";"18";"1";
"202000046455";"154 660 599";"A01";"3";"7";"14";"0";"1";"1";"1";
"202000046456";"154 660 598";"B01";"2";"32";"0";"2";"4";"1";"0";
"202000046456";"154 660 600";"A01";"2";"7";"0";"2";"1";"26";"1";
"202000046457";"154 660 597";"A01";"2";"33";"0";"0";"9";"21";"1";
"202000046458";"154 660 595";"A01";"1";"30";"0";"2";"8";"13";"1";
"202000046458";"154 660 596";"B01";"1";"7";"0";"2";"8";"1";"1";
"202000046459";"154 660 594";"A01";"1";"7";"15";"0";"1";"14";"1";
"202000046460";"154 660 589";"A01";"2";"7";"0";"2";"1";"13";"1";
"202000046460";"154 660 590";"B01";"1";"7";"0";"2";"0";"0";"1";
"202000046460";"154 660 593";"C01";"1";"7";"0";"2";"0";"0";"1";
"202000046461";"154 660 586";"B01";"2";"7";"0";"2";"1";"1";"0";
"202000046461";"154 660 587";"A01";"1";"7";"0";"2";"3";"15";"0";
"202000046462";"154 660 585";"A01";"1";"7";"0";"1";"7";"1";"1";
"202000046463";"154 660 583";"A01";"1";"7";"0";"2";"3";"10";"1";
"202000046463";"154 660 584";"B01";"1";"7";"0";"2";"2";"1";"1";
"202000046464";"154 660 588";"B01";"1";"7";"0";"2";"1";"1";"1";
"202000046464";"154 660 592";"A01";"1";"7";"0";"2";"5";"13";"1";
"202000046465";"154 660 591";"A01";"1";"7";"0";"1";"2";"1";"1";
"202000046466";"154 660 578";"B01";"2";"33";"0";"2";"4";"2";"1";
"202000046466";"154 660 580";"A01";"2";"34";"0";"2";"1";"2";"1";
"202000046467";"154 660 576";"A01";"2";"17";"15";"2";"3";"21";"1";
"202000046467";"154 660 577";"B01";"2";"7";"0";"2";"2";"1";"1";
"202000046468";"154 660 574";"A01";"1";"32";"0";"2";"4";"1";"1";
"202000046468";"154 660 575";"Z01";"1";"7";"0";"2";"1";"0";"0";
"202000046469";"154 660 571";"A01";"2";"7";"0";"1";"3";"1";"1";
"202000046470";"154 660 569";"A01";"3";"20";"0";"2";"3";"26";"0";
"202000046470";"154 660 570";"B01";"3";"20";"0";"2";"2";"16";"0";
"202000046471";"154 660 568";"A01";"1";"10";"6";"0";"2";"21";"1";
"202000046472";"154 660 572";"A01";"1";"7";"0";"2";"6";"1";"1";
"202000046472";"154 660 573";"B01";"1";"7";"0";"2";"1";"26";"1";
"202000046473";"154 660 581";"A01";"2";"7";"0";"2";"7";"1";"1";
"202000046473";"154 660 582";"B01";"0";"50";"0";"2";"1";"19";"3";
"202000046474";"154 660 566";"B01";"1";"33";"0";"2";"1";"2";"0";
"202000046474";"154 660 567";"A01";"1";"32";"0";"2";"8";"2";"0";
"202000046475";"154 660 562";"B01";"3";"7";"0";"2";"4";"2";"1";
"202000046475";"154 660 564";"A01";"3";"10";"0";"2";"3";"2";"1";
"202000046476";"154 660 560";"A01";"0";"7";"15";"0";"2";"1";"1";
"202000046477";"154 660 559";"C01";"1";"7";"0";"2";"1";"2";"1";
"202000046477";"154 660 561";"B01";"2";"10";"0";"2";"4";"2";"1";
"202000046477";"154 660 563";"A01";"2";"7";"0";"2";"4";"1";"1";
"202000046477";"154 660 565";"D01";"2";"10";"0";"2";"1";"2";"1";
"202000046478";"154 660 556";"A01";"1";"7";"3";"0";"1";"26";"6";
"202000046479";"154 660 555";"A01";"0";"50";"0";"2";"1";"25";"3";
"202000046479";"154 660 557";"B01";"0";"7";"0";"9";"2";"26";"1";
"202000046480";"154 660 553";"B01";"0";"7";"0";"2";"7";"0";"0";
"202000046480";"154 660 554";"A01";"3";"2";"0";"2";"8";"2";"0";
"202000046481";"154 660 552";"A01";"1";"7";"0";"1";"0";"1";"1";
"202000046482";"154 660 551";"B01";"2";"7";"0";"2";"3";"1";"1";
"202000046482";"154 660 558";"A01";"1";"3";"0";"2";"3";"13";"1";
"202000046483";"154 660 550";"A01";"1";"7";"0";"1";"2";"2";"1";
"202000046484";"154 660 548";"A01";"1";"30";"0";"2";"2";"17";"1";
"202000046484";"154 660 549";"B01";"1";"7";"0";"2";"3";"15";"1";
"202000046485";"154 660 541";"A01";"1";"7";"0";"1";"7";"26";"0";
"202000046486";"154 660 539";"B01";"2";"7";"0";"2";"3";"1";"1";
"202000046486";"154 660 540";"A01";"1";"7";"0";"2";"1";"1";"1";
"202000046487";"154 660 543";"A01";"2";"7";"8";"0";"1";"2";"1";
"202000046488";"154 660 544";"B01";"1";"7";"0";"2";"2";"1";"1";
"202000046488";"154 660 546";"A01";"1";"7";"0";"2";"6";"15";"1";
"202000046489";"154 660 538";"A01";"2";"7";"0";"1";"4";"20";"1";