"Num_Acc";"id_vehicule";"num_veh";"senc";"catv";"obs";"obsm";"choc";"manv";"motor";"occutc"
"202000046915";"154 659 804";"A01";"2";"7";"0";"1";"3";"1";"1";
"202000046916";"154 659 805";"B01";"1";"33";"0";"2";"1";"17";"1";
"202000046916";"154 659 806";"A01";"1";"15";"0";"2";"4";"15";"1";
"202000046917";"154 659 807";"B01";"1";"7";"0";"2";"7";"1";"1";
"202000046917";"154 659 808";"A01";"1";"7";"0";"2";"4";"1";"1";
"202000046918";"154 659 824";"A01";"2";"7";"0";"1";"1";"1";"1";
"202000046919";"154 659 815";"A01";"3";"7";"0";"1";"1";"1";"1";
"202000046920";"154 659 825";"A01";"1";"7";"0";"1";"2";"1";"1";
"202000046921";"154 659 811";"A01";"1";"33";"3";"0";"7";"1";"1";
"202000046922";"154 659 798";"C01";"2";"14";"0";"2";"4";"23";"1";
"202000046922";"154 659 801";"A01";"1";"14";"0";"2";"1";"2";"1";
"202000046922";"154 659 803";"B01";"2";"7";"0";"2";"4";"23";"1";
"202000046923";"154 659 797";"C01";"1";"17";"0";"0";"4";"2";"1";
"202000046923";"154 659 799";"D01";"1";"7";"0";"2";"1";"2";"1";
"202000046923";"154 659 800";"B01";"1";"7";"3";"0";"1";"1";"1";
"202000046923";"154 659 802";"A01";"1";"17";"0";"0";"5";"2";"1";
"202000046924";"154 659 793";"A01";"1";"37";"3";"0";"2";"1";"1";"1"
"202000046925";"154 659 792";"A01";"1";"1";"0";"2";"2";"26";"5";
"202000046925";"154 659 794";"B01";"2";"10";"0";"2";"3";"1";"1";
"202000046926";"154 659 790";"B01";"1";"14";"0";"0";"1";"1";"0";
"202000046926";"154 659 791";"A01";"1";"7";"3";"0";"7";"17";"6";
"202000046927";"154 659 789";"A01";"2";"7";"6";"0";"1";"16";"1";
"202000046928";"154 659 787";"B01";"1";"38";"0";"2";"3";"21";"1";"1"
"202000046928";"154 659 788";"A01";"2";"3";"0";"2";"1";"13";"1";
"202000046929";"154 659 784";"A01";"1";"1";"0";"0";"7";"1";"5";
"202000046930";"154 659 783";"A01";"0";"33";"8";"0";"0";"16";"1";
"202000046931";"154 659 774";"A01";"2";"33";"0";"2";"1";"1";"1";
"202000046931";"154 659 777";"D01";"2";"7";"0";"2";"6";"1";"1";
"202000046931";"154 659 780";"B01";"2";"7";"0";"2";"5";"2";"1";
"202000046931";"154 659 782";"C01";"2";"33";"0";"2";"0";"2";"1";
"202000046932";"154 659 785";"A01";"2";"7";"1";"0";"2";"21";"1";
"202000046933";"154 659 775";"A01";"3";"33";"0";"2";"1";"1";"1";
"202000046933";"154 659 779";"B01";"3";"7";"0";"2";"2";"1";"1";
"202000046934";"154 659 773";"B01";"3";"10";"0";"2";"8";"1";"1";
"202000046934";"154 659 776";"A01";"1";"7";"0";"2";"1";"13";"1";
"202000046935";"154 659 778";"B01";"1";"7";"0";"2";"8";"16";"1";
"202000046935";"154 659 781";"A01";"1";"33";"0";"2";"1";"1";"1";
"202000046936";"154 659 786";"B01";"1";"7";"0";"2";"4";"2";"1";
"202000046936";"154 659 795";"C01";"1";"7";"0";"2";"4";"2";"1";
"202000046936";"154 659 796";"A01";"1";"7";"0";"2";"1";"2";"1";
"202000046937";"154 659 772";"A01";"0";"7";"0";"1";"3";"26";"1";
"202000046938";"154 659 768";"A01";"1";"7";"0";"1";"6";"4";"2";
"202000046939";"154 659 767";"D01";"2";"7";"0";"2";"4";"2";"1";
"202000046939";"154 659 769";"C01";"2";"10";"0";"2";"4";"2";"1";
"202000046939";"154 659 770";"B01";"2";"7";"0";"2";"4";"2";"1";
"202000046939";"154 659 771";"A01";"2";"10";"0";"2";"1";"2";"1";
"202000046940";"154 659 760";"B01";"1";"7";"0";"2";"3";"15";"1";
"202000046940";"154 659 762";"A01";"1";"30";"0";"2";"2";"17";"1";
"202000046941";"154 659 757";"A01";"2";"7";"13";"0";"9";"1";"1";
"202000046942";"154 659 759";"A01";"2";"30";"1";"0";"7";"14";"1";
"202000046943";"154 659 763";"A01";"2";"2";"0";"0";"1";"1";"1";
"202000046944";"154 659 764";"A01";"3";"2";"0";"2";"1";"1";"1";
"202000046944";"154 659 766";"B01";"3";"10";"0";"2";"4";"4";"1";
"202000046945";"154 659 765";"A01";"3";"1";"12";"0";"0";"14";"5";
"202000046946";"154 659 746";"B01";"1";"7";"0";"2";"7";"2";"1";
"202000046946";"154 659 756";"A01";"1";"7";"0";"2";"1";"1";"1";
"202000046947";"154 659 745";"A01";"3";"2";"16";"0";"0";"26";"1";
"202000046947";"154 659 747";"B01";"0";"2";"1";"0";"1";"2";"1";
"202000046948";"154 659 752";"B01";"2";"7";"0";"2";"1";"15";"1";
"202000046948";"154 659 755";"A01";"1";"31";"0";"2";"1";"1";"1";
"202000046949";"154 659 751";"A01";"1";"7";"3";"0";"9";"1";"1";
"202000046950";"154 659 741";"B01";"1";"0";"0";"2";"1";"1";" -1";
"202000046950";"154 659 743";"A01";"1";"1";"0";"0";"0";"26";"5";
"202000046951";"154 659 739";"B01";"1";"1";"0";"2";"7";"0";"5";
"202000046951";"154 659 740";"A01";"1";"7";"0";"9";"1";"9";"1";
"202000046952";"154 659 737";"A01";"2";"33";"0";"2";"2";"2";"1";
"202000046952";"154 659 738";"B01";"2";"7";"0";"2";"6";"2";"1";
"202000046953";"154 659 735";"A01";"1";"7";"0";"9";"2";"22";"1";
"202000046953";"154 659 736";"B01";"1";"1";"1";"2";"2";"21";"0";
"202000046954";"154 659 733";"A01";"2";"7";"6";"0";"8";"14";"1";
"202000046955";"154 659 734";"A01";"1";"7";"6";"0";"1";"13";"1";
"202000046956";"154 659 748";"A01";"2";"7";"0";"1";"1";"1";"1";
"202000046957";"154 659 728";"B01";"1";"7";"0";"2";"4";"15";"0";
"202000046957";"154 659 731";"A01";"1";"2";"0";"2";"1";"2";"0";
"202000046958";"154 659 750";"A01";"1";"2";"0";"0";"7";"1";"1";
"202000046959";"154 659 727";"A01";"1";"31";"0";"0";"2";"1";"1";
"202000046960";"154 659 724";"A01";"1";"7";"0";"2";"1";"2";"1";
"202000046960";"154 659 726";"B01";"1";"7";"0";"2";"4";"2";"1";
"202000046961";"154 659 723";"B01";"1";"7";"0";"2";"2";"17";"0";
"202000046961";"154 659 725";"A01";"1";"7";"0";"2";"3";"15";"0";
"202000046962";"154 659 721";"B01";"2";"33";"0";"0";"1";"1";"1";
"202000046962";"154 659 722";"A01";"2";"7";"0";"0";"3";"9";"1";
"202000046963";"154 659 742";"A01";"3";"1";"0";"9";"0";"1";"5";
"202000046964";"154 659 729";"A01";"1";"7";"3";"0";"1";"26";"1";
"202000046965";"154 659 730";"A01";"3";"7";"0";"9";"7";"9";"1";
"202000046965";"154 659 732";"B01";"3";"1";"0";"2";"3";"2";"5";
"202000046966";"154 659 744";"A01";"1";"30";"0";"9";"2";"1";"1";
"202000046967";"154 659 718";"A01";"1";"7";"14";"1";"1";"1";"1";
"202000046968";"154 659 717";"A01";"1";"2";"0";"0";"0";"1";"1";
"202000046969";"154 659 719";"B01";"1";"7";"0";"2";"4";"1";"1";
"202000046969";"154 659 720";"A01";"1";"7";"0";"2";"1";"1";"1";
"202000046970";"154 659 710";"A01";"1";"7";"0";"0";"9";"13";"4";
"202000046971";"154 659 709";"B01";"3";"7";"0";"2";"3";"0";"0";
"202000046971";"154 659 716";"A01";"3";"7";"0";"1";"1";"0";"0";
"202000046972";"154 659 707";"Z01";"0";"7";"0";"2";"3";"0";"0";
"202000046972";"154 659 708";"B01";"0";"30";"0";"2";"1";"1";"0";
"202000046973";"154 659 705";"C01";"2";"7";"0";"2";"3";"1";"0";
"202000046973";"154 659 711";"B01";"1";"33";"0";"2";"7";"17";"0";
"202000046973";"154 659 713";"A01";"1";"33";"0";"2";"6";"17";"0";
"202000046974";"154 659 704";"A01";"2";"7";"0";"2";"1";"5";"1";
"202000046974";"154 659 715";"B01";"1";"7";"0";"0";"7";"1";"1";
"202000046975";"154 659 702";"A01";"3";"7";"0";"1";"1";"16";"1";
"202000046976";"154 659 703";"A01";"0";"7";"7";"2";"1";"2";"1";
"202000046976";"154 659 712";"B01";"0";"10";"0";"2";"0";"0";"0";
"202000046977";"154 659 701";"B01";"1";"7";"0";"2";"3";"1";"1";
"202000046977";"154 659 714";"A01";"2";"7";"0";"2";"3";"13";"1";
"202000046978";"154 659 698";"C01";"2";"7";"0";"2";"2";"1";"1";
"202000046978";"154 659 699";"A01";"2";"7";"0";"2";"1";"13";"1";
"202000046978";"154 659 700";"B01";"1";"7";"0";"2";"1";"1";"1";
"202000046979";"154 659 697";"A01";"1";"7";"0";"2";"1";"15";"1";
"202000046979";"154 659 706";"B01";"2";"2";"0";"2";"1";"1";"1";
"202000046980";"154 659 688";"B01";"1";"33";"1";"2";"0";"0";"0";
"202000046980";"154 659 691";"A01";"1";"7";"0";"2";"0";"15";"0";
"202000046981";"154 659 689";"A01";"2";"7";"0";"2";"1";"2";"1";
"202000046981";"154 659 693";"B01";"2";"7";"0";"2";"4";"1";"1";
"202000046982";"154 659 690";"A01";"2";"7";"0";"2";"7";"1";"1";
"202000046982";"154 659 694";"B01";"1";"7";"0";"2";"2";"1";"1";
"202000046983";"154 659 696";"A01";"2";"2";"1";"0";"0";"1";"1";
"202000046984";"154 659 687";"A01";"1";"7";"1";"0";"1";"0";"1";
"202000046984";"154 659 692";"B01";"3";"7";"0";"2";"0";"0";"1";
"202000046985";"154 659 684";"A01";"1";"7";"0";"0";"5";"15";"1";
"202000046985";"154 659 685";"B01";"2";"7";"0";"0";"2";"1";"1";
"202000046986";"154 659 682";"A01";"2";"7";"0";"1";"2";"0";"1";
"202000046987";"154 659 681";"A01";"1";"7";"0";"2";"2";"0";"0";
"202000046987";"154 659 683";"B01";"2";"2";"0";"2";"1";"0";"0";
"202000046988";"154 659 680";"A01";"1";"7";"2";"0";"1";"0";"1";
"202000046989";"154 659 678";"A01";"1";"7";"0";"2";"3";"13";"0";
"202000046989";"154 659 679";"B01";"2";"33";"0";"2";"8";"1";"0";
"202000046990";"154 659 676";"A01";"1";"10";"13";"0";"3";"1";"1";
"202000046991";"154 659 675";"B01";"2";"34";"0";"2";"1";"5";"1";
"202000046991";"154 659 677";"A01";"1";"7";"0";"2";"2";"15";"1";
"202000046992";"154 659 672";"A01";"3";"7";"1";"0";"5";"1";"1";
"202000046993";"154 659 673";"B01";"2";"1";"0";"0";"4";"1";"5";
"202000046993";"154 659 674";"A01";"2";"7";"0";"2";"2";"17";"1";
"202000046994";"154 659 671";"A01";"3";"30";"0";"1";"1";"1";"1";
"202000046995";"154 659 668";"A01";"1";"10";"0";"1";"4";"1";"1";
"202000046996";"154 659 669";"A01";"2";"34";"0";"2";"1";"5";"1";
"202000046996";"154 659 686";"B01";"1";"7";"0";"2";"3";"1";"0";
"202000046997";"154 659 670";"A01";"1";"7";"6";"2";"1";"13";"1";
"202000046998";"154 659 665";"A01";"1";"7";"0";"1";"3";"1";"1";
"202000046999";"154 659 662";"Z01";"1";"7";"0";"2";"7";"26";"0";
"202000046999";"154 659 663";"A01";"2";"31";"0";"2";"1";"1";"1";
"202000047000";"154 659 667";"A01";"3";"7";"0";"2";"1";"19";"1";
"202000047000";"154 659 695";"B01";"3";"7";"0";"2";"8";"9";"1";
"202000047001";"154 659 659";"A01";"2";"3";"0";"2";"1";"1";"1";
"202000047001";"154 659 660";"B01";"1";"7";"0";"2";"4";"1";"1";
"202000047002";"154 659 652";"A01";"2";"7";"0";"0";"6";"2";"1";
"202000047002";"154 659 661";"B01";"2";"3";"0";"2";"0";"2";"1";
"202000047003";"154 659 655";"A01";"0";"32";"12";"0";"1";"26";"1";
"202000047004";"154 659 656";"A01";"1";"30";"0";"2";"1";"15";"1";
"202000047004";"154 659 658";"B01";"3";"7";"0";"2";"7";"1";"1";
"202000047005";"154 659 651";"A01";"3";"30";"0";"2";"1";"1";"1";
"202000047005";"154 659 657";"B01";" -1";"0";" -1";" -1";" -1";" -1";" -1";
"202000047006";"154 659 648";"B01";"2";"7";"0";"2";"8";"1";"1";
"202000047006";"154 659 649";"A01";"2";"7";"4";"2";"8";"2";"1";
"202000047007";"154 659 643";"A01";"1";"7";"0";"1";"1";"26";"1";
"202000047008";"154 659 645";"A01";"1";"7";"0";"2";"1";"1";"1";
"202000047008";"154 659 647";"B01";"1";"7";"0";"2";"4";"1";"1";
"202000047009";"154 659 641";"A01";"1";"30";"0";"2";"8";"2";"1";
"202000047009";"154 659 644";"B01";"1";"31";"0";"2";"7";"2";"1";
"202000047010";"154 659 642";"A01";"2";"7";"0";"2";"1";"1";"1";
"202000047010";"154 659 646";"B01";"2";"7";"0";"2";"4";"1";"1";
"202000047011";"154 659 635";"B01";"1";"1";"0";"2";"8";"1";"5";
"202000047011";"154 659 637";"A01";"3";"7";"0";"2";"1";"16";"1";
"202000047012";"154 659 654";"A01";"3";"7";"6";"0";"1";"19";"3";
"202000047013";"154 659 653";"A01";"2";"10";"0";"1";"2";"1";"1";
"202000047014";"154 659 638";"A01";"3";"7";"0";"1";"3";"16";"0";
"202000047015";"154 659 639";"A01";"0";"2";"11";"0";"1";"1";"1";
"202000047016";"154 659 650";"A01";"2";"7";"0";"2";"1";"13";"1";
"202000047016";"154 659 664";"B01";"1";"7";"5";"2";"3";"1";"1";
"202000047017";"154 659 636";"B01";"1";"10";"0";"2";"1";"2";"1";
"202000047017";"154 659 640";"A01";"1";"10";"0";"2";"4";"2";"1";
"202000047018";"154 659 634";"A01";"2";"7";"0";"1";"3";"1";"1";
"202000047019";"154 659 625";"B01";"1";"7";"0";"2";"8";"0";"1";
"202000047019";"154 659 630";"A01";"1";"33";"0";"2";"7";"3";"1";
"202000047020";"154 659 626";"A01";"2";"33";"5";"0";"2";"14";"1";
"202000047021";"154 659 627";"B01";"1";"38";"0";"2";"5";"16";"1";"2"
"202000047021";"154 659 632";"A01";"3";"10";"0";"2";"3";"9";"1";
"202000047022";"154 659 629";"B01";"1";"7";"0";"2";"6";"9";"1";
"202000047022";"154 659 633";"A01";"1";"13";"0";"2";"6";"14";"1";
"202000047023";"154 659 628";"A01";"2";"7";"0";"0";"1";"0";"1";
"202000047024";"154 659 624";"A01";"0";"32";"0";"2";"1";"15";"1";
"202000047024";"154 659 631";"B01";"0";"7";"0";"2";"8";"1";"1";
"202000047025";"154 659 618";"A01";"3";"7";"1";"0";"2";"14";"1";
"202000047025";"154 659 621";"B01";"3";"17";"1";"0";"6";"24";"1";
"202000047026";"154 659 617";"A01";"1";"7";"12";"0";"1";"0";"0";
"202000047026";"154 659 620";"B01";"1";"7";"0";"2";"3";"1";"0";
"202000047027";"154 659 614";"A01";"1";"10";"0";"1";"1";"1";"1";
"202000047028";"154 659 613";"C01";"2";"7";"0";"2";"4";"0";"1";
"202000047028";"154 659 615";"A01";"2";"7";"0";"2";"8";"9";"1";
"202000047028";"154 659 616";"B01";"2";"1";"0";"2";"4";"1";"0";
"202000047029";"154 659 611";"A01";"1";"7";"0";"2";"3";"10";"1";
"202000047029";"154 659 612";"B01";"3";"30";"0";"2";"1";"1";"1";
"202000047030";"154 659 606";"A01";"1";"7";"0";"2";"3";"18";"1";
"202000047030";"154 659 609";"B01";"1";"33";"0";"2";"5";"16";"1";
"202000047031";"154 659 605";"A01";"1";"13";"0";"2";"5";"1";"1";
"202000047031";"154 659 608";"C01";"1";"37";"0";"2";"6";"23";"1";"1"
"202000047031";"154 659 610";"B01";"1";"1";"0";"2";"9";"13";"5";
"202000047032";"154 659 604";"A01";"3";"7";"0";"9";"3";"26";"1";
"202000047032";"154 659 622";"B01";"3";"1";"0";"2";"2";"19";"5";
"202000047033";"154 659 600";"A01";"3";"7";"2";"0";"3";"0";"1";
"202000047034";"154 659 599";"A01";"3";"7";"0";"1";"0";"0";"1";
"202000047035";"154 659 597";"B01";"2";"7";"0";"2";"1";"1";"1";
"202000047035";"154 659 598";"A01";"1";"7";"0";"2";"1";"13";"1";
"202000047036";"154 659 603";"B01";"2";"7";"0";"2";"1";"1";"1";
"202000047036";"154 659 623";"A01";"2";"10";"0";"2";"4";"1";"1";
"202000047037";"154 659 602";"A01";"2";"7";"0";"2";"1";"1";"1";
"202000047037";"154 659 619";"B01";"2";"7";"0";"2";"4";"23";"1";
"202000047038";"154 659 601";"A01";"1";"7";"0";"2";"1";"1";"1";
"202000047038";"154 659 607";"B01";"2";"7";"0";"2";"1";"23";"1";
"202000047039";"154 659 588";"A01";"2";"10";"6";"0";"1";"1";"1";
"202000047040";"154 659 587";"B01";"2";"7";"0";"2";"1";"1";"1";
"202000047040";"154 659 593";"A01";"1";"7";"0";"2";"1";"13";"1";
"202000047041";"154 659 586";"B01";"2";"37";"0";"2";"1";"1";"1";"2"
"202000047041";"154 659 596";"A01";"3";"7";"0";"2";"3";"19";"1";
"202000047042";"154 659 589";"B01";"1";"7";"0";"2";"4";"1";"1";
"202000047042";"154 659 594";"A01";"1";"15";"0";"2";"1";"2";"1";
"202000047043";"154 659 590";"B01";"2";"7";"0";"2";"6";"1";"1";
"202000047043";"154 659 595";"A01";"2";"15";"0";"2";"2";"12";"1";
"202000047044";"154 659 592";"A01";"1";"10";"0";"1";"1";"1";"1";
"202000047045";"154 659 583";"A01";"3";"7";"7";"0";"8";"1";"1";
"202000047046";"154 659 579";"A01";"2";"7";"0";"2";"1";"2";"1";
"202000047046";"154 659 580";"B01";"2";"7";"0";"2";"4";"23";"1";
"202000047047";"154 659 576";"A01";"2";"30";"4";"0";"7";"16";"1";
"202000047048";"154 659 575";"A01";"2";"1";"0";"2";"8";"1";"5";
"202000047048";"154 659 578";"B01";"1";"7";"0";"2";"1";"1";"1";
"202000047049";"154 659 591";"A01";"1";"33";"7";"0";"7";"1";"1";
"202000047050";"154 659 572";"B01";"2";"33";"0";"2";"1";"1";"1";
"202000047050";"154 659 573";"C01";"2";"7";"0";"2";"4";"1";"1";
"202000047051";"154 659 584";"A01";"1";"10";"3";"0";"3";"9";"1";
"202000047052";"154 659 581";"A01";"0";"30";"0";"2";"5";"2";"1";
"202000047052";"154 659 582";"Z01";"0";"7";"0";"2";"5";"20";"0";
"202000047053";"154 659 570";"A01";"0";"31";"0";"9";"1";"13";"1";
"202000047054";"154 659 567";"A01";"1";"7";"0";"2";"1";"1";"1";
"202000047054";"154 659 568";"B01";"1";"7";"0";"2";"6";"9";"1";
"202000047054";"154 659 569";"C01";"1";"15";"0";"2";"5";"1";"0";
"202000047055";"154 659 585";"A01";"1";"7";"0";"0";"0";"9";"1";
"202000047056";"154 659 574";"A01";"2";"7";"4";"0";"6";"1";"1";
"202000047056";"154 659 577";"B01";"2";"7";"0";"0";"1";"14";"1";
"202000047057";"154 659 566";"Z01";"1";"14";"0";"2";"1";"22";"1";
"202000047057";"154 659 571";"A01";"1";"1";"0";"2";"0";"1";"5";
"202000047058";"154 659 565";"A01";"3";"15";"0";"1";"2";"26";"1";
"202000047059";"154 659 557";"A01";"1";"7";"1";"0";"9";"1";"1";
"202000047059";"154 659 559";"C01";"1";"7";"1";"0";"0";"0";"1";
"202000047059";"154 659 561";"B01";"1";"7";"1";"0";"6";"0";"2";
"202000047060";"154 659 556";"B01";"2";"7";"0";"2";"4";"0";"1";
"202000047060";"154 659 558";"A01";"2";"7";"0";"2";"1";"2";"1";
"202000047061";"154 659 560";"B01";"2";"15";"0";"2";"4";"0";"1";
"202000047061";"154 659 562";"A01";"2";"15";"0";"2";"1";"1";"1";
"202000047062";"154 659 552";"A01";"1";"7";"12";"0";"9";"26";"1";
"202000047063";"154 659 563";"A01";"2";"33";"0";"0";"1";"1";"1";
"202000047064";"154 659 564";"A01";"2";"7";"2";"0";"1";"1";"1";
"202000047065";"154 659 554";"A01";"2";"7";"3";"0";"1";"13";"1";
"202000047066";"154 659 555";"A01";"1";"10";"0";"1";"2";"1";"1";
"202000047067";"154 659 551";"A01";"2";"33";"0";"0";"8";"16";"1";
"202000047068";"154 659 545";"A01";"0";"31";"0";"0";"0";"21";"1";
"202000047069";"154 659 549";"A01";"3";"1";"0";"0";"0";"1";"5";
"202000047070";"154 659 546";"A01";"0";"7";"0";"2";"2";"15";"1";
"202000047070";"154 659 550";"B01";"0";"32";"0";"2";"1";"1";"1";
"202000047071";"154 659 547";"A01";"2";"7";"0";"0";"9";"1";"1";
"202000047072";"154 659 541";"A01";"2";"7";"4";"0";"1";"1";"1";
"202000047073";"154 659 539";"B01";"3";"7";"0";"2";"4";"2";"1";
"202000047073";"154 659 540";"A01";"3";"7";"0";"2";"1";"2";"1";
"202000047074";"154 659 538";"A01";"2";"7";"8";"0";"3";"1";"1";
"202000047075";"154 659 536";"A01";"1";"7";"13";"0";"1";"1";"1";
"202000047076";"154 659 535";"A01";"2";"7";"3";"2";"2";"1";"1";
"202000047076";"154 659 537";"B01";"2";"17";"0";"2";"6";"2";"1";
"202000047077";"154 659 532";"B01";"1";"7";"0";"2";"3";"9";"1";
"202000047077";"154 659 534";"A01";"3";"7";"15";"2";"2";"12";"1";
"202000047078";"154 659 542";"A01";"1";"33";"0";"2";"8";"3";"1";
"202000047078";"154 659 543";"Z01";"2";"7";"0";"2";"0";"1";"0";
"202000047079";"154 659 544";"B01";"1";"1";"0";"2";"1";"1";"6";
"202000047079";"154 659 548";"A01";"1";"7";"0";"2";"2";"16";"1";
"202000047080";"154 659 528";"A01";"1";"33";"5";"0";"3";"2";"1";
"202000047081";"154 659 526";"B01";"1";"31";"0";"2";"1";"1";"1";
"202000047081";"154 659 527";"A01";"1";"10";"0";"2";"6";"10";"1";
"202000047082";"154 659 524";"A01";"0";"7";"0";"1";"3";"1";"1";
"202000047083";"154 659 525";"A01";"2";"30";"0";"0";"0";"1";"1";
"202000047084";"154 659 523";"A01";"1";"7";"4";"0";"3";"1";"1";
"202000047085";"154 659 516";"A01";"2";"15";"3";"2";"2";"2";"1";
"202000047085";"154 659 520";"B01";"2";"7";"3";"2";"4";"2";"1";
"202000047086";"154 659 519";"A01";"3";"7";"0";"2";"2";"21";"1";
"202000047086";"154 659 522";"B01";"0";"50";"0";"2";"4";"11";"3";
"202000047087";"154 659 517";"A01";"2";"7";"0";"2";"1";"2";"1";
"202000047087";"154 659 521";"B01";"2";"7";"0";"2";"4";"23";"1";
"202000047088";"154 659 529";"B01";"3";"7";"0";"2";"1";"1";"1";
"202000047088";"154 659 533";"A01";"3";"7";"0";"2";"1";"1";"1";
"202000047089";"154 659 530";"A01";"2";"7";"4";"0";"1";"14";"1";
"202000047090";"154 659 515";"A01";"1";"50";"0";"2";"4";"23";"3";
"202000047090";"154 659 518";"Z01";"1";"1";"0";"2";"0";"2";"5";
"202000047091";"154 659 531";"A01";"1";"7";"2";"0";"7";"0";"1";
"202000047092";"154 659 510";"B01";"1";"7";"0";"2";"1";"1";"1";
"202000047092";"154 659 511";"A01";"1";"7";"4";"2";"4";"2";"1";
"202000047093";"154 659 508";"A01";"1";"7";"3";"0";"1";"9";"1";
"202000047094";"154 659 509";"Z01";"1";"7";"0";"1";"0";"16";"1";
"202000047095";"154 659 502";"A01";"2";"33";"0";"2";"2";"26";"1";
"202000047095";"154 659 513";"B01";"2";"7";"0";"0";"5";"1";"1";
"202000047096";"154 659 505";"A01";"2";"7";"15";"0";"1";"1";"1";
"202000047097";"154 659 504";"A01";"0";"7";"0";"2";"1";"13";"1";
"202000047097";"154 659 512";"B01";"0";"7";"0";"2";"1";"1";"1";
"202000047098";"154 659 506";"A01";"1";"10";"0";"1";"7";"15";"1";
"202000047099";"154 659 503";"B01";"1";"7";"0";"2";"3";"1";"1";
"202000047099";"154 659 514";"A01";"1";"33";"0";"2";"3";"13";"1";
"202000047100";"154 659 495";"A01";"2";"33";"3";"0";"1";"1";"1";
"202000047101";"154 659 501";"A01";"1";"1";"0";"1";"7";"1";"5";
"202000047102";"154 659 494";"A01";"1";"30";"12";"0";"1";"14";"1";
"202000047103";"154 659 493";"A01";"1";"7";"2";"0";"3";"0";"1";
"202000047104";"154 659 496";"A01";"2";"7";"1";"0";"7";"1";"1";
"202000047105";"154 659 497";"D01";"1";"33";"0";"2";"4";"2";"1";
"202000047105";"154 659 499";"A01";"1";"7";"0";"2";"1";"2";"1";
"202000047105";"154 659 500";"C01";"1";"7";"0";"2";"4";"2";"1";
"202000047105";"154 659 507";"B01";"1";"7";"0";"2";"4";"2";"1";
"202000047106";"154 659 492";"A01";"3";"7";"0";"1";"1";"1";"1";
"202000047107";"154 659 486";"A01";"2";"7";"4";"0";"1";"1";"1";
"202000047108";"154 659 485";"B01";"1";"7";"0";"2";"8";"1";"1";
"202000047108";"154 659 487";"A01";"2";"7";"0";"2";"3";"5";"1";
"202000047109";"154 659 478";"B01";"1";"7";"0";"2";"1";"17";"1";
"202000047109";"154 659 490";"A01";"2";"7";"0";"2";"1";"1";"1";
"202000047110";"154 659 475";"A01";"2";"7";"1";"0";"2";"0";"0";
"202000047111";"154 659 489";"B01";"3";"10";"0";"2";"4";"26";"1";
"202000047111";"154 659 491";"A01";"3";"10";"0";"2";"1";"26";"1";
"202000047112";"154 659 477";"A01";"1";"32";"0";"2";"1";"2";"1";
"202000047112";"154 659 479";"B01";"1";"7";"0";"2";"4";"2";"1";
"202000047113";"154 659 481";"A01";"2";"7";"0";"2";"1";"13";"1";
"202000047113";"154 659 484";"B01";"1";"7";"0";"2";"1";"1";"1";
"202000047114";"154 659 480";"A01";"1";"7";"3";"0";"8";"13";"1";
"202000047115";"154 659 474";"A01";"1";"1";"0";"2";"1";"13";"5";
"202000047115";"154 659 476";"B01";"2";"1";"0";"2";"1";"1";"5";
"202000047116";"154 659 482";"A01";"2";"7";"0";"2";"3";"16";"1";
"202000047116";"154 659 483";"B01";"2";"7";"0";"2";"6";"1";"1";
"202000047117";"154 659 471";"A01";"2";"33";"8";"0";"0";"1";"1";
"202000047118";"154 659 470";"B01";"3";"1";"0";"2";"1";"1";"0";
"202000047118";"154 659 473";"A01";"3";"7";"0";"9";"3";"15";"1";
"202000047119";"154 659 464";"C01";"2";"7";"3";"2";"4";"1";"1";
"202000047119";"154 659 467";"B01";"2";"7";"0";"2";"3";"1";"1";
"202000047119";"154 659 468";"A01";"2";"7";"0";"2";"2";"14";"1";
"202000047120";"154 659 465";"A01";"1";"7";"0";"2";"3";"13";"1";
"202000047120";"154 659 466";"B01";"2";"7";"0";"2";"1";"1";"1";
"202000047120";"154 659 472";"C01";"2";"7";"0";"2";"2";"2";"1";
"202000047121";"154 659 462";"A01";"1";"32";"0";"2";"3";"17";"1";
"202000047121";"154 659 463";"B01";"1";"7";"0";"2";"8";"1";"1";
"202000047122";"154 659 458";"B01";"2";"33";"0";"2";"7";"17";"1";
"202000047122";"154 659 459";"A01";"2";"7";"0";"2";"8";"13";"1";
"202000047123";"154 659 452";"A01";"2";"2";"7";"0";"7";"16";"1";
"202000047124";"154 659 450";"B01";"2";"37";"0";"2";"2";"17";"2";"1"
"202000047124";"154 659 457";"A01";"2";"1";"0";"2";"3";"13";"5";
"202000047125";"154 659 449";"B01";"1";"7";"0";"2";"1";"1";"4";
"202000047125";"154 659 451";"Z01";"2";"7";"0";"2";"1";"10";"4";
"202000047126";"154 659 447";"A01";"2";"7";"0";"2";"3";"19";"0";
"202000047126";"154 659 448";"B01";"2";"7";"0";"2";"1";"1";"0";
"202000047127";"154 659 445";"A01";"1";"33";"0";"1";"0";"1";"1";
"202000047128";"154 659 442";"A01";"3";"7";"0";"2";"7";"2";"0";
"202000047128";"154 659 443";"B01";"1";"1";"0";"2";"8";"2";"5";
"202000047129";"154 659 439";"C01";"2";"7";"0";"2";"4";"2";"0";
"202000047129";"154 659 440";"B01";"2";"7";"0";"2";"5";"23";"0";
"202000047129";"154 659 441";"A01";"2";"7";"14";"0";"1";"2";"0";