"Num_Acc";"id_vehicule";"num_veh";"senc";"catv";"obs";"obsm";"choc";"manv";"motor";"occutc"
"202000047336";"154 659 083";"B01";"2";"60";"0";"2";"1";"26";"5";
"202000047337";"154 659 069";"A01";"2";"7";"0";"1";"2";"2";"1";
"202000047338";"154 659 091";"A01";"2";"33";"0";"2";"9";"17";"1";
"202000047338";"154 659 097";"B01";"2";"7";"0";"2";"8";"1";"1";
"202000047339";"154 659 092";"B01";"1";"7";"0";"2";"8";"19";"1";
"202000047339";"154 659 098";"A01";"1";"33";"0";"2";"1";"21";"1";
"202000047340";"154 659 068";"A01";"2";"10";"0";"1";"0";"4";"6";
"202000047341";"154 659 062";"A01";"1";"7";"0";"2";"3";"9";"1";
"202000047341";"154 659 063";"B01";"1";"30";"0";"2";"1";"1";"3";
"202000047342";"154 659 061";"A01";"1";"7";"0";"9";"7";"1";"0";
"202000047342";"154 659 064";"B01";"1";"1";"0";"2";"1";"26";"5";
"202000047343";"154 659 060";"A01";"2";"1";"0";"0";"0";"21";"5";
"202000047344";"154 659 057";"A01";"1";"14";"0";"2";"3";"22";"6";
"202000047344";"154 659 058";"B01";"1";"33";"0";"2";"2";"1";"1";
"202000047345";"154 659 056";"B01";"1";"1";"0";"2";"4";"1";"5";
"202000047345";"154 659 065";"A01";"1";"7";"0";"2";"2";"1";"1";
"202000047346";"154 659 051";"A01";"2";"7";"0";"2";"8";"13";"1";
"202000047346";"154 659 066";"B01";"1";"7";"0";"2";"8";"1";"1";
"202000047346";"154 659 067";"C01";"1";"7";"0";"2";"1";"1";"1";
"202000047347";"154 659 047";"B01";"1";"7";"0";"2";"1";"1";"1";
"202000047347";"154 659 048";"A01";"2";"7";"0";"2";"1";"5";"1";
"202000047348";"154 659 053";"A01";"0";"33";"8";"0";"2";"14";"6";
"202000047349";"154 659 052";"B01";"1";"2";"0";"2";"7";"17";"0";
"202000047349";"154 659 059";"A01";"1";"7";"0";"2";"1";"13";"0";
"202000047350";"154 659 054";"A01";"1";"7";"0";"2";"8";"15";"1";
"202000047350";"154 659 085";"B01";"2";"1";"0";"2";"3";"1";"5";
"202000047351";"154 659 055";"A01";"3";"10";"0";"1";"1";"15";"1";
"202000047352";"154 659 045";"A01";"1";"7";"0";"2";"1";"1";"0";
"202000047352";"154 659 046";"B01";"1";"33";"0";"2";"4";"1";"0";
"202000047353";"154 659 043";"B01";"0";"7";"0";"2";"1";"1";"1";
"202000047353";"154 659 044";"A01";"0";"7";"0";"2";"1";"15";"1";
"202000047354";"154 659 036";"B01";"3";"7";"0";"2";"1";"1";"1";
"202000047354";"154 659 037";"A01";"3";"7";"0";"2";"7";"1";"1";
"202000047355";"154 659 035";"A01";"1";"10";"16";"0";"9";"0";"1";
"202000047356";"154 659 034";"A01";"1";"7";"4";"0";"3";"13";"1";
"202000047357";"154 659 032";"A01";"2";"7";"0";"0";"1";"1";"1";
"202000047358";"154 659 031";"A01";"2";"31";"0";"2";"3";"3";"1";
"202000047358";"154 659 033";"B01";"2";"7";"0";"2";"5";"1";"1";
"202000047359";"154 659 029";"A01";"1";"7";"2";"0";"1";"13";"1";
"202000047360";"154 659 038";"A01";"1";"7";"0";"2";"6";"19";"1";
"202000047360";"154 659 042";"B01";"2";"31";"0";"2";"1";"1";"1";
"202000047361";"154 659 039";"A01";"2";"7";"0";"2";"5";"15";"1";
"202000047361";"154 659 040";"B01";"1";"34";"0";"2";"1";"0";"1";
"202000047362";"154 659 030";"A01";"2";"33";"0";"6";"2";"1";"1";
"202000047363";"154 659 022";"A01";"1";"30";"12";"0";"1";"16";"1";
"202000047364";"154 659 023";"E01";"2";"7";"0";"0";"0";"9";"0";
"202000047364";"154 659 024";"D01";"1";"14";"0";"2";"1";"2";"1";
"202000047364";"154 659 026";"C01";"1";"10";"0";"2";"4";"2";"1";
"202000047364";"154 659 027";"B01";"1";"10";"0";"2";"1";"2";"1";
"202000047364";"154 659 028";"A01";"1";"7";"0";"2";"4";"13";"1";
"202000047365";"154 659 020";"A01";"1";"7";"0";"2";"1";"17";"1";
"202000047365";"154 659 025";"B01";"2";"34";"0";"2";"1";"1";"1";
"202000047366";"154 659 019";"A01";"0";"7";"6";"0";"4";"4";"1";
"202000047367";"154 659 016";"B01";"2";"43";"0";"2";"2";"1";"1";
"202000047367";"154 659 021";"A01";"2";"50";"0";"2";"6";"19";"3";
"202000047368";"154 659 014";"B01";"1";"7";"0";"2";"1";"1";"1";
"202000047368";"154 659 015";"A01";"1";"7";"0";"0";"3";"19";"1";
"202000047369";"154 659 012";"A01";"1";"7";"0";"2";"2";"16";"1";
"202000047369";"154 659 013";"B01";"1";"50";"0";"2";"1";"1";"3";
"202000047370";"154 659 011";"A01";"2";"7";"7";"0";"1";"1";"0";
"202000047371";"154 659 009";"B01";"3";"33";"0";"2";"7";"16";"1";
"202000047371";"154 659 010";"A01";"2";"1";"0";"2";"7";"5";"5";
"202000047372";"154 659 008";"A01";"1";"2";"2";"0";"1";"2";"1";
"202000047373";"154 659 017";"B01";"1";"33";"0";"2";"1";"19";"1";
"202000047373";"154 659 041";"A01";"1";"7";"0";"2";"7";"19";"1";
"202000047374";"154 659 018";"A01";"2";"1";"0";"0";"0";"1";"0";
"202000047375";"154 659 001";"B01";"2";"7";"0";"2";"3";"1";"1";
"202000047375";"154 659 007";"A01";"1";"7";"3";"2";"2";"0";"1";
"202000047376";"154 659 002";"A01";"1";"7";"0";"2";"1";"1";"1";
"202000047377";"154 659 004";"A01";"1";"50";"0";"1";"7";"1";"3";
"202000047378";"154 659 000";"B01";"2";"7";"0";"2";"1";"1";"1";
"202000047378";"154 659 005";"A01";"1";"33";"0";"2";"0";"1";"1";
"202000047379";"154 658 998";"B01";"2";"7";"0";"2";"0";"23";"2";
"202000047379";"154 658 999";"A01";"2";"33";"0";"2";"5";"7";"1";
"202000047380";"154 658 994";"B01";"2";"1";"0";"2";"1";"1";"5";
"202000047380";"154 658 996";"A01";"2";"7";"0";"2";"2";"16";"1";
"202000047381";"154 659 003";"A01";"1";"7";"0";"2";"3";"15";"1";
"202000047381";"154 659 006";"B01";"2";"33";"0";"2";"8";"1";"1";
"202000047382";"154 658 995";"A01";"1";"7";"0";"0";"4";"2";"1";
"202000047382";"154 658 997";"B01";"1";"10";"0";"2";"1";"2";"1";
"202000047383";"154 658 993";"A01";"1";"1";"0";"1";"8";"1";"5";
"202000047384";"154 658 990";"A01";"1";"7";"2";"0";"1";"0";"1";
"202000047385";"154 658 989";"A01";"2";"50";"0";"0";"0";"16";"3";
"202000047386";"154 658 987";"A01";"1";"7";"0";"1";"3";"1";"1";
"202000047387";"154 658 986";"B01";"2";"1";"0";"2";"0";"1";"5";
"202000047387";"154 658 988";"A01";"2";"10";"0";"2";"0";"16";"1";
"202000047388";"154 658 985";"A01";"0";"43";"0";"0";"0";"1";"1";
"202000047389";"154 658 982";"B01";"1";"30";"0";"2";"0";"1";"1";
"202000047389";"154 658 983";"A01";"1";"10";"0";"2";"0";"9";"1";
"202000047390";"154 658 981";"B01";"2";"80";"0";"0";"8";"0";"3";
"202000047390";"154 658 992";"A01";"1";"7";"0";"2";"1";"0";"1";
"202000047391";"154 658 979";"B01";"0";"33";"0";"0";"1";"1";"1";
"202000047391";"154 658 980";"A01";"0";"7";"0";"0";"2";"17";"1";
"202000047392";"154 658 978";"A01";"1";"33";"0";"0";"8";"1";"1";
"202000047393";"154 658 977";"B01";" -1";"1";"0";"0";"6";"9";"5";
"202000047393";"154 658 991";"A01";" -1";"37";"0";"2";"2";"2";"1";"1"
"202000047394";"154 658 975";"A01";"1";"32";"0";"2";"2";"1";"1";
"202000047394";"154 658 976";"B01";"2";"7";"0";"2";"3";"1";"1";
"202000047395";"154 658 973";"A01";" -1";"7";"0";"2";"8";"9";"4";
"202000047395";"154 658 974";"B01";"3";"7";"0";"2";"2";"1";"3";
"202000047396";"154 658 972";"Z01";"1";"7";"0";"1";"3";"1";"0";
"202000047397";"154 658 968";"B01";"1";"1";"0";"2";"1";"14";"5";
"202000047397";"154 658 969";"A01";"2";"7";"0";"2";"1";"17";"2";
"202000047398";"154 658 970";"B01";"1";"1";"0";"2";"1";"1";"5";
"202000047398";"154 658 971";"A01";"1";"7";"0";"2";"3";"26";"0";
"202000047399";"154 658 966";"A01";"3";"7";"0";"2";"1";"1";"1";
"202000047399";"154 658 967";"B01";"3";"1";"0";"2";"8";"9";"5";
"202000047400";"154 658 964";"A01";"1";"17";"0";"2";"1";"1";"1";
"202000047400";"154 658 965";"B01";"3";"32";"0";"2";"6";"15";"1";
"202000047401";"154 658 962";"A01";"1";"7";"0";"2";"3";"22";"1";
"202000047401";"154 658 963";"B01";"1";"1";"0";"2";"1";"1";"5";
"202000047402";"154 658 961";"A01";"1";"7";"9";"0";"1";"26";"0";
"202000047403";"154 658 958";"A01";"3";"10";"0";"2";"8";"1";"1";
"202000047403";"154 658 959";"B01";"1";"7";"0";"2";"1";"1";"1";
"202000047404";"154 658 960";"A01";"1";"50";"0";"0";"0";"7";"3";
"202000047405";"154 658 957";"A01";"1";"32";"0";"1";"0";"19";"1";
"202000047406";"154 658 950";"B01";"1";"10";"0";"2";"3";"20";"1";
"202000047406";"154 658 955";"A01";"1";"7";"0";"2";"2";"1";"1";
"202000047407";"154 658 949";"B01";"1";"7";"0";"0";"6";"1";"1";
"202000047407";"154 658 954";"A01";"1";"7";"0";"2";"1";"1";"1";
"202000047408";"154 658 951";"B01";"2";"7";"0";"2";"3";"1";"1";
"202000047408";"154 658 956";"A01";"1";"7";"0";"2";"1";"15";"1";
"202000047409";"154 658 948";"A01";"1";"7";"0";"2";"3";"15";"1";
"202000047409";"154 658 952";"B01";"1";"33";"0";"2";"5";"1";"1";
"202000047410";"154 658 946";"A01";"1";"17";"0";"2";"1";"1";"1";
"202000047410";"154 658 953";"B01";"2";"1";"0";"2";"8";"19";"5";
"202000047411";"154 658 944";"A01";"1";"7";"0";"1";"2";"9";"1";
"202000047412";"154 658 945";"A01";"1";"1";"0";"0";"0";"21";"5";
"202000047413";"154 658 942";"B01";"2";"7";"3";"0";"4";"1";"1";
"202000047413";"154 658 943";"A01";"2";"7";"0";"2";"1";"2";"1";
"202000047414";"154 658 937";"A01";"1";"7";"0";"2";"3";"20";"1";
"202000047414";"154 658 947";"B01";"1";"32";"0";"2";"1";"1";"1";
"202000047415";"154 658 938";"B01";"1";"7";"12";"0";"6";"26";"1";
"202000047415";"154 658 940";"A01";"1";"7";"1";"0";"2";"1";"1";
"202000047416";"154 658 936";"A01";"2";"7";"13";"0";"8";"0";"1";
"202000047417";"154 658 939";"A01";"1";"13";"4";"0";"8";"1";"0";
"202000047418";"154 658 934";"A01";"1";"7";"0";"2";"1";"1";"1";
"202000047418";"154 658 941";"B01";"1";"7";"0";"0";"6";"1";"1";
"202000047419";"154 658 933";"A01";"2";"10";"0";"9";"2";"16";"0";
"202000047419";"154 658 935";"B01";"2";"50";"0";"2";"2";"0";"3";
"202000047420";"154 658 925";"A01";"1";"37";"0";"1";"5";"26";"1";"1"
"202000047421";"154 658 927";"A01";"2";"30";"8";"2";"8";"25";"1";
"202000047421";"154 658 928";"B01";"1";"7";"0";"2";"1";"1";"1";
"202000047422";"154 658 929";"A01";"1";"7";"0";"2";"2";"15";"1";
"202000047422";"154 658 932";"B01";"2";"1";"0";"2";"1";"1";"5";
"202000047423";"154 658 930";"A01";"2";"10";"0";"1";"2";"1";"1";
"202000047424";"154 658 924";"A01";"3";"7";"0";"1";"1";"13";"1";
"202000047425";"154 658 920";"A01";"1";"7";"0";"9";"1";"15";"1";
"202000047425";"154 658 923";"B01";"2";"1";"0";"2";"1";"1";"5";
"202000047426";"154 658 919";"A01";"2";"7";"0";"0";"3";"5";"1";
"202000047426";"154 658 922";"B01";"1";"7";"0";"0";"3";"1";"1";
"202000047427";"154 658 916";"B01";"3";"7";"0";"2";"1";"13";"1";
"202000047427";"154 658 917";"A01";"2";"99";"0";"2";"1";"9";"1";
"202000047428";"154 658 914";"A01";"1";"7";"2";"0";"1";"1";"1";
"202000047429";"154 658 913";"B01";"2";"7";"0";"2";"2";"1";"1";
"202000047429";"154 658 915";"A01";"1";"7";"6";"2";"7";"17";"1";
"202000047430";"154 658 912";"A01";"1";"33";"4";"0";"7";"1";"1";
"202000047431";"154 658 918";"B01";"1";"2";"0";"2";"1";"1";"1";
"202000047431";"154 658 921";"A01";"2";"7";"0";"2";"1";"15";"1";
"202000047432";"154 658 926";"A01";"1";"7";"0";"2";"8";"15";"1";
"202000047432";"154 658 931";"B01";"2";"7";"0";"2";"1";"1";"1";
"202000047433";"154 658 911";"A01";"3";"7";"0";"1";"0";"1";"0";
"202000047434";"154 658 910";"A01";"0";"7";"0";"1";"1";"20";"1";
"202000047435";"154 658 908";"A01";"3";"7";"13";"0";"0";"0";"1";
"202000047436";"154 658 901";"B01";"2";"7";"0";"2";"3";"17";"1";
"202000047436";"154 658 909";"A01";"2";"2";"0";"2";"2";"17";"1";
"202000047437";"154 658 902";"A01";"1";"33";"7";"0";"1";"1";"1";
"202000047438";"154 658 903";"A01";"2";"7";"0";"2";"8";"17";"1";
"202000047438";"154 658 907";"B01";"1";"34";"0";"2";"1";"1";"1";
"202000047439";"154 658 900";"A01";"2";"7";"0";"2";"3";"13";"0";
"202000047439";"154 658 906";"B01";"1";"38";"0";"2";"3";"1";"0";"3"
"202000047440";"154 658 895";"B01";"0";"7";"0";"0";"6";"24";"1";
"202000047440";"154 658 897";"A01";"2";"7";"1";"0";"2";"1";"1";
"202000047441";"154 658 904";"B01";"1";"7";"0";"2";"1";"1";"1";
"202000047441";"154 658 905";"A01";"2";"1";"0";"2";"7";"15";"5";
"202000047442";"154 658 893";"B01";"1";"13";"0";"2";"1";"1";"1";
"202000047442";"154 658 894";"A01";"2";"7";"0";"2";"1";"13";"1";
"202000047443";"154 658 891";"A01";"2";"7";"0";"2";"1";"1";"1";
"202000047443";"154 658 892";"B01";"2";"7";"0";"2";"7";"1";"1";
"202000047444";"154 658 890";"A01";"1";"33";"0";"0";"0";"14";"1";
"202000047445";"154 658 886";"A01";"2";"31";"0";"2";"1";"2";"1";
"202000047445";"154 658 887";"B01";"2";"7";"0";"2";"4";"2";"1";
"202000047446";"154 658 883";"A01";"1";"7";"0";"2";"1";"13";"1";
"202000047446";"154 658 885";"B01";"2";"7";"0";"2";"1";"1";"1";
"202000047447";"154 658 882";"A01";"0";"30";"0";"2";"8";"17";"1";
"202000047447";"154 658 884";"Z01";"0";"7";"0";"0";"0";"0";"0";
"202000047448";"154 658 899";"A01";"2";"33";"0";"0";"9";"15";"0";
"202000047449";"154 658 888";"A01";"2";"7";"1";"0";"2";"2";"1";
"202000047449";"154 658 889";"B01";"2";"7";"3";"0";"6";"23";"1";
"202000047450";"154 658 896";"B01";"1";"10";"0";"9";"5";"1";"1";
"202000047450";"154 658 898";"A01";"2";"50";"0";"2";"1";"26";"3";
"202000047451";"154 658 879";"B01";"3";"33";"0";"2";"7";"2";"1";
"202000047451";"154 658 881";"A01";"3";"33";"0";"2";"8";"15";"1";
"202000047452";"154 658 878";"B01";"2";"17";"15";"9";"7";"1";"1";
"202000047452";"154 658 880";"A01";"2";"7";"0";"2";"1";"15";"1";
"202000047453";"154 658 872";"B01";"1";"1";"1";"0";"1";"1";"5";
"202000047453";"154 658 873";"A01";"1";"7";"0";"0";"3";"24";"1";
"202000047454";"154 658 874";"Z01";"2";"10";"0";"0";"0";"0";"1";
"202000047454";"154 658 876";"A01";"1";"33";"0";"2";"4";"23";"1";
"202000047455";"154 658 875";"B01";"2";"7";"0";"0";"4";"23";"1";
"202000047455";"154 658 877";"A01";"2";"7";"0";"2";"1";"2";"1";
"202000047456";"154 658 869";"B01";"1";"7";"0";"2";"1";"2";"0";
"202000047456";"154 658 871";"A01";"1";"21";"0";"0";"4";"0";"1";
"202000047457";"154 658 867";"A01";"2";"7";"0";"2";"7";"20";"1";
"202000047457";"154 658 868";"B01";"2";"7";"0";"2";"8";"1";"1";
"202000047458";"154 658 865";"A01";"1";"7";"4";"0";"1";"14";"1";
"202000047459";"154 658 864";"A01";"2";"7";"0";"2";"2";"26";"1";
"202000047459";"154 658 866";"B01";"1";"2";"0";"2";"3";"1";"1";
"202000047460";"154 658 862";"A01";"2";"7";"2";"0";"1";"1";"1";
"202000047461";"154 658 861";"A01";"2";"7";"0";"2";"1";"19";"1";
"202000047461";"154 658 863";"B01";"1";"10";"0";"2";"1";"1";"1";
"202000047462";"154 658 857";"B01";"1";"7";"0";"2";"3";"2";"1";
"202000047462";"154 658 859";"A01";"2";"50";"0";"2";"1";"5";"3";
"202000047463";"154 658 858";"A01";"2";"7";"0";"2";"5";"14";"1";
"202000047463";"154 658 860";"B01";"2";"7";"0";"2";"3";"13";"1";
"202000047464";"154 658 870";"A01";"1";"7";"2";"0";"1";"0";"1";
"202000047465";"154 658 856";"A01";"2";"7";"9";"1";"2";"23";"1";
"202000047466";"154 658 851";"A01";"2";"7";"0";"1";"3";"19";"1";
"202000047467";"154 658 852";"A01";"1";"32";"0";"2";"1";"2";"1";
"202000047467";"154 658 855";"B01";"1";"7";"0";"2";"5";"2";"2";
"202000047468";"154 658 853";"A01";"3";"7";"0";"0";"7";"1";"1";
"202000047468";"154 658 854";"B01";"3";"10";"0";"2";"2";"1";"1";
"202000047469";"154 658 850";"A01";"1";"7";"1";"0";"2";"14";"0";
"202000047470";"154 658 849";"A01";"3";"7";"10";"0";"3";"1";"1";
"202000047471";"154 658 844";"A01";"3";"7";"0";"1";"1";"1";"1";
"202000047472";"154 658 846";"A01";"1";"33";"0";"2";"1";"2";"1";
"202000047472";"154 658 847";"B01";"1";"10";"0";"2";"6";"2";"1";
"202000047472";"154 658 848";"C01";"1";"10";"0";"2";"2";"2";"1";
"202000047473";"154 658 843";"Z01";" -1";"0";"0";"2";"1";"26";"0";
"202000047473";"154 658 845";"A01";"1";"32";"0";"2";"1";"26";"0";
"202000047474";"154 658 841";"A01";"1";"10";"0";"2";"1";"1";"1";
"202000047474";"154 658 842";"B01";"2";"7";"0";"2";"1";"1";"1";
"202000047475";"154 658 839";"B01";"1";"1";"0";"2";"1";"17";"5";
"202000047475";"154 658 840";"A01";"1";"7";"0";"2";"6";"10";"1";
"202000047476";"154 658 835";"B01";"1";"7";"0";"2";"1";"1";"0";
"202000047476";"154 658 837";"A01";"1";"7";"0";"2";"4";"23";"0";
"202000047477";"154 658 836";"A01";"1";"7";"0";"2";"1";"15";"1";
"202000047477";"154 658 838";"B01";"2";"31";"0";"2";"1";"1";"1";
"202000047478";"154 658 833";"Z01";"2";"1";"0";"1";"4";"25";"5";
"202000047479";"154 658 828";"A01";"2";"7";"0";"2";"6";"15";"1";
"202000047479";"154 658 831";"B01";"2";"33";"0";"2";"1";"1";"1";
"202000047480";"154 658 829";"A01";"2";"7";"0";"1";"3";"1";"1";
"202000047481";"154 658 830";"A01";"1";"7";"0";"2";"1";"1";"0";
"202000047481";"154 658 832";"B01";"1";"7";"0";"2";"4";"23";"0";
"202000047481";"154 658 834";"C01";"1";"7";"0";"0";"4";"23";"0";
"202000047482";"154 658 827";"A01";"1";"50";"0";"0";"0";"25";"3";
"202000047483";"154 658 823";"A01";"0";"7";"0";"2";"2";"10";"1";
"202000047483";"154 658 826";"B01";"0";"2";"0";"2";"1";"1";"1";
"202000047484";"154 658 821";"B01";"1";"7";"0";"2";"3";"1";"1";
"202000047484";"154 658 822";"A01";"2";"32";"0";"2";"3";"13";"1";
"202000047485";"154 658 820";"A01";"1";"7";"14";"1";"5";"26";"0";
"202000047486";"154 658 818";"A01";"2";"2";"0";"0";"8";"0";"1";
"202000047487";"154 658 817";"A01";"1";"30";"12";"0";"1";"26";"1";
"202000047488";"154 658 815";"A01";"1";"7";"2";"0";"3";"0";"1";
"202000047489";"154 658 824";"A01";"1";"1";"0";"2";"7";"15";"0";
"202000047489";"154 658 825";"B01";"2";"1";"0";"2";"1";"1";"0";
"202000047490";"154 658 814";"A01";"1";"7";"0";"2";"3";"15";"1";
"202000047490";"154 658 816";"B01";"1";"7";"1";"2";"3";"1";"1";
"202000047491";"154 658 811";"A01";"3";"7";"0";"1";"0";"26";"0";
"202000047492";"154 658 810";"A01";"1";"7";"0";"2";"4";"1";"1";
"202000047492";"154 658 813";"B01";"1";"7";"6";"2";"1";"14";"1";
"202000047493";"154 658 808";"B01";"1";"7";"0";"2";"6";"1";"1";
"202000047493";"154 658 809";"A01";"1";"31";"0";"2";"6";"2";"1";
"202000047494";"154 658 806";"B01";"1";"7";"0";"2";"4";"11";"1";
"202000047494";"154 658 812";"A01";"1";"7";"0";"2";"1";"1";"1";
"202000047495";"154 658 802";"A01";"2";"7";"0";"2";"1";"2";"1";
"202000047495";"154 658 805";"B01";"2";"7";"0";"2";"4";"2";"1";
"202000047495";"154 658 807";"C01";"2";"7";"0";"0";"4";"1";"1";
"202000047496";"154 658 799";"B01";"1";"7";"0";"2";"6";"15";"1";
"202000047496";"154 658 800";"A01";"1";"33";"0";"2";"1";"1";"1";
"202000047497";"154 658 798";"A01";"2";"7";"6";"0";"1";"26";"1";
"202000047498";"154 658 803";"A01";"1";"33";"0";"2";"0";"0";"1";
"202000047498";"154 658 804";"B01";"1";"0";"0";"2";"0";"0";"0";
"202000047499";"154 658 801";"A01";"1";"13";"0";"0";"0";"2";"1";
"202000047500";"154 658 796";"A01";"1";"7";"4";"0";"2";"1";"1";
"202000047501";"154 658 795";"A01";"3";"30";"0";"9";"1";"16";"1";
"202000047501";"154 658 797";"B01";"2";"1";"0";"2";"7";"1";"5";
"202000047502";"154 658 792";"A01";"1";"7";"0";"2";"1";"2";"1";
"202000047502";"154 658 793";"B01";"1";"7";"0";"2";"4";"2";"1";
"202000047502";"154 658 794";"C01";"1";"7";"0";"2";"4";"2";"1";
"202000047503";"154 658 786";"A01";"2";"10";"0";"2";"1";"1";"1";
"202000047503";"154 658 788";"B01";"2";"14";"0";"2";"4";"1";"1";
"202000047504";"154 658 787";"A01";"1";"37";"0";"2";"2";"26";"3";"1"
"202000047504";"154 658 790";"B01";"1";"7";"15";"0";"4";"23";"1";
"202000047505";"154 658 789";"B01";" -1";"32";"0";"2";"1";"1";"0";
"202000047505";"154 658 791";"A01";" -1";"99";"0";"2";"5";"15";"0";
"202000047506";"154 658 785";"A01";"0";"36";"15";"0";"1";"1";"1";
"202000047507";"154 658 779";"A01";"1";"10";"0";"2";"1";"2";"1";
"202000047507";"154 658 783";"B01";"1";"7";"0";"2";"4";"2";"1";
"202000047507";"154 658 784";"C01";"1";"7";"0";"2";"4";"1";"1";
"202000047508";"154 658 778";"A01";"2";"7";"13";"0";"2";"1";"1";
"202000047509";"154 658 777";"B01";"1";"33";"1";"2";"5";"2";"1";
"202000047509";"154 658 781";"A01";"1";"30";"1";"2";"3";"2";"1";
"202000047510";"154 658 780";"A01";"1";"7";"0";"2";"1";"21";"1";
"202000047510";"154 658 782";"B01";"1";"7";"0";"2";"3";"15";"1";
"202000047511";"154 658 772";"A01";"3";"1";"14";"0";"0";"0";"5";
"202000047512";"154 658 770";"B01";"1";"7";"0";"2";"4";"2";"1";
"202000047512";"154 658 773";"C01";"1";"7";"0";"2";"4";"2";"1";
"202000047512";"154 658 776";"A01";"1";"7";"0";"2";"1";"1";"1";
"202000047513";"154 658 771";"A01";"1";"15";"0";"9";"2";"17";"1";
"202000047513";"154 658 775";"B01";"1";"1";"0";"2";"8";"15";"5";
"202000047514";"154 658 767";"A01";"2";"7";"0";"2";"1";"26";"1";
"202000047514";"154 658 768";"B01";"2";"7";"0";"2";"4";"1";"1";
"202000047515";"154 658 766";"B01";"3";"7";"1";"2";"3";"23";"1";
"202000047515";"154 658 769";"A01";"2";"43";"0";"2";"1";"2";"1";
"202000047516";"154 658 765";"B01";"2";"7";"0";"0";"0";"15";"0";
"202000047516";"154 658 774";"A01";"2";"34";"0";"2";"5";"13";"0";
"202000047517";"154 658 762";"A01";"1";"7";"0";"1";"1";"1";"1";
"202000047518";"154 658 760";"A01";"1";"2";"0";"2";"1";"1";"0";
"202000047518";"154 658 761";"B01";"1";"2";"0";"0";"0";"0";"0";
"202000047519";"154 658 758";"A01";"3";"7";"0";"1";"4";"0";"1";
"202000047520";"154 658 763";"A01";"1";"7";"0";"2";"2";"1";"1";
"202000047520";"154 658 764";"B01";"2";"7";"0";"2";"1";"1";"1";
"202000047521";"154 658 757";"A01";"2";"7";"0";"2";"3";"0";"1";
"202000047521";"154 658 759";"B01";"1";"7";"3";"2";"3";"1";"1";
"202000047522";"154 658 752";"A01";"1";"7";"0";"1";"2";"1";"1";
"202000047523";"154 658 753";"A01";"1";"30";"0";"2";"1";"1";"1";
"202000047523";"154 658 754";"B01";"1";"7";"0";"2";"8";"15";"1";
"202000047524";"154 658 749";"A01";"2";"7";"3";"0";"1";"13";"1";
"202000047525";"154 658 748";"B01";"2";"10";"0";"2";"2";"11";"1";
"202000047525";"154 658 750";"A01";"1";"7";"0";"2";"2";"13";"1";
"202000047526";"154 658 746";"A01";"3";"7";"0";"2";"1";"13";"1";
"202000047526";"154 658 747";"B01";"3";"7";"0";"2";"1";"0";"1";
"202000047527";"154 658 741";"B01";"0";"7";"0";"1";"1";"15";"1";
"202000047528";"154 658 742";"A01";"1";"33";"0";"9";"1";"1";"1";
"202000047528";"154 658 744";"B01";"1";"21";"0";"0";"0";"1";"1";
"202000047529";"154 658 751";"B01";"1";"7";"0";"2";"1";"2";"1";
"202000047529";"154 658 755";"C01";"2";"7";"0";"2";"1";"1";"1";
"202000047529";"154 658 756";"A01";"1";"7";"0";"2";"4";"1";"1";
"202000047530";"154 658 740";"A01";"1";"7";"0";"2";"1";"0";"0";
"202000047530";"154 658 743";"B01";"2";"7";"0";"2";"1";"0";"0";
"202000047530";"154 658 745";"C01";"2";"7";"0";"2";"1";"0";"0";
"202000047531";"154 658 737";"B01";"3";"7";"0";"2";"3";"15";"1";
"202000047531";"154 658 738";"A01";"3";"1";"0";"2";"3";"1";"5";
"202000047532";"154 658 735";"A01";"2";"7";"0";"2";"2";"17";"1";
"202000047532";"154 658 736";"B01";"2";"1";"0";"2";"3";"15";"5";
"202000047533";"154 658 730";"A01";"1";"7";"0";"0";"1";"1";"1";
"202000047533";"154 658 734";"B01";"1";"7";"0";"0";"2";"1";"1";
"202000047534";"154 658 727";"B01";"2";"7";"0";"2";"1";"1";"1";
"202000047534";"154 658 728";"A01";"1";"7";"0";"2";"1";"15";"1";
"202000047534";"154 658 729";"C01";"3";"7";"0";"2";"1";"23";"1";
"202000047535";"154 658 732";"A01";"3";"7";"2";"0";"9";"1";"1";
"202000047536";"154 658 733";"A01";"1";"7";"0";"2";"1";"15";"1";
"202000047536";"154 658 739";"B01";"1";"2";"0";"2";"7";"1";"1";
"202000047537";"154 658 724";"A01";"2";"7";"0";"2";"1";"13";"1";
"202000047537";"154 658 725";"B01";"1";"10";"0";"2";"1";"1";"1";
"202000047537";"154 658 726";"C01";"1";"10";"16";"0";"1";"21";"1";
"202000047538";"154 658 723";"A01";"3";"7";"0";"1";"2";"1";"1";
"202000047539";"154 658 719";"B01";"2";"7";"0";"2";"1";"11";"1";
"202000047539";"154 658 721";"A01";"2";"3";"0";"0";"4";"1";"1";
"202000047540";"154 658 718";"A01";"2";"7";"0";"2";"1";"15";"1";
"202000047540";"154 658 720";"B01";"1";"33";"0";"2";"1";"1";"1";
"202000047541";"154 658 716";"A01";"1";"7";"0";"1";"3";"1";"1";
"202000047542";"154 658 715";"B01";"3";"21";"0";"2";"5";"1";"0";
"202000047542";"154 658 717";"A01";"3";"1";"0";"2";"1";"16";"0";