"Num_Acc";"id_vehicule";"num_veh";"senc";"catv";"obs";"obsm";"choc";"manv";"motor";"occutc"
"202000047543";"154 658 713";"B01";"1";"17";"0";"0";"5";"1";"1";
"202000047543";"154 658 714";"A01";"1";"7";"3";"2";"3";"0";"1";
"202000047544";"154 658 710";"B01";"1";"14";"0";"2";"3";"1";"1";
"202000047544";"154 658 711";"A01";"2";"7";"0";"2";"2";"13";"1";
"202000047545";"154 658 708";"A01";"0";"33";"15";"0";"1";"1";"1";
"202000047546";"154 658 706";"B01";"2";"7";"0";"2";"1";"1";"1";
"202000047546";"154 658 707";"A01";"2";"7";"8";"0";"7";"15";"1";
"202000047547";"154 658 704";"B01";"3";"1";"0";"2";"1";"5";"5";
"202000047547";"154 658 705";"A01";"0";"7";"0";"2";"8";"15";"1";
"202000047548";"154 658 722";"A01";"0";"2";"0";"0";"0";"26";"3";
"202000047549";"154 658 709";"B01";"1";"7";"7";"2";"3";"1";"1";
"202000047549";"154 658 712";"A01";"3";"7";"7";"2";"2";"1";"1";
"202000047550";"154 658 731";"A01";"1";"7";"13";"0";"0";"15";"1";
"202000047551";"154 658 702";"B01";"3";"2";"0";"2";"3";"15";"1";
"202000047551";"154 658 703";"A01";"0";"7";"0";"2";"2";"17";"1";
"202000047552";"154 658 700";"A01";"1";"33";"0";"2";"1";"1";"1";
"202000047552";"154 658 701";"B01";"1";"7";"0";"2";"7";"1";"1";
"202000047553";"154 658 698";"B01";"1";"33";"0";"2";"1";"1";"1";
"202000047553";"154 658 699";"A01";"2";"7";"0";"2";"7";"15";"3";
"202000047554";"154 658 695";"A01";"2";"33";"0";"0";"7";"0";"1";
"202000047555";"154 658 696";"A01";"1";"7";"2";"0";"7";"19";"1";
"202000047556";"154 658 697";"A01";"3";"7";"0";"1";"3";"13";"1";
"202000047557";"154 658 690";"B01";"1";"7";"0";"2";"3";"19";"1";
"202000047557";"154 658 693";"A01";"1";"7";"0";"2";"2";"26";"1";
"202000047558";"154 658 687";"A01";"2";"7";"0";"2";"6";"1";"1";
"202000047558";"154 658 689";"B01";"2";"7";"0";"2";"3";"1";"1";
"202000047558";"154 658 692";"C01";"2";"7";"0";"2";"1";"1";"1";
"202000047558";"154 658 694";"D01";"1";"33";"0";"2";"3";"13";"1";
"202000047559";"154 658 685";"B01";"2";"33";"0";"2";"7";"2";"1";
"202000047559";"154 658 686";"A01";"2";"7";"0";"2";"3";"2";"1";
"202000047560";"154 658 684";"A01";"3";"3";"8";"0";"2";"0";"1";
"202000047561";"154 658 683";"A01";"3";"33";"0";"0";"9";"1";"1";
"202000047562";"154 658 680";"A01";"2";"7";"14";"0";"6";"23";"1";
"202000047562";"154 658 682";"B01";"2";"33";"0";"2";"3";"2";"1";
"202000047563";"154 658 679";"B01";"3";"7";"0";"2";"3";"23";"1";
"202000047563";"154 658 681";"A01";"3";"2";"0";"2";"1";"13";"1";
"202000047564";"154 658 678";"A01";"2";"33";"0";"0";"2";"1";"1";
"202000047565";"154 658 674";"A01";"2";"7";"0";"2";"3";"1";"1";
"202000047565";"154 658 676";"B01";"1";"33";"0";"2";"3";"1";"1";
"202000047566";"154 658 675";"A01";"0";"10";"0";"2";"1";"1";"1";
"202000047566";"154 658 677";"B01";"1";"7";"0";"2";"8";"15";"1";
"202000047567";"154 658 688";"B01";"1";"33";"0";"2";"1";"1";"0";
"202000047567";"154 658 691";"A01";"1";"7";"0";"2";"8";"19";"1";
"202000047568";"154 658 672";"B01";"3";"7";"0";"0";"8";"10";"1";
"202000047568";"154 658 673";"A01";"3";"33";"0";"2";"1";"5";"1";
"202000047569";"154 658 670";"A01";"2";"7";"11";"9";"3";"1";"1";
"202000047569";"154 658 671";"B01";"2";"1";"0";"2";"8";"15";"6";
"202000047570";"154 658 667";"A01";"2";"10";"0";"2";"1";"13";"1";
"202000047570";"154 658 668";"B01";"1";"7";"0";"2";"1";"1";"1";
"202000047571";"154 658 665";"A01";"2";"7";"0";"2";"1";"0";"1";
"202000047571";"154 658 666";"B01";"1";"7";"0";"2";"1";"0";"1";
"202000047572";"154 658 663";"B01";"2";"7";"0";"2";"1";"1";"1";
"202000047572";"154 658 664";"A01";"1";"7";"0";"2";"1";"13";"1";
"202000047573";"154 658 659";"A01";"1";"30";"0";"1";"2";"1";"3";
"202000047574";"154 658 660";"A01";"3";"31";"0";"5";"8";"1";"1";
"202000047575";"154 658 661";"A01";"2";"7";"0";"1";"2";"1";"0";
"202000047576";"154 658 658";"B01";"1";"7";"0";"0";"3";"1";"1";
"202000047576";"154 658 662";"A01";"2";"7";"0";"2";"3";"13";"1";
"202000047577";"154 658 657";"A01";"1";"7";"13";"0";"0";"0";"1";
"202000047578";"154 658 655";"A01";"2";"2";"2";"0";"1";"1";"1";
"202000047579";"154 658 654";"A01";"2";"7";"0";"2";"2";"15";"1";
"202000047579";"154 658 656";"B01";"1";"2";"0";"2";"1";"1";"1";
"202000047580";"154 658 653";"A01";"1";"33";"13";"0";"1";"1";"0";
"202000047581";"154 658 652";"A01";"3";"7";"0";"1";"2";"1";"1";
"202000047582";"154 658 651";"A01";"3";"13";"0";"1";"2";"1";"1";
"202000047583";"154 658 648";"A01";"1";"33";"13";"0";"1";"2";"1";
"202000047584";"154 658 646";"A01";"1";"10";"0";"2";"5";"19";"1";
"202000047584";"154 658 647";"B01";"1";"33";"0";"2";"1";"1";"1";
"202000047585";"154 658 644";"A01";"2";"80";"0";"0";"0";"1";"3";
"202000047586";"154 658 643";"B01";"1";"7";"0";"2";"6";"15";"1";
"202000047586";"154 658 645";"A01";"1";"32";"0";"2";"0";"1";"6";
"202000047587";"154 658 639";"A01";"2";"7";"0";"1";"2";"1";"1";
"202000047588";"154 658 641";"B01";"2";"7";"0";"0";"1";"1";"0";
"202000047588";"154 658 642";"A01";"3";"7";"8";"0";"7";"1";"0";
"202000047589";"154 658 649";"A01";"2";"2";"6";"2";"5";"19";"1";
"202000047589";"154 658 650";"B01";"2";"10";"0";"2";"2";"1";"1";
"202000047590";"154 658 636";"A01";"1";"7";"0";"9";"2";"21";"0";
"202000047590";"154 658 640";"B01";"3";"1";"0";"2";"1";"19";"6";
"202000047591";"154 658 635";"B01";"1";"7";"0";"2";"1";"1";"1";
"202000047591";"154 658 638";"A01";"1";"7";"0";"2";"3";"1";"1";
"202000047592";"154 658 634";"B01";"2";"7";"0";"2";"3";"1";"1";
"202000047592";"154 658 637";"A01";"3";"7";"0";"2";"1";"1";"1";
"202000047593";"154 658 632";"A01";"2";"7";"7";"0";"2";"1";"1";
"202000047594";"154 658 629";"B01";"1";"31";"0";"2";"7";"1";"1";
"202000047594";"154 658 631";"A01";"1";"7";"0";"2";"3";"1";"1";
"202000047595";"154 658 627";"A01";"1";"7";"0";"2";"1";"1";"1";
"202000047595";"154 658 633";"B01";"1";"7";"0";"0";"4";"1";"1";
"202000047596";"154 658 630";"A01";"3";"7";"0";"1";"1";"15";"1";
"202000047597";"154 658 624";"A01";"3";"20";"8";"0";"1";"14";"0";
"202000047598";"154 658 626";"B01";"1";"33";"0";"2";"1";"1";"1";
"202000047598";"154 658 628";"A01";"1";"7";"0";"0";"4";"1";"1";
"202000047599";"154 658 623";"A01";"1";"32";"0";"2";"4";"1";"1";
"202000047599";"154 658 625";"Z01";"1";"7";"0";"0";"0";"0";"0";
"202000047600";"154 658 622";"A01";"2";"7";"13";"0";"5";"2";"1";
"202000047601";"154 658 619";"B01";"3";"50";"0";"2";"7";"19";"3";
"202000047601";"154 658 621";"A01";"3";"7";"0";"2";"1";"26";"1";
"202000047602";"154 658 616";"A01";"1";"33";"0";"2";"2";"5";"1";
"202000047602";"154 658 618";"B01";"2";"1";"0";"2";"1";"1";"5";
"202000047603";"154 658 615";"B01";"3";"33";"0";"2";"1";"1";"1";
"202000047603";"154 658 617";"A01";"3";"10";"0";"2";"3";"15";"1";
"202000047604";"154 658 614";"B01";"2";"7";"0";"2";"6";"2";"6";
"202000047604";"154 658 620";"A01";"2";"7";"0";"2";"2";"26";"6";
"202000047605";"154 658 612";"A01";"1";"7";"2";"0";"8";"13";"1";
"202000047606";"154 658 611";"A01";"1";"21";"0";"2";"3";"19";"1";
"202000047606";"154 658 613";"B01";"1";"7";"0";"2";"1";"1";"1";
"202000047607";"154 658 609";"A01";"2";"14";"0";"2";"1";"1";"1";
"202000047607";"154 658 610";"B01";"2";"10";"0";"2";"4";"11";"1";
"202000047608";"154 658 607";"A01";"1";"10";"0";"2";"2";"9";"1";
"202000047608";"154 658 608";"B01";"1";"33";"0";"2";"8";"17";"1";
"202000047609";"154 658 606";"A01";"1";"7";"4";"2";"3";"1";"1";
"202000047610";"154 658 601";"B01";"1";"7";"0";"2";"2";"1";"0";
"202000047610";"154 658 605";"A01";"2";"7";"0";"2";"2";"15";"0";
"202000047611";"154 658 600";"A01";"2";"7";"0";"2";"5";"12";"1";
"202000047611";"154 658 603";"B01";"2";"33";"0";"2";"1";"3";"1";
"202000047612";"154 658 602";"A01";"1";"7";"0";"2";"1";"1";"1";
"202000047612";"154 658 604";"B01";"1";"7";"0";"2";"4";"1";"1";
"202000047613";"154 658 599";"A01";"3";"7";"0";"1";"4";"4";"1";
"202000047614";"154 658 596";"A01";"3";"7";"0";"0";"9";"21";"1";
"202000047615";"154 658 594";"B01";"2";"7";"0";"2";"8";"1";"1";
"202000047615";"154 658 595";"A01";"1";"3";"0";"2";"8";"13";"1";
"202000047616";"154 658 593";"A01";"2";"7";"16";"0";"1";"1";"1";
"202000047617";"154 658 591";"A01";"1";"1";"0";"0";"0";"0";"5";
"202000047618";"154 658 586";"A01";"2";"7";"0";"2";"5";"14";"1";
"202000047618";"154 658 597";"B01";"2";"31";"0";"2";"8";"3";"1";
"202000047618";"154 658 598";"C01";"2";"7";"0";"2";"4";"2";"1";
"202000047619";"154 658 587";"A01";"2";"7";"0";"2";"5";"15";"2";
"202000047619";"154 658 588";"B01";"1";"2";"0";"2";"0";"1";"1";
"202000047620";"154 658 583";"A01";"2";"33";"0";"2";"1";"3";"1";
"202000047620";"154 658 584";"B01";"2";"7";"0";"2";"3";"11";"1";
"202000047621";"154 658 582";"B01";"1";"33";"0";"2";"3";"1";"1";
"202000047621";"154 658 585";"A01";"2";"10";"0";"2";"1";"15";"1";
"202000047622";"154 658 580";"A01";"2";"7";"3";"0";"3";"1";"1";
"202000047622";"154 658 581";"B01";"2";"32";"3";"2";"2";"14";"1";
"202000047623";"154 658 577";"B01";"1";"7";"0";"2";"1";"1";"1";
"202000047623";"154 658 579";"A01";"1";"7";"0";"0";"4";"1";"1";
"202000047624";"154 658 573";"A01";"1";"7";"0";"2";"1";"1";"1";
"202000047624";"154 658 575";"B01";"1";"7";"0";"2";"4";"1";"1";
"202000047625";"154 658 576";"A01";"1";"7";"0";"2";"1";"2";"1";
"202000047625";"154 658 578";"B01";"1";"10";"0";"2";"4";"2";"1";
"202000047626";"154 658 569";"A01";"2";"1";"0";"1";"1";"1";"5";
"202000047627";"154 658 565";"A01";"2";"7";"0";"1";"3";"1";"1";
"202000047628";"154 658 566";"B01";"1";"7";"0";"2";"1";"1";"1";
"202000047628";"154 658 567";"A01";"1";"7";"0";"2";"3";"19";"1";
"202000047629";"154 658 562";"A01";"3";"7";"0";"2";"3";"19";"1";
"202000047629";"154 658 564";"B01";"3";"10";"0";"2";"2";"0";"1";
"202000047630";"154 658 563";"A01";"1";"7";"2";"0";"1";"1";"1";
"202000047631";"154 658 560";"B01";"1";"1";"0";"2";"2";"1";"5";
"202000047631";"154 658 561";"A01";"1";"7";"0";"2";"1";"16";"1";
"202000047632";"154 658 570";"B01";"2";"7";"0";"2";"8";"1";"1";
"202000047632";"154 658 571";"A01";"2";"7";"0";"2";"2";"11";"1";
"202000047633";"154 658 559";"A01";"1";"7";"2";"0";"1";"1";"1";
"202000047634";"154 658 556";"A01";"1";"7";"1";"0";"2";"1";"1";
"202000047634";"154 658 557";"B01";"1";"7";"0";"2";"6";"23";"1";
"202000047635";"154 658 555";"A01";"1";"17";"6";"0";"1";"1";"1";
"202000047636";"154 658 551";"A01";"1";"10";"0";"2";"8";"13";"1";
"202000047636";"154 658 558";"B01";"1";"2";"0";"2";"7";"17";"1";
"202000047637";"154 658 549";"B01";"2";"33";"0";"2";"1";"1";"1";
"202000047637";"154 658 550";"A01";"1";"7";"0";"2";"2";"17";"1";
"202000047638";"154 658 544";"A01";"2";"7";"0";"0";"1";"1";"1";
"202000047639";"154 658 545";"D01";"1";"10";"0";"2";"8";"1";"1";
"202000047639";"154 658 546";"C01";"1";"7";"0";"2";"4";"1";"1";
"202000047639";"154 658 547";"B01";"1";"10";"0";"2";"4";"1";"1";
"202000047639";"154 658 548";"A01";"1";"7";"0";"2";"3";"9";"1";
"202000047640";"154 658 541";"B01";"1";"15";"0";"0";"8";"9";"1";
"202000047640";"154 658 543";"A01";"2";"2";"0";"2";"1";"1";"1";
"202000047641";"154 658 540";"B01";"3";"7";"0";"2";"2";"1";"1";
"202000047641";"154 658 542";"A01";"3";"30";"0";"2";"1";"15";"1";
"202000047642";"154 658 536";"B01";"1";"7";"3";"0";"6";"1";"1";
"202000047642";"154 658 539";"A01";"1";"7";"3";"2";"1";"1";"1";
"202000047643";"154 658 535";"A01";"1";"33";"3";"0";"1";"1";"1";
"202000047644";"154 658 537";"B01";"2";"33";"0";"2";"1";"1";"1";
"202000047644";"154 658 538";"A01";"1";"7";"0";"2";"3";"15";"1";
"202000047645";"154 658 552";"C01";"2";"7";"0";"2";"4";"2";"1";
"202000047645";"154 658 553";"B01";"2";"7";"0";"2";"4";"1";"1";
"202000047645";"154 658 554";"A01";"2";"10";"0";"2";"1";"2";"1";
"202000047646";"154 658 534";"A01";"1";"7";"0";"0";"9";"2";"1";
"202000047647";"154 658 532";"A01";"3";"7";"0";"1";"1";"1";"1";
"202000047648";"154 658 530";"A01";"2";"7";"0";"1";"0";"2";"0";
"202000047649";"154 658 531";"A01";"1";"33";"0";"2";"6";"0";"1";
"202000047649";"154 658 533";"B01";"1";"7";"0";"2";"2";"0";"1";
"202000047650";"154 658 529";"A01";"1";"7";"0";"1";"2";"16";"1";
"202000047651";"154 658 525";"B01";"1";"7";"0";"2";"8";"2";"1";
"202000047651";"154 658 526";"A01";"1";"7";"0";"2";"7";"2";"1";
"202000047652";"154 658 522";"A01";"2";"30";"0";"2";"1";"19";"1";
"202000047652";"154 658 524";"B01";"1";"7";"0";"2";"8";"1";"1";
"202000047653";"154 658 520";"A01";"1";"7";"0";"1";"1";"0";"1";
"202000047654";"154 658 519";"Z01";"1";"7";"0";"1";"1";"21";"1";
"202000047655";"154 658 518";"A01";"2";"32";"3";"0";"0";"0";"1";
"202000047656";"154 658 515";"A01";"1";"10";"0";"2";"3";"24";"0";
"202000047656";"154 658 516";"B01";"1";"1";"1";"0";"3";"1";"5";
"202000047657";"154 658 513";"A01";"1";"7";"0";"2";"3";"15";"1";
"202000047657";"154 658 514";"B01";"1";"10";"0";"2";"1";"17";"1";
"202000047658";"154 658 511";"A01";"0";"7";"0";"0";"0";"0";"1";
"202000047659";"154 658 510";"B01";"3";"7";"0";"2";"5";"0";"1";
"202000047659";"154 658 512";"A01";"3";"7";"0";"2";"1";"1";"1";
"202000047660";"154 658 509";"A01";"0";"33";"0";"0";"8";"2";"1";
"202000047661";"154 658 508";"A01";"2";"7";"0";"1";"1";"15";"3";
"202000047662";"154 658 506";"B01";"2";"7";"3";"2";"1";"2";"1";
"202000047662";"154 658 507";"A01";"2";"7";"0";"2";"4";"2";"1";
"202000047663";"154 658 504";"B01";"2";"20";"0";"2";"1";"1";"1";
"202000047663";"154 658 505";"A01";"1";"33";"0";"2";"1";"5";"1";
"202000047664";"154 658 517";"A01";"2";"7";"0";"2";"1";"9";"1";
"202000047664";"154 658 521";"B01";"2";"7";"0";"2";"2";"1";"1";
"202000047665";"154 658 502";"A01";"3";"14";"0";"1";"1";"1";"1";
"202000047666";"154 658 497";"A01";"1";"2";"0";"2";"1";"13";"1";
"202000047666";"154 658 498";"B01";"2";"7";"0";"0";"6";"2";"1";
"202000047666";"154 658 499";"C01";"2";"7";"0";"0";"3";"2";"1";
"202000047667";"154 658 501";"A01";"1";"7";"4";"0";"1";"1";"1";
"202000047668";"154 658 496";"A01";"1";"7";"13";"0";"9";"14";"1";
"202000047669";"154 658 492";"A01";"2";"7";"0";"2";"4";"1";"1";
"202000047669";"154 658 493";"D01";"2";"7";"0";"2";"1";"1";"1";
"202000047669";"154 658 494";"C01";"2";"7";"0";"2";"4";"1";"1";
"202000047669";"154 658 495";"B01";"2";"7";"0";"2";"1";"1";"1";
"202000047670";"154 658 491";"A01";"2";"33";"16";"0";"0";"0";"1";
"202000047671";"154 658 489";"A01";"1";"33";"0";"2";"1";"3";"1";
"202000047671";"154 658 490";"B01";"1";"10";"0";"2";"4";"2";"1";
"202000047672";"154 658 484";"A01";"2";"7";"3";"0";"6";"2";"1";
"202000047672";"154 658 485";"B01";"2";"33";"0";"2";"1";"21";"1";
"202000047672";"154 658 486";"C01";"2";"7";"0";"2";"2";"2";"1";
"202000047673";"154 658 487";"B01";"1";"7";"0";"2";"1";"2";"0";
"202000047673";"154 658 488";"A01";"1";"7";"6";"0";"4";"2";"1";
"202000047674";"154 658 500";"B01";"1";"60";"0";"2";"1";"19";"5";
"202000047674";"154 658 503";"Z01";"1";"7";"0";"9";"3";"15";"1";
"202000047675";"154 658 482";"Z01";"1";"7";"0";"2";"0";"0";"0";
"202000047675";"154 658 483";"A01";"1";"7";"0";"2";"8";"1";"1";
"202000047676";"154 658 481";"A01";"1";"14";"0";"1";"1";"15";"1";
"202000047677";"154 658 478";"B01";"2";"7";"0";"2";"4";"0";"1";
"202000047677";"154 658 479";"A01";"2";"7";"0";"2";"4";"1";"1";
"202000047677";"154 658 480";"C01";"2";"7";"0";"2";"0";"0";"1";
"202000047678";"154 658 477";"A01";"1";"7";"0";"1";"1";"15";"1";
"202000047679";"154 658 473";"D01";"1";"7";"0";"2";"4";"1";"1";
"202000047679";"154 658 474";"C01";"1";"7";"0";"2";"1";"12";"1";
"202000047679";"154 658 475";"B01";"1";"17";"0";"2";"6";"11";"1";
"202000047679";"154 658 476";"A01";"1";"10";"4";"2";"7";"1";"1";
"202000047680";"154 658 469";"B01";"1";"10";"0";"2";"2";"1";"1";
"202000047680";"154 658 472";"A01";"1";"7";"0";"2";"7";"15";"1";
"202000047681";"154 658 471";"A01";"1";"33";"6";"0";"0";"1";"1";
"202000047682";"154 658 465";"A01";"2";"7";"0";"2";"2";"15";"1";
"202000047682";"154 658 466";"B01";"1";"31";"0";"2";"1";"1";"1";
"202000047683";"154 658 464";"A01";"2";"7";"0";"2";"1";"1";"1";
"202000047683";"154 658 467";"B01";"2";"7";"0";"2";"4";"23";"1";
"202000047684";"154 658 463";"A01";"2";"7";"13";"0";"2";"21";"1";
"202000047685";"154 658 462";"A01";"0";"7";"0";"0";"0";"1";"1";
"202000047686";"154 658 461";"A01";"2";"7";"6";"9";"1";"6";"1";
"202000047687";"154 658 460";"A01";"1";"7";"13";"0";"2";"0";"0";
"202000047688";"154 658 468";"B01";"1";"1";"0";"2";"1";"1";"5";
"202000047688";"154 658 470";"A01";"1";"7";"0";"2";"2";"1";"1";
"202000047689";"154 658 457";"A01";"1";"7";"0";"2";"5";"1";"1";
"202000047689";"154 658 458";"B01";"1";"32";"0";"2";"1";"1";"1";
"202000047689";"154 658 459";"C01";"1";"7";"0";"2";"5";"1";"1";
"202000047690";"154 658 453";"B01";"1";"7";"0";"2";"3";"1";"1";
"202000047690";"154 658 455";"A01";"2";"7";"0";"2";"3";"15";"1";
"202000047691";"154 658 448";"B01";"1";"32";"0";"9";"4";"23";"1";
"202000047691";"154 658 450";"A01";"2";"7";"0";"2";"1";"2";"0";
"202000047692";"154 658 446";"B01";"2";"10";"0";"2";"6";"12";"1";
"202000047692";"154 658 447";"A01";"2";"10";"0";"2";"2";"1";"1";
"202000047692";"154 658 449";"C01";"2";"10";"0";"2";"6";"1";"1";
"202000047692";"154 658 452";"D01";"2";"10";"0";"2";"4";"1";"1";
"202000047693";"154 658 451";"A01";" -1";"7";"0";"2";"1";"0";"1";
"202000047693";"154 658 454";"B01";" -1";"10";"0";"2";"0";"0";"1";
"202000047693";"154 658 456";"C01";"0";"7";"0";"2";"1";"0";"1";
"202000047694";"154 658 443";"B01";"3";"33";"0";"2";"7";"17";"1";
"202000047694";"154 658 445";"A01";"3";"99";"0";"9";"3";"15";"1";
"202000047695";"154 658 442";"A01";"2";"7";"0";"2";"1";"2";"1";
"202000047695";"154 658 444";"B01";"2";"7";"0";"2";"4";"2";"1";
"202000047696";"154 658 440";"A01";"1";"7";"0";"2";"8";"11";"1";
"202000047696";"154 658 441";"B01";"1";"32";"0";"2";"5";"3";"3";
"202000047697";"154 658 438";"A01";"1";"14";"0";"2";"2";"12";"1";
"202000047697";"154 658 439";"B01";"1";"7";"0";"2";"3";"1";"1";
"202000047698";"154 658 436";"A01";"1";"10";"0";"2";"3";"13";"1";
"202000047698";"154 658 437";"B01";"1";"7";"0";"2";"5";"1";"2";
"202000047699";"154 658 433";"B01";"1";"15";"0";"0";"0";"0";"1";
"202000047699";"154 658 435";"A01";"1";"7";"0";"0";"0";"9";"1";
"202000047700";"154 658 431";"A01";"2";"33";"0";"2";"1";"2";"1";
"202000047700";"154 658 432";"B01";"2";"7";"0";"2";"4";"2";"1";
"202000047701";"154 658 429";"A01";"1";"17";"0";"2";"1";"2";"1";
"202000047701";"154 658 430";"B01";"1";"17";"0";"2";"4";"2";"1";
"202000047702";"154 658 427";"B01";"2";"7";"4";"2";"7";"12";"1";
"202000047702";"154 658 428";"A01";"2";"10";"4";"2";"1";"1";"1";
"202000047703";"154 658 424";"A01";"1";"7";"0";"2";"1";"2";"1";
"202000047703";"154 658 425";"B01";"1";"14";"0";"2";"4";"2";"1";
"202000047703";"154 658 426";"C01";"1";"10";"0";"2";"1";"1";"1";
"202000047704";"154 658 422";"B01";"2";"31";"0";"2";"1";"18";"1";
"202000047704";"154 658 423";"A01";"2";"7";"0";"2";"7";"23";"1";
"202000047705";"154 658 420";"B01";"2";"21";"0";"2";"3";"1";"1";
"202000047705";"154 658 421";"A01";"1";"7";"13";"2";"3";"1";"1";
"202000047706";"154 658 418";"B01";"1";"2";"0";"2";"2";"17";"1";
"202000047706";"154 658 419";"A01";"1";"7";"0";"2";"8";"15";"1";
"202000047707";"154 658 416";"A01";"2";"7";"0";"0";"0";"1";"1";
"202000047708";"154 658 412";"D01";"2";"10";"0";"2";"1";"1";"0";
"202000047708";"154 658 413";"C01";"3";"7";"0";"2";"6";"24";"0";
"202000047708";"154 658 414";"A01";"1";"7";"0";"2";"6";"9";"0";
"202000047708";"154 658 415";"B01";"1";"7";"1";"0";"2";"1";"0";
"202000047709";"154 658 410";"B01";"1";"7";"0";"2";"2";"1";"0";
"202000047709";"154 658 411";"A01";"2";"7";"0";"2";"1";"1";"1";
"202000047710";"154 658 409";"A01";"2";"10";"0";"1";"2";"14";"0";
"202000047711";"154 658 407";"A01";"2";"33";"0";"2";"1";"17";"1";
"202000047711";"154 658 408";"B01";"2";"7";"0";"2";"4";"2";"1";
"202000047712";"154 658 405";"A01";"2";"33";"0";"2";"1";"2";"1";
"202000047712";"154 658 406";"B01";"2";"99";"0";"2";"4";"2";"1";
"202000047713";"154 658 404";"A01";"1";"10";"4";"0";"1";"0";"1";
"202000047714";"154 658 417";"B01";"3";"1";"0";"2";"1";"1";"5";
"202000047714";"154 658 434";"A01";"3";"7";"0";"2";"3";"15";"1";
"202000047715";"154 658 402";"A01";"1";"37";"0";"1";"3";"1";"1";"2"
"202000047716";"154 658 399";"A01";"3";"32";"0";"2";"1";"9";"1";
"202000047716";"154 658 400";"B01";"0";"10";"0";"2";"6";"0";"1";
"202000047717";"154 658 397";"B01";"2";"14";"0";"2";"0";"1";"1";
"202000047717";"154 658 398";"A01";"1";"30";"0";"2";"0";"1";"1";
"202000047718";"154 658 396";"A01";"1";"2";"8";"0";"1";"1";"1";
"202000047719";"154 658 394";"A01";"1";"7";"0";"2";"1";"26";"1";
"202000047719";"154 658 395";"B01";"2";"7";"0";"2";"1";"1";"1";
"202000047720";"154 658 401";"B01";"1";"7";"0";"2";"2";"2";"1";
"202000047720";"154 658 403";"A01";"1";"7";"0";"2";"6";"23";"1";
"202000047721";"154 658 393";"A01";"3";"1";"0";"1";"1";"1";"5";
"202000047722";"154 658 391";"A01";"2";"7";"0";"2";"3";"9";"1";
"202000047722";"154 658 392";"B01";"1";"1";"0";"2";"2";"1";"5";
"202000047723";"154 658 389";"B01";"2";"7";"0";"2";"3";"1";"2";
"202000047723";"154 658 390";"A01";"2";"7";"8";"2";"1";"1";"1";
"202000047724";"154 658 387";"A01";"1";"2";"0";"2";"1";"26";"1";
"202000047724";"154 658 388";"B01";"1";"7";"0";"2";"3";"1";"1";
"202000047725";"154 658 385";"Z01";"1";"7";"0";"2";"1";"15";"1";
"202000047725";"154 658 386";"A01";"2";"31";"0";"2";"8";"1";"1";
"202000047726";"154 658 384";"A01";"2";"7";"0";"1";"1";"1";"1";
"202000047727";"154 658 382";"A01";"1";"7";"0";"5";"1";"1";"1";
"202000047728";"154 658 380";"A01";"1";"7";"0";"2";"3";"15";"1";
"202000047728";"154 658 381";"B01";"2";"50";"0";"2";"7";"1";"3";
"202000047729";"154 658 378";"A01";"2";"50";"0";"2";"1";"1";"3";
"202000047729";"154 658 379";"B01";"2";"7";"0";"2";"6";"1";"1";
"202000047730";"154 658 376";"B01";"2";"1";"0";"2";"1";"1";"5";
"202000047730";"154 658 377";"A01";"1";"10";"0";"2";"1";"15";"1";
"202000047731";"154 658 374";"B01";"1";"2";"0";"2";"2";"17";"1";
"202000047731";"154 658 375";"A01";"1";"7";"0";"2";"3";"15";"1";
"202000047732";"154 658 373";"A01";"0";"7";"8";"0";"1";"1";"0";
"202000047733";"154 658 371";"A01";"0";"33";"0";"2";"4";"0";"1";
"202000047733";"154 658 372";"B01";"0";"7";"0";"2";"4";"0";"1";
"202000047734";"154 658 369";"A01";"1";"7";"0";"2";"2";"15";"1";
"202000047734";"154 658 370";"B01";"1";"7";"0";"2";"3";"1";"1";
"202000047735";"154 658 368";"A01";"0";"7";"0";"1";"1";"15";"1";
"202000047736";"154 658 366";"B01";"0";"32";"0";"2";"5";"1";"0";
"202000047736";"154 658 367";"A01";"0";"10";"0";"2";"1";"2";"0";
"202000047737";"154 658 364";"A01";"0";"2";"0";"0";"0";"0";"1";
"202000047737";"154 658 365";"B01";"0";"7";"0";"0";"0";"0";"1";
"202000047738";"154 658 362";"A01";"3";"7";"0";"2";"3";"15";"1";
"202000047738";"154 658 363";"B01";"3";"32";"0";"2";"7";"15";"0";
"202000047739";"154 658 361";"A01";"1";"10";"0";"1";"2";"1";"1";
"202000047740";"154 658 358";"B01";"1";"10";"0";"2";"4";"2";"1";
"202000047740";"154 658 359";"C01";"1";"10";"0";"2";"4";"2";"1";
"202000047740";"154 658 360";"A01";"1";"10";"0";"2";"1";"2";"1";
"202000047741";"154 658 356";"A01";"2";"10";"0";"2";"2";"10";"1";
"202000047741";"154 658 357";"B01";"2";"31";"0";"2";"1";"1";"1";
"202000047742";"154 658 353";"C01";"1";"7";"0";"2";"3";"0";"1";
"202000047742";"154 658 354";"A01";"2";"7";"0";"2";"3";"0";"1";
"202000047742";"154 658 355";"B01";"1";"7";"0";"2";"8";"1";"3";
"202000047743";"154 658 351";"B01";"1";"7";"0";"2";"4";"23";"1";
"202000047743";"154 658 352";"A01";"1";"7";"0";"2";"1";"2";"1";
"202000047744";"154 658 350";"A01";"2";"32";"0";"1";"1";"1";"1";